ISO-10303-21;
HEADER;
FILE_DESCRIPTION (( 'STEP AP203' ),
    '1' );
FILE_NAME ('5972K501_Ball Bearing.STEP',
    '2023-07-11T13:06:03',
    ( 'Administrator' ),
    ( 'Managed by Terraform' ),
    'SwSTEP 2.0',
    'SolidWorks 2017',
    '' );
FILE_SCHEMA (( 'CONFIG_CONTROL_DESIGN' ));
ENDSEC;

DATA;
#1 = ORIENTED_EDGE ( 'NONE', *, *, #5650, .T. ) ;
#2 = AXIS2_PLACEMENT_3D ( 'NONE', #9134, #3707, #7628 ) ;
#3 = LINE ( 'NONE', #7076, #9461 ) ;
#4 = ORIENTED_EDGE ( 'NONE', *, *, #3877, .T. ) ;
#5 = CARTESIAN_POINT ( 'NONE',  ( 3.776025503095951800, 7.725759507633421600, -3.114323832567765100 ) ) ;
#6 = DIRECTION ( 'NONE',  ( 0.0000000000000000000, 0.0000000000000000000, -1.000000000000000000 ) ) ;
#7 = AXIS2_PLACEMENT_3D ( 'NONE', #9825, #6756, #8232 ) ;
#8 = CARTESIAN_POINT ( 'NONE',  ( -5.378237760728125300, 6.586441658729127800E-016, 3.500000000000000000 ) ) ;
#9 = EDGE_CURVE ( 'NONE', #5930, #3823, #2649, .T. ) ;
#10 = CARTESIAN_POINT ( 'NONE',  ( 0.0000000000000000000, 0.0000000000000000000, -3.500000000000000900 ) ) ;
#11 = CARTESIAN_POINT ( 'NONE',  ( -8.763707349719860300, -2.051544857202092200, -3.272391413630716200 ) ) ;
#12 = ORIENTED_EDGE ( 'NONE', *, *, #3877, .F. ) ;
#13 = CARTESIAN_POINT ( 'NONE',  ( -0.05000000000000002400, 8.838760696031124900, -3.456597352396201500 ) ) ;
#14 = CIRCLE ( 'NONE', #3153, 2.450000000000000600 ) ;
#15 = CARTESIAN_POINT ( 'NONE',  ( 0.0000000000000000000, 0.0000000000000000000, -3.454996609771464400 ) ) ;
#16 = VECTOR ( 'NONE', #4755, 1000.000000000000000 ) ;
#17 = ORIENTED_EDGE ( 'NONE', *, *, #7969, .T. ) ;
#18 = CARTESIAN_POINT ( 'NONE',  ( 8.662371385772228600, 2.028415584710071800, 3.452421434499180400 ) ) ;
#19 = EDGE_LOOP ( 'NONE', ( #139, #2008, #389, #8658 ) ) ;
#20 = B_SPLINE_CURVE_WITH_KNOTS ( 'NONE', 3,
 ( #9368, #6957, #1616, #2368, #132, #6232, #2398 ),
 .UNSPECIFIED., .F., .F.,
 ( 4, 3, 4 ),
 ( 0.0005204849250710212900, 0.0009002598162381907900, 0.0009544278593203510800 ),
 .UNSPECIFIED. ) ;
#21 = DIRECTION ( 'NONE',  ( 1.000000000000000000, 0.0000000000000000000, 0.0000000000000000000 ) ) ;
#23 = AXIS2_PLACEMENT_3D ( 'NONE', #2021, #8158, #2934 ) ;
#22 = VECTOR ( 'NONE', #6952, 1000.000000000000000 ) ;
#24 = ORIENTED_EDGE ( 'NONE', *, *, #930, .T. ) ;
#25 = DIRECTION ( 'NONE',  ( -0.0000000000000000000, -0.0000000000000000000, 1.000000000000000000 ) ) ;
#26 = DIRECTION ( 'NONE',  ( 0.0000000000000000000, 0.0000000000000000000, 1.000000000000000000 ) ) ;
#27 = CARTESIAN_POINT ( 'NONE',  ( -6.699910998104807700, -5.406953129253530200, 3.129114371485063100 ) ) ;
#29 = PLANE ( 'NONE',  #2369 ) ;
#28 = AXIS2_PLACEMENT_3D ( 'NONE', #4482, #2935, #2126 ) ;
#30 = FACE_OUTER_BOUND ( 'NONE', #9712, .T. ) ;
#31 = DIRECTION ( 'NONE',  ( 0.0000000000000000000, 0.0000000000000000000, 1.000000000000000000 ) ) ;
#32 = ORIENTED_EDGE ( 'NONE', *, *, #7506, .T. ) ;
#33 = EDGE_CURVE ( 'NONE', #1697, #8800, #9821, .T. ) ;
#34 = CARTESIAN_POINT ( 'NONE',  ( -6.891220320180330800, 5.559517222654129400, 3.467739038050325000 ) ) ;
#35 = FACE_OUTER_BOUND ( 'NONE', #1255, .T. ) ;
#36 = EDGE_LOOP ( 'NONE', ( #1826, #6257, #3709, #2100 ) ) ;
#37 = CARTESIAN_POINT ( 'NONE',  ( 8.654208609147927300, 2.026552484212670100, -3.462472406546387200 ) ) ;
#38 = ORIENTED_EDGE ( 'NONE', *, *, #4175, .T. ) ;
#39 = ORIENTED_EDGE ( 'NONE', *, *, #816, .T. ) ;
#40 = CARTESIAN_POINT ( 'NONE',  ( -0.05000000000000002400, -8.854075290523239200, -3.467739038050325000 ) ) ;
#41 = PLANE ( 'NONE',  #1432 ) ;
#42 = VERTEX_POINT ( 'NONE', #1119 ) ;
#43 = DIRECTION ( 'NONE',  ( 1.000000000000000000, 0.0000000000000000000, 0.0000000000000000000 ) ) ;
#44 = CONICAL_SURFACE ( 'NONE', #2922, 5.378237760728125300, 0.7853981633973957700 ) ;
#45 = EDGE_LOOP ( 'NONE', ( #122, #2555, #7479, #9473 ) ) ;
#46 = ADVANCED_FACE ( 'NONE', ( #3739 ), #3497, .T. ) ;
#47 = VERTEX_POINT ( 'NONE', #3429 ) ;
#48 = AXIS2_PLACEMENT_3D ( 'NONE', #5270, #9782, #9898 ) ;
#49 = ORIENTED_EDGE ( 'NONE', *, *, #4660, .F. ) ;
#50 = B_SPLINE_CURVE_WITH_KNOTS ( 'NONE', 3,
 ( #6192, #7620, #4641, #4612, #6941, #2354, #9925, #6051, #7724, #8490, #9262, #6806, #4669, #2226, #9119, #5264, #696, #1467, #2989, #3774, #4535, #934 ),
 .UNSPECIFIED., .F., .F.,
 ( 4, 3, 3, 3, 3, 3, 3, 4 ),
 ( 0.0002168574548798324100, 0.0002188290334246883400, 0.0002305812013871277000, 0.0002423333607552001400, 0.0002540856419916191300, 0.0002658380091482377300, 0.0002775903405257904800, 0.0002867718163053230400 ),
 .UNSPECIFIED. ) ;
#51 = CARTESIAN_POINT ( 'NONE',  ( 8.737285000697680100, 0.0000000000000000000, -2.450000000000000200 ) ) ;
#52 = ORIENTED_EDGE ( 'NONE', *, *, #7138, .T. ) ;
#53 = DIRECTION ( 'NONE',  ( -0.0000000000000000000, -0.0000000000000000000, 1.000000000000000000 ) ) ;
#54 = ORIENTED_EDGE ( 'NONE', *, *, #4835, .F. ) ;
#55 = CARTESIAN_POINT ( 'NONE',  ( 0.0000000000000000000, 0.0000000000000000000, 3.099533293948747700 ) ) ;
#56 = VERTEX_POINT ( 'NONE', #2508 ) ;
#57 = CARTESIAN_POINT ( 'NONE',  ( -8.605239869185377100, 2.015375688867232700, -3.455541280135825800 ) ) ;
#58 = CARTESIAN_POINT ( 'NONE',  ( 0.05000000000000001000, 9.000494587112768800, 3.272391413630715700 ) ) ;
#59 = TOROIDAL_SURFACE ( 'NONE', #314, 8.866382193656235700, 0.03500000000000000300 ) ;
#60 = VERTEX_POINT ( 'NONE', #9390 ) ;
#61 = CARTESIAN_POINT ( 'NONE',  ( -8.927852906338214800, -1.986438323023114000, 3.094141646974374100 ) ) ;
#62 = ORIENTED_EDGE ( 'NONE', *, *, #6662, .T. ) ;
#63 = DIRECTION ( 'NONE',  ( -0.0000000000000000000, -0.0000000000000000000, 1.000000000000000000 ) ) ;
#64 = ORIENTED_EDGE ( 'NONE', *, *, #9332, .F. ) ;
#65 = CARTESIAN_POINT ( 'NONE',  ( 8.927852906338200600, 1.986438323023172600, -3.094141646974374100 ) ) ;
#66 = DIRECTION ( 'NONE',  ( 0.7818314824680221400, -0.6234898018587431400, 0.0000000000000000000 ) ) ;
#67 = EDGE_LOOP ( 'NONE', ( #8622, #8320, #4586, #4101 ) ) ;
#68 = FACE_OUTER_BOUND ( 'NONE', #1457, .T. ) ;
#69 = LINE ( 'NONE', #4270, #4016 ) ;
#70 = DIRECTION ( 'NONE',  ( 1.000000000000000000, 0.0000000000000000000, 0.0000000000000000000 ) ) ;
#71 = EDGE_CURVE ( 'NONE', #2619, #2575, #1707, .T. ) ;
#72 = CARTESIAN_POINT ( 'NONE',  ( -6.691813865204092200, 5.400495881239197400, 3.114323832567765100 ) ) ;
#73 = DIRECTION ( 'NONE',  ( -0.0000000000000000000, -0.0000000000000000000, 1.000000000000000000 ) ) ;
#74 = CARTESIAN_POINT ( 'NONE',  ( 0.0000000000000000000, 0.0000000000000000000, -3.099533293948747700 ) ) ;
#75 = ORIENTED_EDGE ( 'NONE', *, *, #7755, .T. ) ;
#76 = CARTESIAN_POINT ( 'NONE',  ( 3.690422186055436300, -7.778478875277616400, -3.129114371485063600 ) ) ;
#77 = EDGE_CURVE ( 'NONE', #4569, #642, #1819, .T. ) ;
#78 = VECTOR ( 'NONE', #9039, 1000.000000000000000 ) ;
#79 = DIRECTION ( 'NONE',  ( -1.000000000000000000, 0.0000000000000000000, 0.0000000000000000000 ) ) ;
#80 = CARTESIAN_POINT ( 'NONE',  ( 4.000000000000000000, 0.0000000000000000000, 3.500000000000000000 ) ) ;
#81 = CARTESIAN_POINT ( 'NONE',  ( -4.000000000000000000, 0.0000000000000000000, -2.975000000000005000 ) ) ;
#82 = ORIENTED_EDGE ( 'NONE', *, *, #8443, .T. ) ;
#83 = AXIS2_PLACEMENT_3D ( 'NONE', #224, #4841, #3267 ) ;
#84 = EDGE_CURVE ( 'NONE', #3371, #1936, #7452, .T. ) ;
#85 = CARTESIAN_POINT ( 'NONE',  ( 0.0000000000000000000, 0.0000000000000000000, -3.193750000000000500 ) ) ;
#86 = CARTESIAN_POINT ( 'NONE',  ( 0.0000000000000000000, 0.0000000000000000000, -3.325000000000001100 ) ) ;
#87 = CARTESIAN_POINT ( 'NONE',  ( -3.923268333885833000, 8.261988883357034300, -3.094141646974374100 ) ) ;
#88 = CARTESIAN_POINT ( 'NONE',  ( -8.384458441792405700, -1.862412082470809000, 3.500000000000000000 ) ) ;
#89 = DIRECTION ( 'NONE',  ( 0.6234898018587320400, -0.7818314824680310200, 1.224646799147353500E-016 ) ) ;
#90 = AXIS2_PLACEMENT_3D ( 'NONE', #8039, #4215, #8772 ) ;
#91 = CARTESIAN_POINT ( 'NONE',  ( 3.880042983354423200, 7.941754031007677700, 3.456597352396201500 ) ) ;
#92 = AXIS2_PLACEMENT_3D ( 'NONE', #7561, #5990, #9938 ) ;
#93 = FACE_OUTER_BOUND ( 'NONE', #977, .T. ) ;
#94 = B_SPLINE_CURVE_WITH_KNOTS ( 'NONE', 3,
 ( #6723, #2105, #4449, #2133, #2215, #5935, #9037 ),
 .UNSPECIFIED., .F., .F.,
 ( 4, 3, 4 ),
 ( 0.0008460917731560553300, 0.0009002598162382144300, 0.001280034707405373000 ),
 .UNSPECIFIED. ) ;
#95 = EDGE_CURVE ( 'NONE', #3580, #3391, #2418, .T. ) ;
#96 = CARTESIAN_POINT ( 'NONE',  ( 0.0000000000000000000, 5.378237760728125300, -2.758752104430781700 ) ) ;
#97 = ADVANCED_FACE ( 'NONE', ( #1471 ), #5534, .T. ) ;
#98 = EDGE_LOOP ( 'NONE', ( #6409, #2945 ) ) ;
#99 = CARTESIAN_POINT ( 'NONE',  ( -8.662371385772239300, -2.028415584710014000, 3.452421434499180400 ) ) ;
#100 = CARTESIAN_POINT ( 'NONE',  ( 3.818819942739309200, 8.045099564303425800, 3.437256629622304600 ) ) ;
#101 = CARTESIAN_POINT ( 'NONE',  ( -3.771531933161234000, 7.716428513517264800, 3.094141646974374100 ) ) ;
#102 = EDGE_CURVE ( 'NONE', #6681, #1230, #9369, .T. ) ;
#103 = DIRECTION ( 'NONE',  ( -0.2225209339563245500, -0.9749279121818212900, 0.0000000000000000000 ) ) ;
#104 = VECTOR ( 'NONE', #2485, 1000.000000000000000 ) ;
#105 = CARTESIAN_POINT ( 'NONE',  ( -8.627120136385658000, 1.917798030746353800, -3.454996609771464800 ) ) ;
#106 = ORIENTED_EDGE ( 'NONE', *, *, #8934, .F. ) ;
#107 = CARTESIAN_POINT ( 'NONE',  ( -6.912549729401357400, -5.576526858908242600, 3.466489319800472900 ) ) ;
#108 = DIRECTION ( 'NONE',  ( -0.2225209339563050400, 0.9749279121818257300, 0.0000000000000000000 ) ) ;
#109 = CIRCLE ( 'NONE', #3110, 4.524999999999999500 ) ;
#110 = B_SPLINE_CURVE_WITH_KNOTS ( 'NONE', 3,
 ( #8571, #7737, #2339, #3084, #6262, #3947, #2365, #8500, #4651, #7763, #4679, #9203, #7696, #5455, #9313, #4722, #7032, #6201, #3112, #8442, #8476, #4750 ),
 .UNSPECIFIED., .F., .F.,
 ( 4, 3, 3, 3, 3, 3, 3, 4 ),
 ( 0.0002168574548798308100, 0.0002188290334246867900, 0.0002305812013871261500, 0.0002423333607551984300, 0.0002540856419916172300, 0.0002658380091482356700, 0.0002775903405257882600, 0.0002867718163053202200 ),
 .UNSPECIFIED. ) ;
#111 = CARTESIAN_POINT ( 'NONE',  ( 8.741693482048010100, 1.943948649232710300, -3.351032822740168000 ) ) ;
#112 = B_SPLINE_CURVE_WITH_KNOTS ( 'NONE', 3,
 ( #1147, #6539, #8804, #2727, #8931, #8103, #1934 ),
 .UNSPECIFIED., .F., .F.,
 ( 4, 3, 4 ),
 ( 0.0005204849250710204200, 0.0009002598162381896000, 0.0009544278593203497800 ),
 .UNSPECIFIED. ) ;
#113 = EDGE_LOOP ( 'NONE', ( #3332, #3245, #6963, #3760, #3633, #4588 ) ) ;
#114 = CARTESIAN_POINT ( 'NONE',  ( -8.394555401783351900, -1.864716647699920400, -3.114323832567764200 ) ) ;
#115 = CARTESIAN_POINT ( 'NONE',  ( -8.613976714791567300, 2.017369816863599400, 3.464362763198132200 ) ) ;
#116 = CARTESIAN_POINT ( 'NONE',  ( 8.647352942452561900, -1.922416036699667000, 3.469014143938407500 ) ) ;
#117 = SPHERICAL_SURFACE ( 'NONE', #8356, 2.450000000000000600 ) ;
#118 = CARTESIAN_POINT ( 'NONE',  ( 10.47500000000000500, 1.314964500584470700E-015, 3.500000000000000400 ) ) ;
#119 = EDGE_CURVE ( 'NONE', #7775, #4784, #627, .T. ) ;
#120 = CARTESIAN_POINT ( 'NONE',  ( 3.901242515215954700, 7.985775312515463600, 3.462633071500297100 ) ) ;
#121 = CARTESIAN_POINT ( 'NONE',  ( 5.863736118510232100, 4.676173513940490500, -3.092233167847068000E-016 ) ) ;
#122 = ORIENTED_EDGE ( 'NONE', *, *, #8659, .F. ) ;
#123 = ORIENTED_EDGE ( 'NONE', *, *, #9777, .T. ) ;
#124 = DIRECTION ( 'NONE',  ( -0.0000000000000000000, -0.0000000000000000000, 1.000000000000000000 ) ) ;
#125 = VECTOR ( 'NONE', #6054, 1000.000000000000000 ) ;
#126 = CARTESIAN_POINT ( 'NONE',  ( -8.660878464227947000, -2.028074835109752200, 3.455073707654066500 ) ) ;
#127 = CARTESIAN_POINT ( 'NONE',  ( 0.05000000000000002400, -8.847484827480393200, -3.464471549642479200 ) ) ;
#128 = EDGE_CURVE ( 'NONE', #6401, #2123, #4599, .T. ) ;
#129 = CARTESIAN_POINT ( 'NONE',  ( -8.651001148481851600, -2.025820402246215400, -3.464797546056691800 ) ) ;
#130 = CARTESIAN_POINT ( 'NONE',  ( 3.780519072845678800, -7.735090501365860400, -3.129114371485063100 ) ) ;
#131 = DIRECTION ( 'NONE',  ( 1.000000000000000000, 0.0000000000000000000, 0.0000000000000000000 ) ) ;
#132 = CARTESIAN_POINT ( 'NONE',  ( 3.690422186055491800, 7.778478875277588900, -3.129114371485063100 ) ) ;
#133 = VERTEX_POINT ( 'NONE', #445 ) ;
#134 = AXIS2_PLACEMENT_3D ( 'NONE', #662, #3029, #2956 ) ;
#135 = FACE_OUTER_BOUND ( 'NONE', #137, .T. ) ;
#136 = CARTESIAN_POINT ( 'NONE',  ( -6.881787768946260500, 5.551995014055688800, -3.460296783607140100 ) ) ;
#137 = EDGE_LOOP ( 'NONE', ( #4045, #680, #2446, #169 ) ) ;
#138 = CARTESIAN_POINT ( 'NONE',  ( 8.627120136385686400, 1.917798030746237700, 3.454996609771464800 ) ) ;
#139 = ORIENTED_EDGE ( 'NONE', *, *, #2268, .T. ) ;
#140 = PLANE ( 'NONE',  #6108 ) ;
#141 = ORIENTED_EDGE ( 'NONE', *, *, #8836, .T. ) ;
#142 = LINE ( 'NONE', #9529, #1809 ) ;
#143 = ADVANCED_FACE ( 'NONE', ( #1353 ), #2547, .T. ) ;
#144 = AXIS2_PLACEMENT_3D ( 'NONE', #74, #2396, #9278 ) ;
#145 = ORIENTED_EDGE ( 'NONE', *, *, #9564, .T. ) ;
#146 = CONICAL_SURFACE ( 'NONE', #1671, 8.869223585189136100, 0.6108652381980126400 ) ;
#147 = CARTESIAN_POINT ( 'NONE',  ( 3.780519072845733400, 7.735090501365833800, -3.129114371485063600 ) ) ;
#148 = CONICAL_SURFACE ( 'NONE', #5647, 9.046037105128458900, 0.5235987755983011500 ) ;
#149 = VERTEX_POINT ( 'NONE', #2807 ) ;
#150 = AXIS2_PLACEMENT_3D ( 'NONE', #2196, #1406, #2928 ) ;
#151 = ORIENTED_EDGE ( 'NONE', *, *, #2698, .T. ) ;
#152 = CARTESIAN_POINT ( 'NONE',  ( 0.05000000000000003700, 8.609381483269881800, 3.129114371485063600 ) ) ;
#153 = EDGE_CURVE ( 'NONE', #5615, #3233, #9916, .T. ) ;
#154 = CARTESIAN_POINT ( 'NONE',  ( -8.636037103722774300, 2.022404956679656700, 3.469985047562924100 ) ) ;
#155 = CARTESIAN_POINT ( 'NONE',  ( 7.500000000000000000, 0.0000000000000000000, -7.960204194457796500E-016 ) ) ;
#156 = ORIENTED_EDGE ( 'NONE', *, *, #8611, .F. ) ;
#157 = CARTESIAN_POINT ( 'NONE',  ( -0.05000000000000002400, 8.888179882401043800, 3.462472406546387200 ) ) ;
#158 = VERTEX_POINT ( 'NONE', #5755 ) ;
#159 = CARTESIAN_POINT ( 'NONE',  ( -0.05000000000000000300, -9.146037105128458600, 3.094141646974374100 ) ) ;
#160 = B_SPLINE_CURVE_WITH_KNOTS ( 'NONE', 3,
 ( #9111, #2352, #152, #7815, #5531, #5499, #7041 ),
 .UNSPECIFIED., .F., .F.,
 ( 4, 3, 4 ),
 ( 0.0008460917731560555500, 0.0009002598162382145400, 0.001280034707405372600 ),
 .UNSPECIFIED. ) ;
#161 = ORIENTED_EDGE ( 'NONE', *, *, #2312, .T. ) ;
#162 = DIRECTION ( 'NONE',  ( -0.6234898018587320400, 0.7818314824680310200, 0.0000000000000000000 ) ) ;
#163 = CONICAL_SURFACE ( 'NONE', #3441, 8.869223585189136100, 0.6108652381980126400 ) ;
#164 = CLOSED_SHELL ( 'NONE', ( #569, #6532 ) ) ;
#165 = CARTESIAN_POINT ( 'NONE',  ( -8.614533864218024900, -2.017496982584266400, 3.464471549642479200 ) ) ;
#166 = ORIENTED_EDGE ( 'NONE', *, *, #2804, .F. ) ;
#167 = CARTESIAN_POINT ( 'NONE',  ( 0.05000000000000002400, -8.877823310605135600, -3.468181098941469600 ) ) ;
#168 = AXIS2_PLACEMENT_3D ( 'NONE', #7538, #652, #3761 ) ;
#169 = ORIENTED_EDGE ( 'NONE', *, *, #584, .T. ) ;
#170 = CARTESIAN_POINT ( 'NONE',  ( 0.0000000000000000000, 0.0000000000000000000, -3.193750000000000500 ) ) ;
#171 = ORIENTED_EDGE ( 'NONE', *, *, #3706, .T. ) ;
#172 = CARTESIAN_POINT ( 'NONE',  ( -8.628280558354221700, -1.918062889488035400, -3.456597352396201500 ) ) ;
#173 = LINE ( 'NONE', #3827, #5308 ) ;
#174 = ORIENTED_EDGE ( 'NONE', *, *, #4711, .T. ) ;
#175 = CARTESIAN_POINT ( 'NONE',  ( -6.897187355920082500, 5.564275774867090800, -3.469846945119945800 ) ) ;
#176 = ORIENTED_EDGE ( 'NONE', *, *, #9321, .T. ) ;
#177 = CARTESIAN_POINT ( 'NONE',  ( 7.041194074364121000, 5.679117300646331600, -3.193750000000000100 ) ) ;
#178 = CARTESIAN_POINT ( 'NONE',  ( 8.683683276470675900, 1.930708198361652300, -3.453994494324953200 ) ) ;
#179 = VERTEX_POINT ( 'NONE', #9607 ) ;
#180 = ORIENTED_EDGE ( 'NONE', *, *, #5841, .F. ) ;
#181 = VECTOR ( 'NONE', #3226, 1000.000000000000000 ) ;
#182 = CIRCLE ( 'NONE', #6198, 8.896693082788692300 ) ;
#183 = B_SPLINE_CURVE_WITH_KNOTS ( 'NONE', 3,
 ( #3170, #8515, #4884, #3689, #4968, #1533, #1563 ),
 .UNSPECIFIED., .F., .F.,
 ( 4, 3, 4 ),
 ( 0.0005204849250710206400, 0.0009002598162381901400, 0.0009544278593203504300 ),
 .UNSPECIFIED. ) ;
#184 = CARTESIAN_POINT ( 'NONE',  ( 6.953569300366282800, 5.481334074407227400, 3.467739038050325000 ) ) ;
#185 = B_SPLINE_CURVE_WITH_KNOTS ( 'NONE', 3,
 ( #9227, #9308, #6160, #9333, #8564, #2332, #2425 ),
 .UNSPECIFIED., .F., .F.,
 ( 4, 3, 4 ),
 ( 0.0008460917731560551200, 0.0009002598162382143200, 0.001280034707405371900 ),
 .UNSPECIFIED. ) ;
#186 = EDGE_LOOP ( 'NONE', ( #5428, #1703, #3643, #1793, #6424, #7949 ) ) ;
#187 = CARTESIAN_POINT ( 'NONE',  ( 0.0000000000000000000, 0.0000000000000000000, -3.094141646974374100 ) ) ;
#188 = CIRCLE ( 'NONE', #5602, 9.046037105128458900 ) ;
#189 = CIRCLE ( 'NONE', #4170, 9.046037105128458900 ) ;
#190 = CARTESIAN_POINT ( 'NONE',  ( 0.0000000000000000000, 0.0000000000000000000, 3.452421434499180400 ) ) ;
#191 = EDGE_CURVE ( 'NONE', #2314, #7009, #4786, .T. ) ;
#192 = ORIENTED_EDGE ( 'NONE', *, *, #2464, .T. ) ;
#193 = CARTESIAN_POINT ( 'NONE',  ( -8.719441388652352700, 2.041441440451011100, -3.351032822740167600 ) ) ;
#194 = CARTESIAN_POINT ( 'NONE',  ( 0.0000000000000000000, 0.0000000000000000000, 3.094141646974374100 ) ) ;
#195 = ADVANCED_FACE ( 'NONE', ( #7702 ), #8134, .T. ) ;
#196 = CARTESIAN_POINT ( 'NONE',  ( -6.883895907083615200, -5.425771397351086400, -3.351299362948741300 ) ) ;
#197 = CARTESIAN_POINT ( 'NONE',  ( -0.05000000000000001000, 9.045898922017695300, 3.094141646974374100 ) ) ;
#198 = CARTESIAN_POINT ( 'NONE',  ( 0.0000000000000000000, 0.0000000000000000000, -3.325000000000001100 ) ) ;
#199 = VERTEX_POINT ( 'NONE', #6596 ) ;
#200 = DIRECTION ( 'NONE',  ( 1.000000000000000000, 0.0000000000000000000, 0.0000000000000000000 ) ) ;
#201 = EDGE_CURVE ( 'NONE', #773, #8436, #8536, .T. ) ;
#202 = CARTESIAN_POINT ( 'NONE',  ( -6.878924930671527000, -5.549711976714674800, 3.456075294419946400 ) ) ;
#203 = DIRECTION ( 'NONE',  ( -0.1736481776669426000, 0.0000000000000000000, 0.9848077530122059100 ) ) ;
#204 = CARTESIAN_POINT ( 'NONE',  ( 8.631448984988409700, 1.918786062191432300, -3.460296783607140100 ) ) ;
#205 = AXIS2_PLACEMENT_3D ( 'NONE', #7676, #3069, #3868 ) ;
#206 = EDGE_CURVE ( 'NONE', #3152, #901, #7207, .T. ) ;
#207 = ORIENTED_EDGE ( 'NONE', *, *, #1265, .T. ) ;
#208 = CARTESIAN_POINT ( 'NONE',  ( 6.941273910857361800, 5.471528828467919300, 3.456075294419946400 ) ) ;
#209 = PERSON_AND_ORGANIZATION ( #7526, #2237 ) ;
#210 = CARTESIAN_POINT ( 'NONE',  ( -8.384458441792405700, -1.862412082470809000, -3.099533293948748100 ) ) ;
#211 = DIRECTION ( 'NONE',  ( 0.5000000000000016700, 0.0000000000000000000, 0.8660254037844377100 ) ) ;
#212 = CARTESIAN_POINT ( 'NONE',  ( 6.986779382597008600, -5.507818231228904800, 3.452421434499180400 ) ) ;
#213 = AXIS2_PLACEMENT_3D ( 'NONE', #2060, #7415, #7388 ) ;
#214 = DIRECTION ( 'NONE',  ( -0.0000000000000000000, -0.0000000000000000000, 1.000000000000000000 ) ) ;
#215 = CARTESIAN_POINT ( 'NONE',  ( 9.046037105128460700, 0.0000000000000000000, 3.325000000000000600 ) ) ;
#216 = EDGE_LOOP ( 'NONE', ( #3384, #9005, #8439, #7799 ) ) ;
#217 = CARTESIAN_POINT ( 'NONE',  ( 3.903773285788488600, 7.991030511759146500, 3.457279025203407600 ) ) ;
#218 = AXIS2_PLACEMENT_3D ( 'NONE', #6451, #7926, #7995 ) ;
#219 = B_SPLINE_CURVE_WITH_KNOTS ( 'NONE', 3,
 ( #9864, #4296, #4516, #6818, #6620, #9590, #5036 ),
 .UNSPECIFIED., .F., .F.,
 ( 4, 3, 4 ),
 ( 0.0009532733312319690800, 0.001225696219576461900, 0.001251962535739348200 ),
 .UNSPECIFIED. ) ;
#220 = EDGE_CURVE ( 'NONE', #6873, #7739, #9488, .T. ) ;
#221 = DIRECTION ( 'NONE',  ( 0.0000000000000000000, 0.0000000000000000000, -1.000000000000000000 ) ) ;
#222 = DIRECTION ( 'NONE',  ( -1.000000000000000000, 0.0000000000000000000, 0.0000000000000000000 ) ) ;
#223 = CIRCLE ( 'NONE', #6062, 9.046037105128460700 ) ;
#224 = CARTESIAN_POINT ( 'NONE',  ( 0.0000000000000000000, 0.0000000000000000000, 3.500000000000000400 ) ) ;
#225 = CARTESIAN_POINT ( 'NONE',  ( 7.181834238703138400, 5.663369288345752000, -3.094141646974374100 ) ) ;
#226 = DIRECTION ( 'NONE',  ( -0.0000000000000000000, -0.0000000000000000000, 1.000000000000000000 ) ) ;
#227 = CARTESIAN_POINT ( 'NONE',  ( -3.815021055286796700, -8.037211093224973600, 3.452421434499180400 ) ) ;
#228 = EDGE_CURVE ( 'NONE', #6751, #1002, #3619, .T. ) ;
#229 = ORIENTED_EDGE ( 'NONE', *, *, #1450, .T. ) ;
#230 = CIRCLE ( 'NONE', #8807, 9.046037105128458900 ) ;
#231 = CARTESIAN_POINT ( 'NONE',  ( -6.879246888065163800, 5.549968729168694100, -3.456597352396201500 ) ) ;
#232 = CARTESIAN_POINT ( 'NONE',  ( 6.924430402411174700, 5.586001379475661100, -3.452421434499180400 ) ) ;
#233 = DIRECTION ( 'NONE',  ( -0.0000000000000000000, -0.0000000000000000000, 1.000000000000000000 ) ) ;
#234 = ORIENTED_EDGE ( 'NONE', *, *, #6299, .F. ) ;
#235 = LINE ( 'NONE', #3378, #6110 ) ;
#236 = B_SPLINE_CURVE_WITH_KNOTS ( 'NONE', 3,
 ( #9518, #5753, #3427, #7194, #8769, #3347, #7270 ),
 .UNSPECIFIED., .F., .F.,
 ( 4, 3, 4 ),
 ( 0.001199429903413612500, 0.001225696219576500100, 0.001498119107920983800 ),
 .UNSPECIFIED. ) ;
#237 = CARTESIAN_POINT ( 'NONE',  ( -8.627879084050903200, 1.917971255598349700, -3.456075294419946400 ) ) ;
#238 = CARTESIAN_POINT ( 'NONE',  ( -8.661757950096298200, 2.028275572020205300, 3.453478796700601100 ) ) ;
#239 = CARTESIAN_POINT ( 'NONE',  ( 8.627879084050915600, -1.917971255598293300, 3.456075294419946400 ) ) ;
#240 = ORIENTED_EDGE ( 'NONE', *, *, #2422, .T. ) ;
#241 = CARTESIAN_POINT ( 'NONE',  ( -8.670907408394976200, -2.030363876170900600, 3.437256629622304200 ) ) ;
#242 = CARTESIAN_POINT ( 'NONE',  ( 0.0000000000000000000, 0.0000000000000000000, 3.434921434499177600 ) ) ;
#243 = CONICAL_SURFACE ( 'NONE', #8222, 9.046037105128458900, 0.5235987755983011500 ) ;
#244 = ORIENTED_EDGE ( 'NONE', *, *, #7746, .F. ) ;
#245 = MANIFOLD_SOLID_BREP ( 'Revolve3[1]', #8514 ) ;
#246 = EDGE_CURVE ( 'NONE', #5581, #5649, #8293, .T. ) ;
#247 = CARTESIAN_POINT ( 'NONE',  ( 8.737285000697680100, 0.0000000000000000000, 2.449999999999999700 ) ) ;
#248 = CARTESIAN_POINT ( 'NONE',  ( 3.818819942739252000, -8.045099564303450600, 3.437256629622303700 ) ) ;
#249 = ORIENTED_EDGE ( 'NONE', *, *, #5057, .F. ) ;
#250 = VECTOR ( 'NONE', #631, 1000.000000000000000 ) ;
#251 = DIRECTION ( 'NONE',  ( 1.000000000000000000, 0.0000000000000000000, 0.0000000000000000000 ) ) ;
#252 = EDGE_CURVE ( 'NONE', #1282, #1648, #5292, .T. ) ;
#253 = CYLINDRICAL_SURFACE ( 'NONE', #2309, 8.737285000697680100 ) ;
#254 = CARTESIAN_POINT ( 'NONE',  ( -3.820719386415977000, -8.049043799739470400, 3.429674227117770700 ) ) ;
#255 = ORIENTED_EDGE ( 'NONE', *, *, #6462, .T. ) ;
#256 = VERTEX_POINT ( 'NONE', #5723 ) ;
#257 = CARTESIAN_POINT ( 'NONE',  ( 0.0000000000000000000, 0.0000000000000000000, 3.094141646974374100 ) ) ;
#258 = SPHERICAL_SURFACE ( 'NONE', #1170, 2.450000000000000600 ) ;
#259 = AXIS2_PLACEMENT_3D ( 'NONE', #9441, #6464, #5693 ) ;
#260 = VERTEX_POINT ( 'NONE', #6507 ) ;
#261 = DIRECTION ( 'NONE',  ( 0.0000000000000000000, 0.0000000000000000000, 1.000000000000000000 ) ) ;
#262 = CARTESIAN_POINT ( 'NONE',  ( 8.588813778810038700, -1.051826330269239700E-015, -3.064533293948747500 ) ) ;
#263 = CONICAL_SURFACE ( 'NONE', #2952, 10.47500000000000500, 0.7853981633974417300 ) ;
#264 = ORIENTED_EDGE ( 'NONE', *, *, #9044, .F. ) ;
#265 = CARTESIAN_POINT ( 'NONE',  ( 8.684323662192904100, 1.930854362223843700, -3.452954079042412700 ) ) ;
#266 = FACE_OUTER_BOUND ( 'NONE', #2017, .T. ) ;
#267 = ORIENTED_EDGE ( 'NONE', *, *, #1372, .T. ) ;
#268 = AXIS2_PLACEMENT_3D ( 'NONE', #3698, #1325, #7512 ) ;
#269 = ORIENTED_EDGE ( 'NONE', *, *, #7235, .F. ) ;
#270 = ORIENTED_EDGE ( 'NONE', *, *, #1157, .F. ) ;
#271 = CARTESIAN_POINT ( 'NONE',  ( -8.639630090360906700, -1.920653346105943400, -3.466377381984354400 ) ) ;
#272 = ORIENTED_EDGE ( 'NONE', *, *, #3948, .T. ) ;
#273 = CARTESIAN_POINT ( 'NONE',  ( 8.604868042990053900, 2.015290821964419900, 3.454996609771464800 ) ) ;
#274 = AXIS2_PLACEMENT_3D ( 'NONE', #7838, #6172, #3241 ) ;
#275 = DIRECTION ( 'NONE',  ( -1.000000000000000000, 0.0000000000000000000, 0.0000000000000000000 ) ) ;
#276 = VERTEX_POINT ( 'NONE', #8109 ) ;
#277 = EDGE_CURVE ( 'NONE', #4304, #9135, #7327, .T. ) ;
#278 = DIRECTION ( 'NONE',  ( -0.0000000000000000000, -0.0000000000000000000, -1.000000000000000000 ) ) ;
#279 = CARTESIAN_POINT ( 'NONE',  ( -3.883580287306799900, -7.949099318350827800, 3.464362763198132600 ) ) ;
#280 = VECTOR ( 'NONE', #4383, 1000.000000000000000 ) ;
#281 = ORIENTED_EDGE ( 'NONE', *, *, #4451, .F. ) ;
#282 = DIRECTION ( 'NONE',  ( 1.000000000000000000, 0.0000000000000000000, 0.0000000000000000000 ) ) ;
#283 = EDGE_LOOP ( 'NONE', ( #3993, #4455, #5304, #2428 ) ) ;
#284 = CARTESIAN_POINT ( 'NONE',  ( -8.669423288030310800, -1.927453449055200000, -3.466916208273112400 ) ) ;
#285 = VERTEX_POINT ( 'NONE', #6764 ) ;
#286 = ORIENTED_EDGE ( 'NONE', *, *, #5442, .T. ) ;
#287 = CARTESIAN_POINT ( 'NONE',  ( -3.900057710434547100, 7.983315040036399200, -3.464797546056691800 ) ) ;
#288 = AXIS2_PLACEMENT_3D ( 'NONE', #5078, #2124, #4399 ) ;
#289 = ORIENTED_EDGE ( 'NONE', *, *, #7268, .F. ) ;
#290 = CIRCLE ( 'NONE', #1310, 8.896693082788692300 ) ;
#291 = VERTEX_POINT ( 'NONE', #9040 ) ;
#292 = DIRECTION ( 'NONE',  ( 0.0000000000000000000, 0.0000000000000000000, -1.000000000000000000 ) ) ;
#293 = CARTESIAN_POINT ( 'NONE',  ( -0.05000000000000001700, -8.905308122385132900, 3.437256629622304200 ) ) ;
#295 = CARTESIAN_POINT ( 'NONE',  ( -3.813676398998133300, 8.034418885670955700, 3.457279025203407600 ) ) ;
#294 = AXIS2_PLACEMENT_3D ( 'NONE', #6072, #9839, #5254 ) ;
#296 = CARTESIAN_POINT ( 'NONE',  ( 3.969976846764378100, -8.128503622655012300, -3.094141646974374100 ) ) ;
#297 = ORIENTED_EDGE ( 'NONE', *, *, #2670, .F. ) ;
#298 = CARTESIAN_POINT ( 'NONE',  ( -7.041194074364041100, 5.679117300646431900, -3.193750000000000100 ) ) ;
#299 = ORIENTED_EDGE ( 'NONE', *, *, #3682, .T. ) ;
#300 = ORIENTED_EDGE ( 'NONE', *, *, #2158, .T. ) ;
#301 = TOROIDAL_SURFACE ( 'NONE', #1184, 8.866382193656235700, 0.03500000000000000300 ) ;
#302 = CIRCLE ( 'NONE', #7848, 8.588813778810038700 ) ;
#303 = CARTESIAN_POINT ( 'NONE',  ( 3.801834618289900500, 8.009829174656506000, 3.470139885832122400 ) ) ;
#304 = ADVANCED_FACE ( 'NONE', ( #9003 ), #9072, .T. ) ;
#305 = CARTESIAN_POINT ( 'NONE',  ( 0.05000000000000001700, 8.896245052708611200, 3.452954079042413100 ) ) ;
#306 = DIRECTION ( 'NONE',  ( 1.000000000000000000, 0.0000000000000000000, 0.0000000000000000000 ) ) ;
#307 = CARTESIAN_POINT ( 'NONE',  ( -3.789946096564236200, -7.985142404919409700, -3.456597352396201500 ) ) ;
#308 = EDGE_LOOP ( 'NONE', ( #2773, #8674, #8683, #9749 ) ) ;
#309 = B_SPLINE_CURVE_WITH_KNOTS ( 'NONE', 3,
 ( #2660, #8095, #2599, #4197, #7285, #8825, #4239 ),
 .UNSPECIFIED., .F., .F.,
 ( 4, 3, 4 ),
 ( 0.0005204849250710211800, 0.0009002598162381898200, 0.0009544278593203504300 ),
 .UNSPECIFIED. ) ;
#310 = CARTESIAN_POINT ( 'NONE',  ( 8.604868042990039700, -2.015290821964479800, 3.454996609771464800 ) ) ;
#311 = DIRECTION ( 'NONE',  ( -0.0000000000000000000, -0.0000000000000000000, -1.000000000000000000 ) ) ;
#312 = CIRCLE ( 'NONE', #6055, 8.896693082788692300 ) ;
#313 = EDGE_CURVE ( 'NONE', #7568, #3911, #7437, .T. ) ;
#314 = AXIS2_PLACEMENT_3D ( 'NONE', #4602, #6, #5362 ) ;
#315 = DIRECTION ( 'NONE',  ( 0.0000000000000000000, 0.0000000000000000000, -1.000000000000000000 ) ) ;
#316 = CARTESIAN_POINT ( 'NONE',  ( 0.0000000000000000000, 0.0000000000000000000, -3.452421434499180400 ) ) ;
#317 = VERTEX_POINT ( 'NONE', #5250 ) ;
#318 = CARTESIAN_POINT ( 'NONE',  ( -3.896739687710715700, -7.976425094855621900, 3.468147503381453900 ) ) ;
#319 = EDGE_CURVE ( 'NONE', #6694, #1261, #6277, .T. ) ;
#320 = DIRECTION ( 'NONE',  ( -0.7818314824680310200, -0.6234898018587320400, 0.0000000000000000000 ) ) ;
#321 = CARTESIAN_POINT ( 'NONE',  ( 8.651073151173656900, -1.923265150063626000, -3.469900311146004500 ) ) ;
#322 = ORIENTED_EDGE ( 'NONE', *, *, #5000, .F. ) ;
#323 = AXIS2_PLACEMENT_3D ( 'NONE', #9062, #6782, #3742 ) ;
#324 = CARTESIAN_POINT ( 'NONE',  ( -3.685928616305762500, -7.769147881545152700, -3.114323832567764700 ) ) ;
#325 = CARTESIAN_POINT ( 'NONE',  ( -0.05000000000000001000, -9.045898922017695300, 3.193750000000000100 ) ) ;
#326 = DIRECTION ( 'NONE',  ( 0.0000000000000000000, 0.0000000000000000000, -1.000000000000000000 ) ) ;
#327 = CIRCLE ( 'NONE', #5803, 8.588813778810038700 ) ;
#328 = DIRECTION ( 'NONE',  ( -0.0000000000000000000, -0.0000000000000000000, 1.000000000000000000 ) ) ;
#329 = EDGE_CURVE ( 'NONE', #4030, #4105, #1587, .T. ) ;
#330 = CARTESIAN_POINT ( 'NONE',  ( -3.816517286039053000, -7.809841561299996300, 3.247602129575368800 ) ) ;
#331 = CARTESIAN_POINT ( 'NONE',  ( 0.05000000000000002400, 8.880961487660952600, 3.466916208273112900 ) ) ;
#332 = CARTESIAN_POINT ( 'NONE',  ( 0.0000000000000000000, 0.0000000000000000000, 3.454996609771464400 ) ) ;
#333 = CARTESIAN_POINT ( 'NONE',  ( 0.0000000000000000000, 0.0000000000000000000, -3.193750000000000500 ) ) ;
#334 = AXIS2_PLACEMENT_3D ( 'NONE', #8292, #2848, #6745 ) ;
#335 = VECTOR ( 'NONE', #7441, 1000.000000000000000 ) ;
#336 = EDGE_CURVE ( 'NONE', #6204, #7466, #4322, .T. ) ;
#337 = VERTEX_POINT ( 'NONE', #1350 ) ;
#338 = CARTESIAN_POINT ( 'NONE',  ( 0.0000000000000000000, 0.0000000000000000000, -3.094141646974374100 ) ) ;
#339 = CARTESIAN_POINT ( 'NONE',  ( 0.0000000000000000000, 0.0000000000000000000, -3.452421434499180400 ) ) ;
#340 = CARTESIAN_POINT ( 'NONE',  ( 0.0000000000000000000, 0.0000000000000000000, 3.099533293948747700 ) ) ;
#341 = CARTESIAN_POINT ( 'NONE',  ( -3.882271953616813800, -7.946382535449714600, 3.461862008941933000 ) ) ;
#342 = LINE ( 'NONE', #1280, #8010 ) ;
#343 = CARTESIAN_POINT ( 'NONE',  ( -3.799902305093607600, 8.005816684959810900, -3.469846945119945800 ) ) ;
#344 = ADVANCED_FACE ( 'NONE', ( #2526 ), #9706, .T. ) ;
#345 = AXIS2_PLACEMENT_3D ( 'NONE', #4615, #6194, #3100 ) ;
#346 = EDGE_CURVE ( 'NONE', #8273, #3828, #6211, .T. ) ;
#347 = CARTESIAN_POINT ( 'NONE',  ( -3.902688815468105900, 7.988778585935214100, -3.459706444013471500 ) ) ;
#348 = VERTEX_POINT ( 'NONE', #6666 ) ;
#349 = CARTESIAN_POINT ( 'NONE',  ( -3.879692025218556900, -7.941025258929109900, -3.455541280135825400 ) ) ;
#350 = VECTOR ( 'NONE', #1655, 1000.000000000000000 ) ;
#351 = DIRECTION ( 'NONE',  ( -0.0000000000000000000, -0.0000000000000000000, 1.000000000000000000 ) ) ;
#352 = CARTESIAN_POINT ( 'NONE',  ( 8.785959443115478600, 1.954052065983967700, 3.272391413630716200 ) ) ;
#353 = CARTESIAN_POINT ( 'NONE',  ( 0.0000000000000000000, 0.0000000000000000000, 3.094141646974374100 ) ) ;
#354 = EDGE_LOOP ( 'NONE', ( #4366, #5100, #39, #8283 ) ) ;
#355 = DIRECTION ( 'NONE',  ( 1.000000000000000000, 0.0000000000000000000, 0.0000000000000000000 ) ) ;
#356 = EDGE_CURVE ( 'NONE', #5192, #2151, #4811, .T. ) ;
#357 = AXIS2_PLACEMENT_3D ( 'NONE', #7464, #7531, #8956 ) ;
#358 = FACE_OUTER_BOUND ( 'NONE', #6886, .T. ) ;
#359 = CARTESIAN_POINT ( 'NONE',  ( 3.879820004569413300, 8.171767497885872100, 3.500000000000000000 ) ) ;
#360 = DIRECTION ( 'NONE',  ( 0.0000000000000000000, 0.0000000000000000000, -1.000000000000000000 ) ) ;
#361 = CARTESIAN_POINT ( 'NONE',  ( -3.806894729835316800, -8.020336604549463300, -3.468181098941469200 ) ) ;
#362 = CARTESIAN_POINT ( 'NONE',  ( 3.840419595970247600, -8.089951706396156800, -3.351032822740167600 ) ) ;
#363 = ADVANCED_FACE ( 'NONE', ( #3365 ), #258, .T. ) ;
#364 = VERTEX_POINT ( 'NONE', #4413 ) ;
#365 = FACE_OUTER_BOUND ( 'NONE', #3984, .T. ) ;
#366 = CARTESIAN_POINT ( 'NONE',  ( 0.0000000000000000000, 0.0000000000000000000, -3.500000000000000400 ) ) ;
#367 = VECTOR ( 'NONE', #3407, 1000.000000000000000 ) ;
#368 = EDGE_LOOP ( 'NONE', ( #8778, #1718, #439, #8681 ) ) ;
#369 = EDGE_CURVE ( 'NONE', #5558, #2070, #6369, .T. ) ;
#370 = ORIENTED_EDGE ( 'NONE', *, *, #1084, .T. ) ;
#371 = DIRECTION ( 'NONE',  ( 1.000000000000000000, 0.0000000000000000000, 0.0000000000000000000 ) ) ;
#372 = CARTESIAN_POINT ( 'NONE',  ( -8.604868042990025500, 2.015290821964536200, -3.454996609771464800 ) ) ;
#373 = DIRECTION ( 'NONE',  ( 1.000000000000000000, 0.0000000000000000000, 0.0000000000000000000 ) ) ;
#374 = VECTOR ( 'NONE', #1762, 1000.000000000000000 ) ;
#375 = CARTESIAN_POINT ( 'NONE',  ( 8.697427512990339300, -1.933845230657804000, -3.429674227117770700 ) ) ;
#376 = CARTESIAN_POINT ( 'NONE',  ( 6.708008130675876800, -5.413410377005360100, -3.143904910697431300 ) ) ;
#377 = EDGE_LOOP ( 'NONE', ( #1339, #1491, #3363, #4380, #3179, #5757 ) ) ;
#378 = FACE_OUTER_BOUND ( 'NONE', #2792, .T. ) ;
#379 = LINE ( 'NONE', #4951, #1468 ) ;
#380 = ORIENTED_EDGE ( 'NONE', *, *, #2022, .T. ) ;
#381 = CARTESIAN_POINT ( 'NONE',  ( 8.534077790247366100, 1.999133408725472800, -3.351299362948742200 ) ) ;
#383 = CARTESIAN_POINT ( 'NONE',  ( 8.927852906338200600, 1.986438323023172600, -3.500000000000000400 ) ) ;
#382 = LINE ( 'NONE', #6078, #8289 ) ;
#384 = VERTEX_POINT ( 'NONE', #2910 ) ;
#385 = VECTOR ( 'NONE', #4987, 1000.000000000000000 ) ;
#386 = CARTESIAN_POINT ( 'NONE',  ( 6.897525128344004700, 5.564545139386506600, 3.469900311146004500 ) ) ;
#387 = EDGE_CURVE ( 'NONE', #179, #5303, #7097, .T. ) ;
#388 = CARTESIAN_POINT ( 'NONE',  ( -0.05000000000000002400, -8.887620632346431300, 3.462633071500297100 ) ) ;
#389 = ORIENTED_EDGE ( 'NONE', *, *, #8672, .F. ) ;
#390 = EDGE_LOOP ( 'NONE', ( #2611, #7924 ) ) ;
#391 = DIRECTION ( 'NONE',  ( 0.0000000000000000000, 0.0000000000000000000, 1.000000000000000000 ) ) ;
#392 = AXIS2_PLACEMENT_3D ( 'NONE', #3459, #7990, #5768 ) ;
#393 = VECTOR ( 'NONE', #2264, 1000.000000000000000 ) ;
#394 = ORIENTED_EDGE ( 'NONE', *, *, #3408, .T. ) ;
#395 = EDGE_CURVE ( 'NONE', #6867, #9854, #5639, .T. ) ;
#396 = VERTEX_POINT ( 'NONE', #5188 ) ;
#397 = CARTESIAN_POINT ( 'NONE',  ( -8.808108021724400800, -2.061679020845665900, 3.094141646974374100 ) ) ;
#398 = CARTESIAN_POINT ( 'NONE',  ( 8.588813778810038700, 0.0000000000000000000, 3.064533293948747500 ) ) ;
#399 = ADVANCED_FACE ( 'NONE', ( #757 ), #4525, .T. ) ;
#400 = ORIENTED_EDGE ( 'NONE', *, *, #7018, .T. ) ;
#401 = CARTESIAN_POINT ( 'NONE',  ( 0.05000000000000002400, 8.869541062855445200, 3.469985047562924100 ) ) ;
#402 = EDGE_LOOP ( 'NONE', ( #3361, #4953, #5490, #5381, #548, #5318 ) ) ;
#403 = CARTESIAN_POINT ( 'NONE',  ( 6.683716731970482000, -5.394038632959075500, 3.099533293948748100 ) ) ;
#404 = CARTESIAN_POINT ( 'NONE',  ( 6.931275761066028300, 5.591460370840263900, 3.437256629622304200 ) ) ;
#405 = CARTESIAN_POINT ( 'NONE',  ( 8.384458441792393300, 1.862412082470863900, -3.099533293948748100 ) ) ;
#406 = ORIENTED_EDGE ( 'NONE', *, *, #7201, .F. ) ;
#407 = AXIS2_PLACEMENT_3D ( 'NONE', #4541, #1517, #4579 ) ;
#408 = VECTOR ( 'NONE', #6363, 1000.000000000000000 ) ;
#409 = VERTEX_POINT ( 'NONE', #3756 ) ;
#410 = CARTESIAN_POINT ( 'NONE',  ( 6.683716731970517500, 5.394038632959030200, -3.099533293948748100 ) ) ;
#411 = ORIENTED_EDGE ( 'NONE', *, *, #4907, .F. ) ;
#412 = AXIS2_PLACEMENT_3D ( 'NONE', #5265, #2227, #9892 ) ;
#413 = CARTESIAN_POINT ( 'NONE',  ( -8.643211183988329400, -1.921470707357582700, 3.467739038050325000 ) ) ;
#414 = EDGE_CURVE ( 'NONE', #2077, #763, #8277, .T. ) ;
#415 = CARTESIAN_POINT ( 'NONE',  ( 3.803301197213271300, -8.012874557170789600, -3.469985047562924100 ) ) ;
#416 = ORIENTED_EDGE ( 'NONE', *, *, #9564, .F. ) ;
#417 = CARTESIAN_POINT ( 'NONE',  ( -3.905117942077038800, -7.993822719313215900, 3.452421434499180400 ) ) ;
#418 = CARTESIAN_POINT ( 'NONE',  ( -8.688891490516550000, -1.931896939230790300, -3.444839032082838100 ) ) ;
#419 = ORIENTED_EDGE ( 'NONE', *, *, #9, .F. ) ;
#420 = FACE_OUTER_BOUND ( 'NONE', #4127, .T. ) ;
#421 = FACE_OUTER_BOUND ( 'NONE', #2569, .T. ) ;
#422 = ORIENTED_EDGE ( 'NONE', *, *, #5014, .F. ) ;
#423 = ADVANCED_FACE ( 'NONE', ( #4691 ), #2763, .F. ) ;
#424 = CARTESIAN_POINT ( 'NONE',  ( 8.372303308387692800, -1.962209438918215900, 3.114323832567764700 ) ) ;
#425 = EDGE_CURVE ( 'NONE', #6643, #4721, #3970, .T. ) ;
#427 = CARTESIAN_POINT ( 'NONE',  ( 6.986779382597046800, 5.507818231228858600, -3.452421434499180400 ) ) ;
#426 = CARTESIAN_POINT ( 'NONE',  ( -6.947969869725853600, -5.476868677478516500, 3.464362763198132200 ) ) ;
#428 = DIRECTION ( 'NONE',  ( -0.9009688679024157000, 0.4338837391175652300, 0.0000000000000000000 ) ) ;
#429 = CARTESIAN_POINT ( 'NONE',  ( 6.894541752585488400, 5.562165976610053500, 3.469014143938407500 ) ) ;
#430 = CARTESIAN_POINT ( 'NONE',  ( -3.811145628425599300, 8.029163686427272900, 3.462633071500297100 ) ) ;
#431 = VECTOR ( 'NONE', #5856, 1000.000000000000000 ) ;
#432 = CARTESIAN_POINT ( 'NONE',  ( -6.924430402411094800, 5.586001379475759700, -3.452421434499180400 ) ) ;
#433 = CYLINDRICAL_SURFACE ( 'NONE', #6803, 9.621762239271875600 ) ;
#434 = VERTEX_POINT ( 'NONE', #5356 ) ;
#435 = DIRECTION ( 'NONE',  ( -0.9749279121818242900, -0.2225209339563113700, 0.0000000000000000000 ) ) ;
#436 = CARTESIAN_POINT ( 'NONE',  ( 8.556329883642998600, 1.901640617507290200, 3.351299362948741300 ) ) ;
#437 = DIRECTION ( 'NONE',  ( -0.0000000000000000000, -0.0000000000000000000, -1.000000000000000000 ) ) ;
#438 = CARTESIAN_POINT ( 'NONE',  ( -3.803524205968503500, -8.013337639622369200, -3.469713030103804400 ) ) ;
#439 = ORIENTED_EDGE ( 'NONE', *, *, #3200, .T. ) ;
#440 = DIRECTION ( 'NONE',  ( -0.9009688679024187000, 0.4338837391175590100, 0.0000000000000000000 ) ) ;
#441 = EDGE_CURVE ( 'NONE', #1320, #4601, #990, .T. ) ;
#442 = CARTESIAN_POINT ( 'NONE',  ( -8.627491962581048700, -1.917882897648877300, 3.455541280135825400 ) ) ;
#443 = CARTESIAN_POINT ( 'NONE',  ( -3.905117942076870900, 7.993822719313299400, -3.452421434499180400 ) ) ;
#444 = CARTESIAN_POINT ( 'NONE',  ( -3.885263278938771300, 7.952594086485296600, 3.466570807216844900 ) ) ;
#445 = CARTESIAN_POINT ( 'NONE',  ( -8.601156667459632000, 0.0000000000000000000, 2.994533293948747700 ) ) ;
#446 = ADVANCED_FACE ( 'NONE', ( #8989 ), #754, .T. ) ;
#447 = EDGE_CURVE ( 'NONE', #7466, #7864, #5360, .T. ) ;
#448 = CARTESIAN_POINT ( 'NONE',  ( 3.798434106008866900, 8.002767938145630900, -3.469014143938407500 ) ) ;
#449 = CARTESIAN_POINT ( 'NONE',  ( -3.880701848413552900, -7.943122178400273900, -3.458522467003439300 ) ) ;
#450 = VECTOR ( 'NONE', #834, 1000.000000000000000 ) ;
#451 = AXIS2_PLACEMENT_3D ( 'NONE', #2118, #7481, #4263 ) ;
#452 = CARTESIAN_POINT ( 'NONE',  ( -6.821546926897626800, 5.503954545598032800, -3.351299362948741800 ) ) ;
#453 = EDGE_CURVE ( 'NONE', #9038, #1234, #2042, .T. ) ;
#454 = DIRECTION ( 'NONE',  ( -0.0000000000000000000, -0.0000000000000000000, 1.000000000000000000 ) ) ;
#455 = ORIENTED_EDGE ( 'NONE', *, *, #8237, .T. ) ;
#456 = CARTESIAN_POINT ( 'NONE',  ( -6.924430402411212000, -5.586001379475613100, -3.452421434499180400 ) ) ;
#457 = VECTOR ( 'NONE', #7045, 999.9999999999998900 ) ;
#458 = DIRECTION ( 'NONE',  ( 0.0000000000000000000, 0.0000000000000000000, 1.000000000000000000 ) ) ;
#459 = AXIS2_PLACEMENT_3D ( 'NONE', #563, #8221, #2119 ) ;
#460 = DIRECTION ( 'NONE',  ( -0.0000000000000000000, -0.0000000000000000000, 1.000000000000000000 ) ) ;
#461 = CARTESIAN_POINT ( 'NONE',  ( 0.05000000000000002400, 8.877242673692228100, 3.468147503381453900 ) ) ;
#462 = CARTESIAN_POINT ( 'NONE',  ( 6.881787768946302300, -5.551995014055636400, -3.460296783607140100 ) ) ;
#463 = CARTESIAN_POINT ( 'NONE',  ( 5.686989865158905900, 0.0000000000000000000, 2.758752104430781700 ) ) ;
#464 = ADVANCED_FACE ( 'NONE', ( #3605 ), #7598, .T. ) ;
#465 = ORIENTED_EDGE ( 'NONE', *, *, #1157, .T. ) ;
#466 = ORIENTED_EDGE ( 'NONE', *, *, #4982, .T. ) ;
#467 = EDGE_CURVE ( 'NONE', #5795, #6302, #3858, .T. ) ;
#468 = LINE ( 'NONE', #4020, #5373 ) ;
#469 = PLANE ( 'NONE',  #9893 ) ;
#470 = DIRECTION ( 'NONE',  ( -0.0000000000000000000, -0.0000000000000000000, 1.000000000000000000 ) ) ;
#471 = CARTESIAN_POINT ( 'NONE',  ( 8.719441388652365200, -2.041441440450953300, 3.351032822740167600 ) ) ;
#472 = DIRECTION ( 'NONE',  ( 0.0000000000000000000, 0.0000000000000000000, -1.000000000000000000 ) ) ;
#473 = AXIS2_PLACEMENT_3D ( 'NONE', #3836, #6920, #3944 ) ;
#474 = ORIENTED_EDGE ( 'NONE', *, *, #6557, .T. ) ;
#475 = CARTESIAN_POINT ( 'NONE',  ( 3.681435046371100700, 7.759816887428968400, -3.099533293948748100 ) ) ;
#476 = FACE_OUTER_BOUND ( 'NONE', #4710, .T. ) ;
#477 = AXIS2_PLACEMENT_3D ( 'NONE', #5500, #3257, #2505 ) ;
#478 = CARTESIAN_POINT ( 'NONE',  ( 3.809960823644417800, 8.026703413948101900, -3.464797546056691800 ) ) ;
#479 = ORIENTED_EDGE ( 'NONE', *, *, #3706, .F. ) ;
#480 = CARTESIAN_POINT ( 'NONE',  ( 0.0000000000000000000, 0.0000000000000000000, 3.193750000000000500 ) ) ;
#481 = CARTESIAN_POINT ( 'NONE',  ( 6.879246888065242900, 5.549968729168595500, 3.456597352396201500 ) ) ;
#482 = LINE ( 'NONE', #7797, #9242 ) ;
#483 = DIRECTION ( 'NONE',  ( 0.0000000000000000000, 0.0000000000000000000, -1.000000000000000000 ) ) ;
#484 = VERTEX_POINT ( 'NONE', #4484 ) ;
#485 = CARTESIAN_POINT ( 'NONE',  ( 8.624540184687441900, -2.019780859934190900, -3.469100694293998800 ) ) ;
#486 = ORIENTED_EDGE ( 'NONE', *, *, #1115, .F. ) ;
#487 = CARTESIAN_POINT ( 'NONE',  ( 3.814356642694022500, 8.035831426260063600, 3.455073707654064700 ) ) ;
#488 = ADVANCED_FACE ( 'NONE', ( #8879 ), #4545, .T. ) ;
#489 = CIRCLE ( 'NONE', #2682, 8.837711872106121200 ) ;
#490 = CARTESIAN_POINT ( 'NONE',  ( 0.05000000000000003100, -8.764959675655999800, -3.351299362948741300 ) ) ;
#491 = LINE ( 'NONE', #636, #5283 ) ;
#492 = CARTESIAN_POINT ( 'NONE',  ( 6.909333309708286700, -5.573961849795694900, -3.468147503381453900 ) ) ;
#493 = ORIENTED_EDGE ( 'NONE', *, *, #4962, .T. ) ;
#494 = CARTESIAN_POINT ( 'NONE',  ( 0.0000000000000000000, 0.0000000000000000000, 3.500000000000000000 ) ) ;
#495 = CARTESIAN_POINT ( 'NONE',  ( 0.0000000000000000000, 0.0000000000000000000, 3.325000000000000600 ) ) ;
#496 = ORIENTED_EDGE ( 'NONE', *, *, #7914, .T. ) ;
#497 = FACE_OUTER_BOUND ( 'NONE', #9508, .T. ) ;
#498 = CARTESIAN_POINT ( 'NONE',  ( 6.903713795781677700, 5.569480436980693800, -3.469713030103804400 ) ) ;
#499 = ORIENTED_EDGE ( 'NONE', *, *, #2577, .F. ) ;
#500 = EDGE_CURVE ( 'NONE', #2285, #5766, #6074, .T. ) ;
#501 = CARTESIAN_POINT ( 'NONE',  ( -8.675915474055440100, -1.928935248149962600, 3.462633071500297100 ) ) ;
#502 = ORIENTED_EDGE ( 'NONE', *, *, #6896, .T. ) ;
#503 = CARTESIAN_POINT ( 'NONE',  ( 0.05000000000000002400, 8.840279225073985000, -3.458522467003439300 ) ) ;
#504 = VECTOR ( 'NONE', #5843, 1000.000000000000000 ) ;
#505 = DIRECTION ( 'NONE',  ( -0.0000000000000000000, -0.0000000000000000000, 1.000000000000000000 ) ) ;
#506 = ORIENTED_EDGE ( 'NONE', *, *, #6754, .F. ) ;
#507 = DIRECTION ( 'NONE',  ( 0.0000000000000000000, 0.0000000000000000000, 1.000000000000000000 ) ) ;
#508 = ORIENTED_EDGE ( 'NONE', *, *, #8303, .T. ) ;
#509 = ORIENTED_EDGE ( 'NONE', *, *, #9420, .F. ) ;
#510 = VERTEX_POINT ( 'NONE', #5328 ) ;
#511 = ADVANCED_FACE ( 'NONE', ( #2407 ), #2206, .T. ) ;
#512 = CARTESIAN_POINT ( 'NONE',  ( 3.790998746200546800, 7.987328254412442900, -3.459673052288552200 ) ) ;
#513 = CARTESIAN_POINT ( 'NONE',  ( 8.763707349719831900, -2.051544857202210800, -3.272391413630715700 ) ) ;
#514 = VERTEX_POINT ( 'NONE', #1411 ) ;
#515 = FACE_OUTER_BOUND ( 'NONE', #6377, .T. ) ;
#516 = ORIENTED_EDGE ( 'NONE', *, *, #9258, .F. ) ;
#517 = CARTESIAN_POINT ( 'NONE',  ( 0.0000000000000000000, 0.0000000000000000000, -2.975000000000005000 ) ) ;
#518 = VERTEX_POINT ( 'NONE', #9788 ) ;
#519 = CARTESIAN_POINT ( 'NONE',  ( 4.013365220676191400, 8.218600509445224100, -3.094141646974374100 ) ) ;
#520 = AXIS2_PLACEMENT_3D ( 'NONE', #170, #7795, #3209 ) ;
#521 = DIRECTION ( 'NONE',  ( 1.000000000000000000, 0.0000000000000000000, 0.0000000000000000000 ) ) ;
#522 = ORIENTED_EDGE ( 'NONE', *, *, #5219, .F. ) ;
#523 = ORIENTED_EDGE ( 'NONE', *, *, #7579, .T. ) ;
#524 = CARTESIAN_POINT ( 'NONE',  ( 6.879246888065205600, -5.549968729168641700, 3.456597352396201500 ) ) ;
#525 = ORIENTED_EDGE ( 'NONE', *, *, #9649, .F. ) ;
#526 = AXIS2_PLACEMENT_3D ( 'NONE', #1511, #6158, #6986 ) ;
#527 = ORIENTED_EDGE ( 'NONE', *, *, #7969, .F. ) ;
#528 = EDGE_CURVE ( 'NONE', #1625, #6433, #1584, .T. ) ;
#529 = DIRECTION ( 'NONE',  ( 0.0000000000000000000, 0.0000000000000000000, 1.000000000000000000 ) ) ;
#530 = VECTOR ( 'NONE', #5730, 1000.000000000000000 ) ;
#531 = ORIENTED_EDGE ( 'NONE', *, *, #8087, .F. ) ;
#532 = DIRECTION ( 'NONE',  ( -0.4338837391175651100, -0.9009688679024157000, -0.0000000000000000000 ) ) ;
#533 = CARTESIAN_POINT ( 'NONE',  ( 8.362206348396760800, 1.959904873689046100, 3.094141646974374100 ) ) ;
#534 = CARTESIAN_POINT ( 'NONE',  ( 7.500000000000000000, 0.0000000000000000000, -7.960204194457796500E-016 ) ) ;
#535 = ORIENTED_EDGE ( 'NONE', *, *, #7821, .T. ) ;
#536 = CARTESIAN_POINT ( 'NONE',  ( -6.746065712156315000, 5.315855484712322700, -3.099533293948748100 ) ) ;
#537 = ORIENTED_EDGE ( 'NONE', *, *, #1027, .F. ) ;
#538 = AXIS2_PLACEMENT_3D ( 'NONE', #534, #6711, #5880 ) ;
#539 = CARTESIAN_POINT ( 'NONE',  ( 3.879864310480573200, 7.941383012962141700, -3.456075294419946900 ) ) ;
#540 = ORIENTED_EDGE ( 'NONE', *, *, #2435, .T. ) ;
#541 = CARTESIAN_POINT ( 'NONE',  ( -6.827126517065172700, -5.380499319508294000, 3.247602129575368800 ) ) ;
#542 = CARTESIAN_POINT ( 'NONE',  ( 0.0000000000000000000, 0.0000000000000000000, -3.500000000000000900 ) ) ;
#543 = VECTOR ( 'NONE', #8155, 1000.000000000000000 ) ;
#544 = CIRCLE ( 'NONE', #5659, 8.837711872106121200 ) ;
#545 = AXIS2_PLACEMENT_3D ( 'NONE', #8474, #8336, #9092 ) ;
#546 = DIRECTION ( 'NONE',  ( -0.0000000000000000000, -0.0000000000000000000, 1.000000000000000000 ) ) ;
#547 = EDGE_CURVE ( 'NONE', #6392, #2524, #5161, .T. ) ;
#548 = ORIENTED_EDGE ( 'NONE', *, *, #8725, .F. ) ;
#549 = ORIENTED_EDGE ( 'NONE', *, *, #4236, .T. ) ;
#550 = CARTESIAN_POINT ( 'NONE',  ( 0.05000000000000002400, 8.842010604659869000, -3.460296783607140100 ) ) ;
#551 = CARTESIAN_POINT ( 'NONE',  ( -3.780519072845624600, 7.735090501365887100, 3.129114371485063100 ) ) ;
#552 = CARTESIAN_POINT ( 'NONE',  ( -6.878316301899265500, -5.549226611465089200, 3.454996609771464800 ) ) ;
#553 = ADVANCED_FACE ( 'NONE', ( #6606 ), #9248, .T. ) ;
#554 = CONICAL_SURFACE ( 'NONE', #2585, 9.046037105128458900, 0.5235987755983011500 ) ;
#555 = CARTESIAN_POINT ( 'NONE',  ( 7.032545971489132500, 5.544315867970217600, 3.351032822740167600 ) ) ;
#557 = CARTESIAN_POINT ( 'NONE',  ( -0.05000000000000003700, -8.588668239434865000, 3.500000000000000000 ) ) ;
#556 = DIRECTION ( 'NONE',  ( 0.0000000000000000000, 0.0000000000000000000, -1.000000000000000000 ) ) ;
#558 = ORIENTED_EDGE ( 'NONE', *, *, #7832, .T. ) ;
#559 = DIRECTION ( 'NONE',  ( 1.000000000000000000, 0.0000000000000000000, 0.0000000000000000000 ) ) ;
#560 = DIRECTION ( 'NONE',  ( 0.0000000000000000000, 0.0000000000000000000, 1.000000000000000000 ) ) ;
#562 = AXIS2_PLACEMENT_3D ( 'NONE', #9128, #699, #9929 ) ;
#561 = DIRECTION ( 'NONE',  ( -0.4338837391175590100, -0.9009688679024187000, -0.0000000000000000000 ) ) ;
#563 = CARTESIAN_POINT ( 'NONE',  ( 0.0000000000000000000, 0.0000000000000000000, 3.094141646974374100 ) ) ;
#564 = CARTESIAN_POINT ( 'NONE',  ( 6.917447124507895700, -5.580432401180702900, 3.462633071500297100 ) ) ;
#565 = ORIENTED_EDGE ( 'NONE', *, *, #6688, .T. ) ;
#566 = DIRECTION ( 'NONE',  ( 1.000000000000000000, -5.329070518200751400E-015, 0.0000000000000000000 ) ) ;
#567 = CARTESIAN_POINT ( 'NONE',  ( -6.948416668875264400, 5.477224987910585000, 3.464471549642479200 ) ) ;
#568 = CARTESIAN_POINT ( 'NONE',  ( 8.627120136385686400, 1.917798030746237700, -3.454996609771464800 ) ) ;
#569 = ADVANCED_FACE ( 'NONE', ( #497 ), #6139, .T. ) ;
#570 = CONICAL_SURFACE ( 'NONE', #1315, 8.869223585189136100, 0.6108652381980126400 ) ;
#571 = CARTESIAN_POINT ( 'NONE',  ( 3.888281473680839100, 7.958861432445933900, -3.469100694293998800 ) ) ;
#572 = CARTESIAN_POINT ( 'NONE',  ( 6.920053267509791400, 5.582510730872260600, -3.459706444013471500 ) ) ;
#573 = CARTESIAN_POINT ( 'NONE',  ( -0.05000000000000003700, -8.619738104553002600, 3.143904910697431300 ) ) ;
#574 = EDGE_CURVE ( 'NONE', #9038, #4234, #8637, .T. ) ;
#575 = CARTESIAN_POINT ( 'NONE',  ( -3.880042983354311300, 7.941754031007733700, 3.456597352396201500 ) ) ;
#576 = CIRCLE ( 'NONE', #7912, 9.046037105128460700 ) ;
#577 = CARTESIAN_POINT ( 'NONE',  ( -3.771531933161234000, 7.716428513517264800, 3.099533293948748100 ) ) ;
#578 = EDGE_CURVE ( 'NONE', #6167, #5608, #8748, .T. ) ;
#579 = CARTESIAN_POINT ( 'NONE',  ( -8.830225396548316400, 1.964155480992796400, 3.193750000000000100 ) ) ;
#580 = CARTESIAN_POINT ( 'NONE',  ( -8.830225396548316400, 1.964155480992796400, -3.500000000000000000 ) ) ;
#581 = AXIS2_PLACEMENT_3D ( 'NONE', #6244, #6189, #6938 ) ;
#582 = CIRCLE ( 'NONE', #28, 9.046037105128458900 ) ;
#583 = PLANE ( 'NONE',  #9320 ) ;
#584 = EDGE_CURVE ( 'NONE', #396, #4601, #760, .T. ) ;
#585 = CARTESIAN_POINT ( 'NONE',  ( 8.384458441792393300, 1.862412082470863900, 3.099533293948748100 ) ) ;
#586 = DIRECTION ( 'NONE',  ( 1.000000000000000000, 0.0000000000000000000, 0.0000000000000000000 ) ) ;
#587 = DIRECTION ( 'NONE',  ( 0.0000000000000000000, 0.0000000000000000000, -1.000000000000000000 ) ) ;
#588 = CARTESIAN_POINT ( 'NONE',  ( -0.05000000000000000300, -9.146037105128458600, -3.094141646974374100 ) ) ;
#589 = EDGE_LOOP ( 'NONE', ( #607, #1022, #300, #8165 ) ) ;
#590 = AXIS2_PLACEMENT_3D ( 'NONE', #242, #5599, #1905 ) ;
#591 = VECTOR ( 'NONE', #1264, 1000.000000000000000 ) ;
#592 = ADVANCED_FACE ( 'NONE', ( #2638 ), #4576, .T. ) ;
#593 = CARTESIAN_POINT ( 'NONE',  ( 6.917447124507895700, -5.580432401180702900, -3.462633071500297100 ) ) ;
#594 = CARTESIAN_POINT ( 'NONE',  ( -7.005695535894966900, -5.650808160872883500, 3.272391413630715700 ) ) ;
#595 = AXIS2_PLACEMENT_3D ( 'NONE', #6874, #4695, #3900 ) ;
#596 = EDGE_CURVE ( 'NONE', #8976, #6178, #5408, .T. ) ;
#597 = CARTESIAN_POINT ( 'NONE',  ( 3.904984510970419100, 7.993545646765492800, -3.452954079042414000 ) ) ;
#598 = ORIENTED_EDGE ( 'NONE', *, *, #9026, .F. ) ;
#599 = DIRECTION ( 'NONE',  ( 1.000000000000000000, 0.0000000000000000000, 0.0000000000000000000 ) ) ;
#600 = CARTESIAN_POINT ( 'NONE',  ( 7.103543054549994900, 5.600934152399529100, 3.094141646974374100 ) ) ;
#601 = LINE ( 'NONE', #9760, #9692 ) ;
#602 = CARTESIAN_POINT ( 'NONE',  ( -8.485539612174493500, 1.885483199994417500, 3.247602129575368300 ) ) ;
#603 = CARTESIAN_POINT ( 'NONE',  ( 8.684323662192904100, 1.930854362223843700, 3.452954079042412700 ) ) ;
#604 = EDGE_CURVE ( 'NONE', #5436, #8013, #110, .T. ) ;
#605 = CARTESIAN_POINT ( 'NONE',  ( 9.046037105128458900, 0.0000000000000000000, -3.500000000000000000 ) ) ;
#606 = CARTESIAN_POINT ( 'NONE',  ( 4.923385956518203900, -1.123730716479407000, -1.592040838891560100E-016 ) ) ;
#607 = ORIENTED_EDGE ( 'NONE', *, *, #2615, .T. ) ;
#608 = CARTESIAN_POINT ( 'NONE',  ( 6.986779382597046800, 5.507818231228858600, -3.452421434499180400 ) ) ;
#609 = CIRCLE ( 'NONE', #1919, 5.378237760728125300 ) ;
#610 = LINE ( 'NONE', #2970, #9106 ) ;
#611 = VERTEX_POINT ( 'NONE', #3920 ) ;
#612 = CARTESIAN_POINT ( 'NONE',  ( -0.05000000000000001000, -9.045898922017695300, 3.094141646974374100 ) ) ;
#613 = CARTESIAN_POINT ( 'NONE',  ( 6.974898709587155700, -5.498343710661533400, 3.466489319800472900 ) ) ;
#614 = VERTEX_POINT ( 'NONE', #101 ) ;
#615 = ORIENTED_EDGE ( 'NONE', *, *, #7772, .F. ) ;
#616 = CYLINDRICAL_SURFACE ( 'NONE', #1678, 5.686989865158905900 ) ;
#617 = DIRECTION ( 'NONE',  ( -1.000000000000000000, 0.0000000000000000000, 0.0000000000000000000 ) ) ;
#618 = CARTESIAN_POINT ( 'NONE',  ( -7.103651090456256000, 5.601020308159980300, -3.500000000000000400 ) ) ;
#619 = DIRECTION ( 'NONE',  ( -1.000000000000000000, 0.0000000000000000000, 0.0000000000000000000 ) ) ;
#620 = ORIENTED_EDGE ( 'NONE', *, *, #2777, .T. ) ;
#621 = CARTESIAN_POINT ( 'NONE',  ( 3.903629810165120800, -7.990732581557483400, 3.457544059217933600 ) ) ;
#622 = FACE_OUTER_BOUND ( 'NONE', #19, .T. ) ;
#623 = ORIENTED_EDGE ( 'NONE', *, *, #4633, .F. ) ;
#624 = CARTESIAN_POINT ( 'NONE',  ( 0.0000000000000000000, 0.0000000000000000000, -3.500000000000000400 ) ) ;
#625 = ORIENTED_EDGE ( 'NONE', *, *, #6676, .T. ) ;
#626 = CARTESIAN_POINT ( 'NONE',  ( -6.974898709587114000, 5.498343710661584900, -3.466489319800472900 ) ) ;
#627 = CIRCLE ( 'NONE', #7510, 5.378237760728125300 ) ;
#628 = DIRECTION ( 'NONE',  ( 1.000000000000000000, 0.0000000000000000000, 0.0000000000000000000 ) ) ;
#629 = CARTESIAN_POINT ( 'NONE',  ( 4.013365220676191400, 8.218600509445224100, 3.094141646974374100 ) ) ;
#630 = ORIENTED_EDGE ( 'NONE', *, *, #414, .T. ) ;
#631 = DIRECTION ( 'NONE',  ( -0.7818314824680310200, -0.6234898018587320400, -0.0000000000000000000 ) ) ;
#632 = EDGE_CURVE ( 'NONE', #5436, #8976, #7879, .T. ) ;
#633 = CARTESIAN_POINT ( 'NONE',  ( -6.708008130675950500, -5.413410377005270400, 3.143904910697430800 ) ) ;
#634 = DIRECTION ( 'NONE',  ( -0.9009688679024158200, 0.4338837391175652300, 0.0000000000000000000 ) ) ;
#635 = VERTEX_POINT ( 'NONE', #3142 ) ;
#636 = CARTESIAN_POINT ( 'NONE',  ( 3.969916891359596800, -8.128379123974143600, -3.500000000000000000 ) ) ;
#637 = FACE_BOUND ( 'NONE', #4553, .T. ) ;
#638 = VERTEX_POINT ( 'NONE', #3844 ) ;
#639 = CARTESIAN_POINT ( 'NONE',  ( 6.900669263985750300, 5.567052503891835300, -3.470139885832122400 ) ) ;
#640 = EDGE_LOOP ( 'NONE', ( #4656, #3308, #9049, #8731 ) ) ;
#641 = EDGE_CURVE ( 'NONE', #396, #149, #6255, .T. ) ;
#642 = VERTEX_POINT ( 'NONE', #919 ) ;
#643 = CARTESIAN_POINT ( 'NONE',  ( -8.556329883642972000, 1.901640617507405400, 3.351299362948740900 ) ) ;
#644 = ORIENTED_EDGE ( 'NONE', *, *, #5993, .T. ) ;
#645 = CARTESIAN_POINT ( 'NONE',  ( -3.905117942076870900, 7.993822719313299400, 3.452421434499180400 ) ) ;
#646 = CARTESIAN_POINT ( 'NONE',  ( -6.762259978290567900, 5.328769981006868900, 3.129114371485063100 ) ) ;
#647 = ORIENTED_EDGE ( 'NONE', *, *, #4994, .T. ) ;
#648 = PLANE ( 'NONE',  #9889 ) ;
#649 = AXIS2_PLACEMENT_3D ( 'NONE', #9778, #5203, #619 ) ;
#650 = LINE ( 'NONE', #3220, #2079 ) ;
#651 = ORIENTED_EDGE ( 'NONE', *, *, #5583, .F. ) ;
#652 = DIRECTION ( 'NONE',  ( 0.0000000000000000000, 0.0000000000000000000, 1.000000000000000000 ) ) ;
#653 = ADVANCED_FACE ( 'NONE', ( #2287 ), #616, .F. ) ;
#654 = EDGE_CURVE ( 'NONE', #5999, #7186, #6141, .T. ) ;
#655 = ORIENTED_EDGE ( 'NONE', *, *, #2110, .F. ) ;
#656 = CARTESIAN_POINT ( 'NONE',  ( 0.0000000000000000000, 0.0000000000000000000, 3.500000000000000000 ) ) ;
#657 = ORIENTED_EDGE ( 'NONE', *, *, #3737, .T. ) ;
#658 = CARTESIAN_POINT ( 'NONE',  ( -6.942783102063903500, -5.472732368293795200, -3.458522467003439300 ) ) ;
#659 = VERTEX_POINT ( 'NONE', #9495 ) ;
#660 = DIRECTION ( 'NONE',  ( 0.0000000000000000000, -0.0000000000000000000, 1.000000000000000000 ) ) ;
#661 = AXIS2_PLACEMENT_3D ( 'NONE', #3061, #6827, #6070 ) ;
#662 = CARTESIAN_POINT ( 'NONE',  ( 0.0000000000000000000, 0.0000000000000000000, 3.452421434499180400 ) ) ;
#663 = CIRCLE ( 'NONE', #5093, 8.588813778810040500 ) ;
#664 = PLANE ( 'NONE',  #1990 ) ;
#665 = LINE ( 'NONE', #2258, #8459 ) ;
#666 = ORIENTED_EDGE ( 'NONE', *, *, #2375, .T. ) ;
#667 = CARTESIAN_POINT ( 'NONE',  ( 6.922007415503209400, -5.584069111895026100, 3.457279025203407600 ) ) ;
#668 = AXIS2_PLACEMENT_3D ( 'NONE', #7487, #5138, #5916 ) ;
#669 = B_SPLINE_CURVE_WITH_KNOTS ( 'NONE', 3,
 ( #1917, #8119, #5235, #2050, #667, #7408, #564, #9084, #5947, #5106, #5134, #5872, #6702, #2958, #1327, #9713, #5208, #6777, #8977, #2191, #1428, #524, #7513, #2120, #6653 ),
 .UNSPECIFIED., .F., .F.,
 ( 4, 3, 3, 3, 3, 3, 3, 3, 4 ),
 ( 0.0001509499138714739900, 0.0001527764003826857500, 0.0001645282963311824300, 0.0001762803579144501500, 0.0001880325997012777900, 0.0001997849575937732100, 0.0002115373162334694300, 0.0002188290956692512000, 0.0002208042975641487600 ),
 .UNSPECIFIED. ) ;
#670 = EDGE_CURVE ( 'NONE', #894, #1368, #6907, .T. ) ;
#671 = CARTESIAN_POINT ( 'NONE',  ( -6.945830820748149400, 5.475162842841518400, -3.462372291138045500 ) ) ;
#672 = CARTESIAN_POINT ( 'NONE',  ( -8.588813778810038700, 0.0000000000000000000, 3.064533293948747500 ) ) ;
#673 = LINE ( 'NONE', #80, #7375 ) ;
#674 = VECTOR ( 'NONE', #326, 1000.000000000000000 ) ;
#675 = DIRECTION ( 'NONE',  ( 0.0000000000000000000, 0.0000000000000000000, -1.000000000000000000 ) ) ;
#676 = CARTESIAN_POINT ( 'NONE',  ( -6.934698440303874300, 5.594189866451288600, 3.429674227117769800 ) ) ;
#677 = CARTESIAN_POINT ( 'NONE',  ( 8.830360115120004800, -1.964186229627602700, -3.500000000000000400 ) ) ;
#678 = ADVANCED_FACE ( 'NONE', ( #8524 ), #7084, .T. ) ;
#679 = DIRECTION ( 'NONE',  ( -1.000000000000000000, 0.0000000000000000000, 0.0000000000000000000 ) ) ;
#680 = ORIENTED_EDGE ( 'NONE', *, *, #5825, .T. ) ;
#681 = AXIS2_PLACEMENT_3D ( 'NONE', #1659, #7104, #6284 ) ;
#682 = CARTESIAN_POINT ( 'NONE',  ( 3.898353220620494100, 7.979775630466988900, -3.466916208273112900 ) ) ;
#683 = CARTESIAN_POINT ( 'NONE',  ( 8.628821057778038700, 2.020757941281748200, -3.469900311146004500 ) ) ;
#684 = CARTESIAN_POINT ( 'NONE',  ( -8.807973303152723000, -2.061648272210801800, -3.500000000000000000 ) ) ;
#685 = AXIS2_PLACEMENT_3D ( 'NONE', #8008, #3385, #5657 ) ;
#686 = DIRECTION ( 'NONE',  ( -0.6234898018587431400, -0.7818314824680221400, 0.0000000000000000000 ) ) ;
#687 = CARTESIAN_POINT ( 'NONE',  ( 8.646792278083088600, 1.922288068715948000, 3.469100694293998800 ) ) ;
#688 = ORIENTED_EDGE ( 'NONE', *, *, #4055, .F. ) ;
#689 = CARTESIAN_POINT ( 'NONE',  ( 0.0000000000000000000, 0.0000000000000000000, -3.094141646974374100 ) ) ;
#690 = B_SPLINE_CURVE_WITH_KNOTS ( 'NONE', 3,
 ( #7281, #8020, #4162, #5812, #8848, #3463, #1196 ),
 .UNSPECIFIED., .F., .F.,
 ( 4, 3, 4 ),
 ( 0.0005204849250710216100, 0.0009002598162381901400, 0.0009544278593203507600 ),
 .UNSPECIFIED. ) ;
#691 = CARTESIAN_POINT ( 'NONE',  ( 3.905117942076926400, -7.993822719313271800, -3.452421434499180400 ) ) ;
#692 = CARTESIAN_POINT ( 'NONE',  ( 6.984097861549269500, -5.505679789551604300, -3.457544059217933600 ) ) ;
#693 = CARTESIAN_POINT ( 'NONE',  ( -9.498018552564230900, 1.170748917356056700E-015, -3.325000000000001100 ) ) ;
#694 = DIRECTION ( 'NONE',  ( 1.000000000000000000, 0.0000000000000000000, 0.0000000000000000000 ) ) ;
#695 = DIRECTION ( 'NONE',  ( -0.6234898018587267100, 0.7818314824680352400, 0.0000000000000000000 ) ) ;
#696 = CARTESIAN_POINT ( 'NONE',  ( -3.809960823644472900, -8.026703413948075300, 3.464797546056691800 ) ) ;
#697 = DIRECTION ( 'NONE',  ( 0.0000000000000000000, 0.0000000000000000000, 1.000000000000000000 ) ) ;
#698 = CARTESIAN_POINT ( 'NONE',  ( -6.953907387462504800, 5.481603689869749600, -3.468127985775450100 ) ) ;
#699 = DIRECTION ( 'NONE',  ( 0.2225209339563050400, -0.9749279121818257300, 0.0000000000000000000 ) ) ;
#700 = ADVANCED_FACE ( 'NONE', ( #3136 ), #1095, .F. ) ;
#701 = VERTEX_POINT ( 'NONE', #1063 ) ;
#702 = CARTESIAN_POINT ( 'NONE',  ( 0.0000000000000000000, 0.0000000000000000000, 3.454996609771464400 ) ) ;
#703 = CARTESIAN_POINT ( 'NONE',  ( 0.05000000000000002400, -8.881356628892445900, 3.466489319800472900 ) ) ;
#704 = CARTESIAN_POINT ( 'NONE',  ( 0.0000000000000000000, 0.0000000000000000000, -3.452421434499180400 ) ) ;
#705 = CARTESIAN_POINT ( 'NONE',  ( -3.910816273206219100, -8.005655425827711700, -3.429674227117769800 ) ) ;
#706 = EDGE_CURVE ( 'NONE', #5965, #2311, #8163, .T. ) ;
#707 = CARTESIAN_POINT ( 'NONE',  ( 8.830225396548341300, 1.964155480992677100, 3.500000000000000000 ) ) ;
#708 = CARTESIAN_POINT ( 'NONE',  ( -3.907017385819760300, 7.997766954886992100, 3.444839032082838600 ) ) ;
#709 = CARTESIAN_POINT ( 'NONE',  ( -5.378237760728126200, 6.586441658729127800E-016, 1.225000000000002100 ) ) ;
#710 = FACE_OUTER_BOUND ( 'NONE', #8441, .T. ) ;
#711 = CARTESIAN_POINT ( 'NONE',  ( -0.05000000000000002400, -8.895923368718410300, -3.453478796700601500 ) ) ;
#712 = VERTEX_POINT ( 'NONE', #9365 ) ;
#713 = CARTESIAN_POINT ( 'NONE',  ( -3.898524665975382100, 7.980131640415047300, 3.466489319800472900 ) ) ;
#714 = ORIENTED_EDGE ( 'NONE', *, *, #6190, .F. ) ;
#715 = CARTESIAN_POINT ( 'NONE',  ( 6.931275761065991000, -5.591460370840311000, -3.437256629622303700 ) ) ;
#716 = CARTESIAN_POINT ( 'NONE',  ( -7.119485258517184600, 5.741552436592656700, -3.500000000000000400 ) ) ;
#717 = FACE_OUTER_BOUND ( 'NONE', #6145, .T. ) ;
#718 = EDGE_CURVE ( 'NONE', #9697, #2324, #4442, .T. ) ;
#719 = CARTESIAN_POINT ( 'NONE',  ( 0.0000000000000000000, 0.0000000000000000000, -3.064533293948747500 ) ) ;
#720 = CARTESIAN_POINT ( 'NONE',  ( 0.0000000000000000000, 0.0000000000000000000, -3.454996609771464400 ) ) ;
#721 = ORIENTED_EDGE ( 'NONE', *, *, #2486, .T. ) ;
#722 = AXIS2_PLACEMENT_3D ( 'NONE', #9490, #1760, #2518 ) ;
#723 = EDGE_CURVE ( 'NONE', #4420, #3233, #7927, .T. ) ;
#724 = CARTESIAN_POINT ( 'NONE',  ( 0.0000000000000000000, 0.0000000000000000000, 2.758752104430781700 ) ) ;
#725 = CARTESIAN_POINT ( 'NONE',  ( 0.05000000000000001700, 8.896552580035715300, 3.452421434499180400 ) ) ;
#726 = DIRECTION ( 'NONE',  ( -0.0000000000000000000, -0.0000000000000000000, 1.000000000000000000 ) ) ;
#727 = VECTOR ( 'NONE', #4147, 1000.000000000000100 ) ;
#728 = CARTESIAN_POINT ( 'NONE',  ( 0.0000000000000000000, 0.0000000000000000000, 3.452421434499180400 ) ) ;
#729 = CARTESIAN_POINT ( 'NONE',  ( -10.47500000000000500, 1.282817522106853100E-015, -3.500000000000000900 ) ) ;
#730 = B_SPLINE_CURVE_WITH_KNOTS ( 'NONE', 3,
 ( #1910, #2741, #7306, #1193, #5027, #452, #4227 ),
 .UNSPECIFIED., .F., .F.,
 ( 4, 3, 4 ),
 ( 0.0008460917731560549000, 0.0009002598162382144300, 0.001280034707405371900 ),
 .UNSPECIFIED. ) ;
#731 = DIRECTION ( 'NONE',  ( 0.9749279121818242900, 0.2225209339563114800, 0.0000000000000000000 ) ) ;
#732 = AXIS2_PLACEMENT_3D ( 'NONE', #1534, #9194, #9161 ) ;
#733 = ORIENTED_EDGE ( 'NONE', *, *, #5416, .T. ) ;
#734 = DIRECTION ( 'NONE',  ( -0.1736481776669426000, 0.0000000000000000000, -0.9848077530122059100 ) ) ;
#735 = VECTOR ( 'NONE', #8477, 1000.000000000000000 ) ;
#736 = CARTESIAN_POINT ( 'NONE',  ( 0.05000000000000002400, -8.844177403585215200, 3.462372291138045500 ) ) ;
#737 = ORIENTED_EDGE ( 'NONE', *, *, #7429, .F. ) ;
#738 = PLANE ( 'NONE',  #6682 ) ;
#739 = CARTESIAN_POINT ( 'NONE',  ( 3.969916891359596800, -8.128379123974143600, 3.193750000000000100 ) ) ;
#741 = CARTESIAN_POINT ( 'NONE',  ( 3.816920499029631500, 8.041155328798693000, 3.444839032082838600 ) ) ;
#740 = AXIS2_PLACEMENT_3D ( 'NONE', #257, #2716, #2016 ) ;
#742 = CARTESIAN_POINT ( 'NONE',  ( -3.910816273206050700, 8.005655425827795200, 3.429674227117770700 ) ) ;
#743 = EDGE_CURVE ( 'NONE', #6320, #5996, #4913, .T. ) ;
#744 = PLANE ( 'NONE',  #2243 ) ;
#745 = CARTESIAN_POINT ( 'NONE',  ( -0.05000000000000001700, -8.955090244376902900, -3.351032822740167600 ) ) ;
#746 = VERTEX_POINT ( 'NONE', #2488 ) ;
#747 = DIRECTION ( 'NONE',  ( -1.000000000000000000, 0.0000000000000000000, -0.0000000000000000000 ) ) ;
#748 = CIRCLE ( 'NONE', #83, 10.47500000000000500 ) ;
#749 = FACE_OUTER_BOUND ( 'NONE', #5065, .T. ) ;
#750 = CARTESIAN_POINT ( 'NONE',  ( 0.0000000000000000000, 0.0000000000000000000, 3.500000000000000000 ) ) ;
#751 = ORIENTED_EDGE ( 'NONE', *, *, #4083, .F. ) ;
#752 = CARTESIAN_POINT ( 'NONE',  ( 8.650651955850438700, 1.923169014979594800, 3.469846945119945800 ) ) ;
#753 = EDGE_CURVE ( 'NONE', #7443, #9671, #2163, .T. ) ;
#754 = PLANE ( 'NONE',  #8219 ) ;
#755 = ORIENTED_EDGE ( 'NONE', *, *, #2312, .F. ) ;
#756 = CARTESIAN_POINT ( 'NONE',  ( 0.0000000000000000000, 0.0000000000000000000, 2.975000000000000100 ) ) ;
#757 = FACE_OUTER_BOUND ( 'NONE', #9693, .T. ) ;
#758 = ADVANCED_FACE ( 'NONE', ( #6484 ), #6966, .T. ) ;
#759 = ORIENTED_EDGE ( 'NONE', *, *, #2261, .F. ) ;
#760 = B_SPLINE_CURVE_WITH_KNOTS ( 'NONE', 3,
 ( #2893, #7559, #5379, #1573, #9236, #6229, #9339 ),
 .UNSPECIFIED., .F., .F.,
 ( 4, 3, 4 ),
 ( 0.0009532733312319677800, 0.001225696219576461300, 0.001251962535739347300 ),
 .UNSPECIFIED. ) ;
#761 = DIRECTION ( 'NONE',  ( 0.0000000000000000000, 0.0000000000000000000, -1.000000000000000000 ) ) ;
#762 = CARTESIAN_POINT ( 'NONE',  ( 6.969107329192221200, -5.493725238911677500, -3.469286171371085200 ) ) ;
#763 = VERTEX_POINT ( 'NONE', #1035 ) ;
#764 = FACE_OUTER_BOUND ( 'NONE', #1228, .T. ) ;
#765 = ORIENTED_EDGE ( 'NONE', *, *, #7429, .T. ) ;
#766 = ORIENTED_EDGE ( 'NONE', *, *, #8966, .T. ) ;
#767 = CARTESIAN_POINT ( 'NONE',  ( -8.661757950096298200, 2.028275572020205300, -3.453478796700601100 ) ) ;
#768 = CARTESIAN_POINT ( 'NONE',  ( 0.05000000000000001700, 8.955090244376902900, 3.351032822740167600 ) ) ;
#769 = CARTESIAN_POINT ( 'NONE',  ( 0.05000000000000001000, -9.045898922017695300, 3.500000000000000000 ) ) ;
#770 = CARTESIAN_POINT ( 'NONE',  ( -0.05000000000000002400, 8.877823310605135600, -3.468181098941469600 ) ) ;
#771 = CARTESIAN_POINT ( 'NONE',  ( 0.0000000000000000000, 0.0000000000000000000, -3.099533293948747700 ) ) ;
#772 = ORIENTED_EDGE ( 'NONE', *, *, #7395, .F. ) ;
#773 = VERTEX_POINT ( 'NONE', #6423 ) ;
#774 = DIRECTION ( 'NONE',  ( 6.776263578034444600E-017, -1.000000000000000000, 0.0000000000000000000 ) ) ;
#775 = ORIENTED_EDGE ( 'NONE', *, *, #5720, .T. ) ;
#776 = DIRECTION ( 'NONE',  ( -0.4338837391175525700, 0.9009688679024218100, -0.0000000000000000000 ) ) ;
#778 = LINE ( 'NONE', #8830, #6734 ) ;
#777 = PLANE ( 'NONE',  #1067 ) ;
#779 = EDGE_LOOP ( 'NONE', ( #6627, #8648, #1244, #486 ) ) ;
#780 = CARTESIAN_POINT ( 'NONE',  ( 0.0000000000000000000, 0.0000000000000000000, 3.099533293948747700 ) ) ;
#781 = CARTESIAN_POINT ( 'NONE',  ( -8.647352942452551300, 1.922416036699723600, 3.469014143938407500 ) ) ;
#782 = EDGE_CURVE ( 'NONE', #364, #4205, #871, .T. ) ;
#783 = ORIENTED_EDGE ( 'NONE', *, *, #8922, .F. ) ;
#784 = CARTESIAN_POINT ( 'NONE',  ( -6.764777536879186900, 5.458682467755240400, 3.247602129575368800 ) ) ;
#785 = CARTESIAN_POINT ( 'NONE',  ( 8.684623479167845200, -1.930922793491949100, 3.452421434499180400 ) ) ;
#786 = ORIENTED_EDGE ( 'NONE', *, *, #4886, .F. ) ;
#787 = CARTESIAN_POINT ( 'NONE',  ( 0.0000000000000000000, 0.0000000000000000000, 3.500000000000000000 ) ) ;
#788 = ORIENTED_EDGE ( 'NONE', *, *, #2852, .F. ) ;
#789 = CARTESIAN_POINT ( 'NONE',  ( 0.0000000000000000000, 0.0000000000000000000, 3.454996609771464400 ) ) ;
#790 = VERTEX_POINT ( 'NONE', #7923 ) ;
#791 = CIRCLE ( 'NONE', #4583, 8.588813778810038700 ) ;
#792 = ORIENTED_EDGE ( 'NONE', *, *, #4868, .T. ) ;
#793 = EDGE_CURVE ( 'NONE', #7223, #6850, #4087, .T. ) ;
#794 = CARTESIAN_POINT ( 'NONE',  ( -0.05000000000000002400, -8.890722215898270200, -3.460240287494900500 ) ) ;
#795 = VERTEX_POINT ( 'NONE', #3331 ) ;
#796 = PLANE ( 'NONE',  #8930 ) ;
#797 = DIRECTION ( 'NONE',  ( 1.000000000000000000, 0.0000000000000000000, 0.0000000000000000000 ) ) ;
#798 = CARTESIAN_POINT ( 'NONE',  ( -8.362206348396773200, -1.959904873688991500, -3.500000000000000000 ) ) ;
#799 = ORIENTED_EDGE ( 'NONE', *, *, #1975, .T. ) ;
#800 = AXIS2_PLACEMENT_3D ( 'NONE', #2635, #4910, #8007 ) ;
#801 = FACE_OUTER_BOUND ( 'NONE', #3621, .T. ) ;
#802 = LINE ( 'NONE', #4179, #6307 ) ;
#803 = CARTESIAN_POINT ( 'NONE',  ( 3.771531933161343300, 7.716428513517212400, -3.099533293948748100 ) ) ;
#804 = PLANE ( 'NONE',  #4908 ) ;
#805 = ORIENTED_EDGE ( 'NONE', *, *, #3336, .F. ) ;
#806 = EDGE_LOOP ( 'NONE', ( #8419, #3137, #2326, #192, #5335, #2758 ) ) ;
#807 = CARTESIAN_POINT ( 'NONE',  ( 7.103651090456297700, -5.601020308159927000, 3.500000000000000400 ) ) ;
#808 = CARTESIAN_POINT ( 'NONE',  ( 6.940665282085101100, 5.471043463218333800, -3.454996609771464800 ) ) ;
#809 = AXIS2_PLACEMENT_3D ( 'NONE', #3473, #9595, #9537 ) ;
#810 = CARTESIAN_POINT ( 'NONE',  ( -8.627491962581048700, -1.917882897648877300, -3.455541280135825400 ) ) ;
#811 = CARTESIAN_POINT ( 'NONE',  ( 0.0000000000000000000, 5.686989865158905900, -3.376256313292342400 ) ) ;
#812 = CARTESIAN_POINT ( 'NONE',  ( 7.041194074364121000, 5.679117300646331600, 3.094141646974374100 ) ) ;
#813 = CIRCLE ( 'NONE', #5143, 11.00000000000000000 ) ;
#814 = AXIS2_PLACEMENT_3D ( 'NONE', #7088, #1009, #4872 ) ;
#815 = B_SPLINE_CURVE_WITH_KNOTS ( 'NONE', 3,
 ( #9707, #5906, #8218, #1321, #3627, #8971, #4391 ),
 .UNSPECIFIED., .F., .F.,
 ( 4, 3, 4 ),
 ( 0.0005204849250710215100, 0.0009002598162381902500, 0.0009544278593203504300 ),
 .UNSPECIFIED. ) ;
#816 = EDGE_CURVE ( 'NONE', #6320, #2688, #142, .T. ) ;
#817 = ORIENTED_EDGE ( 'NONE', *, *, #5578, .F. ) ;
#818 = DIRECTION ( 'NONE',  ( 1.000000000000000000, 6.776263578034444600E-017, 0.0000000000000000000 ) ) ;
#819 = CARTESIAN_POINT ( 'NONE',  ( 8.684623479167845200, -1.930922793491949100, 3.452421434499180400 ) ) ;
#820 = ADVANCED_FACE ( 'NONE', ( #2873 ), #5754, .T. ) ;
#821 = CARTESIAN_POINT ( 'NONE',  ( -8.605239869185416200, -2.015375688867059500, 3.455541280135824500 ) ) ;
#822 = DIRECTION ( 'NONE',  ( 0.0000000000000000000, 0.0000000000000000000, 1.000000000000000000 ) ) ;
#823 = CARTESIAN_POINT ( 'NONE',  ( 0.05000000000000004400, 8.588668239434865000, 3.099533293948748100 ) ) ;
#824 = CARTESIAN_POINT ( 'NONE',  ( -5.378237760728125300, 6.586441658729127800E-016, 3.376256313292342400 ) ) ;
#825 = AXIS2_PLACEMENT_3D ( 'NONE', #8330, #4512, #6057 ) ;
#826 = ORIENTED_EDGE ( 'NONE', *, *, #6069, .F. ) ;
#827 = DIRECTION ( 'NONE',  ( 1.000000000000000000, 0.0000000000000000000, 0.0000000000000000000 ) ) ;
#828 = CC_DESIGN_PERSON_AND_ORGANIZATION_ASSIGNMENT ( #831, #9879, ( #5985 ) ) ;
#829 = DIRECTION ( 'NONE',  ( -0.5000000000000020000, 0.0000000000000000000, -0.8660254037844376000 ) ) ;
#830 = DIRECTION ( 'NONE',  ( 0.0000000000000000000, 0.0000000000000000000, -1.000000000000000000 ) ) ;
#831 = PERSON_AND_ORGANIZATION ( #7526, #2237 ) ;
#832 = B_SPLINE_CURVE_WITH_KNOTS ( 'NONE', 3,
 ( #6805, #6006, #5263, #13, #3098, #1427, #8425, #5301, #6840, #5341, #8354, #9850, #6049, #3772, #770, #6776, #6079, #2323, #8389, #1465, #3800, #7546 ),
 .UNSPECIFIED., .F., .F.,
 ( 4, 3, 3, 3, 3, 3, 3, 4 ),
 ( 0.0002168574548798304600, 0.0002188290334246854100, 0.0002305812013871251000, 0.0002423333607551973200, 0.0002540856419916164700, 0.0002658380091482357800, 0.0002775903405257877200, 0.0002867718163053204400 ),
 .UNSPECIFIED. ) ;
#833 = VECTOR ( 'NONE', #7480, 1000.000000000000000 ) ;
#834 = DIRECTION ( 'NONE',  ( 0.9749279121818212900, -0.2225209339563246600, 0.0000000000000000000 ) ) ;
#835 = EDGE_CURVE ( 'NONE', #291, #5614, #1340, .T. ) ;
#836 = CARTESIAN_POINT ( 'NONE',  ( 8.675175419594722800, 2.031338021875926300, 3.429674227117770700 ) ) ;
#837 = AXIS2_PLACEMENT_3D ( 'NONE', #6900, #3848, #4628 ) ;
#838 = ORIENTED_EDGE ( 'NONE', *, *, #2168, .F. ) ;
#839 = DIRECTION ( 'NONE',  ( -0.0000000000000000000, -0.0000000000000000000, 1.000000000000000000 ) ) ;
#840 = FACE_OUTER_BOUND ( 'NONE', #3892, .T. ) ;
#841 = CARTESIAN_POINT ( 'NONE',  ( -7.005695535894847800, 5.650808160873030100, 3.272391413630715300 ) ) ;
#842 = EDGE_CURVE ( 'NONE', #4194, #9731, #7806, .T. ) ;
#843 = CARTESIAN_POINT ( 'NONE',  ( -3.879879959974250600, -8.171891996566714100, -3.500000000000000400 ) ) ;
#844 = CARTESIAN_POINT ( 'NONE',  ( 3.848021920683315900, -7.875261609230285800, -3.351299362948741800 ) ) ;
#845 = CARTESIAN_POINT ( 'NONE',  ( 0.0000000000000000000, 0.0000000000000000000, -3.193750000000000500 ) ) ;
#846 = ORIENTED_EDGE ( 'NONE', *, *, #6166, .F. ) ;
#847 = PLANE ( 'NONE',  #3874 ) ;
#848 = AXIS2_PLACEMENT_3D ( 'NONE', #9683, #1440, #6786 ) ;
#849 = CIRCLE ( 'NONE', #1638, 4.524999999999999500 ) ;
#850 = CARTESIAN_POINT ( 'NONE',  ( 0.0000000000000000000, 0.0000000000000000000, 3.193750000000000500 ) ) ;
#851 = CARTESIAN_POINT ( 'NONE',  ( -0.05000000000000001700, 8.905308122385132900, 3.437256629622304200 ) ) ;
#852 = DIRECTION ( 'NONE',  ( 0.2225209339559747800, 0.9749279121819011100, 0.0000000000000000000 ) ) ;
#853 = ORIENTED_EDGE ( 'NONE', *, *, #2969, .F. ) ;
#854 = APPROVAL_ROLE ( '' ) ;
#855 = ADVANCED_FACE ( 'NONE', ( #1694 ), #9587, .T. ) ;
#856 = TOROIDAL_SURFACE ( 'NONE', #4635, 8.866382193656235700, 0.03500000000000000300 ) ;
#857 = DIRECTION ( 'NONE',  ( 0.0000000000000000000, 0.0000000000000000000, 1.000000000000000000 ) ) ;
#858 = AXIS2_PLACEMENT_3D ( 'NONE', #3568, #8121, #8923 ) ;
#859 = CARTESIAN_POINT ( 'NONE',  ( -8.627120136385698900, -1.917798030746181000, -3.454996609771464800 ) ) ;
#860 = EDGE_CURVE ( 'NONE', #3163, #7953, #9824, .T. ) ;
#861 = ORIENTED_EDGE ( 'NONE', *, *, #8421, .F. ) ;
#862 = FACE_OUTER_BOUND ( 'NONE', #5183, .T. ) ;
#863 = CARTESIAN_POINT ( 'NONE',  ( 9.621762239271875600, 0.0000000000000000000, -1.224999999999999900 ) ) ;
#864 = LINE ( 'NONE', #1275, #8395 ) ;
#865 = ORIENTED_EDGE ( 'NONE', *, *, #153, .T. ) ;
#866 = CARTESIAN_POINT ( 'NONE',  ( 6.762259978290644300, 5.328769981006773900, 3.129114371485063100 ) ) ;
#867 = ORIENTED_EDGE ( 'NONE', *, *, #6599, .F. ) ;
#868 = B_SPLINE_CURVE_WITH_KNOTS ( 'NONE', 3,
 ( #6142, #2315, #8461, #6278, #2273, #3160, #7641 ),
 .UNSPECIFIED., .F., .F.,
 ( 4, 3, 4 ),
 ( 0.0005204849250710212900, 0.0009002598162381907900, 0.0009544278593203510800 ),
 .UNSPECIFIED. ) ;
#869 = CARTESIAN_POINT ( 'NONE',  ( 3.789429660203743800, 7.984070013767017700, 3.454996609771464800 ) ) ;
#871 = LINE ( 'NONE', #296, #4192 ) ;
#870 = AXIS2_PLACEMENT_3D ( 'NONE', #2965, #5981, #3810 ) ;
#872 = EDGE_LOOP ( 'NONE', ( #905, #865, #9399, #8767, #9143, #2911 ) ) ;
#873 = DIRECTION ( 'NONE',  ( 1.000000000000000000, 0.0000000000000000000, 0.0000000000000000000 ) ) ;
#874 = CARTESIAN_POINT ( 'NONE',  ( 0.0000000000000000000, 0.0000000000000000000, 3.094141646974374100 ) ) ;
#875 = DIRECTION ( 'NONE',  ( -0.9009688679024217000, -0.4338837391175526200, 0.0000000000000000000 ) ) ;
#876 = PRODUCT_RELATED_PRODUCT_CATEGORY ( 'detail', '', ( #5985 ) ) ;
#877 = CIRCLE ( 'NONE', #6556, 5.378237760728125300 ) ;
#878 = ORIENTED_EDGE ( 'NONE', *, *, #8809, .T. ) ;
#879 = EDGE_CURVE ( 'NONE', #3721, #5422, #6651, .T. ) ;
#880 = CONICAL_SURFACE ( 'NONE', #4043, 11.00000000000000000, 0.7853981633974425100 ) ;
#881 = ORIENTED_EDGE ( 'NONE', *, *, #8589, .F. ) ;
#882 = CARTESIAN_POINT ( 'NONE',  ( 3.969916891359655000, 8.128379123974113400, -3.500000000000000000 ) ) ;
#883 = ORIENTED_EDGE ( 'NONE', *, *, #578, .F. ) ;
#884 = EDGE_LOOP ( 'NONE', ( #5440, #4815, #2403, #1845 ) ) ;
#885 = CARTESIAN_POINT ( 'NONE',  ( -6.894092134670396300, 5.561807418287763500, -3.469100694293998800 ) ) ;
#886 = DIRECTION ( 'NONE',  ( -0.9749279121818242900, -0.2225209339563113700, -0.0000000000000000000 ) ) ;
#887 = ORIENTED_EDGE ( 'NONE', *, *, #3528, .F. ) ;
#888 = DIRECTION ( 'NONE',  ( -0.0000000000000000000, -0.0000000000000000000, 1.000000000000000000 ) ) ;
#889 = FACE_OUTER_BOUND ( 'NONE', #4716, .T. ) ;
#890 = ORIENTED_EDGE ( 'NONE', *, *, #2195, .T. ) ;
#891 = ORIENTED_EDGE ( 'NONE', *, *, #33, .T. ) ;
#892 = EDGE_CURVE ( 'NONE', #2053, #8452, #9347, .T. ) ;
#893 = AXIS2_PLACEMENT_3D ( 'NONE', #4761, #3997, #9349 ) ;
#894 = VERTEX_POINT ( 'NONE', #7213 ) ;
#895 = B_SPLINE_CURVE_WITH_KNOTS ( 'NONE', 3,
 ( #5568, #6217, #1754, #6287, #7043, #5502, #1660, #9327, #2451, #3228, #5535, #2509, #8607, #8587, #3963, #6246, #7783, #157, #9301, #1634, #2419, #4032 ),
 .UNSPECIFIED., .F., .F.,
 ( 4, 3, 3, 3, 3, 3, 3, 4 ),
 ( 0.0002168574548798304600, 0.0002188290334246854100, 0.0002305812013871251000, 0.0002423333607551973200, 0.0002540856419916164700, 0.0002658380091482357800, 0.0002775903405257877200, 0.0002867718163053204400 ),
 .UNSPECIFIED. ) ;
#896 = CARTESIAN_POINT ( 'NONE',  ( 0.0000000000000000000, 0.0000000000000000000, 3.500000000000000000 ) ) ;
#897 = ORIENTED_EDGE ( 'NONE', *, *, #8641, .F. ) ;
#898 = B_SPLINE_CURVE_WITH_KNOTS ( 'NONE', 3,
 ( #5824, #5746, #1249, #4981, #8129, #9663, #410 ),
 .UNSPECIFIED., .F., .F.,
 ( 4, 3, 4 ),
 ( 0.0005204849250710215100, 0.0009002598162381899300, 0.0009544278593203509800 ),
 .UNSPECIFIED. ) ;
#899 = VERTEX_POINT ( 'NONE', #2714 ) ;
#900 = CARTESIAN_POINT ( 'NONE',  ( -8.485539612174532600, -1.885483199994247400, -3.247602129575368800 ) ) ;
#901 = VERTEX_POINT ( 'NONE', #2617 ) ;
#902 = DIRECTION ( 'NONE',  ( 0.0000000000000000000, 0.0000000000000000000, -1.000000000000000000 ) ) ;
#903 = CARTESIAN_POINT ( 'NONE',  ( 6.940665282085101100, 5.471043463218333800, 3.454996609771464800 ) ) ;
#904 = CIRCLE ( 'NONE', #1891, 9.621762239271875600 ) ;
#905 = ORIENTED_EDGE ( 'NONE', *, *, #5459, .T. ) ;
#906 = ORIENTED_EDGE ( 'NONE', *, *, #2457, .T. ) ;
#907 = DIRECTION ( 'NONE',  ( 0.0000000000000000000, 0.0000000000000000000, -1.000000000000000000 ) ) ;
#908 = EDGE_CURVE ( 'NONE', #4114, #1443, #690, .T. ) ;
#909 = EDGE_LOOP ( 'NONE', ( #5145, #7234 ) ) ;
#910 = DIRECTION ( 'NONE',  ( 1.000000000000000000, 0.0000000000000000000, 0.0000000000000000000 ) ) ;
#911 = DIRECTION ( 'NONE',  ( -0.0000000000000000000, -0.0000000000000000000, 1.000000000000000000 ) ) ;
#912 = ADVANCED_FACE ( 'NONE', ( #7491 ), #7861, .F. ) ;
#913 = ORIENTED_EDGE ( 'NONE', *, *, #7832, .F. ) ;
#914 = FACE_OUTER_BOUND ( 'NONE', #8695, .T. ) ;
#915 = CIRCLE ( 'NONE', #3104, 5.686989865158905900 ) ;
#916 = CARTESIAN_POINT ( 'NONE',  ( -8.625100849056956100, -2.019908827917732600, 3.469014143938407500 ) ) ;
#917 = CARTESIAN_POINT ( 'NONE',  ( 0.05000000000000002400, -8.838348897068080100, -3.456075294419946400 ) ) ;
#918 = CARTESIAN_POINT ( 'NONE',  ( -8.662371385772239300, -2.028415584710014000, -3.452421434499180400 ) ) ;
#919 = CARTESIAN_POINT ( 'NONE',  ( 8.601156667459632000, 1.053337898176935200E-015, 2.994533293948747700 ) ) ;
#920 = EDGE_LOOP ( 'NONE', ( #6017, #2865, #4233, #4182 ) ) ;
#921 = DIRECTION ( 'NONE',  ( -0.0000000000000000000, -0.0000000000000000000, -1.000000000000000000 ) ) ;
#922 = CARTESIAN_POINT ( 'NONE',  ( 8.927852906338200600, 1.986438323023172600, 3.500000000000000400 ) ) ;
#923 = EDGE_CURVE ( 'NONE', #5391, #158, #3190, .T. ) ;
#924 = CONICAL_SURFACE ( 'NONE', #1384, 8.869223585189136100, 0.6108652381980126400 ) ;
#925 = FACE_OUTER_BOUND ( 'NONE', #6372, .T. ) ;
#926 = CARTESIAN_POINT ( 'NONE',  ( -0.05000000000000002400, -8.838760696031124900, -3.456597352396201500 ) ) ;
#927 = CARTESIAN_POINT ( 'NONE',  ( 0.0000000000000000000, 0.0000000000000000000, -3.094141646974374100 ) ) ;
#928 = CARTESIAN_POINT ( 'NONE',  ( 8.669423288030296600, 1.927453449055256600, -3.466916208273112900 ) ) ;
#929 = ORIENTED_EDGE ( 'NONE', *, *, #2246, .T. ) ;
#930 = EDGE_CURVE ( 'NONE', #3950, #2559, #2803, .T. ) ;
#931 = DIRECTION ( 'NONE',  ( 1.000000000000000000, 0.0000000000000000000, 0.0000000000000000000 ) ) ;
#932 = ORIENTED_EDGE ( 'NONE', *, *, #3113, .T. ) ;
#933 = AXIS2_PLACEMENT_3D ( 'NONE', #15, #1564, #8466 ) ;
#934 = CARTESIAN_POINT ( 'NONE',  ( -3.815021055286796700, -8.037211093224973600, 3.452421434499180400 ) ) ;
#935 = PERSON_AND_ORGANIZATION ( #7526, #2237 ) ;
#936 = B_SPLINE_CURVE_WITH_KNOTS ( 'NONE', 3,
 ( #8942, #1362, #1399, #3696, #6695, #2874, #4466 ),
 .UNSPECIFIED., .F., .F.,
 ( 4, 3, 4 ),
 ( 0.0005204849250710219400, 0.0009002598162381904700, 0.0009544278593203510800 ),
 .UNSPECIFIED. ) ;
#937 = EDGE_CURVE ( 'NONE', #514, #611, #9406, .T. ) ;
#938 = DIRECTION ( 'NONE',  ( 0.0000000000000000000, 0.0000000000000000000, -1.000000000000000000 ) ) ;
#939 = CARTESIAN_POINT ( 'NONE',  ( 8.681279677114373400, -1.930159592493591700, -3.457544059217933600 ) ) ;
#940 = CARTESIAN_POINT ( 'NONE',  ( -8.617758362662247200, -2.018232953312341300, 3.466570807216844900 ) ) ;
#941 = CARTESIAN_POINT ( 'NONE',  ( 0.05000000000000001700, -8.895021265232191600, -3.455073707654066100 ) ) ;
#942 = DIRECTION ( 'NONE',  ( 0.0000000000000000000, 0.0000000000000000000, -1.000000000000000000 ) ) ;
#943 = CARTESIAN_POINT ( 'NONE',  ( 0.0000000000000000000, 0.0000000000000000000, 3.500000000000000000 ) ) ;
#944 = EDGE_CURVE ( 'NONE', #4292, #42, #9303, .T. ) ;
#945 = CARTESIAN_POINT ( 'NONE',  ( 6.746065712156391400, 5.315855484712227700, -3.099533293948748100 ) ) ;
#946 = LINE ( 'NONE', #4867, #6927 ) ;
#947 = DIRECTION ( 'NONE',  ( 1.000000000000000000, 0.0000000000000000000, 0.0000000000000000000 ) ) ;
#948 = ORIENTED_EDGE ( 'NONE', *, *, #425, .T. ) ;
#949 = DIRECTION ( 'NONE',  ( 0.0000000000000000000, 0.0000000000000000000, -1.000000000000000000 ) ) ;
#950 = DIRECTION ( 'NONE',  ( 1.000000000000000000, 0.0000000000000000000, 0.0000000000000000000 ) ) ;
#951 = LINE ( 'NONE', #3261, #6452 ) ;
#952 = ADVANCED_FACE ( 'NONE', ( #2572 ), #7127, .T. ) ;
#953 = B_SPLINE_CURVE_WITH_KNOTS ( 'NONE', 3,
 ( #5441, #4767, #991, #7021, #7069, #7819, #6342 ),
 .UNSPECIFIED., .F., .F.,
 ( 4, 3, 4 ),
 ( 0.001199429903413612500, 0.001225696219576498800, 0.001498119107920983600 ),
 .UNSPECIFIED. ) ;
#954 = CARTESIAN_POINT ( 'NONE',  ( -8.676460702543531400, 1.929059692994604400, -3.462472406546387700 ) ) ;
#955 = CARTESIAN_POINT ( 'NONE',  ( 3.905117942076983700, 7.993822719313241600, 3.452421434499180400 ) ) ;
#956 = ORIENTED_EDGE ( 'NONE', *, *, #9861, .F. ) ;
#957 = ORIENTED_EDGE ( 'NONE', *, *, #9787, .F. ) ;
#958 = DIRECTION ( 'NONE',  ( 0.0000000000000000000, 0.0000000000000000000, 1.000000000000000000 ) ) ;
#959 = CARTESIAN_POINT ( 'NONE',  ( -8.605239869185377100, 2.015375688867232700, 3.455541280135825800 ) ) ;
#960 = DIRECTION ( 'NONE',  ( 0.0000000000000000000, 0.0000000000000000000, -1.000000000000000000 ) ) ;
#961 = LINE ( 'NONE', #2149, #9212 ) ;
#962 = CARTESIAN_POINT ( 'NONE',  ( 0.0000000000000000000, 0.0000000000000000000, -3.193750000000000500 ) ) ;
#963 = EDGE_CURVE ( 'NONE', #8429, #1916, #7613, .T. ) ;
#964 = DIRECTION ( 'NONE',  ( -1.000000000000000000, 0.0000000000000000000, 0.0000000000000000000 ) ) ;
#965 = ORIENTED_EDGE ( 'NONE', *, *, #1667, .F. ) ;
#966 = DIRECTION ( 'NONE',  ( 0.0000000000000000000, 0.0000000000000000000, 1.000000000000000000 ) ) ;
#967 = VECTOR ( 'NONE', #5823, 1000.000000000000000 ) ;
#968 = CARTESIAN_POINT ( 'NONE',  ( 9.046037105128460700, 0.0000000000000000000, 3.500000000000000000 ) ) ;
#969 = EDGE_CURVE ( 'NONE', #614, #291, #6059, .T. ) ;
#970 = CARTESIAN_POINT ( 'NONE',  ( -8.605626990655311600, -2.015464046816359400, -3.456075294419946400 ) ) ;
#971 = CARTESIAN_POINT ( 'NONE',  ( 8.380768779485729100, 1.048178488476693100E-015, 3.376256313292342400 ) ) ;
#972 = ORIENTED_EDGE ( 'NONE', *, *, #6166, .T. ) ;
#973 = AXIS2_PLACEMENT_3D ( 'NONE', #5300, #1502, #2224 ) ;
#974 = EDGE_CURVE ( 'NONE', #4569, #3143, #4620, .T. ) ;
#975 = CIRCLE ( 'NONE', #3734, 2.450000000000000600 ) ;
#976 = CARTESIAN_POINT ( 'NONE',  ( -0.05000000000000002400, -8.838348897068080100, -3.456075294419946400 ) ) ;
#977 = EDGE_LOOP ( 'NONE', ( #9246, #4546, #932, #3124 ) ) ;
#978 = AXIS2_PLACEMENT_3D ( 'NONE', #1419, #1492, #8344 ) ;
#979 = VERTEX_POINT ( 'NONE', #9678 ) ;
#980 = CIRCLE ( 'NONE', #6607, 9.046037105128458900 ) ;
#981 = CARTESIAN_POINT ( 'NONE',  ( -8.666363791625185400, 1.926755138965993400, -3.468181098941469200 ) ) ;
#982 = CARTESIAN_POINT ( 'NONE',  ( 0.0000000000000000000, 0.0000000000000000000, 3.452421434499180400 ) ) ;
#983 = CIRCLE ( 'NONE', #2881, 8.896693082788692300 ) ;
#984 = ORIENTED_EDGE ( 'NONE', *, *, #1997, .T. ) ;
#985 = AXIS2_PLACEMENT_3D ( 'NONE', #7714, #7773, #2376 ) ;
#986 = ORIENTED_EDGE ( 'NONE', *, *, #9895, .T. ) ;
#987 = EDGE_CURVE ( 'NONE', #6398, #2688, #9639, .T. ) ;
#988 = PLANE ( 'NONE',  #685 ) ;
#989 = DIRECTION ( 'NONE',  ( -0.0000000000000000000, -0.0000000000000000000, 1.000000000000000000 ) ) ;
#990 = CIRCLE ( 'NONE', #6872, 8.896693082788692300 ) ;
#991 = CARTESIAN_POINT ( 'NONE',  ( 3.908916829529550000, 8.001711190391667100, 3.437256629622303700 ) ) ;
#992 = VERTEX_POINT ( 'NONE', #6738 ) ;
#993 = MANIFOLD_SOLID_BREP ( 'Revolve1[1]', #7177 ) ;
#994 = CARTESIAN_POINT ( 'NONE',  ( 3.880701848413498300, 7.943122178400300500, 3.458522467003439300 ) ) ;
#995 = B_SPLINE_CURVE_WITH_KNOTS ( 'NONE', 3,
 ( #7385, #2968, #8337, #3507, #1200, #6585, #1965 ),
 .UNSPECIFIED., .F., .F.,
 ( 4, 3, 4 ),
 ( 0.0005204849250710211800, 0.0009002598162381898200, 0.0009544278593203504300 ),
 .UNSPECIFIED. ) ;
#996 = ORIENTED_EDGE ( 'NONE', *, *, #8900, .T. ) ;
#997 = CARTESIAN_POINT ( 'NONE',  ( 0.0000000000000000000, 0.0000000000000000000, -3.500000000000000400 ) ) ;
#998 = AXIS2_PLACEMENT_3D ( 'NONE', #702, #6815, #9899 ) ;
#1000 = CARTESIAN_POINT ( 'NONE',  ( 8.673253241877455700, -1.928327611028150000, -3.464797546056691800 ) ) ;
#999 = FACE_OUTER_BOUND ( 'NONE', #3620, .T. ) ;
#1001 = VERTEX_POINT ( 'NONE', #5104 ) ;
#1002 = VERTEX_POINT ( 'NONE', #2878 ) ;
#1003 = CARTESIAN_POINT ( 'NONE',  ( 8.697427512990353500, 1.933845230657743800, 3.429674227117769800 ) ) ;
#1005 = CARTESIAN_POINT ( 'NONE',  ( -8.611309364345199700, -2.016761011530122000, -3.462372291138045500 ) ) ;
#1004 = CC_DESIGN_PERSON_AND_ORGANIZATION_ASSIGNMENT ( #935, #2270, ( #2394 ) ) ;
#1006 = ORIENTED_EDGE ( 'NONE', *, *, #5384, .F. ) ;
#1007 = CARTESIAN_POINT ( 'NONE',  ( -3.840419595970360000, -8.089951706396105300, 3.351032822740168400 ) ) ;
#1008 = ORIENTED_EDGE ( 'NONE', *, *, #5246, .T. ) ;
#1009 = DIRECTION ( 'NONE',  ( -0.0000000000000000000, -0.0000000000000000000, 1.000000000000000000 ) ) ;
#1010 = LINE ( 'NONE', #684, #8057 ) ;
#1011 = ORIENTED_EDGE ( 'NONE', *, *, #596, .T. ) ;
#1012 = CARTESIAN_POINT ( 'NONE',  ( -6.879246888065281100, -5.549968729168548400, 3.456597352396201500 ) ) ;
#1013 = ORIENTED_EDGE ( 'NONE', *, *, #329, .T. ) ;
#1014 = DIRECTION ( 'NONE',  ( -0.0000000000000000000, -0.0000000000000000000, 1.000000000000000000 ) ) ;
#1015 = ORIENTED_EDGE ( 'NONE', *, *, #7738, .T. ) ;
#1016 = ORIENTED_EDGE ( 'NONE', *, *, #3519, .T. ) ;
#1017 = ORIENTED_EDGE ( 'NONE', *, *, #1981, .F. ) ;
#1018 = FACE_OUTER_BOUND ( 'NONE', #2675, .T. ) ;
#1019 = ORIENTED_EDGE ( 'NONE', *, *, #654, .T. ) ;
#1020 = B_SPLINE_CURVE_WITH_KNOTS ( 'NONE', 3,
 ( #5025, #5127, #1319, #2739, #5764, #6550, #1267 ),
 .UNSPECIFIED., .F., .F.,
 ( 4, 3, 4 ),
 ( 0.0008460917731560555500, 0.0009002598162382145400, 0.001280034707405372600 ),
 .UNSPECIFIED. ) ;
#1021 = CARTESIAN_POINT ( 'NONE',  ( 6.950697486251003800, 5.479043879072476000, 3.466377381984354400 ) ) ;
#1022 = ORIENTED_EDGE ( 'NONE', *, *, #5668, .F. ) ;
#1023 = CARTESIAN_POINT ( 'NONE',  ( -8.763707349719860300, -2.051544857202092200, 3.272391413630716200 ) ) ;
#1024 = CARTESIAN_POINT ( 'NONE',  ( -3.814748050727580600, 8.036644193416828200, -3.453478796700601500 ) ) ;
#1025 = CONICAL_SURFACE ( 'NONE', #288, 8.869223585189136100, 0.6108652381980126400 ) ;
#1026 = FACE_OUTER_BOUND ( 'NONE', #4082, .T. ) ;
#1027 = EDGE_CURVE ( 'NONE', #5930, #9377, #5088, .T. ) ;
#1028 = ORIENTED_EDGE ( 'NONE', *, *, #4880, .T. ) ;
#1029 = CARTESIAN_POINT ( 'NONE',  ( 3.879820004569354700, -8.171767497885897000, 3.193750000000000100 ) ) ;
#1030 = CARTESIAN_POINT ( 'NONE',  ( -3.899896769729861700, -7.982980843219111800, -3.465025888964337500 ) ) ;
#1031 = CARTESIAN_POINT ( 'NONE',  ( -3.726420399248811400, -7.853229935211753200, -3.247602129575368300 ) ) ;
#1032 = CARTESIAN_POINT ( 'NONE',  ( 8.684623479167859400, 1.930922793491888400, 3.452421434499180400 ) ) ;
#1033 = CARTESIAN_POINT ( 'NONE',  ( -8.605239869185416200, -2.015375688867059500, -3.455541280135824500 ) ) ;
#1034 = VECTOR ( 'NONE', #2476, 1000.000000000000000 ) ;
#1035 = CARTESIAN_POINT ( 'NONE',  ( 7.041194074364121000, 5.679117300646331600, 3.193750000000000100 ) ) ;
#1036 = ORIENTED_EDGE ( 'NONE', *, *, #4141, .F. ) ;
#1037 = DIRECTION ( 'NONE',  ( -0.0000000000000000000, -0.0000000000000000000, 1.000000000000000000 ) ) ;
#1038 = EDGE_CURVE ( 'NONE', #2053, #6965, #3778, .T. ) ;
#1039 = CARTESIAN_POINT ( 'NONE',  ( -3.681435046370991500, 7.759816887429019000, 3.500000000000000000 ) ) ;
#1040 = CARTESIAN_POINT ( 'NONE',  ( -7.103543054549914100, 5.600934152399629400, -3.193750000000000100 ) ) ;
#1041 = DIRECTION ( 'NONE',  ( 1.000000000000000000, 7.105427357601001900E-015, 0.0000000000000000000 ) ) ;
#1042 = AXIS2_PLACEMENT_3D ( 'NONE', #9125, #9897, #21 ) ;
#1043 = ADVANCED_FACE ( 'NONE', ( #1272 ), #3538, .T. ) ;
#1044 = EDGE_CURVE ( 'NONE', #4075, #1144, #4528, .T. ) ;
#1045 = CARTESIAN_POINT ( 'NONE',  ( -8.647352942452551300, 1.922416036699723600, -3.469014143938407500 ) ) ;
#1046 = FACE_OUTER_BOUND ( 'NONE', #8217, .T. ) ;
#1047 = DIRECTION ( 'NONE',  ( -0.0000000000000000000, -0.0000000000000000000, 1.000000000000000000 ) ) ;
#1048 = CARTESIAN_POINT ( 'NONE',  ( 8.869223585189136100, 0.0000000000000000000, 3.500000000000000400 ) ) ;
#1049 = CARTESIAN_POINT ( 'NONE',  ( -3.879692025218556900, -7.941025258929109900, 3.455541280135825400 ) ) ;
#1050 = AXIS2_PLACEMENT_3D ( 'NONE', #728, #3031, #5400 ) ;
#1051 = DIRECTION ( 'NONE',  ( -0.0000000000000000000, -1.000000000000000000, -0.0000000000000000000 ) ) ;
#1052 = CARTESIAN_POINT ( 'NONE',  ( 8.681279677114373400, -1.930159592493591700, 3.457544059217933600 ) ) ;
#1053 = ORIENTED_EDGE ( 'NONE', *, *, #718, .T. ) ;
#1054 = ADVANCED_FACE ( 'NONE', ( #7368 ), #9924, .T. ) ;
#1055 = CARTESIAN_POINT ( 'NONE',  ( -8.662172082280136500, -1.925798408661262700, -3.469378817057676000 ) ) ;
#1056 = AXIS2_PLACEMENT_3D ( 'NONE', #7282, #8821, #9655 ) ;
#1057 = EDGE_CURVE ( 'NONE', #3876, #6041, #3899, .T. ) ;
#1058 = CARTESIAN_POINT ( 'NONE',  ( -3.901485164720639000, 7.986279179404098400, -3.462472406546387200 ) ) ;
#1059 = CARTESIAN_POINT ( 'NONE',  ( 0.0000000000000000000, 0.0000000000000000000, -3.094141646974374100 ) ) ;
#1060 = LINE ( 'NONE', #225, #7515 ) ;
#1061 = DIRECTION ( 'NONE',  ( -0.0000000000000000000, -0.0000000000000000000, 1.000000000000000000 ) ) ;
#1062 = CARTESIAN_POINT ( 'NONE',  ( -0.05000000000000002400, -8.840279225073985000, 3.458522467003439300 ) ) ;
#1063 = CARTESIAN_POINT ( 'NONE',  ( -8.588813778810038700, -1.051826330269239700E-015, -3.064533293948747500 ) ) ;
#1064 = VERTEX_POINT ( 'NONE', #5368 ) ;
#1065 = CARTESIAN_POINT ( 'NONE',  ( -8.785959443115452000, 1.954052065984086300, 3.272391413630716200 ) ) ;
#1066 = LINE ( 'NONE', #5931, #1306 ) ;
#1067 = AXIS2_PLACEMENT_3D ( 'NONE', #9087, #2929, #628 ) ;
#1068 = DIRECTION ( 'NONE',  ( 1.000000000000000000, 0.0000000000000000000, 0.0000000000000000000 ) ) ;
#1069 = DIRECTION ( 'NONE',  ( -0.2225209339563182000, -0.9749279121818227300, 0.0000000000000000000 ) ) ;
#1070 = CARTESIAN_POINT ( 'NONE',  ( 6.934698440303953300, 5.594189866451190000, 3.429674227117770700 ) ) ;
#1071 = ORIENTED_EDGE ( 'NONE', *, *, #5000, .T. ) ;
#1072 = FACE_OUTER_BOUND ( 'NONE', #6487, .T. ) ;
#1073 = B_SPLINE_CURVE_WITH_KNOTS ( 'NONE', 3,
 ( #427, #5807, #8181, #7401, #8912, #2812, #3457, #1191, #4320, #1291, #3585, #8940, #7435, #8816, #4222, #9579, #3495, #2710, #1951, #7303, #1221, #9114, #5366, #6216, #808 ),
 .UNSPECIFIED., .F., .F.,
 ( 4, 3, 3, 3, 3, 3, 3, 3, 4 ),
 ( 0.0001509499138714721400, 0.0001527764003826838500, 0.0001645282963311805400, 0.0001762803579144470400, 0.0001880325997012756500, 0.0001997849575937702800, 0.0002115373162334667200, 0.0002188290956692479400, 0.0002208042975641455100 ),
 .UNSPECIFIED. ) ;
#1074 = DIRECTION ( 'NONE',  ( -0.0000000000000000000, -0.0000000000000000000, 1.000000000000000000 ) ) ;
#1075 = CARTESIAN_POINT ( 'NONE',  ( 0.0000000000000000000, 0.0000000000000000000, -3.193750000000000500 ) ) ;
#1076 = CARTESIAN_POINT ( 'NONE',  ( 8.830225396548341300, 1.964155480992677100, -3.500000000000000000 ) ) ;
#1077 = DIRECTION ( 'NONE',  ( 0.5735764363510438300, 0.0000000000000000000, 0.8191520442889933500 ) ) ;
#1078 = CARTESIAN_POINT ( 'NONE',  ( -3.888281473680893700, -7.958861432445908200, 3.469100694293998800 ) ) ;
#1079 = ORIENTED_EDGE ( 'NONE', *, *, #3212, .T. ) ;
#1080 = DIRECTION ( 'NONE',  ( 0.0000000000000000000, 0.0000000000000000000, -1.000000000000000000 ) ) ;
#1081 = CARTESIAN_POINT ( 'NONE',  ( -3.681435046370991500, 7.759816887429019000, -3.094141646974374100 ) ) ;
#1082 = LINE ( 'NONE', #9547, #9346 ) ;
#1083 = ORIENTED_EDGE ( 'NONE', *, *, #1559, .T. ) ;
#1084 = EDGE_CURVE ( 'NONE', #2143, #8864, #6541, .T. ) ;
#1085 = CARTESIAN_POINT ( 'NONE',  ( -3.904453529484151800, 7.992443052348363600, -3.455073707654066100 ) ) ;
#1086 = ORIENTED_EDGE ( 'NONE', *, *, #5048, .F. ) ;
#1087 = CARTESIAN_POINT ( 'NONE',  ( 0.0000000000000000000, 0.0000000000000000000, 3.434921434499177600 ) ) ;
#1088 = CIRCLE ( 'NONE', #9623, 9.046037105128458900 ) ;
#1089 = CARTESIAN_POINT ( 'NONE',  ( 8.661431183075031000, -2.028200989579895400, 3.453994494324953200 ) ) ;
#1090 = EDGE_CURVE ( 'NONE', #3586, #1494, #832, .T. ) ;
#1091 = CARTESIAN_POINT ( 'NONE',  ( -3.815021055286628800, 8.037211093225053600, 3.452421434499180400 ) ) ;
#1092 = ORIENTED_EDGE ( 'NONE', *, *, #387, .T. ) ;
#1093 = ORIENTED_EDGE ( 'NONE', *, *, #2054, .T. ) ;
#1094 = CARTESIAN_POINT ( 'NONE',  ( -9.621762239271875600, 1.178326032848117100E-015, 3.500000000000000000 ) ) ;
#1095 = CYLINDRICAL_SURFACE ( 'NONE', #2570, 9.046037105128460700 ) ;
#1096 = AXIS2_PLACEMENT_3D ( 'NONE', #5473, #4666, #3903 ) ;
#1097 = EDGE_CURVE ( 'NONE', #2142, #4701, #1516, .T. ) ;
#1098 = CARTESIAN_POINT ( 'NONE',  ( 0.0000000000000000000, 0.0000000000000000000, 3.434921434499177600 ) ) ;
#1099 = ORIENTED_EDGE ( 'NONE', *, *, #1745, .T. ) ;
#1100 = CARTESIAN_POINT ( 'NONE',  ( -3.780519072845786700, -7.735090501365808000, 3.129114371485063600 ) ) ;
#1101 = ADVANCED_FACE ( 'NONE', ( #4497, #3065 ), #664, .F. ) ;
#1102 = CARTESIAN_POINT ( 'NONE',  ( 0.0000000000000000000, 0.0000000000000000000, -7.960204194457796500E-016 ) ) ;
#1103 = CONICAL_SURFACE ( 'NONE', #3989, 9.046037105128458900, 0.5235987755983011500 ) ;
#1104 = CARTESIAN_POINT ( 'NONE',  ( 0.0000000000000000000, 0.0000000000000000000, 3.500000000000000400 ) ) ;
#1105 = EDGE_LOOP ( 'NONE', ( #269, #2871, #3425, #9915, #161, #7455 ) ) ;
#1106 = FACE_OUTER_BOUND ( 'NONE', #8839, .T. ) ;
#1107 = ORIENTED_EDGE ( 'NONE', *, *, #4019, .T. ) ;
#1109 = EDGE_LOOP ( 'NONE', ( #1570, #4064, #5529, #151, #2656, #8224 ) ) ;
#1108 = AXIS2_PLACEMENT_3D ( 'NONE', #5288, #5190, #1452 ) ;
#1110 = CARTESIAN_POINT ( 'NONE',  ( 6.940665282085101100, 5.471043463218333800, 3.454996609771464800 ) ) ;
#1111 = ORIENTED_EDGE ( 'NONE', *, *, #8359, .F. ) ;
#1112 = DIRECTION ( 'NONE',  ( -0.9009688679025714700, 0.4338837391172419300, 0.0000000000000000000 ) ) ;
#1113 = AXIS2_PLACEMENT_3D ( 'NONE', #8992, #3607, #4382 ) ;
#1114 = ORIENTED_EDGE ( 'NONE', *, *, #5959, .F. ) ;
#1115 = EDGE_CURVE ( 'NONE', #7107, #5402, #5461, .T. ) ;
#1116 = CARTESIAN_POINT ( 'NONE',  ( 7.311959341363669700, -1.668907004672386600, -3.092233167847068000E-016 ) ) ;
#1117 = CARTESIAN_POINT ( 'NONE',  ( -3.904844937517990600, -7.993255819504991400, 3.453478796700601500 ) ) ;
#1118 = CIRCLE ( 'NONE', #48, 9.046037105128460700 ) ;
#1119 = CARTESIAN_POINT ( 'NONE',  ( 0.05000000000000001700, -8.896552580035715300, -3.452421434499180400 ) ) ;
#1120 = VERTEX_POINT ( 'NONE', #4566 ) ;
#1121 = CARTESIAN_POINT ( 'NONE',  ( -3.801601759304601200, 8.009345637991435400, -3.469915996672631000 ) ) ;
#1122 = EDGE_LOOP ( 'NONE', ( #9604, #4350, #2056, #4274 ) ) ;
#1123 = ORIENTED_EDGE ( 'NONE', *, *, #2936, .T. ) ;
#1124 = ORIENTED_EDGE ( 'NONE', *, *, #7469, .T. ) ;
#1125 = ADVANCED_FACE ( 'NONE', ( #1026 ), #9117, .T. ) ;
#1126 = ORIENTED_EDGE ( 'NONE', *, *, #793, .T. ) ;
#1127 = EDGE_CURVE ( 'NONE', #3883, #2548, #183, .T. ) ;
#1128 = DIRECTION ( 'NONE',  ( -0.0000000000000000000, -0.0000000000000000000, 1.000000000000000000 ) ) ;
#1129 = VERTEX_POINT ( 'NONE', #7779 ) ;
#1130 = CIRCLE ( 'NONE', #7496, 8.737285000697680100 ) ;
#1131 = VERTEX_POINT ( 'NONE', #3366 ) ;
#1132 = CARTESIAN_POINT ( 'NONE',  ( 0.0000000000000000000, 0.0000000000000000000, -3.500000000000000900 ) ) ;
#1133 = EDGE_LOOP ( 'NONE', ( #6161, #5520, #8603, #6652 ) ) ;
#1134 = DIRECTION ( 'NONE',  ( -1.000000000000000000, 0.0000000000000000000, 0.0000000000000000000 ) ) ;
#1135 = ORIENTED_EDGE ( 'NONE', *, *, #128, .F. ) ;
#1136 = ORIENTED_EDGE ( 'NONE', *, *, #4348, .T. ) ;
#1137 = DIRECTION ( 'NONE',  ( 0.0000000000000000000, 0.0000000000000000000, -1.000000000000000000 ) ) ;
#1138 = FACE_OUTER_BOUND ( 'NONE', #2634, .T. ) ;
#1139 = CIRCLE ( 'NONE', #1501, 5.378237760728125300 ) ;
#1140 = DIRECTION ( 'NONE',  ( 0.0000000000000000000, 0.0000000000000000000, 1.000000000000000000 ) ) ;
#1141 = CARTESIAN_POINT ( 'NONE',  ( 0.05000000000000002400, 8.884519005424703400, 3.465025888964337500 ) ) ;
#1142 = CARTESIAN_POINT ( 'NONE',  ( 8.463287518778873400, -1.982975991212544400, -3.247602129575368300 ) ) ;
#1143 = CARTESIAN_POINT ( 'NONE',  ( 6.970196991303258600, 5.622499016217020100, 3.351032822740168400 ) ) ;
#1144 = VERTEX_POINT ( 'NONE', #6111 ) ;
#1145 = CARTESIAN_POINT ( 'NONE',  ( -7.041194074364160100, -5.679117300646283600, -3.193750000000000100 ) ) ;
#1146 = DIRECTION ( 'NONE',  ( -0.0000000000000000000, -0.0000000000000000000, 1.000000000000000000 ) ) ;
#1147 = CARTESIAN_POINT ( 'NONE',  ( 8.604868042990053900, 2.015290821964419900, 3.454996609771464800 ) ) ;
#1148 = VECTOR ( 'NONE', #7582, 1000.000000000000000 ) ;
#1149 = CIRCLE ( 'NONE', #9509, 8.588813778810038700 ) ;
#1150 = EDGE_CURVE ( 'NONE', #3913, #1347, #4022, .T. ) ;
#1151 = CARTESIAN_POINT ( 'NONE',  ( 3.905117942076983700, 7.993822719313241600, -3.452421434499180400 ) ) ;
#1152 = EDGE_LOOP ( 'NONE', ( #861, #411, #8375, #8787 ) ) ;
#1153 = CARTESIAN_POINT ( 'NONE',  ( 8.830225396548327100, -1.964155480992738600, 3.500000000000000000 ) ) ;
#1154 = CARTESIAN_POINT ( 'NONE',  ( 6.683716731970517500, 5.394038632959030200, 3.500000000000000000 ) ) ;
#1155 = CARTESIAN_POINT ( 'NONE',  ( -4.923385956518219000, -1.123730716479340200, -1.592040838891560100E-016 ) ) ;
#1156 = ADVANCED_FACE ( 'NONE', ( #4848 ), #8918, .T. ) ;
#1157 = EDGE_CURVE ( 'NONE', #8817, #3173, #1974, .T. ) ;
#1158 = CARTESIAN_POINT ( 'NONE',  ( -3.681435046371154000, -7.759816887428941700, -3.099533293948748100 ) ) ;
#1159 = CARTESIAN_POINT ( 'NONE',  ( -6.977371155119565000, -5.500315420178938400, 3.465025888964337500 ) ) ;
#1160 = VERTEX_POINT ( 'NONE', #1081 ) ;
#1161 = AXIS2_PLACEMENT_3D ( 'NONE', #6914, #2321, #5367 ) ;
#1162 = DIRECTION ( 'NONE',  ( -0.5000000000000020000, 0.0000000000000000000, 0.8660254037844376000 ) ) ;
#1163 = EDGE_CURVE ( 'NONE', #6286, #5081, #6769, .T. ) ;
#1164 = CARTESIAN_POINT ( 'NONE',  ( 6.920053267509791400, 5.582510730872260600, 3.459706444013471500 ) ) ;
#1165 = CARTESIAN_POINT ( 'NONE',  ( -0.05000000000000002400, -8.850402102400634500, 3.466377381984354400 ) ) ;
#1166 = CARTESIAN_POINT ( 'NONE',  ( 8.362206348396760800, 1.959904873689046100, 3.500000000000000000 ) ) ;
#1167 = LOCAL_TIME ( 8, 6, 3.000000000000000000, #1410 ) ;
#1168 = CARTESIAN_POINT ( 'NONE',  ( -8.693159501790567800, 1.932871084952892300, 3.437256629622304200 ) ) ;
#1169 = CARTESIAN_POINT ( 'NONE',  ( 8.627120136385672200, -1.917798030746297400, -3.454996609771464800 ) ) ;
#1170 = AXIS2_PLACEMENT_3D ( 'NONE', #2107, #9000, #8313 ) ;
#1171 = CARTESIAN_POINT ( 'NONE',  ( 3.796778474268935000, 7.999329983412819100, 3.468127985775450100 ) ) ;
#1172 = DIRECTION ( 'NONE',  ( 0.0000000000000000000, 0.0000000000000000000, -1.000000000000000000 ) ) ;
#1173 = CARTESIAN_POINT ( 'NONE',  ( -3.808427779185307400, -8.023520014326720700, -3.466489319800472900 ) ) ;
#1174 = CARTESIAN_POINT ( 'NONE',  ( 8.394555401783339500, 1.864716647699975700, -3.114323832567764200 ) ) ;
#1175 = ADVANCED_FACE ( 'NONE', ( #5570 ), #433, .F. ) ;
#1176 = AXIS2_PLACEMENT_3D ( 'NONE', #1642, #818, #6083 ) ;
#1177 = FACE_OUTER_BOUND ( 'NONE', #6499, .T. ) ;
#1178 = EDGE_CURVE ( 'NONE', #1623, #5058, #802, .T. ) ;
#1179 = EDGE_LOOP ( 'NONE', ( #9597, #9272 ) ) ;
#1180 = DIRECTION ( 'NONE',  ( 1.000000000000000000, 0.0000000000000000000, 0.0000000000000000000 ) ) ;
#1181 = DIRECTION ( 'NONE',  ( 0.0000000000000000000, 0.0000000000000000000, 1.000000000000000000 ) ) ;
#1182 = CARTESIAN_POINT ( 'NONE',  ( 3.809799882939509000, -8.026369217130920200, -3.465025888964337500 ) ) ;
#1183 = CARTESIAN_POINT ( 'NONE',  ( 0.0000000000000000000, 0.0000000000000000000, -3.500000000000000900 ) ) ;
#1184 = AXIS2_PLACEMENT_3D ( 'NONE', #7129, #8662, #6309 ) ;
#1185 = VECTOR ( 'NONE', #6887, 1000.000000000000000 ) ;
#1186 = CARTESIAN_POINT ( 'NONE',  ( 8.684623479167845200, -1.930922793491949100, -3.452421434499180400 ) ) ;
#1187 = AXIS2_PLACEMENT_3D ( 'NONE', #2563, #7920, #1822 ) ;
#1188 = CARTESIAN_POINT ( 'NONE',  ( -3.880042983354311300, 7.941754031007733700, -3.456597352396201500 ) ) ;
#1189 = VERTEX_POINT ( 'NONE', #1155 ) ;
#1191 = CARTESIAN_POINT ( 'NONE',  ( 6.977371155119528500, 5.500315420178984600, -3.465025888964337500 ) ) ;
#1190 = CARTESIAN_POINT ( 'NONE',  ( -3.883580287306799900, -7.949099318350827800, -3.464362763198132600 ) ) ;
#1192 = LINE ( 'NONE', #9497, #9088 ) ;
#1193 = CARTESIAN_POINT ( 'NONE',  ( -6.708008130675836800, 5.413410377005411600, -3.143904910697431300 ) ) ;
#1194 = CARTESIAN_POINT ( 'NONE',  ( 8.632218501404349100, -2.021533385619125300, 3.469915996672631000 ) ) ;
#1195 = CARTESIAN_POINT ( 'NONE',  ( -3.794997113488258700, 7.995630949637016400, 3.466377381984354000 ) ) ;
#1196 = CARTESIAN_POINT ( 'NONE',  ( -3.771531933161234000, 7.716428513517264800, -3.099533293948748100 ) ) ;
#1197 = VERTEX_POINT ( 'NONE', #2549 ) ;
#1198 = CARTESIAN_POINT ( 'NONE',  ( 8.636037103722788500, -2.022404956679600300, -3.469985047562923700 ) ) ;
#1199 = VECTOR ( 'NONE', #6221, 1000.000000000000000 ) ;
#1200 = CARTESIAN_POINT ( 'NONE',  ( 0.05000000000000003700, -8.609381483269881800, 3.129114371485063100 ) ) ;
#1201 = ADVANCED_FACE ( 'NONE', ( #925 ), #6892, .F. ) ;
#1202 = CARTESIAN_POINT ( 'NONE',  ( 8.627120136385686400, 1.917798030746237700, 3.454996609771464800 ) ) ;
#1203 = CARTESIAN_POINT ( 'NONE',  ( -3.809960823644472900, -8.026703413948075300, -3.464797546056691800 ) ) ;
#1204 = CARTESIAN_POINT ( 'NONE',  ( -3.840419595970190800, 8.089951706396185200, -3.351032822740167600 ) ) ;
#1205 = ORIENTED_EDGE ( 'NONE', *, *, #1038, .T. ) ;
#1206 = DIRECTION ( 'NONE',  ( 0.0000000000000000000, 0.0000000000000000000, -1.000000000000000000 ) ) ;
#1207 = CYLINDRICAL_SURFACE ( 'NONE', #7899, 9.621762239271875600 ) ;
#1208 = ORIENTED_EDGE ( 'NONE', *, *, #7693, .T. ) ;
#1209 = EDGE_CURVE ( 'NONE', #6178, #4947, #5431, .T. ) ;
#1210 =( NAMED_UNIT ( * ) SI_UNIT ( $, .STERADIAN. ) SOLID_ANGLE_UNIT ( ) );
#1211 = DIRECTION ( 'NONE',  ( 1.000000000000000000, 0.0000000000000000000, 0.0000000000000000000 ) ) ;
#1212 = CARTESIAN_POINT ( 'NONE',  ( 8.830225396548327100, -1.964155480992738600, -3.193750000000000100 ) ) ;
#1213 = CARTESIAN_POINT ( 'NONE',  ( 3.805029243678519400, -8.016462882630149200, 3.469378817057675600 ) ) ;
#1214 = ORIENTED_EDGE ( 'NONE', *, *, #3095, .T. ) ;
#1215 = VECTOR ( 'NONE', #5233, 1000.000000000000000 ) ;
#1216 = CIRCLE ( 'NONE', #4873, 8.837711872106121200 ) ;
#1217 = EDGE_LOOP ( 'NONE', ( #5924, #4901, #9721, #4338 ) ) ;
#1218 = ADVANCED_FACE ( 'NONE', ( #8678 ), #1636, .T. ) ;
#1219 = CARTESIAN_POINT ( 'NONE',  ( 0.0000000000000000000, 0.0000000000000000000, 3.094141646974374100 ) ) ;
#1221 = CARTESIAN_POINT ( 'NONE',  ( 6.942783102063867100, 5.472732368293842200, -3.458522467003439300 ) ) ;
#1220 = CARTESIAN_POINT ( 'NONE',  ( -6.982221020360175800, -5.504183058647989800, 3.460240287494900500 ) ) ;
#1222 = EDGE_LOOP ( 'NONE', ( #9608, #853, #3775, #1960 ) ) ;
#1223 = VERTEX_POINT ( 'NONE', #7948 ) ;
#1224 = CARTESIAN_POINT ( 'NONE',  ( -6.971682289894235200, -5.495778701548799100, -3.468147503381453900 ) ) ;
#1225 = CARTESIAN_POINT ( 'NONE',  ( 8.617377996965249300, -2.018146137324242900, 3.466377381984354400 ) ) ;
#1226 = EDGE_CURVE ( 'NONE', #7617, #9896, #7675, .T. ) ;
#1227 = DIRECTION ( 'NONE',  ( -0.0000000000000000000, -0.0000000000000000000, 1.000000000000000000 ) ) ;
#1228 = EDGE_LOOP ( 'NONE', ( #8533, #7004, #7744, #1017, #6875, #2176 ) ) ;
#1229 = DIRECTION ( 'NONE',  ( 1.000000000000000000, 0.0000000000000000000, 0.0000000000000000000 ) ) ;
#1230 = VERTEX_POINT ( 'NONE', #6572 ) ;
#1231 = CARTESIAN_POINT ( 'NONE',  ( -8.688891490516510900, 1.931896939230964800, 3.444839032082838100 ) ) ;
#1232 = AXIS2_PLACEMENT_3D ( 'NONE', #8143, #8279, #2844 ) ;
#1233 = VECTOR ( 'NONE', #9629, 1000.000000000000000 ) ;
#1234 = VERTEX_POINT ( 'NONE', #5896 ) ;
#1235 = EDGE_CURVE ( 'NONE', #8565, #4923, #9530, .T. ) ;
#1236 = VERTEX_POINT ( 'NONE', #9521 ) ;
#1237 = CARTESIAN_POINT ( 'NONE',  ( 8.611036915675322600, -2.016698826899239600, -3.461862008941933000 ) ) ;
#1238 = CARTESIAN_POINT ( 'NONE',  ( 8.404652361358978800, 1.867021212834296900, 3.129114371485063600 ) ) ;
#1239 = ORIENTED_EDGE ( 'NONE', *, *, #8831, .F. ) ;
#1240 = DIRECTION ( 'NONE',  ( -0.0000000000000000000, -0.0000000000000000000, 1.000000000000000000 ) ) ;
#1241 = ORIENTED_EDGE ( 'NONE', *, *, #4765, .T. ) ;
#1242 = DIRECTION ( 'NONE',  ( -0.0000000000000000000, -0.0000000000000000000, 1.000000000000000000 ) ) ;
#1243 = CARTESIAN_POINT ( 'NONE',  ( -7.103543054549914100, 5.600934152399629400, 3.500000000000000000 ) ) ;
#1244 = ORIENTED_EDGE ( 'NONE', *, *, #1737, .T. ) ;
#1245 = AXIS2_PLACEMENT_3D ( 'NONE', #1651, #3192, #4731 ) ;
#1246 = VECTOR ( 'NONE', #8939, 1000.000000000000000 ) ;
#1247 = ORIENTED_EDGE ( 'NONE', *, *, #3589, .T. ) ;
#1248 = DIRECTION ( 'NONE',  ( 0.0000000000000000000, 0.0000000000000000000, -1.000000000000000000 ) ) ;
#1249 = CARTESIAN_POINT ( 'NONE',  ( 6.764777536879263300, 5.458682467755143500, -3.247602129575368300 ) ) ;
#1250 = ORIENTED_EDGE ( 'NONE', *, *, #1912, .T. ) ;
#1251 = AXIS2_PLACEMENT_3D ( 'NONE', #9853, #7585, #3802 ) ;
#1252 = VERTEX_POINT ( 'NONE', #552 ) ;
#1253 = CARTESIAN_POINT ( 'NONE',  ( -8.683683276470690200, -1.930708198361595200, 3.453994494324953200 ) ) ;
#1254 = EDGE_CURVE ( 'NONE', #3586, #9896, #7254, .T. ) ;
#1255 = EDGE_LOOP ( 'NONE', ( #8716, #1582, #3288, #4897 ) ) ;
#1256 = CARTESIAN_POINT ( 'NONE',  ( 0.05000000000000003700, -8.588668239434865000, 3.094141646974374100 ) ) ;
#1257 = CARTESIAN_POINT ( 'NONE',  ( 0.05000000000000003700, 8.588668239434865000, 3.500000000000000000 ) ) ;
#1258 = ORIENTED_EDGE ( 'NONE', *, *, #7326, .F. ) ;
#1259 = CARTESIAN_POINT ( 'NONE',  ( 3.814602625722114400, -8.036342215281237600, 3.453994494324953200 ) ) ;
#1260 = CIRCLE ( 'NONE', #2515, 8.588813778810038700 ) ;
#1261 = VERTEX_POINT ( 'NONE', #1313 ) ;
#1262 = ADVANCED_FACE ( 'NONE', ( #8332 ), #7398, .T. ) ;
#1263 = VERTEX_POINT ( 'NONE', #475 ) ;
#1264 = DIRECTION ( 'NONE',  ( -0.0000000000000000000, -0.0000000000000000000, 1.000000000000000000 ) ) ;
#1265 = EDGE_CURVE ( 'NONE', #2556, #5777, #1458, .T. ) ;
#1267 = CARTESIAN_POINT ( 'NONE',  ( -0.05000000000000002400, -8.837570431649497800, -3.454996609771464800 ) ) ;
#1266 = CARTESIAN_POINT ( 'NONE',  ( 0.0000000000000000000, 0.0000000000000000000, 3.452421434499180400 ) ) ;
#1268 = CARTESIAN_POINT ( 'NONE',  ( -6.986779382597083200, -5.507818231228810600, -3.452421434499180400 ) ) ;
#1269 = DIRECTION ( 'NONE',  ( 1.000000000000000000, 0.0000000000000000000, 0.0000000000000000000 ) ) ;
#1270 = FACE_OUTER_BOUND ( 'NONE', #9503, .T. ) ;
#1271 = CARTESIAN_POINT ( 'NONE',  ( 3.891931505080085800, -7.966440800744777600, 3.470139885832122400 ) ) ;
#1272 = FACE_OUTER_BOUND ( 'NONE', #3367, .T. ) ;
#1273 = EDGE_LOOP ( 'NONE', ( #7601, #4472, #82, #7818 ) ) ;
#1274 = CARTESIAN_POINT ( 'NONE',  ( -6.881143697167629200, -5.551481383951460700, -3.459673052288552200 ) ) ;
#1275 = CARTESIAN_POINT ( 'NONE',  ( 8.808108021724386600, 2.061679020845724100, -3.094141646974374100 ) ) ;
#1276 = DIRECTION ( 'NONE',  ( -1.000000000000000000, 0.0000000000000000000, 0.0000000000000000000 ) ) ;
#1277 = CIRCLE ( 'NONE', #3805, 8.588813778810038700 ) ;
#1278 = CARTESIAN_POINT ( 'NONE',  ( 6.924189967865086900, -5.585809639323464600, -3.452954079042413600 ) ) ;
#1279 = DIRECTION ( 'NONE',  ( -0.0000000000000000000, -0.0000000000000000000, 1.000000000000000000 ) ) ;
#1280 = CARTESIAN_POINT ( 'NONE',  ( 8.384458441792379100, -1.862412082470922300, -3.500000000000000000 ) ) ;
#1281 = ADVANCED_FACE ( 'NONE', ( #1739 ), #7299, .T. ) ;
#1282 = VERTEX_POINT ( 'NONE', #8868 ) ;
#1283 = EDGE_CURVE ( 'NONE', #1326, #5043, #1396, .T. ) ;
#1284 = CARTESIAN_POINT ( 'NONE',  ( -8.628280558354221700, -1.918062889488035400, 3.456597352396201500 ) ) ;
#1285 = CARTESIAN_POINT ( 'NONE',  ( 0.05000000000000001700, 8.896552580035715300, -3.452421434499180400 ) ) ;
#1286 = CARTESIAN_POINT ( 'NONE',  ( 8.785959443115464400, -1.954052065984028600, -3.272391413630716200 ) ) ;
#1287 = CARTESIAN_POINT ( 'NONE',  ( -3.792175066826404700, 7.989770909361549700, -3.461862008941933000 ) ) ;
#1288 = EDGE_CURVE ( 'NONE', #5883, #6859, #1149, .T. ) ;
#1289 = CARTESIAN_POINT ( 'NONE',  ( 7.103543054549994900, 5.600934152399529100, 3.193750000000000100 ) ) ;
#1291 = CARTESIAN_POINT ( 'NONE',  ( 6.971682289894198800, 5.495778701548846200, -3.468147503381453900 ) ) ;
#1290 = DIRECTION ( 'NONE',  ( 0.0000000000000000000, 0.0000000000000000000, 1.000000000000000000 ) ) ;
#1292 = AXIS2_PLACEMENT_3D ( 'NONE', #7618, #2953, #4500 ) ;
#1293 = EDGE_CURVE ( 'NONE', #9016, #47, #6833, .T. ) ;
#1294 = CARTESIAN_POINT ( 'NONE',  ( 8.656687201036431700, -2.027118206636961100, 3.460240287494900100 ) ) ;
#1295 = CARTESIAN_POINT ( 'NONE',  ( 7.119485258517226400, -5.741552436592602500, -3.500000000000000400 ) ) ;
#1296 = CARTESIAN_POINT ( 'NONE',  ( 3.885263278938827300, -7.952594086485270900, 3.466570807216844900 ) ) ;
#1297 = CIRCLE ( 'NONE', #7198, 9.046037105128458900 ) ;
#1298 = CARTESIAN_POINT ( 'NONE',  ( 8.662371385772212700, -2.028415584710130800, -3.452421434499180400 ) ) ;
#1299 = AXIS2_PLACEMENT_3D ( 'NONE', #333, #3445, #7287 ) ;
#1300 = ADVANCED_FACE ( 'NONE', ( #4248 ), #4414, .T. ) ;
#1301 = CARTESIAN_POINT ( 'NONE',  ( 6.878316301899190000, -5.549226611465182500, -3.454996609771464800 ) ) ;
#1302 = CARTESIAN_POINT ( 'NONE',  ( -6.924430402411212000, -5.586001379475613100, -3.452421434499180400 ) ) ;
#1303 = VERTEX_POINT ( 'NONE', #6794 ) ;
#1304 = EDGE_CURVE ( 'NONE', #4018, #3268, #2687, .T. ) ;
#1305 = CARTESIAN_POINT ( 'NONE',  ( -6.683716731970441100, 5.394038632959125200, 3.500000000000000000 ) ) ;
#1306 = VECTOR ( 'NONE', #7419, 1000.000000000000000 ) ;
#1307 = CARTESIAN_POINT ( 'NONE',  ( 6.894541752585488400, 5.562165976610053500, -3.469014143938407500 ) ) ;
#1308 = DIRECTION ( 'NONE',  ( 1.000000000000000000, 0.0000000000000000000, 0.0000000000000000000 ) ) ;
#1309 = CARTESIAN_POINT ( 'NONE',  ( 0.05000000000000002400, 8.893453463458474300, -3.457279025203407600 ) ) ;
#1310 = AXIS2_PLACEMENT_3D ( 'NONE', #6149, #5339, #6837 ) ;
#1311 = ORIENTED_EDGE ( 'NONE', *, *, #1574, .T. ) ;
#1312 = DIRECTION ( 'NONE',  ( 0.0000000000000000000, 0.0000000000000000000, 1.000000000000000000 ) ) ;
#1313 = CARTESIAN_POINT ( 'NONE',  ( 6.986779382597008600, -5.507818231228904800, -3.452421434499180400 ) ) ;
#1314 = FACE_OUTER_BOUND ( 'NONE', #5053, .T. ) ;
#1315 = AXIS2_PLACEMENT_3D ( 'NONE', #6830, #1454, #5794 ) ;
#1316 = ADVANCED_FACE ( 'NONE', ( #3422 ), #648, .T. ) ;
#1317 = CARTESIAN_POINT ( 'NONE',  ( 3.789946096564181600, 7.985142404919435500, -3.456597352396201500 ) ) ;
#1319 = CARTESIAN_POINT ( 'NONE',  ( -0.05000000000000003700, -8.609381483269881800, -3.129114371485063600 ) ) ;
#1318 = PLANE ( 'NONE',  #5987 ) ;
#1320 = VERTEX_POINT ( 'NONE', #6034 ) ;
#1321 = CARTESIAN_POINT ( 'NONE',  ( -8.392497227128171000, -1.966818569092976300, 3.143904910697430800 ) ) ;
#1322 = CARTESIAN_POINT ( 'NONE',  ( 8.647556428850503400, 2.025034167469316000, 3.466489319800472900 ) ) ;
#1323 = CARTESIAN_POINT ( 'NONE',  ( 0.0000000000000000000, 0.0000000000000000000, -3.452421434499180400 ) ) ;
#1324 = CIRCLE ( 'NONE', #526, 8.837711872106121200 ) ;
#1325 = DIRECTION ( 'NONE',  ( -0.0000000000000000000, -0.0000000000000000000, 1.000000000000000000 ) ) ;
#1326 = VERTEX_POINT ( 'NONE', #606 ) ;
#1327 = CARTESIAN_POINT ( 'NONE',  ( 6.894092134670437100, -5.561807418287710200, 3.469100694293998800 ) ) ;
#1328 = CARTESIAN_POINT ( 'NONE',  ( -3.879879959974250600, -8.171891996566714100, -3.094141646974374100 ) ) ;
#1329 = ORIENTED_EDGE ( 'NONE', *, *, #8421, .T. ) ;
#1330 = CYLINDRICAL_SURFACE ( 'NONE', #722, 5.378237760728125300 ) ;
#1331 = CARTESIAN_POINT ( 'NONE',  ( -6.953907387462504800, 5.481603689869749600, 3.468127985775450100 ) ) ;
#1332 = LINE ( 'NONE', #1076, #5634 ) ;
#1333 = CARTESIAN_POINT ( 'NONE',  ( 6.906425780025329300, -5.571643172246150600, -3.469378817057675600 ) ) ;
#1334 = ORIENTED_EDGE ( 'NONE', *, *, #4744, .T. ) ;
#1335 = PLANE ( 'NONE',  #213 ) ;
#1336 = EDGE_CURVE ( 'NONE', #1223, #5614, #9883, .T. ) ;
#1337 = CARTESIAN_POINT ( 'NONE',  ( 8.556329883642998600, 1.901640617507290200, -3.351299362948741300 ) ) ;
#1338 = AXIS2_PLACEMENT_3D ( 'NONE', #7632, #9907, #6822 ) ;
#1339 = ORIENTED_EDGE ( 'NONE', *, *, #1619, .F. ) ;
#1340 = LINE ( 'NONE', #3501, #8037 ) ;
#1341 = CARTESIAN_POINT ( 'NONE',  ( 6.924430402411174700, 5.586001379475661100, -3.452421434499180400 ) ) ;
#1342 = ORIENTED_EDGE ( 'NONE', *, *, #8256, .T. ) ;
#1343 = DIRECTION ( 'NONE',  ( 0.0000000000000000000, 0.0000000000000000000, -1.000000000000000000 ) ) ;
#1344 = EDGE_CURVE ( 'NONE', #3580, #4457, #7023, .T. ) ;
#1345 = CIRCLE ( 'NONE', #7060, 2.450000000000000600 ) ;
#1346 = DIRECTION ( 'NONE',  ( 0.0000000000000000000, 0.0000000000000000000, 1.000000000000000000 ) ) ;
#1347 = VERTEX_POINT ( 'NONE', #1352 ) ;
#1348 = CARTESIAN_POINT ( 'NONE',  ( -3.881095632990676500, 7.943939880500739300, 3.459673052288552200 ) ) ;
#1349 = LINE ( 'NONE', #707, #2052 ) ;
#1350 = CARTESIAN_POINT ( 'NONE',  ( -4.317143204219774200, -8.964640235629037300, -1.592040838891560100E-016 ) ) ;
#1351 = VERTEX_POINT ( 'NONE', #9102 ) ;
#1352 = CARTESIAN_POINT ( 'NONE',  ( 6.924430402411174700, 5.586001379475661100, 3.452421434499180400 ) ) ;
#1353 = FACE_OUTER_BOUND ( 'NONE', #6744, .T. ) ;
#1354 = AXIS2_PLACEMENT_3D ( 'NONE', #2395, #73, #7627 ) ;
#1355 = ORIENTED_EDGE ( 'NONE', *, *, #3432, .F. ) ;
#1356 = ADVANCED_FACE ( 'NONE', ( #9046 ), #2137, .T. ) ;
#1357 = EDGE_LOOP ( 'NONE', ( #4723, #4591, #171, #7465, #6511, #891 ) ) ;
#1358 = DIRECTION ( 'NONE',  ( -0.9009688679024248100, -0.4338837391175463500, 0.0000000000000000000 ) ) ;
#1359 = ORIENTED_EDGE ( 'NONE', *, *, #453, .F. ) ;
#1360 = FACE_OUTER_BOUND ( 'NONE', #5866, .T. ) ;
#1361 = EDGE_LOOP ( 'NONE', ( #3886, #9507, #826, #4200 ) ) ;
#1362 = CARTESIAN_POINT ( 'NONE',  ( 3.848021920683315900, -7.875261609230285800, 3.351299362948741800 ) ) ;
#1363 = EDGE_LOOP ( 'NONE', ( #1946, #8302, #4121, #8100, #537, #4336 ) ) ;
#1364 = DIRECTION ( 'NONE',  ( -0.0000000000000000000, -0.0000000000000000000, 1.000000000000000000 ) ) ;
#1365 = EDGE_CURVE ( 'NONE', #5135, #7337, #189, .T. ) ;
#1366 = DIRECTION ( 'NONE',  ( 0.0000000000000000000, 0.0000000000000000000, -1.000000000000000000 ) ) ;
#1367 = ORIENTED_EDGE ( 'NONE', *, *, #1607, .T. ) ;
#1368 = VERTEX_POINT ( 'NONE', #5226 ) ;
#1369 = VERTEX_POINT ( 'NONE', #9073 ) ;
#1370 = AXIS2_PLACEMENT_3D ( 'NONE', #3039, #839, #9225 ) ;
#1371 = ORIENTED_EDGE ( 'NONE', *, *, #4091, .F. ) ;
#1372 = EDGE_CURVE ( 'NONE', #1864, #6492, #8574, .T. ) ;
#1373 = DIRECTION ( 'NONE',  ( 0.4338837391175652300, 0.9009688679024158200, 0.0000000000000000000 ) ) ;
#1375 = VECTOR ( 'NONE', #7903, 1000.000000000000000 ) ;
#1374 = CARTESIAN_POINT ( 'NONE',  ( 0.0000000000000000000, 0.0000000000000000000, 3.099533293948747700 ) ) ;
#1376 = CLOSED_SHELL ( 'NONE', ( #653, #5559, #6275, #2139, #6668, #4168, #9183, #3530, #3352, #8045, #1101 ) ) ;
#1377 = DIRECTION ( 'NONE',  ( 0.7818314824680310200, 0.6234898018587320400, 0.0000000000000000000 ) ) ;
#1378 = CARTESIAN_POINT ( 'NONE',  ( 3.879526546993929100, -7.940681639855288400, -3.454996609771464800 ) ) ;
#1379 = DIRECTION ( 'NONE',  ( 1.000000000000000000, 0.0000000000000000000, 0.0000000000000000000 ) ) ;
#1380 = EDGE_LOOP ( 'NONE', ( #8776, #9747, #1386, #5678 ) ) ;
#1381 = DIRECTION ( 'NONE',  ( 0.9749279121818226200, -0.2225209339563182500, 0.0000000000000000000 ) ) ;
#1382 = CARTESIAN_POINT ( 'NONE',  ( -3.908916829529438500, 8.001711190391724000, 3.437256629622304600 ) ) ;
#1383 = ORIENTED_EDGE ( 'NONE', *, *, #4402, .T. ) ;
#1384 = AXIS2_PLACEMENT_3D ( 'NONE', #4086, #9570, #373 ) ;
#1385 = CARTESIAN_POINT ( 'NONE',  ( 3.880042983354423200, 7.941754031007677700, -3.456597352396201500 ) ) ;
#1386 = ORIENTED_EDGE ( 'NONE', *, *, #8271, .F. ) ;
#1387 = CARTESIAN_POINT ( 'NONE',  ( 6.878924930671488800, 5.549711976714722700, -3.456075294419946400 ) ) ;
#1388 = VECTOR ( 'NONE', #2995, 1000.000000000000000 ) ;
#1389 = CIRCLE ( 'NONE', #809, 8.896693082788692300 ) ;
#1390 = DIRECTION ( 'NONE',  ( -1.000000000000000000, 0.0000000000000000000, 0.0000000000000000000 ) ) ;
#1391 = EDGE_CURVE ( 'NONE', #4052, #1223, #7809, .T. ) ;
#1392 = ORIENTED_EDGE ( 'NONE', *, *, #8223, .F. ) ;
#1393 = CARTESIAN_POINT ( 'NONE',  ( 8.808108021724386600, 2.061679020845724100, 3.500000000000000400 ) ) ;
#1394 = DIRECTION ( 'NONE',  ( 0.0000000000000000000, 0.0000000000000000000, -1.000000000000000000 ) ) ;
#1395 = FACE_OUTER_BOUND ( 'NONE', #4321, .T. ) ;
#1396 = CIRCLE ( 'NONE', #8978, 2.450000000000000200 ) ;
#1397 = CARTESIAN_POINT ( 'NONE',  ( -0.05000000000000001700, 8.896552580035715300, 3.452421434499180400 ) ) ;
#1398 = ORIENTED_EDGE ( 'NONE', *, *, #987, .F. ) ;
#1399 = CARTESIAN_POINT ( 'NONE',  ( 3.816517286038943800, -7.809841561300049600, 3.247602129575368300 ) ) ;
#1400 = DIRECTION ( 'NONE',  ( 0.2225209339563246100, 0.9749279121818212900, 0.0000000000000000000 ) ) ;
#1401 = EDGE_CURVE ( 'NONE', #7190, #2182, #5813, .T. ) ;
#1402 = AXIS2_PLACEMENT_3D ( 'NONE', #7161, #2579, #3342 ) ;
#1403 = DIRECTION ( 'NONE',  ( 1.000000000000000000, 0.0000000000000000000, 0.0000000000000000000 ) ) ;
#1404 = DIRECTION ( 'NONE',  ( 0.0000000000000000000, -0.0000000000000000000, 1.000000000000000000 ) ) ;
#1405 = ORIENTED_EDGE ( 'NONE', *, *, #793, .F. ) ;
#1406 = DIRECTION ( 'NONE',  ( -0.0000000000000000000, -0.0000000000000000000, 1.000000000000000000 ) ) ;
#1407 = ADVANCED_FACE ( 'NONE', ( #2221 ), #8207, .F. ) ;
#1408 = CARTESIAN_POINT ( 'NONE',  ( 0.0000000000000000000, 0.0000000000000000000, -3.500000000000000900 ) ) ;
#1409 = EDGE_CURVE ( 'NONE', #1351, #5430, #5206, .T. ) ;
#1410 = COORDINATED_UNIVERSAL_TIME_OFFSET ( 6, 0, .BEHIND. ) ;
#1411 = CARTESIAN_POINT ( 'NONE',  ( 3.879820004569413300, 8.171767497885872100, 3.094141646974374100 ) ) ;
#1412 = CARTESIAN_POINT ( 'NONE',  ( 3.903773285788488600, 7.991030511759146500, -3.457279025203407600 ) ) ;
#1413 = CARTESIAN_POINT ( 'NONE',  ( 8.659027583718755100, 2.027652383711713700, -3.457544059217933600 ) ) ;
#1414 = CARTESIAN_POINT ( 'NONE',  ( 6.982402247695627100, -5.504327582625504300, 3.459706444013471500 ) ) ;
#1415 = DIRECTION ( 'NONE',  ( -0.9009688679024218100, -0.4338837391175526200, 0.0000000000000000000 ) ) ;
#1416 = DIRECTION ( 'NONE',  ( -1.000000000000000000, 0.0000000000000000000, 0.0000000000000000000 ) ) ;
#1417 = CIRCLE ( 'NONE', #9207, 9.046037105128458900 ) ;
#1418 = DIRECTION ( 'NONE',  ( -0.9749279121818212900, 0.2225209339563246600, 0.0000000000000000000 ) ) ;
#1419 = CARTESIAN_POINT ( 'NONE',  ( -8.830360115119992400, 1.964186229627660900, -3.500000000000000400 ) ) ;
#1420 = ORIENTED_EDGE ( 'NONE', *, *, #4886, .T. ) ;
#1421 = EDGE_CURVE ( 'NONE', #4210, #3603, #6184, .T. ) ;
#1422 = CARTESIAN_POINT ( 'NONE',  ( 3.815021055286742100, 8.037211093225000300, -3.452421434499180400 ) ) ;
#1423 = AXIS2_PLACEMENT_3D ( 'NONE', #55, #9846, #9217 ) ;
#1424 = CIRCLE ( 'NONE', #412, 8.896693082788692300 ) ;
#1425 = EDGE_CURVE ( 'NONE', #7594, #638, #1505, .T. ) ;
#1426 = CARTESIAN_POINT ( 'NONE',  ( -3.726420399248647100, 7.853229935211831300, 3.247602129575368800 ) ) ;
#1427 = CARTESIAN_POINT ( 'NONE',  ( -0.05000000000000002400, 8.844177403585215200, -3.462372291138045500 ) ) ;
#1428 = CARTESIAN_POINT ( 'NONE',  ( 6.880434121877955900, -5.550915516540690900, 3.458522467003439300 ) ) ;
#1429 = ORIENTED_EDGE ( 'NONE', *, *, #3549, .F. ) ;
#1430 = B_SPLINE_CURVE_WITH_KNOTS ( 'NONE', 3,
 ( #9304, #2454, #4796, #7754, #217, #8521, #120, #4060, #5503, #4670, #6249, #5444, #6290, #2512, #7024, #7784, #4769, #1755, #3966, #7110, #994, #91, #7072, #1690, #6219 ),
 .UNSPECIFIED., .F., .F.,
 ( 4, 3, 3, 3, 3, 3, 3, 3, 4 ),
 ( 0.0001509499138714766400, 0.0001527764003826878400, 0.0001645282963311853900, 0.0001762803579144525400, 0.0001880325997012803100, 0.0001997849575937755900, 0.0002115373162334731700, 0.0002188290956692535000, 0.0002208042975641503300 ),
 .UNSPECIFIED. ) ;
#1431 = CARTESIAN_POINT ( 'NONE',  ( -6.969107329192179500, 5.493725238911729000, -3.469286171371085200 ) ) ;
#1432 = AXIS2_PLACEMENT_3D ( 'NONE', #7769, #3151, #108 ) ;
#1433 = CARTESIAN_POINT ( 'NONE',  ( 0.0000000000000000000, 0.0000000000000000000, 2.449999999999999300 ) ) ;
#1434 = CIRCLE ( 'NONE', #274, 2.450000000000000200 ) ;
#1435 = CARTESIAN_POINT ( 'NONE',  ( 0.0000000000000000000, 0.0000000000000000000, -3.193750000000000500 ) ) ;
#1436 = CARTESIAN_POINT ( 'NONE',  ( 3.879820004569354700, -8.171767497885897000, -3.094141646974374100 ) ) ;
#1437 = DIRECTION ( 'NONE',  ( -0.0000000000000000000, -0.0000000000000000000, 1.000000000000000000 ) ) ;
#1438 = DIRECTION ( 'NONE',  ( 0.7818314824680352400, 0.6234898018587267100, 0.0000000000000000000 ) ) ;
#1440 = DIRECTION ( 'NONE',  ( -0.0000000000000000000, -0.0000000000000000000, 1.000000000000000000 ) ) ;
#1439 = AXIS2_PLACEMENT_3D ( 'NONE', #1535, #8391, #774 ) ;
#1441 = CARTESIAN_POINT ( 'NONE',  ( 0.0000000000000000000, 0.0000000000000000000, -3.094141646974374100 ) ) ;
#1442 = EDGE_CURVE ( 'NONE', #8455, #5269, #7606, .T. ) ;
#1443 = VERTEX_POINT ( 'NONE', #3120 ) ;
#1444 = CARTESIAN_POINT ( 'NONE',  ( -7.500000000000000000, 9.184850993605147900E-016, -7.960204194457796500E-016 ) ) ;
#1445 = ORIENTED_EDGE ( 'NONE', *, *, #1226, .F. ) ;
#1446 = CARTESIAN_POINT ( 'NONE',  ( 8.651001148481837400, 2.025820402246272200, -3.464797546056691800 ) ) ;
#1447 = CARTESIAN_POINT ( 'NONE',  ( -6.683716731970554800, -5.394038632958984000, 3.099533293948748100 ) ) ;
#1448 = CIRCLE ( 'NONE', #2633, 8.588813778810038700 ) ;
#1449 = CARTESIAN_POINT ( 'NONE',  ( 8.639630090360894200, 1.920653346106000200, 3.466377381984354400 ) ) ;
#1450 = EDGE_CURVE ( 'NONE', #1568, #6873, #3181, .T. ) ;
#1451 = CARTESIAN_POINT ( 'NONE',  ( 6.990202061954359000, -5.510547726935069300, -3.444839032082839000 ) ) ;
#1452 = DIRECTION ( 'NONE',  ( -1.000000000000000000, 0.0000000000000000000, 0.0000000000000000000 ) ) ;
#1453 = ORIENTED_EDGE ( 'NONE', *, *, #4523, .F. ) ;
#1454 = DIRECTION ( 'NONE',  ( 0.0000000000000000000, 0.0000000000000000000, -1.000000000000000000 ) ) ;
#1455 = ADVANCED_FACE ( 'NONE', ( #9755 ), #1527, .T. ) ;
#1456 = LINE ( 'NONE', #2790, #9353 ) ;
#1457 = EDGE_LOOP ( 'NONE', ( #4603, #2074, #5433, #7148, #5291, #3626 ) ) ;
#1458 = B_SPLINE_CURVE_WITH_KNOTS ( 'NONE', 3,
 ( #5800, #2078, #5828, #1259, #1943, #2774, #8135, #2836, #3618, #2705, #1213, #2808, #3582, #8937, #3555, #8906, #1980, #4356, #8963, #9696, #3487, #2734, #5122, #9573, #4988 ),
 .UNSPECIFIED., .F., .F.,
 ( 4, 3, 3, 3, 3, 3, 3, 3, 4 ),
 ( 0.0001509499138714756700, 0.0001527764003826867800, 0.0001645282963311840000, 0.0001762803579144511800, 0.0001880325997012805300, 0.0001997849575937743500, 0.0002115373162334719500, 0.0002188290956692535300, 0.0002208042975641515800 ),
 .UNSPECIFIED. ) ;
#1459 = DIRECTION ( 'NONE',  ( -0.0000000000000000000, -0.0000000000000000000, -1.000000000000000000 ) ) ;
#1460 = CARTESIAN_POINT ( 'NONE',  ( 8.362206348396760800, 1.959904873689046100, 3.099533293948748100 ) ) ;
#1461 = DIRECTION ( 'NONE',  ( 1.000000000000000000, 0.0000000000000000000, 0.0000000000000000000 ) ) ;
#1462 = CARTESIAN_POINT ( 'NONE',  ( 0.0000000000000000000, 0.0000000000000000000, -3.193750000000000500 ) ) ;
#1463 = CARTESIAN_POINT ( 'NONE',  ( 0.0000000000000000000, 0.0000000000000000000, 2.994533293948747700 ) ) ;
#1464 = EDGE_LOOP ( 'NONE', ( #6013, #948, #8559, #9007, #4598 ) ) ;
#1465 = CARTESIAN_POINT ( 'NONE',  ( -0.05000000000000002400, 8.893122785882026100, -3.457544059217933600 ) ) ;
#1466 = FACE_OUTER_BOUND ( 'NONE', #1922, .T. ) ;
#1467 = CARTESIAN_POINT ( 'NONE',  ( -3.811388277930564800, -8.029667553315773500, 3.462472406546387700 ) ) ;
#1468 = VECTOR ( 'NONE', #5621, 1000.000000000000000 ) ;
#1469 = ORIENTED_EDGE ( 'NONE', *, *, #4637, .F. ) ;
#1470 = ORIENTED_EDGE ( 'NONE', *, *, #9642, .T. ) ;
#1471 = FACE_OUTER_BOUND ( 'NONE', #6958, .T. ) ;
#1472 = DIRECTION ( 'NONE',  ( 1.000000000000000000, 0.0000000000000000000, 0.0000000000000000000 ) ) ;
#1473 = CARTESIAN_POINT ( 'NONE',  ( 3.969916891359655000, 8.128379123974113400, 3.193750000000000100 ) ) ;
#1474 = ORIENTED_EDGE ( 'NONE', *, *, #6729, .F. ) ;
#1475 = CARTESIAN_POINT ( 'NONE',  ( 0.05000000000000002400, -8.858323562023631600, 3.469014143938407500 ) ) ;
#1476 = CARTESIAN_POINT ( 'NONE',  ( -8.630645840616953300, 1.918602749729777100, 3.459673052288552200 ) ) ;
#1477 = EDGE_CURVE ( 'NONE', #659, #9836, #302, .T. ) ;
#1478 = CARTESIAN_POINT ( 'NONE',  ( -6.878316301899149100, 5.549226611465234000, 3.454996609771464800 ) ) ;
#1479 = CARTESIAN_POINT ( 'NONE',  ( 3.815021055286742100, 8.037211093225000300, 3.452421434499180400 ) ) ;
#1480 = ORIENTED_EDGE ( 'NONE', *, *, #9676, .F. ) ;
#1481 = CARTESIAN_POINT ( 'NONE',  ( 0.0000000000000000000, 0.0000000000000000000, 3.500000000000000000 ) ) ;
#1482 = FACE_OUTER_BOUND ( 'NONE', #6885, .T. ) ;
#1483 = VERTEX_POINT ( 'NONE', #5329 ) ;
#1484 = CARTESIAN_POINT ( 'NONE',  ( -4.013365220676247300, -8.218600509445195700, -3.500000000000000400 ) ) ;
#1485 = MANIFOLD_SOLID_BREP ( 'CirPattern2', #4572 ) ;
#1486 = ORIENTED_EDGE ( 'NONE', *, *, #1265, .F. ) ;
#1487 = EDGE_CURVE ( 'NONE', #9030, #7223, #4129, .T. ) ;
#1488 = ORIENTED_EDGE ( 'NONE', *, *, #3653, .F. ) ;
#1489 = CARTESIAN_POINT ( 'NONE',  ( -3.879820004569468800, -8.171767497885843700, -3.094141646974374100 ) ) ;
#1490 = DIRECTION ( 'NONE',  ( -0.6234898018587320400, 0.7818314824680310200, 0.0000000000000000000 ) ) ;
#1491 = ORIENTED_EDGE ( 'NONE', *, *, #4165, .F. ) ;
#1492 = DIRECTION ( 'NONE',  ( 0.2225209339563246600, 0.9749279121818212900, 0.0000000000000000000 ) ) ;
#1493 = CYLINDRICAL_SURFACE ( 'NONE', #6210, 8.588813778810038700 ) ;
#1494 = VERTEX_POINT ( 'NONE', #6102 ) ;
#1495 = CARTESIAN_POINT ( 'NONE',  ( 7.068044516080801600, 5.572625012626129000, -3.272391413630715300 ) ) ;
#1496 = EDGE_CURVE ( 'NONE', #4582, #5192, #4238, .T. ) ;
#1497 = EDGE_LOOP ( 'NONE', ( #6704, #2370 ) ) ;
#1498 = VERTEX_POINT ( 'NONE', #3062 ) ;
#1499 = CARTESIAN_POINT ( 'NONE',  ( 0.05000000000000001000, -9.045898922017695300, 3.094141646974374100 ) ) ;
#1500 = EDGE_LOOP ( 'NONE', ( #7584, #8444, #5227, #9562 ) ) ;
#1501 = AXIS2_PLACEMENT_3D ( 'NONE', #7845, #6334, #4025 ) ;
#1502 = DIRECTION ( 'NONE',  ( 0.6234898018587431400, 0.7818314824680221400, -0.0000000000000000000 ) ) ;
#1503 = LINE ( 'NONE', #3532, #530 ) ;
#1504 = DIRECTION ( 'NONE',  ( 1.000000000000000000, 0.0000000000000000000, 0.0000000000000000000 ) ) ;
#1505 = CIRCLE ( 'NONE', #5210, 8.588813778810036900 ) ;
#1506 = DIRECTION ( 'NONE',  ( 1.000000000000000000, 0.0000000000000000000, 0.0000000000000000000 ) ) ;
#1507 = VERTEX_POINT ( 'NONE', #8411 ) ;
#1508 = AXIS2_PLACEMENT_3D ( 'NONE', #7365, #9690, #5885 ) ;
#1509 = B_SPLINE_CURVE_WITH_KNOTS ( 'NONE', 3,
 ( #2424, #9397, #4798, #5574, #193, #6323, #7788 ),
 .UNSPECIFIED., .F., .F.,
 ( 4, 3, 4 ),
 ( 0.001199429903413613800, 0.001225696219576499900, 0.001498119107920984200 ),
 .UNSPECIFIED. ) ;
#1510 = EDGE_CURVE ( 'NONE', #348, #2883, #7733, .T. ) ;
#1511 = CARTESIAN_POINT ( 'NONE',  ( 0.0000000000000000000, 0.0000000000000000000, 3.454996609771464400 ) ) ;
#1512 = DIRECTION ( 'NONE',  ( 0.0000000000000000000, 0.0000000000000000000, 1.000000000000000000 ) ) ;
#1513 = ADVANCED_FACE ( 'NONE', ( #7850 ), #8567, .F. ) ;
#1514 = DIRECTION ( 'NONE',  ( 0.0000000000000000000, 0.0000000000000000000, -1.000000000000000000 ) ) ;
#1515 = TOROIDAL_SURFACE ( 'NONE', #3554, 7.500000000000000000, 2.450000000000000200 ) ;
#1516 = LINE ( 'NONE', #9083, #5332 ) ;
#1517 = DIRECTION ( 'NONE',  ( 0.0000000000000000000, 0.0000000000000000000, 1.000000000000000000 ) ) ;
#1518 = DIRECTION ( 'NONE',  ( -1.000000000000000000, 0.0000000000000000000, 0.0000000000000000000 ) ) ;
#1519 = DIRECTION ( 'NONE',  ( -0.9009688679024158200, 0.4338837391175652300, 0.0000000000000000000 ) ) ;
#1520 = CARTESIAN_POINT ( 'NONE',  ( -7.068044516080838900, -5.572625012626080100, 3.272391413630716200 ) ) ;
#1521 = ORIENTED_EDGE ( 'NONE', *, *, #3381, .T. ) ;
#1522 = AXIS2_PLACEMENT_3D ( 'NONE', #5710, #3471, #8797 ) ;
#1523 = DIRECTION ( 'NONE',  ( -0.0000000000000000000, -0.0000000000000000000, 1.000000000000000000 ) ) ;
#1524 = CARTESIAN_POINT ( 'NONE',  ( -3.969916891359710500, -8.128379123974086800, 3.500000000000000000 ) ) ;
#1525 = CARTESIAN_POINT ( 'NONE',  ( -7.103543054550032200, -5.600934152399481100, -3.500000000000000000 ) ) ;
#1526 = CARTESIAN_POINT ( 'NONE',  ( 7.005695535894889600, -5.650808160872978500, -3.272391413630715300 ) ) ;
#1527 = PLANE ( 'NONE',  #4563 ) ;
#1528 = ORIENTED_EDGE ( 'NONE', *, *, #3483, .T. ) ;
#1529 = CARTESIAN_POINT ( 'NONE',  ( 3.771531933161288200, -7.716428513517238100, 3.500000000000000000 ) ) ;
#1530 = CARTESIAN_POINT ( 'NONE',  ( 6.959874108529841200, -5.486361991139749400, -3.469900311146004500 ) ) ;
#1531 = CALENDAR_DATE ( 2023, 11, 7 ) ;
#1532 = CARTESIAN_POINT ( 'NONE',  ( -8.643545619096316900, 2.024118726316025600, -3.468147503381453900 ) ) ;
#1533 = CARTESIAN_POINT ( 'NONE',  ( 8.394555401783325300, -1.864716647700033600, 3.114323832567764200 ) ) ;
#1534 = CARTESIAN_POINT ( 'NONE',  ( 0.0000000000000000000, 0.0000000000000000000, 3.500000000000000400 ) ) ;
#1535 = CARTESIAN_POINT ( 'NONE',  ( 0.05000000000000000300, 9.146037105128458600, -3.500000000000000400 ) ) ;
#1536 = VECTOR ( 'NONE', #2605, 1000.000000000000000 ) ;
#1537 = CARTESIAN_POINT ( 'NONE',  ( -5.378237760728125300, 6.586441658729127800E-016, 3.500000000000000000 ) ) ;
#1538 = CARTESIAN_POINT ( 'NONE',  ( 8.683130557623551100, -1.930582043891686700, 3.455073707654065600 ) ) ;
#1539 = ORIENTED_EDGE ( 'NONE', *, *, #4160, .T. ) ;
#1540 = DIRECTION ( 'NONE',  ( -0.0000000000000000000, -0.0000000000000000000, 1.000000000000000000 ) ) ;
#1541 = CARTESIAN_POINT ( 'NONE',  ( -8.654993824190224700, 1.924160018094934500, 3.470139885832122400 ) ) ;
#1542 = CARTESIAN_POINT ( 'NONE',  ( 6.762259978290644300, 5.328769981006773900, -3.129114371485063100 ) ) ;
#1543 = EDGE_CURVE ( 'NONE', #1641, #9589, #7614, .T. ) ;
#1544 = CARTESIAN_POINT ( 'NONE',  ( 3.771531933161288200, -7.716428513517238100, -3.099533293948748100 ) ) ;
#1545 = CARTESIAN_POINT ( 'NONE',  ( 0.05000000000000001000, 9.045898922017695300, 3.094141646974374100 ) ) ;
#1546 = CYLINDRICAL_SURFACE ( 'NONE', #5484, 11.00000000000000000 ) ;
#1547 = CARTESIAN_POINT ( 'NONE',  ( 8.644111698229581400, 2.024247930184058600, -3.468181098941469600 ) ) ;
#1548 = DIRECTION ( 'NONE',  ( -0.7818314824680268100, 0.6234898018587372600, -0.0000000000000000000 ) ) ;
#1549 = DIRECTION ( 'NONE',  ( -1.000000000000000000, 0.0000000000000000000, 0.0000000000000000000 ) ) ;
#1550 = ORIENTED_EDGE ( 'NONE', *, *, #9292, .T. ) ;
#1551 = DIRECTION ( 'NONE',  ( 0.0000000000000000000, 0.0000000000000000000, -1.000000000000000000 ) ) ;
#1552 = ADVANCED_FACE ( 'NONE', ( #421 ), #9295, .T. ) ;
#1553 = CARTESIAN_POINT ( 'NONE',  ( 8.830225396548341300, 1.964155480992677100, -3.193750000000000100 ) ) ;
#1554 = DIRECTION ( 'NONE',  ( -0.0000000000000000000, -0.0000000000000000000, -1.000000000000000000 ) ) ;
#1555 = ORIENTED_EDGE ( 'NONE', *, *, #9501, .F. ) ;
#1556 = ORIENTED_EDGE ( 'NONE', *, *, #5728, .T. ) ;
#1557 = AXIS2_PLACEMENT_3D ( 'NONE', #4266, #1921, #4333 ) ;
#1558 = CARTESIAN_POINT ( 'NONE',  ( -3.879820004569468800, -8.171767497885843700, 3.193750000000000100 ) ) ;
#1559 = EDGE_CURVE ( 'NONE', #2207, #9854, #4491, .T. ) ;
#1560 = CARTESIAN_POINT ( 'NONE',  ( -8.662071568797246700, 2.028347153442143600, -3.452954079042413100 ) ) ;
#1561 = CARTESIAN_POINT ( 'NONE',  ( -8.662371385772239300, -2.028415584710014000, -3.452421434499180400 ) ) ;
#1562 = CIRCLE ( 'NONE', #7324, 9.046037105128458900 ) ;
#1563 = CARTESIAN_POINT ( 'NONE',  ( 8.384458441792379100, -1.862412082470922300, 3.099533293948748100 ) ) ;
#1564 = DIRECTION ( 'NONE',  ( 0.0000000000000000000, 0.0000000000000000000, 1.000000000000000000 ) ) ;
#1565 = B_SPLINE_CURVE_WITH_KNOTS ( 'NONE', 3,
 ( #4154, #424, #8708, #7169, #2644, #4220, #1855 ),
 .UNSPECIFIED., .F., .F.,
 ( 4, 3, 4 ),
 ( 0.0008460917731560551200, 0.0009002598162382143200, 0.001280034707405372300 ),
 .UNSPECIFIED. ) ;
#1566 = CARTESIAN_POINT ( 'NONE',  ( 0.0000000000000000000, 0.0000000000000000000, 3.500000000000000000 ) ) ;
#1567 = AXIS2_PLACEMENT_3D ( 'NONE', #5369, #8390, #6916 ) ;
#1568 = VERTEX_POINT ( 'NONE', #6310 ) ;
#1569 = CIRCLE ( 'NONE', #6495, 8.588813778810038700 ) ;
#1570 = ORIENTED_EDGE ( 'NONE', *, *, #7046, .T. ) ;
#1572 = CARTESIAN_POINT ( 'NONE',  ( 3.969976846764378100, -8.128503622655012300, 3.500000000000000400 ) ) ;
#1571 = AXIS2_PLACEMENT_3D ( 'NONE', #2927, #1404, #8288 ) ;
#1573 = CARTESIAN_POINT ( 'NONE',  ( -8.697427512990328700, 1.933845230657861300, -3.429674227117770700 ) ) ;
#1574 = EDGE_CURVE ( 'NONE', #2536, #1234, #1139, .T. ) ;
#1575 = CARTESIAN_POINT ( 'NONE',  ( -6.885620889539865200, 5.555051825725465500, 3.464362763198132600 ) ) ;
#1576 = CARTESIAN_POINT ( 'NONE',  ( -8.414749320523764500, 1.869325777874962300, -3.143904910697430800 ) ) ;
#1577 = VERTEX_POINT ( 'NONE', #5521 ) ;
#1578 = CONICAL_SURFACE ( 'NONE', #8656, 8.869223585189136100, 0.6108652381980126400 ) ;
#1579 = FACE_OUTER_BOUND ( 'NONE', #8903, .T. ) ;
#1580 = CARTESIAN_POINT ( 'NONE',  ( -0.05000000000000001700, -8.896552580035715300, -3.452421434499180400 ) ) ;
#1581 = ORIENTED_EDGE ( 'NONE', *, *, #1920, .T. ) ;
#1582 = ORIENTED_EDGE ( 'NONE', *, *, #4868, .F. ) ;
#1583 = DIRECTION ( 'NONE',  ( -0.4338837391175651100, -0.9009688679024157000, 0.0000000000000000000 ) ) ;
#1584 = LINE ( 'NONE', #3744, #5884 ) ;
#1585 = AXIS2_PLACEMENT_3D ( 'NONE', #5307, #1512, #6746 ) ;
#1586 = EDGE_LOOP ( 'NONE', ( #180, #3379, #2919, #7446 ) ) ;
#1587 = B_SPLINE_CURVE_WITH_KNOTS ( 'NONE', 3,
 ( #3657, #9738, #6692, #8343, #646, #2944, #8936 ),
 .UNSPECIFIED., .F., .F.,
 ( 4, 3, 4 ),
 ( 0.0005204849250710215100, 0.0009002598162381898200, 0.0009544278593203507600 ),
 .UNSPECIFIED. ) ;
#1588 = CARTESIAN_POINT ( 'NONE',  ( 8.927852906338200600, 1.986438323023172600, 3.094141646974374100 ) ) ;
#1589 = DIRECTION ( 'NONE',  ( 1.000000000000000000, 0.0000000000000000000, 0.0000000000000000000 ) ) ;
#1590 = FACE_OUTER_BOUND ( 'NONE', #4616, .T. ) ;
#1591 = B_SPLINE_CURVE_WITH_KNOTS ( 'NONE', 3,
 ( #2460, #9357, #7077, #1817, #9422, #4772, #6324, #1030, #7147, #7916, #3326, #8840, #4989, #4259, #5671, #3396, #9548, #1190, #5806, #4964, #449, #8047, #8815, #349, #7302 ),
 .UNSPECIFIED., .F., .F.,
 ( 4, 3, 3, 3, 3, 3, 3, 3, 4 ),
 ( 0.0001509499138714757200, 0.0001527764003826876700, 0.0001645282963311841700, 0.0001762803579144513200, 0.0001880325997012806600, 0.0001997849575937743500, 0.0002115373162334718900, 0.0002188290956692533600, 0.0002208042975641514200 ),
 .UNSPECIFIED. ) ;
#1592 = ORIENTED_EDGE ( 'NONE', *, *, #9355, .T. ) ;
#1593 = CIRCLE ( 'NONE', #2866, 5.378237760728124400 ) ;
#1594 = ORIENTED_EDGE ( 'NONE', *, *, #1044, .T. ) ;
#1595 = DIRECTION ( 'NONE',  ( -1.000000000000000000, 0.0000000000000000000, 0.0000000000000000000 ) ) ;
#1596 = ORIENTED_EDGE ( 'NONE', *, *, #5354, .F. ) ;
#1597 = VERTEX_POINT ( 'NONE', #7058 ) ;
#1598 = DIRECTION ( 'NONE',  ( -0.0000000000000000000, -0.0000000000000000000, 1.000000000000000000 ) ) ;
#1599 = VERTEX_POINT ( 'NONE', #3280 ) ;
#1600 = CARTESIAN_POINT ( 'NONE',  ( 8.666639397120906800, 2.029389730449030700, 3.444839032082838600 ) ) ;
#1601 = ORIENTED_EDGE ( 'NONE', *, *, #6253, .T. ) ;
#1602 = DIRECTION ( 'NONE',  ( -0.0000000000000000000, -0.0000000000000000000, 1.000000000000000000 ) ) ;
#1603 = FACE_BOUND ( 'NONE', #9410, .T. ) ;
#1604 = ORIENTED_EDGE ( 'NONE', *, *, #8335, .F. ) ;
#1605 = ADVANCED_FACE ( 'NONE', ( #8324 ), #140, .T. ) ;
#1606 = VERTEX_POINT ( 'NONE', #8627 ) ;
#1607 = EDGE_CURVE ( 'NONE', #2314, #1320, #7243, .T. ) ;
#1608 = ORIENTED_EDGE ( 'NONE', *, *, #2478, .T. ) ;
#1609 = CARTESIAN_POINT ( 'NONE',  ( 0.05000000000000002400, -8.838760696031124900, -3.456597352396201500 ) ) ;
#1610 = CARTESIAN_POINT ( 'NONE',  ( 3.820719386415921900, 8.049043799739495200, 3.429674227117770700 ) ) ;
#1611 = VERTEX_POINT ( 'NONE', #8664 ) ;
#1612 = CARTESIAN_POINT ( 'NONE',  ( 3.785012642412624000, -7.744421494718608300, -3.143904910697430800 ) ) ;
#1613 = ORIENTED_EDGE ( 'NONE', *, *, #4671, .F. ) ;
#1614 = CARTESIAN_POINT ( 'NONE',  ( -4.524999999999999500, 5.541526766141772900E-016, 3.500000000000000400 ) ) ;
#1615 = VERTEX_POINT ( 'NONE', #2470 ) ;
#1616 = CARTESIAN_POINT ( 'NONE',  ( 3.726420399248757700, 7.853229935211777100, -3.247602129575368800 ) ) ;
#1617 = LINE ( 'NONE', #3162, #6035 ) ;
#1618 = ORIENTED_EDGE ( 'NONE', *, *, #6729, .T. ) ;
#1619 = EDGE_CURVE ( 'NONE', #1611, #7192, #6412, .T. ) ;
#1620 = ORIENTED_EDGE ( 'NONE', *, *, #8553, .T. ) ;
#1621 = CARTESIAN_POINT ( 'NONE',  ( 3.905117942076926400, -7.993822719313271800, 3.452421434499180400 ) ) ;
#1622 = DIRECTION ( 'NONE',  ( 1.000000000000000000, 0.0000000000000000000, 0.0000000000000000000 ) ) ;
#1623 = VERTEX_POINT ( 'NONE', #1795 ) ;
#1624 = AXIS2_PLACEMENT_3D ( 'NONE', #1901, #8035, #6030 ) ;
#1625 = VERTEX_POINT ( 'NONE', #9319 ) ;
#1626 = EDGE_CURVE ( 'NONE', #894, #9840, #5450, .T. ) ;
#1627 = LINE ( 'NONE', #629, #4619 ) ;
#1628 = FACE_OUTER_BOUND ( 'NONE', #9001, .T. ) ;
#1629 = DIRECTION ( 'NONE',  ( -0.0000000000000000000, -0.0000000000000000000, -1.000000000000000000 ) ) ;
#1630 = ORIENTED_EDGE ( 'NONE', *, *, #578, .T. ) ;
#1631 = CARTESIAN_POINT ( 'NONE',  ( -8.647171194634639200, 2.024946240273556100, -3.466916208273112900 ) ) ;
#1632 = DIRECTION ( 'NONE',  ( 1.000000000000000000, 0.0000000000000000000, 0.0000000000000000000 ) ) ;
#1633 = AXIS2_PLACEMENT_3D ( 'NONE', #4264, #8820, #3402 ) ;
#1634 = CARTESIAN_POINT ( 'NONE',  ( -0.05000000000000002400, 8.893122785882026100, 3.457544059217933600 ) ) ;
#1635 = LINE ( 'NONE', #2862, #7741 ) ;
#1636 = TOROIDAL_SURFACE ( 'NONE', #590, 8.866382193656235700, 0.03500000000000000300 ) ;
#1637 = CARTESIAN_POINT ( 'NONE',  ( -5.254494074020480600, 6.434899348887917600E-016, -3.500000000000000000 ) ) ;
#1638 = AXIS2_PLACEMENT_3D ( 'NONE', #9077, #3663, #7507 ) ;
#1639 = B_SPLINE_CURVE_WITH_KNOTS ( 'NONE', 3,
 ( #5719, #3450, #9603, #1253, #5854, #5013, #501, #6635, #6568, #9694, #5751, #4984, #3552, #9641, #4351, #413, #2000, #8131, #2029, #7370, #2805, #1284, #8902, #442, #4209 ),
 .UNSPECIFIED., .F., .F.,
 ( 4, 3, 3, 3, 3, 3, 3, 3, 4 ),
 ( 0.0001509499138714748300, 0.0001527764003826861300, 0.0001645282963311828400, 0.0001762803579144498300, 0.0001880325997012791200, 0.0001997849575937735900, 0.0002115373162334717000, 0.0002188290956692522300, 0.0002208042975641490600 ),
 .UNSPECIFIED. ) ;
#1640 = EDGE_CURVE ( 'NONE', #9027, #8428, #1389, .T. ) ;
#1641 = VERTEX_POINT ( 'NONE', #5493 ) ;
#1642 = CARTESIAN_POINT ( 'NONE',  ( -0.05000000000000000300, -9.146037105128458600, -3.500000000000000400 ) ) ;
#1643 = CARTESIAN_POINT ( 'NONE',  ( -8.640334695620662600, -2.023385853985758800, 3.469286171371085200 ) ) ;
#1644 = DIRECTION ( 'NONE',  ( -0.2225209339563182200, -0.9749279121818227300, 0.0000000000000000000 ) ) ;
#1645 = CARTESIAN_POINT ( 'NONE',  ( -0.05000000000000001000, 9.046037105128458900, -3.500000000000000400 ) ) ;
#1646 = CARTESIAN_POINT ( 'NONE',  ( 3.815021055286742100, 8.037211093225000300, 3.452421434499180400 ) ) ;
#1647 = EDGE_CURVE ( 'NONE', #6694, #2080, #2092, .T. ) ;
#1648 = VERTEX_POINT ( 'NONE', #3339 ) ;
#1649 = CARTESIAN_POINT ( 'NONE',  ( 3.685928616305655000, -7.769147881545203300, -3.114323832567765100 ) ) ;
#1650 = CARTESIAN_POINT ( 'NONE',  ( -6.900669263985788500, -5.567052503891789100, 3.470139885832122400 ) ) ;
#1651 = CARTESIAN_POINT ( 'NONE',  ( 0.0000000000000000000, 0.0000000000000000000, 3.094141646974374100 ) ) ;
#1652 = DIRECTION ( 'NONE',  ( 0.0000000000000000000, 0.0000000000000000000, -1.000000000000000000 ) ) ;
#1653 = PERSON_AND_ORGANIZATION_ROLE ( 'classification_officer' ) ;
#1654 = ADVANCED_FACE ( 'NONE', ( #9523 ), #3415, .T. ) ;
#1655 = DIRECTION ( 'NONE',  ( 0.0000000000000000000, 0.0000000000000000000, -1.000000000000000000 ) ) ;
#1656 = DIRECTION ( 'NONE',  ( 0.0000000000000000000, 0.0000000000000000000, 1.000000000000000000 ) ) ;
#1657 = LINE ( 'NONE', #519, #9322 ) ;
#1658 = DIRECTION ( 'NONE',  ( -0.0000000000000000000, -0.0000000000000000000, 1.000000000000000000 ) ) ;
#1659 = CARTESIAN_POINT ( 'NONE',  ( 0.0000000000000000000, 0.0000000000000000000, -3.094141646974374100 ) ) ;
#1660 = CARTESIAN_POINT ( 'NONE',  ( -0.05000000000000002400, 8.847484827480393200, 3.464471549642479200 ) ) ;
#1661 = ORIENTED_EDGE ( 'NONE', *, *, #4759, .F. ) ;
#1662 = EDGE_CURVE ( 'NONE', #1759, #5273, #8382, .T. ) ;
#1663 = CARTESIAN_POINT ( 'NONE',  ( 8.807973303152710500, 2.061648272210859600, 3.193750000000000100 ) ) ;
#1664 = SPHERICAL_SURFACE ( 'NONE', #9330, 2.450000000000000600 ) ;
#1665 = DIRECTION ( 'NONE',  ( -0.0000000000000000000, -0.0000000000000000000, 1.000000000000000000 ) ) ;
#1666 = CARTESIAN_POINT ( 'NONE',  ( -5.378237760728125300, 6.586441658729127800E-016, 3.500000000000000000 ) ) ;
#1667 = EDGE_CURVE ( 'NONE', #763, #1347, #6969, .T. ) ;
#1668 = CARTESIAN_POINT ( 'NONE',  ( -8.654208609147938000, -2.026552484212613200, -3.462472406546387700 ) ) ;
#1669 = ORIENTED_EDGE ( 'NONE', *, *, #3207, .T. ) ;
#1670 = CARTESIAN_POINT ( 'NONE',  ( -8.662371385772200200, 2.028415584710187700, -3.452421434499180400 ) ) ;
#1671 = AXIS2_PLACEMENT_3D ( 'NONE', #1104, #7973, #5782 ) ;
#1672 = CIRCLE ( 'NONE', #3610, 9.046037105128458900 ) ;
#1673 = EDGE_CURVE ( 'NONE', #8273, #5661, #2925, .T. ) ;
#1674 = CARTESIAN_POINT ( 'NONE',  ( -6.924430402411212000, -5.586001379475613100, 3.452421434499180400 ) ) ;
#1675 = CARTESIAN_POINT ( 'NONE',  ( 8.658790293242626400, -1.925026537381810300, 3.469713030103804400 ) ) ;
#1676 = CARTESIAN_POINT ( 'NONE',  ( 8.681602063913597800, 1.930233175176680600, -3.457279025203407600 ) ) ;
#1677 = VERTEX_POINT ( 'NONE', #8694 ) ;
#1678 = AXIS2_PLACEMENT_3D ( 'NONE', #787, #2295, #7659 ) ;
#1679 = VECTOR ( 'NONE', #1692, 1000.000000000000100 ) ;
#1680 = DIRECTION ( 'NONE',  ( 1.000000000000000000, 0.0000000000000000000, 0.0000000000000000000 ) ) ;
#1681 = DIRECTION ( 'NONE',  ( -0.0000000000000000000, -0.0000000000000000000, 1.000000000000000000 ) ) ;
#1682 = AXIS2_PLACEMENT_3D ( 'NONE', #1566, #8360, #9164 ) ;
#1683 = DIRECTION ( 'NONE',  ( -0.0000000000000000000, -0.0000000000000000000, 1.000000000000000000 ) ) ;
#1684 = EDGE_CURVE ( 'NONE', #8456, #3121, #4369, .T. ) ;
#1685 = CARTESIAN_POINT ( 'NONE',  ( -8.650639518000600600, 2.025737862448911700, 3.465025888964337500 ) ) ;
#1686 = ORIENTED_EDGE ( 'NONE', *, *, #3432, .T. ) ;
#1687 = DIRECTION ( 'NONE',  ( 1.000000000000000000, 0.0000000000000000000, 0.0000000000000000000 ) ) ;
#1688 = CIRCLE ( 'NONE', #2749, 8.601156667459632000 ) ;
#1689 = ORIENTED_EDGE ( 'NONE', *, *, #5376, .F. ) ;
#1690 = CARTESIAN_POINT ( 'NONE',  ( 3.879692025218503200, 7.941025258929139200, 3.455541280135825400 ) ) ;
#1691 = B_SPLINE_CURVE_WITH_KNOTS ( 'NONE', 3,
 ( #4866, #9425, #1031, #7079, #4099, #324, #7918 ),
 .UNSPECIFIED., .F., .F.,
 ( 4, 3, 4 ),
 ( 0.0005204849250710220500, 0.0009002598162381902500, 0.0009544278593203510800 ),
 .UNSPECIFIED. ) ;
#1692 = DIRECTION ( 'NONE',  ( 0.7071067811865499000, 8.659560562354961200E-017, -0.7071067811865452400 ) ) ;
#1694 = FACE_OUTER_BOUND ( 'NONE', #2552, .T. ) ;
#1693 = AXIS2_PLACEMENT_3D ( 'NONE', #9270, #124, #8435 ) ;
#1695 = CARTESIAN_POINT ( 'NONE',  ( 8.684623479167845200, -1.930922793491949100, -3.452421434499180400 ) ) ;
#1696 = ADVANCED_FACE ( 'NONE', ( #5934 ), #7013, .T. ) ;
#1697 = VERTEX_POINT ( 'NONE', #4339 ) ;
#1698 = CARTESIAN_POINT ( 'NONE',  ( 0.0000000000000000000, 0.0000000000000000000, -3.500000000000000400 ) ) ;
#1699 = CIRCLE ( 'NONE', #6667, 5.378237760728126200 ) ;
#1700 = CARTESIAN_POINT ( 'NONE',  ( 8.604868042990039700, -2.015290821964479800, -3.454996609771464800 ) ) ;
#1701 = CARTESIAN_POINT ( 'NONE',  ( 5.378237760728126200, 0.0000000000000000000, 1.225000000000002100 ) ) ;
#1702 = VECTOR ( 'NONE', #3164, 1000.000000000000000 ) ;
#1703 = ORIENTED_EDGE ( 'NONE', *, *, #8197, .T. ) ;
#1704 = CARTESIAN_POINT ( 'NONE',  ( -3.879820004569468800, -8.171767497885843700, -3.500000000000000000 ) ) ;
#1705 = ORIENTED_EDGE ( 'NONE', *, *, #3815, .T. ) ;
#1706 = CARTESIAN_POINT ( 'NONE',  ( 3.789429660203687000, -7.984070013767042600, -3.454996609771464800 ) ) ;
#1707 = CIRCLE ( 'NONE', #5970, 0.03499999999999987800 ) ;
#1708 = ORIENTED_EDGE ( 'NONE', *, *, #9768, .F. ) ;
#1709 = CARTESIAN_POINT ( 'NONE',  ( -0.05000000000000002400, -8.837570431649497800, -3.454996609771464800 ) ) ;
#1710 = CARTESIAN_POINT ( 'NONE',  ( 7.005695535894927800, 5.650808160872931500, -3.272391413630716200 ) ) ;
#1711 = EDGE_LOOP ( 'NONE', ( #5046, #8318 ) ) ;
#1712 = CARTESIAN_POINT ( 'NONE',  ( 8.650651955850438700, 1.923169014979594800, -3.469846945119945800 ) ) ;
#1713 = CONICAL_SURFACE ( 'NONE', #2854, 8.737285000697680100, 0.5235987755983008100 ) ;
#1714 = ORIENTED_EDGE ( 'NONE', *, *, #3461, .F. ) ;
#1715 = ORIENTED_EDGE ( 'NONE', *, *, #4039, .F. ) ;
#1716 = ORIENTED_EDGE ( 'NONE', *, *, #5406, .F. ) ;
#1717 = CARTESIAN_POINT ( 'NONE',  ( -8.643632771701655700, 1.921566932002215100, -3.468127985775450100 ) ) ;
#1718 = ORIENTED_EDGE ( 'NONE', *, *, #3613, .F. ) ;
#1719 = DIRECTION ( 'NONE',  ( 0.7071067811865429100, 0.0000000000000000000, 0.7071067811865522400 ) ) ;
#1720 = ORIENTED_EDGE ( 'NONE', *, *, #5241, .F. ) ;
#1721 = DIRECTION ( 'NONE',  ( -0.0000000000000000000, -0.0000000000000000000, -1.000000000000000000 ) ) ;
#1722 = CARTESIAN_POINT ( 'NONE',  ( 8.905600812942555700, -2.083931114241417000, -3.500000000000000400 ) ) ;
#1723 = FACE_OUTER_BOUND ( 'NONE', #1969, .T. ) ;
#1724 = ORIENTED_EDGE ( 'NONE', *, *, #9501, .T. ) ;
#1725 = CARTESIAN_POINT ( 'NONE',  ( 8.384458441792393300, 1.862412082470863900, -3.099533293948748100 ) ) ;
#1726 = VERTEX_POINT ( 'NONE', #8000 ) ;
#1727 = EDGE_CURVE ( 'NONE', #6633, #2207, #2335, .T. ) ;
#1728 = ORIENTED_EDGE ( 'NONE', *, *, #7138, .F. ) ;
#1729 = CARTESIAN_POINT ( 'NONE',  ( 4.000000000000000000, 4.898587196589412800E-016, -2.975000000000005000 ) ) ;
#1730 = PLANE ( 'NONE',  #8171 ) ;
#1731 = ORIENTED_EDGE ( 'NONE', *, *, #9340, .T. ) ;
#1732 = LINE ( 'NONE', #3234, #8323 ) ;
#1733 = CIRCLE ( 'NONE', #8433, 9.046037105128460700 ) ;
#1734 = CARTESIAN_POINT ( 'NONE',  ( -6.754162845390077900, -5.322312732992252800, -3.114323832567765100 ) ) ;
#1735 = DIRECTION ( 'NONE',  ( 1.000000000000000000, 0.0000000000000000000, 0.0000000000000000000 ) ) ;
#1736 = VERTEX_POINT ( 'NONE', #7974 ) ;
#1737 = EDGE_CURVE ( 'NONE', #8987, #5402, #8460, .T. ) ;
#1738 = TOROIDAL_SURFACE ( 'NONE', #1522, 8.866382193656235700, 0.03500000000000000300 ) ;
#1739 = FACE_OUTER_BOUND ( 'NONE', #9401, .T. ) ;
#1740 = CARTESIAN_POINT ( 'NONE',  ( -6.923676418388918600, 5.585400097282431800, -3.453994494324953200 ) ) ;
#1741 = CARTESIAN_POINT ( 'NONE',  ( 8.662172082280122300, 1.925798408661319300, -3.469378817057675600 ) ) ;
#1742 = ORIENTED_EDGE ( 'NONE', *, *, #1283, .T. ) ;
#1743 = AXIS2_PLACEMENT_3D ( 'NONE', #6956, #3085, #3051 ) ;
#1744 = ADVANCED_FACE ( 'NONE', ( #6296 ), #1335, .T. ) ;
#1745 = EDGE_CURVE ( 'NONE', #7587, #5748, #69, .T. ) ;
#1746 = CARTESIAN_POINT ( 'NONE',  ( -8.662586789016254200, 1.925893062767750200, -3.469286171371085200 ) ) ;
#1747 = DIRECTION ( 'NONE',  ( 0.0000000000000000000, 0.0000000000000000000, -1.000000000000000000 ) ) ;
#1748 = DIRECTION ( 'NONE',  ( -0.0000000000000000000, -0.0000000000000000000, 1.000000000000000000 ) ) ;
#1749 = CARTESIAN_POINT ( 'NONE',  ( 0.0000000000000000000, 9.950000000000001100, -1.592040838891560100E-016 ) ) ;
#1750 = EDGE_LOOP ( 'NONE', ( #4734, #765, #8579, #8789, #5573, #9209 ) ) ;
#1751 = DIRECTION ( 'NONE',  ( 0.0000000000000000000, -1.000000000000000000, 0.0000000000000000000 ) ) ;
#1752 = AXIS2_PLACEMENT_3D ( 'NONE', #9632, #9658, #5923 ) ;
#1753 = CARTESIAN_POINT ( 'NONE',  ( 0.0000000000000000000, 0.0000000000000000000, 3.376256313292342400 ) ) ;
#1754 = CARTESIAN_POINT ( 'NONE',  ( -0.05000000000000002400, 8.838348897068080100, 3.456075294419946400 ) ) ;
#1755 = CARTESIAN_POINT ( 'NONE',  ( 3.883580287306745300, 7.949099318350853600, 3.464362763198132600 ) ) ;
#1756 = AXIS2_PLACEMENT_3D ( 'NONE', #2337, #3081, #7556 ) ;
#1757 = B_SPLINE_CURVE_WITH_KNOTS ( 'NONE', 3,
 ( #7794, #6384, #1788, #8689, #9312, #4720, #3208 ),
 .UNSPECIFIED., .F., .F.,
 ( 4, 3, 4 ),
 ( 0.0005204849250710216100, 0.0009002598162381899300, 0.0009544278593203505400 ),
 .UNSPECIFIED. ) ;
#1758 = EDGE_CURVE ( 'NONE', #1677, #6975, #7971, .T. ) ;
#1759 = VERTEX_POINT ( 'NONE', #8950 ) ;
#1760 = DIRECTION ( 'NONE',  ( -0.0000000000000000000, -0.0000000000000000000, 1.000000000000000000 ) ) ;
#1761 = CARTESIAN_POINT ( 'NONE',  ( -8.632741730794631300, -2.021652809312943300, -3.470139885832122400 ) ) ;
#1762 = DIRECTION ( 'NONE',  ( 6.776263578034443400E-017, 1.000000000000000000, -0.0000000000000000000 ) ) ;
#1763 = EDGE_CURVE ( 'NONE', #6433, #8428, #9151, .T. ) ;
#1764 = LOCAL_TIME ( 8, 6, 3.000000000000000000, #8230 ) ;
#1765 = DIRECTION ( 'NONE',  ( 1.000000000000000000, 0.0000000000000000000, 0.0000000000000000000 ) ) ;
#1766 = ORIENTED_EDGE ( 'NONE', *, *, #5749, .T. ) ;
#1767 = CARTESIAN_POINT ( 'NONE',  ( -6.894541752585526600, -5.562165976610005600, 3.469014143938407500 ) ) ;
#1768 = DIRECTION ( 'NONE',  ( 1.000000000000000000, 0.0000000000000000000, 0.0000000000000000000 ) ) ;
#1769 = CARTESIAN_POINT ( 'NONE',  ( 6.683716731970517500, 5.394038632959030200, -3.500000000000000000 ) ) ;
#1770 = VECTOR ( 'NONE', #6004, 1000.000000000000000 ) ;
#1771 = B_SPLINE_CURVE_WITH_KNOTS ( 'NONE', 3,
 ( #417, #6504, #1117, #1846, #4882, #5658, #7984, #7165, #9443, #318, #6407, #5695, #1939, #6466, #1078, #1808, #7297, #279, #341, #4986, #2606, #1878, #9542, #1049, #3319 ),
 .UNSPECIFIED., .F., .F.,
 ( 4, 3, 3, 3, 3, 3, 3, 3, 4 ),
 ( 0.0001509499138714757200, 0.0001527764003826876700, 0.0001645282963311841700, 0.0001762803579144513200, 0.0001880325997012806600, 0.0001997849575937743500, 0.0002115373162334718900, 0.0002188290956692533600, 0.0002208042975641514200 ),
 .UNSPECIFIED. ) ;
#1772 = CARTESIAN_POINT ( 'NONE',  ( 6.956441114856348300, 5.483624270040861500, 3.469100694293998800 ) ) ;
#1773 = CARTESIAN_POINT ( 'NONE',  ( -3.681435046370991500, 7.759816887429019000, 3.099533293948748100 ) ) ;
#1774 = ORIENTED_EDGE ( 'NONE', *, *, #2504, .F. ) ;
#1775 = DIRECTION ( 'NONE',  ( -0.0000000000000000000, -0.0000000000000000000, 1.000000000000000000 ) ) ;
#1776 = CARTESIAN_POINT ( 'NONE',  ( -5.254494074020480600, 0.0000000000000000000, 3.500000000000000000 ) ) ;
#1777 = CARTESIAN_POINT ( 'NONE',  ( 8.630645840616967500, -1.918602749729720400, 3.459673052288551700 ) ) ;
#1778 = VECTOR ( 'NONE', #9206, 1000.000000000000000 ) ;
#1779 = CARTESIAN_POINT ( 'NONE',  ( -8.666639397120919200, -2.029389730448973000, 3.444839032082838600 ) ) ;
#1780 = DIRECTION ( 'NONE',  ( -0.0000000000000000000, -0.0000000000000000000, 1.000000000000000000 ) ) ;
#1781 = EDGE_CURVE ( 'NONE', #8976, #4205, #5683, .T. ) ;
#1782 = ORIENTED_EDGE ( 'NONE', *, *, #7219, .T. ) ;
#1783 = CARTESIAN_POINT ( 'NONE',  ( 8.630645840616967500, -1.918602749729720400, -3.459673052288551700 ) ) ;
#1784 = VECTOR ( 'NONE', #1206, 1000.000000000000000 ) ;
#1785 = DIRECTION ( 'NONE',  ( 1.000000000000000000, 0.0000000000000000000, 0.0000000000000000000 ) ) ;
#1786 = CARTESIAN_POINT ( 'NONE',  ( 0.0000000000000000000, 0.0000000000000000000, 3.500000000000000000 ) ) ;
#1787 = EDGE_CURVE ( 'NONE', #1197, #9813, #544, .T. ) ;
#1788 = CARTESIAN_POINT ( 'NONE',  ( -6.764777536879300600, -5.458682467755097400, -3.247602129575368300 ) ) ;
#1789 = ORIENTED_EDGE ( 'NONE', *, *, #1781, .F. ) ;
#1790 = AXIS2_PLACEMENT_3D ( 'NONE', #8017, #3401, #5732 ) ;
#1791 = CONICAL_SURFACE ( 'NONE', #3593, 8.869223585189136100, 0.6108652381980126400 ) ;
#1792 = DIRECTION ( 'NONE',  ( 0.0000000000000000000, 0.0000000000000000000, -1.000000000000000000 ) ) ;
#1793 = ORIENTED_EDGE ( 'NONE', *, *, #3645, .F. ) ;
#1794 = ADVANCED_FACE ( 'NONE', ( #2213 ), #3773, .F. ) ;
#1795 = CARTESIAN_POINT ( 'NONE',  ( -9.046037105128458900, 1.107820038576375800E-015, 2.994533293948747700 ) ) ;
#1796 = AXIS2_PLACEMENT_3D ( 'NONE', #8715, #7835, #1957 ) ;
#1797 = ORIENTED_EDGE ( 'NONE', *, *, #2268, .F. ) ;
#1798 = CIRCLE ( 'NONE', #134, 8.896693082788692300 ) ;
#1799 = CARTESIAN_POINT ( 'NONE',  ( 6.974589775732389400, 5.498097344133356000, 3.466916208273112900 ) ) ;
#1800 = DIRECTION ( 'NONE',  ( 0.9009688679023075700, 0.4338837391177895500, 0.0000000000000000000 ) ) ;
#1801 = CONICAL_SURFACE ( 'NONE', #3859, 8.588813778810038700, 0.1745329251994453500 ) ;
#1802 = ORIENTED_EDGE ( 'NONE', *, *, #4613, .T. ) ;
#1803 = AXIS2_PLACEMENT_3D ( 'NONE', #8164, #5085, #6590 ) ;
#1804 = ORIENTED_EDGE ( 'NONE', *, *, #4310, .T. ) ;
#1805 = CARTESIAN_POINT ( 'NONE',  ( -3.969916891359540400, 8.128379123974170300, 3.094141646974374100 ) ) ;
#1806 = EDGE_CURVE ( 'NONE', #8874, #1736, #915, .T. ) ;
#1807 = DIRECTION ( 'NONE',  ( -0.0000000000000000000, -0.0000000000000000000, 1.000000000000000000 ) ) ;
#1808 = CARTESIAN_POINT ( 'NONE',  ( -3.886687736875785900, -7.955552003869597000, 3.467739038050325000 ) ) ;
#1809 = VECTOR ( 'NONE', #4231, 1000.000000000000000 ) ;
#1810 = CARTESIAN_POINT ( 'NONE',  ( -3.803301197213214900, 8.012874557170818000, -3.469985047562923700 ) ) ;
#1811 = ORIENTED_EDGE ( 'NONE', *, *, #6811, .F. ) ;
#1812 = CIRCLE ( 'NONE', #2439, 9.046037105128458900 ) ;
#1813 = VERTEX_POINT ( 'NONE', #2851 ) ;
#1814 = CARTESIAN_POINT ( 'NONE',  ( -3.905117942076870900, 7.993822719313299400, -3.452421434499180400 ) ) ;
#1815 = AXIS2_PLACEMENT_3D ( 'NONE', #6077, #7645, #3129 ) ;
#1817 = CARTESIAN_POINT ( 'NONE',  ( -3.904699512512467900, -7.992953841369425700, -3.453994494324953200 ) ) ;
#1816 = CIRCLE ( 'NONE', #1354, 8.588813778810038700 ) ;
#1818 = VERTEX_POINT ( 'NONE', #5952 ) ;
#1819 = LINE ( 'NONE', #9519, #7569 ) ;
#1820 = ORIENTED_EDGE ( 'NONE', *, *, #228, .T. ) ;
#1821 = CARTESIAN_POINT ( 'NONE',  ( -8.807973303152683900, 2.061648272210978600, 3.500000000000000000 ) ) ;
#1822 = DIRECTION ( 'NONE',  ( 0.0000000000000000000, 0.0000000000000000000, 1.000000000000000000 ) ) ;
#1823 = CC_DESIGN_PERSON_AND_ORGANIZATION_ASSIGNMENT ( #9903, #5466, ( #2394 ) ) ;
#1824 = ORIENTED_EDGE ( 'NONE', *, *, #4835, .T. ) ;
#1825 = DIRECTION ( 'NONE',  ( -0.0000000000000000000, -0.0000000000000000000, 1.000000000000000000 ) ) ;
#1826 = ORIENTED_EDGE ( 'NONE', *, *, #9036, .F. ) ;
#1827 = DIRECTION ( 'NONE',  ( -0.0000000000000000000, -0.0000000000000000000, 1.000000000000000000 ) ) ;
#1828 = VECTOR ( 'NONE', #4347, 1000.000000000000000 ) ;
#1829 = ORIENTED_EDGE ( 'NONE', *, *, #1912, .F. ) ;
#1830 = DIRECTION ( 'NONE',  ( -1.000000000000000000, 0.0000000000000000000, 0.0000000000000000000 ) ) ;
#1831 = ORIENTED_EDGE ( 'NONE', *, *, #6264, .F. ) ;
#1832 = CARTESIAN_POINT ( 'NONE',  ( -3.950216688759014400, -8.087471231756932600, 3.272391413630715700 ) ) ;
#1833 = ORIENTED_EDGE ( 'NONE', *, *, #9787, .T. ) ;
#1834 = CARTESIAN_POINT ( 'NONE',  ( 6.997047420489789900, -5.516006718204433700, 3.429674227117770700 ) ) ;
#1835 = CARTESIAN_POINT ( 'NONE',  ( -3.796778474268989600, -7.999329983412793300, -3.468127985775450100 ) ) ;
#1836 = ORIENTED_EDGE ( 'NONE', *, *, #1727, .F. ) ;
#1837 = ORIENTED_EDGE ( 'NONE', *, *, #1763, .F. ) ;
#1838 = FACE_OUTER_BOUND ( 'NONE', #7940, .T. ) ;
#1839 = EDGE_LOOP ( 'NONE', ( #8892, #1782, #4768, #2171 ) ) ;
#1840 = B_SPLINE_CURVE_WITH_KNOTS ( 'NONE', 3,
 ( #2030, #7372, #5119, #575, #1348, #3485, #9605, #444, #2217, #6792, #5286, #2236, #7502, #5960, #3755, #713, #2134, #2909, #8376, #8264, #4522, #645 ),
 .UNSPECIFIED., .F., .F.,
 ( 4, 3, 3, 3, 3, 3, 3, 4 ),
 ( 0.0002168574548798296700, 0.0002188290334246840300, 0.0002305812013871233900, 0.0002423333607551956700, 0.0002540856419916145800, 0.0002658380091482346400, 0.0002775903405257858200, 0.0002867718163053186000 ),
 .UNSPECIFIED. ) ;
#1841 = CARTESIAN_POINT ( 'NONE',  ( 6.980233343993036900, -5.502597939639640500, 3.462472406546387200 ) ) ;
#1842 = EDGE_CURVE ( 'NONE', #3828, #3798, #4959, .T. ) ;
#1843 = ORIENTED_EDGE ( 'NONE', *, *, #8836, .F. ) ;
#1844 = DIRECTION ( 'NONE',  ( 1.000000000000000000, 0.0000000000000000000, 0.0000000000000000000 ) ) ;
#1845 = ORIENTED_EDGE ( 'NONE', *, *, #3381, .F. ) ;
#1846 = CARTESIAN_POINT ( 'NONE',  ( -3.904699512512467900, -7.992953841369425700, 3.453994494324953200 ) ) ;
#1847 = DIRECTION ( 'NONE',  ( 0.1736481776669426000, 2.126576849575921700E-017, -0.9848077530122059100 ) ) ;
#1848 = EDGE_LOOP ( 'NONE', ( #1789, #3032, #6385, #4308, #4856, #4138 ) ) ;
#1849 = CARTESIAN_POINT ( 'NONE',  ( 0.0000000000000000000, 0.0000000000000000000, 3.500000000000000000 ) ) ;
#1850 = VECTOR ( 'NONE', #6930, 1000.000000000000000 ) ;
#1851 = CYLINDRICAL_SURFACE ( 'NONE', #5849, 9.046037105128458900 ) ;
#1852 = ADVANCED_FACE ( 'NONE', ( #5802 ), #1851, .T. ) ;
#1853 = EDGE_CURVE ( 'NONE', #638, #9496, #8795, .T. ) ;
#1854 = ORIENTED_EDGE ( 'NONE', *, *, #1409, .T. ) ;
#1855 = CARTESIAN_POINT ( 'NONE',  ( 8.604868042990039700, -2.015290821964479800, 3.454996609771464800 ) ) ;
#1856 = CARTESIAN_POINT ( 'NONE',  ( 0.0000000000000000000, 0.0000000000000000000, 3.500000000000000000 ) ) ;
#1857 = AXIS2_PLACEMENT_3D ( 'NONE', #2719, #460, #8853 ) ;
#1858 = CARTESIAN_POINT ( 'NONE',  ( -9.046037105128458900, 0.0000000000000000000, -3.193750000000000500 ) ) ;
#1859 = DIRECTION ( 'NONE',  ( 1.000000000000000000, 0.0000000000000000000, 0.0000000000000000000 ) ) ;
#1860 = CARTESIAN_POINT ( 'NONE',  ( -0.05000000000000002400, -8.895588198274321500, 3.453994494324953200 ) ) ;
#1861 = FACE_OUTER_BOUND ( 'NONE', #4682, .T. ) ;
#1862 = ORIENTED_EDGE ( 'NONE', *, *, #3008, .T. ) ;
#1863 = DIRECTION ( 'NONE',  ( -0.7818314824680352400, -0.6234898018587267100, -0.0000000000000000000 ) ) ;
#1864 = VERTEX_POINT ( 'NONE', #9169 ) ;
#1865 = AXIS2_PLACEMENT_3D ( 'NONE', #1941, #5094, #7336 ) ;
#1866 = CARTESIAN_POINT ( 'NONE',  ( 0.05000000000000002400, 8.840279225073985000, 3.458522467003439300 ) ) ;
#1867 = CARTESIAN_POINT ( 'NONE',  ( 6.993624741251864800, -5.513277222593508500, 3.437256629622304200 ) ) ;
#1868 = DIRECTION ( 'NONE',  ( -1.000000000000000000, -8.881784197001252300E-015, 0.0000000000000000000 ) ) ;
#1869 = CARTESIAN_POINT ( 'NONE',  ( 0.0000000000000000000, 0.0000000000000000000, 2.975000000000000100 ) ) ;
#1870 = ADVANCED_FACE ( 'NONE', ( #2678 ), #738, .T. ) ;
#1871 = AXIS2_PLACEMENT_3D ( 'NONE', #3820, #6205, #79 ) ;
#1872 = EDGE_CURVE ( 'NONE', #6187, #1261, #182, .T. ) ;
#1873 = DIRECTION ( 'NONE',  ( -0.0000000000000000000, 0.0000000000000000000, 1.000000000000000000 ) ) ;
#1874 = CARTESIAN_POINT ( 'NONE',  ( 8.830225396548341300, 1.964155480992677100, -3.193750000000000100 ) ) ;
#1875 = FACE_OUTER_BOUND ( 'NONE', #5035, .T. ) ;
#1876 = CARTESIAN_POINT ( 'NONE',  ( 8.662371385772212700, -2.028415584710130800, -3.452421434499180400 ) ) ;
#1877 = CARTESIAN_POINT ( 'NONE',  ( 3.790604961623199800, -7.986510552312084100, -3.458522467003439300 ) ) ;
#1878 = CARTESIAN_POINT ( 'NONE',  ( -3.880042983354477800, -7.941754031007652000, 3.456597352396201500 ) ) ;
#1879 = AXIS2_PLACEMENT_3D ( 'NONE', #3097, #8387, #1632 ) ;
#1880 = APPROVAL ( #9213, 'UNSPECIFIED' ) ;
#1881 = EDGE_CURVE ( 'NONE', #8634, #260, #6530, .T. ) ;
#1882 = CARTESIAN_POINT ( 'NONE',  ( -3.898524665975382100, 7.980131640415047300, -3.466489319800472900 ) ) ;
#1883 = CARTESIAN_POINT ( 'NONE',  ( -6.984356395689156100, -5.505885963648129400, 3.457279025203407600 ) ) ;
#1884 = VECTOR ( 'NONE', #5546, 1000.000000000000000 ) ;
#1885 = DIRECTION ( 'NONE',  ( 1.000000000000000000, 0.0000000000000000000, 0.0000000000000000000 ) ) ;
#1886 = ORIENTED_EDGE ( 'NONE', *, *, #4033, .F. ) ;
#1887 = CARTESIAN_POINT ( 'NONE',  ( -0.05000000000000002400, -8.873523803643941200, 3.469378817057675600 ) ) ;
#1888 = CARTESIAN_POINT ( 'NONE',  ( -7.005695535894847800, 5.650808160873030100, -3.272391413630715300 ) ) ;
#1889 = CARTESIAN_POINT ( 'NONE',  ( -6.894541752585526600, -5.562165976610005600, -3.469014143938407500 ) ) ;
#1890 = DIRECTION ( 'NONE',  ( 0.0000000000000000000, 0.0000000000000000000, -1.000000000000000000 ) ) ;
#1891 = AXIS2_PLACEMENT_3D ( 'NONE', #9672, #7376, #2039 ) ;
#1892 = ADVANCED_FACE ( 'NONE', ( #6050 ), #9628, .F. ) ;
#1893 = CARTESIAN_POINT ( 'NONE',  ( 0.05000000000000002400, 8.837570431649497800, 3.454996609771464800 ) ) ;
#1894 = CARTESIAN_POINT ( 'NONE',  ( 0.0000000000000000000, 0.0000000000000000000, 3.500000000000000400 ) ) ;
#1895 = CARTESIAN_POINT ( 'NONE',  ( -3.789595138428315700, -7.984413632840869500, -3.455541280135824500 ) ) ;
#1896 = CARTESIAN_POINT ( 'NONE',  ( -3.818819942739195600, 8.045099564303479100, -3.437256629622303700 ) ) ;
#1897 = ORIENTED_EDGE ( 'NONE', *, *, #8341, .F. ) ;
#1898 = FACE_OUTER_BOUND ( 'NONE', #7705, .T. ) ;
#1899 = CARTESIAN_POINT ( 'NONE',  ( 8.830360115120004800, -1.964186229627602700, -3.094141646974374100 ) ) ;
#1900 = EDGE_CURVE ( 'NONE', #1002, #8176, #1964, .T. ) ;
#1901 = CARTESIAN_POINT ( 'NONE',  ( -7.041302110270501100, -5.679203456406634500, 3.500000000000000400 ) ) ;
#1902 = CARTESIAN_POINT ( 'NONE',  ( -8.362206348396735900, 1.959904873689159300, -3.094141646974374100 ) ) ;
#1903 = CARTESIAN_POINT ( 'NONE',  ( 0.0000000000000000000, 0.0000000000000000000, -3.193750000000000500 ) ) ;
#1904 = ORIENTED_EDGE ( 'NONE', *, *, #4916, .T. ) ;
#1905 = DIRECTION ( 'NONE',  ( -1.000000000000000000, 0.0000000000000000000, 0.0000000000000000000 ) ) ;
#1906 = VECTOR ( 'NONE', #1602, 1000.000000000000000 ) ;
#1907 = ADVANCED_FACE ( 'NONE', ( #8079 ), #3043, .T. ) ;
#1908 = CARTESIAN_POINT ( 'NONE',  ( -3.879526546993873100, 7.940681639855315900, -3.454996609771464800 ) ) ;
#1909 = ORIENTED_EDGE ( 'NONE', *, *, #206, .F. ) ;
#1910 = CARTESIAN_POINT ( 'NONE',  ( -6.683716731970441100, 5.394038632959125200, -3.099533293948748100 ) ) ;
#1911 = CARTESIAN_POINT ( 'NONE',  ( 8.609196891592764800, -2.016278853409674700, 3.460296783607140100 ) ) ;
#1912 = EDGE_CURVE ( 'NONE', #9380, #746, #4661, .T. ) ;
#1913 = CARTESIAN_POINT ( 'NONE',  ( -3.806642800920306600, 8.019813468767457800, 3.468147503381453900 ) ) ;
#1914 = FACE_OUTER_BOUND ( 'NONE', #216, .T. ) ;
#1915 = ORIENTED_EDGE ( 'NONE', *, *, #3095, .F. ) ;
#1916 = VERTEX_POINT ( 'NONE', #8297 ) ;
#1917 = CARTESIAN_POINT ( 'NONE',  ( 6.924430402411135600, -5.586001379475708200, 3.452421434499180400 ) ) ;
#1918 = FACE_OUTER_BOUND ( 'NONE', #1497, .T. ) ;
#1919 = AXIS2_PLACEMENT_3D ( 'NONE', #9050, #4365, #9775 ) ;
#1920 = EDGE_CURVE ( 'NONE', #518, #3397, #8581, .T. ) ;
#1921 = DIRECTION ( 'NONE',  ( 0.0000000000000000000, 0.0000000000000000000, -1.000000000000000000 ) ) ;
#1922 = EDGE_LOOP ( 'NONE', ( #9058, #7436, #3135, #6289 ) ) ;
#1923 = CARTESIAN_POINT ( 'NONE',  ( 3.798434106008866900, 8.002767938145630900, 3.469014143938407500 ) ) ;
#1924 = FACE_OUTER_BOUND ( 'NONE', #1848, .T. ) ;
#1925 = DIRECTION ( 'NONE',  ( -0.2225209339563049800, 0.9749279121818257300, 0.0000000000000000000 ) ) ;
#1926 = FACE_OUTER_BOUND ( 'NONE', #2068, .T. ) ;
#1927 = CARTESIAN_POINT ( 'NONE',  ( 7.041194074364082800, -5.679117300646379500, 3.500000000000000000 ) ) ;
#1928 = ORIENTED_EDGE ( 'NONE', *, *, #220, .T. ) ;
#1929 = CARTESIAN_POINT ( 'NONE',  ( -3.814356642694077600, -8.035831426260038800, -3.455073707654066100 ) ) ;
#1930 = ORIENTED_EDGE ( 'NONE', *, *, #5111, .T. ) ;
#1931 = ORIENTED_EDGE ( 'NONE', *, *, #6697, .T. ) ;
#1932 = DIRECTION ( 'NONE',  ( -0.0000000000000000000, -0.0000000000000000000, 1.000000000000000000 ) ) ;
#1933 = ORIENTED_EDGE ( 'NONE', *, *, #879, .T. ) ;
#1934 = CARTESIAN_POINT ( 'NONE',  ( 8.362206348396760800, 1.959904873689046100, 3.099533293948748100 ) ) ;
#1935 = AXIS2_PLACEMENT_3D ( 'NONE', #5370, #63, #6112 ) ;
#1936 = VERTEX_POINT ( 'NONE', #7523 ) ;
#1937 = EDGE_CURVE ( 'NONE', #3340, #3266, #665, .T. ) ;
#1938 = DIRECTION ( 'NONE',  ( 1.000000000000000000, 0.0000000000000000000, 0.0000000000000000000 ) ) ;
#1939 = CARTESIAN_POINT ( 'NONE',  ( -3.891698646095010700, -7.965957264079597700, 3.469915996672631000 ) ) ;
#1940 = CIRCLE ( 'NONE', #8346, 5.378237760728125300 ) ;
#1941 = CARTESIAN_POINT ( 'NONE',  ( -7.103651090456256000, 5.601020308159980300, 3.500000000000000400 ) ) ;
#1942 = ORIENTED_EDGE ( 'NONE', *, *, #4749, .T. ) ;
#1943 = CARTESIAN_POINT ( 'NONE',  ( 3.813676398998189700, -8.034418885670930900, 3.457279025203407600 ) ) ;
#1944 = ORIENTED_EDGE ( 'NONE', *, *, #3967, .T. ) ;
#1945 = ADVANCED_FACE ( 'NONE', ( #1628 ), #4677, .T. ) ;
#1946 = ORIENTED_EDGE ( 'NONE', *, *, #6288, .F. ) ;
#1947 = EDGE_LOOP ( 'NONE', ( #2388, #2561, #6414, #9142, #1829, #3044 ) ) ;
#1948 = CARTESIAN_POINT ( 'NONE',  ( -3.886875361059064300, 7.955941609501117300, -3.468127985775450100 ) ) ;
#1949 = EDGE_CURVE ( 'NONE', #7892, #6492, #3375, .T. ) ;
#1951 = CARTESIAN_POINT ( 'NONE',  ( 6.945612333878806100, 5.474988605377235200, -3.461862008941933000 ) ) ;
#1950 = CARTESIAN_POINT ( 'NONE',  ( -6.945612333878842500, -5.474988605377188100, 3.461862008941933000 ) ) ;
#1952 = ORIENTED_EDGE ( 'NONE', *, *, #4208, .F. ) ;
#1953 = LINE ( 'NONE', #6243, #9284 ) ;
#1954 = ORIENTED_EDGE ( 'NONE', *, *, #9805, .T. ) ;
#1955 = CARTESIAN_POINT ( 'NONE',  ( 6.878316301899190000, -5.549226611465182500, 3.454996609771464800 ) ) ;
#1956 = DIRECTION ( 'NONE',  ( -0.0000000000000000000, -0.0000000000000000000, 1.000000000000000000 ) ) ;
#1957 = DIRECTION ( 'NONE',  ( -1.000000000000000000, 0.0000000000000000000, 0.0000000000000000000 ) ) ;
#1958 = ORIENTED_EDGE ( 'NONE', *, *, #7796, .T. ) ;
#1959 = CARTESIAN_POINT ( 'NONE',  ( -8.684623479167832700, 1.930922793492005900, 3.452421434499180400 ) ) ;
#1960 = ORIENTED_EDGE ( 'NONE', *, *, #9310, .T. ) ;
#1961 = ORIENTED_EDGE ( 'NONE', *, *, #782, .F. ) ;
#1962 = DIRECTION ( 'NONE',  ( 0.0000000000000000000, 0.0000000000000000000, -1.000000000000000000 ) ) ;
#1963 = VECTOR ( 'NONE', #3078, 1000.000000000000000 ) ;
#1964 = LINE ( 'NONE', #2203, #9871 ) ;
#1965 = CARTESIAN_POINT ( 'NONE',  ( 0.05000000000000004400, -8.588668239434865000, 3.099533293948748100 ) ) ;
#1966 = DIRECTION ( 'NONE',  ( 0.0000000000000000000, 0.0000000000000000000, 1.000000000000000000 ) ) ;
#1967 = DIRECTION ( 'NONE',  ( -0.0000000000000000000, -0.0000000000000000000, 1.000000000000000000 ) ) ;
#1968 = CARTESIAN_POINT ( 'NONE',  ( 6.924430402411174700, 5.586001379475661100, 3.452421434499180400 ) ) ;
#1969 = EDGE_LOOP ( 'NONE', ( #8746, #5774, #6475, #5563 ) ) ;
#1970 = CARTESIAN_POINT ( 'NONE',  ( -8.670907408394935300, 2.030363876171074300, 3.437256629622303700 ) ) ;
#1971 = ADVANCED_FACE ( 'NONE', ( #3724 ), #3527, .F. ) ;
#1972 = DIRECTION ( 'NONE',  ( 0.6234898018587431400, 0.7818314824680221400, 0.0000000000000000000 ) ) ;
#1973 = FACE_OUTER_BOUND ( 'NONE', #2251, .T. ) ;
#1974 = CIRCLE ( 'NONE', #7781, 8.837711872106121200 ) ;
#1975 = EDGE_CURVE ( 'NONE', #2661, #2142, #1733, .T. ) ;
#1976 = CARTESIAN_POINT ( 'NONE',  ( 8.807973303152710500, 2.061648272210859600, 3.500000000000000000 ) ) ;
#1977 = CARTESIAN_POINT ( 'NONE',  ( 7.103543054549994900, 5.600934152399529100, -3.193750000000000100 ) ) ;
#1978 = ORIENTED_EDGE ( 'NONE', *, *, #6420, .T. ) ;
#1979 = CARTESIAN_POINT ( 'NONE',  ( 0.05000000000000002400, 8.895588198274321500, -3.453994494324953200 ) ) ;
#1980 = CARTESIAN_POINT ( 'NONE',  ( 3.794997113488314700, -7.995630949636990600, 3.466377381984354400 ) ) ;
#1981 = EDGE_CURVE ( 'NONE', #7463, #5273, #7748, .T. ) ;
#1982 = CARTESIAN_POINT ( 'NONE',  ( 3.800089754647127700, 8.006205927968185400, -3.469900311146004500 ) ) ;
#1983 = DIRECTION ( 'NONE',  ( 1.000000000000000000, 0.0000000000000000000, 0.0000000000000000000 ) ) ;
#1984 = ORIENTED_EDGE ( 'NONE', *, *, #6209, .F. ) ;
#1985 = AXIS2_PLACEMENT_3D ( 'NONE', #2277, #3669, #9013 ) ;
#1986 = CARTESIAN_POINT ( 'NONE',  ( -10.47500000000000500, 1.314964500584470700E-015, -3.500000000000000900 ) ) ;
#1987 = CARTESIAN_POINT ( 'NONE',  ( 4.013365220676191400, 8.218600509445224100, -3.500000000000000400 ) ) ;
#1988 = CARTESIAN_POINT ( 'NONE',  ( -6.879246888065281100, -5.549968729168548400, -3.456597352396201500 ) ) ;
#1989 = CARTESIAN_POINT ( 'NONE',  ( 8.643545619096329300, -2.024118726315969200, -3.468147503381453900 ) ) ;
#1990 = AXIS2_PLACEMENT_3D ( 'NONE', #811, #3030, #7581 ) ;
#1991 = CARTESIAN_POINT ( 'NONE',  ( -4.013365220676247300, -8.218600509445195700, -3.094141646974374100 ) ) ;
#1992 = ADVANCED_FACE ( 'NONE', ( #1918 ), #4496, .T. ) ;
#1993 = CARTESIAN_POINT ( 'NONE',  ( -6.974898709587114000, 5.498343710661584900, 3.466489319800472900 ) ) ;
#1994 = CARTESIAN_POINT ( 'NONE',  ( 6.880434121877955900, -5.550915516540690900, -3.458522467003439300 ) ) ;
#1995 = AXIS2_PLACEMENT_3D ( 'NONE', #7035, #7701, #200 ) ;
#1996 = FACE_OUTER_BOUND ( 'NONE', #3987, .T. ) ;
#1997 = EDGE_CURVE ( 'NONE', #9015, #712, #8213, .T. ) ;
#1998 = ORIENTED_EDGE ( 'NONE', *, *, #6220, .F. ) ;
#1999 = CARTESIAN_POINT ( 'NONE',  ( 0.0000000000000000000, 0.0000000000000000000, 3.500000000000000000 ) ) ;
#2000 = CARTESIAN_POINT ( 'NONE',  ( -8.639630090360906700, -1.920653346105943400, 3.466377381984354400 ) ) ;
#2001 = DIRECTION ( 'NONE',  ( 0.0000000000000000000, 0.0000000000000000000, -1.000000000000000000 ) ) ;
#2002 = FACE_OUTER_BOUND ( 'NONE', #2643, .T. ) ;
#2003 = CARTESIAN_POINT ( 'NONE',  ( 9.621762239271875600, 0.0000000000000000000, 3.500000000000000000 ) ) ;
#2004 = DIRECTION ( 'NONE',  ( -1.000000000000000000, 0.0000000000000000000, 0.0000000000000000000 ) ) ;
#2005 = SECURITY_CLASSIFICATION ( '', '', #9914 ) ;
#2006 = ADVANCED_FACE ( 'NONE', ( #1861 ), #3183, .T. ) ;
#2007 = CARTESIAN_POINT ( 'NONE',  ( -0.05000000000000001700, 8.896552580035715300, -3.452421434499180400 ) ) ;
#2008 = ORIENTED_EDGE ( 'NONE', *, *, #8784, .T. ) ;
#2010 = DIRECTION ( 'NONE',  ( 1.000000000000000000, 0.0000000000000000000, 0.0000000000000000000 ) ) ;
#2009 = DIRECTION ( 'NONE',  ( 1.000000000000000000, 0.0000000000000000000, 0.0000000000000000000 ) ) ;
#2011 = FACE_OUTER_BOUND ( 'NONE', #8186, .T. ) ;
#2012 = CARTESIAN_POINT ( 'NONE',  ( -9.046037105128460700, 1.107820038576375800E-015, 3.500000000000000000 ) ) ;
#2013 = CARTESIAN_POINT ( 'NONE',  ( 6.903713795781677700, 5.569480436980693800, 3.469713030103804400 ) ) ;
#2014 = CARTESIAN_POINT ( 'NONE',  ( 3.886875361059120700, -7.955941609501091500, 3.468127985775449700 ) ) ;
#2015 = MANIFOLD_SOLID_BREP ( 'CirPattern1[1]', #5672 ) ;
#2016 = DIRECTION ( 'NONE',  ( -0.9009688679024218100, -0.4338837391175525700, 0.0000000000000000000 ) ) ;
#2017 = EDGE_LOOP ( 'NONE', ( #6245, #9705, #4694, #5189 ) ) ;
#2018 = CARTESIAN_POINT ( 'NONE',  ( -9.621762239271875600, 1.178326032848117100E-015, -1.224999999999999900 ) ) ;
#2019 = FACE_OUTER_BOUND ( 'NONE', #9500, .T. ) ;
#2020 = DIRECTION ( 'NONE',  ( -1.000000000000000000, 0.0000000000000000000, 0.0000000000000000000 ) ) ;
#2021 = CARTESIAN_POINT ( 'NONE',  ( 0.0000000000000000000, 0.0000000000000000000, 3.099533293948747700 ) ) ;
#2022 = EDGE_CURVE ( 'NONE', #256, #8838, #4136, .T. ) ;
#2023 = CARTESIAN_POINT ( 'NONE',  ( 3.969916891359655000, 8.128379123974113400, -3.094141646974374100 ) ) ;
#2024 = ORIENTED_EDGE ( 'NONE', *, *, #5352, .T. ) ;
#2025 = CARTESIAN_POINT ( 'NONE',  ( 6.906758349006384600, 5.571908387158433000, -3.469286171371085200 ) ) ;
#2026 = FACE_OUTER_BOUND ( 'NONE', #4838, .T. ) ;
#2027 = ORIENTED_EDGE ( 'NONE', *, *, #6387, .T. ) ;
#2028 = EDGE_CURVE ( 'NONE', #8885, #659, #6768, .T. ) ;
#2029 = CARTESIAN_POINT ( 'NONE',  ( -8.633289009070980000, -1.919206035680940400, 3.461862008941933000 ) ) ;
#2030 = CARTESIAN_POINT ( 'NONE',  ( -3.879526546993873100, 7.940681639855315900, 3.454996609771464800 ) ) ;
#2031 = CARTESIAN_POINT ( 'NONE',  ( 8.741693482047999500, -1.943948649232770900, -3.351032822740168400 ) ) ;
#2032 = CARTESIAN_POINT ( 'NONE',  ( -3.789429660203631000, 7.984070013767070200, -3.454996609771464800 ) ) ;
#2033 = ORIENTED_EDGE ( 'NONE', *, *, #6359, .F. ) ;
#2034 = ADVANCED_FACE ( 'NONE', ( #9045 ), #5460, .F. ) ;
#2035 = CIRCLE ( 'NONE', #6426, 8.837711872106121200 ) ;
#2036 = CONICAL_SURFACE ( 'NONE', #4115, 8.869223585189136100, 0.6108652381980126400 ) ;
#2037 = EDGE_LOOP ( 'NONE', ( #7554, #466, #9609, #3186 ) ) ;
#2038 = CARTESIAN_POINT ( 'NONE',  ( 6.993624741251902100, 5.513277222593461400, 3.437256629622303700 ) ) ;
#2040 = DIRECTION ( 'NONE',  ( -0.0000000000000000000, -0.0000000000000000000, 1.000000000000000000 ) ) ;
#2039 = DIRECTION ( 'NONE',  ( 1.000000000000000000, 0.0000000000000000000, 0.0000000000000000000 ) ) ;
#2041 = ORIENTED_EDGE ( 'NONE', *, *, #574, .T. ) ;
#2042 = LINE ( 'NONE', #9029, #7196 ) ;
#2043 = CARTESIAN_POINT ( 'NONE',  ( -6.962598646779133200, -5.488534737890400800, -3.469915996672631000 ) ) ;
#2044 = CARTESIAN_POINT ( 'NONE',  ( 6.881143697167591000, 5.551481383951507800, 3.459673052288552200 ) ) ;
#2045 = AXIS2_PLACEMENT_3D ( 'NONE', #4017, #3306, #4892 ) ;
#2046 = ORIENTED_EDGE ( 'NONE', *, *, #2777, .F. ) ;
#2047 = CARTESIAN_POINT ( 'NONE',  ( 3.879864310480516800, -7.941383012962171000, 3.456075294419946000 ) ) ;
#2048 = FACE_OUTER_BOUND ( 'NONE', #4014, .T. ) ;
#2049 = ORIENTED_EDGE ( 'NONE', *, *, #3573, .T. ) ;
#2050 = CARTESIAN_POINT ( 'NONE',  ( 6.923676418388960300, -5.585400097282380300, 3.453994494324953200 ) ) ;
#2051 = AXIS2_PLACEMENT_3D ( 'NONE', #6946, #3912, #4575 ) ;
#2052 = VECTOR ( 'NONE', #6063, 1000.000000000000000 ) ;
#2053 = VERTEX_POINT ( 'NONE', #8427 ) ;
#2054 = EDGE_CURVE ( 'NONE', #2290, #4261, #4629, .T. ) ;
#2055 = CARTESIAN_POINT ( 'NONE',  ( 8.661757950096310700, -2.028275572020148900, -3.453478796700601500 ) ) ;
#2056 = ORIENTED_EDGE ( 'NONE', *, *, #5084, .T. ) ;
#2057 = DIRECTION ( 'NONE',  ( 0.0000000000000000000, 0.0000000000000000000, 1.000000000000000000 ) ) ;
#2058 = ORIENTED_EDGE ( 'NONE', *, *, #1293, .F. ) ;
#2059 = CARTESIAN_POINT ( 'NONE',  ( 6.923938465194141600, -5.585609072636152900, -3.453478796700601500 ) ) ;
#2060 = CARTESIAN_POINT ( 'NONE',  ( 0.05000000000000000300, 9.146037105128458600, 3.500000000000000400 ) ) ;
#2061 = CARTESIAN_POINT ( 'NONE',  ( 3.771531933161342800, 7.716428513517212400, -3.094141646974374100 ) ) ;
#2062 = ADVANCED_FACE ( 'NONE', ( #2452 ), #4967, .F. ) ;
#2063 = EDGE_LOOP ( 'NONE', ( #3750, #4078, #3390, #6036 ) ) ;
#2064 = AXIS2_PLACEMENT_3D ( 'NONE', #3840, #5302, #2325 ) ;
#2065 = CARTESIAN_POINT ( 'NONE',  ( -6.917447124507853900, 5.580432401180755300, 3.462633071500297100 ) ) ;
#2066 = LINE ( 'NONE', #7563, #5064 ) ;
#2067 = ORIENTED_EDGE ( 'NONE', *, *, #7119, .T. ) ;
#2068 = EDGE_LOOP ( 'NONE', ( #9372, #9017, #2340, #5435, #8899, #5948 ) ) ;
#2069 = CARTESIAN_POINT ( 'NONE',  ( 6.754162845390006000, -5.322312732992344300, -3.114323832567764200 ) ) ;
#2070 = VERTEX_POINT ( 'NONE', #6081 ) ;
#2071 = AXIS2_PLACEMENT_3D ( 'NONE', #4271, #2723, #9634 ) ;
#2072 = VERTEX_POINT ( 'NONE', #7647 ) ;
#2073 = EDGE_CURVE ( 'NONE', #348, #2458, #1277, .T. ) ;
#2074 = ORIENTED_EDGE ( 'NONE', *, *, #8087, .T. ) ;
#2075 = DIRECTION ( 'NONE',  ( -0.0000000000000000000, -0.0000000000000000000, 1.000000000000000000 ) ) ;
#2076 = DIRECTION ( 'NONE',  ( -1.000000000000000000, 0.0000000000000000000, 0.0000000000000000000 ) ) ;
#2077 = VERTEX_POINT ( 'NONE', #812 ) ;
#2078 = CARTESIAN_POINT ( 'NONE',  ( 3.814887624180119700, -8.036934020677275500, 3.452954079042413100 ) ) ;
#2079 = VECTOR ( 'NONE', #6315, 1000.000000000000000 ) ;
#2080 = VERTEX_POINT ( 'NONE', #6153 ) ;
#2081 = ORIENTED_EDGE ( 'NONE', *, *, #4684, .T. ) ;
#2082 = CARTESIAN_POINT ( 'NONE',  ( 3.792296317891457500, 7.990022689792203500, -3.462372291138045900 ) ) ;
#2084 = PLANE ( 'NONE',  #7866 ) ;
#2083 = CARTESIAN_POINT ( 'NONE',  ( -8.384458441792405700, -1.862412082470809000, -3.094141646974374100 ) ) ;
#2085 = ORIENTED_EDGE ( 'NONE', *, *, #753, .F. ) ;
#2086 = ORIENTED_EDGE ( 'NONE', *, *, #4550, .F. ) ;
#2087 = PLANE ( 'NONE',  #7340 ) ;
#2089 = AXIS2_PLACEMENT_3D ( 'NONE', #8823, #7180, #1068 ) ;
#2088 = CARTESIAN_POINT ( 'NONE',  ( -3.789429660203631000, 7.984070013767070200, 3.454996609771464800 ) ) ;
#2090 = LINE ( 'NONE', #3704, #1388 ) ;
#2091 = CARTESIAN_POINT ( 'NONE',  ( 3.895310692329257800, -7.973457755370707100, 3.469286171371085200 ) ) ;
#2092 = CIRCLE ( 'NONE', #1299, 9.046037105128458900 ) ;
#2093 = ORIENTED_EDGE ( 'NONE', *, *, #528, .T. ) ;
#2094 = CARTESIAN_POINT ( 'NONE',  ( -6.986779382596969500, 5.507818231228957200, 3.452421434499180400 ) ) ;
#2095 = ADVANCED_FACE ( 'NONE', ( #1395 ), #5213, .F. ) ;
#2096 = CARTESIAN_POINT ( 'NONE',  ( -6.977661160248750600, 5.500546691552340700, 3.464797546056691800 ) ) ;
#2097 = LINE ( 'NONE', #9695, #5097 ) ;
#2098 = PLANE ( 'NONE',  #5767 ) ;
#2099 = CARTESIAN_POINT ( 'NONE',  ( 0.0000000000000000000, 0.0000000000000000000, -3.099533293948747700 ) ) ;
#2100 = ORIENTED_EDGE ( 'NONE', *, *, #5571, .T. ) ;
#2101 = CARTESIAN_POINT ( 'NONE',  ( -6.924189967865045100, 5.585809639323517000, 3.452954079042413600 ) ) ;
#2102 = CARTESIAN_POINT ( 'NONE',  ( -6.762259978290679800, -5.328769981006728600, 3.129114371485063600 ) ) ;
#2103 = CARTESIAN_POINT ( 'NONE',  ( -0.05000000000000003100, -8.692348900455138900, 3.247602129575368800 ) ) ;
#2104 = EDGE_CURVE ( 'NONE', #6085, #6164, #9178, .T. ) ;
#2105 = CARTESIAN_POINT ( 'NONE',  ( -8.394555401783351900, -1.864716647699920400, 3.114323832567764200 ) ) ;
#2106 = CARTESIAN_POINT ( 'NONE',  ( 0.05000000000000002400, 8.838760696031124900, -3.456597352396201500 ) ) ;
#2107 = CARTESIAN_POINT ( 'NONE',  ( -5.863736118510165500, 4.676173513940574000, -3.092233167847068000E-016 ) ) ;
#2108 = CARTESIAN_POINT ( 'NONE',  ( -3.816920499029517800, 8.041155328798748100, 3.444839032082838600 ) ) ;
#2109 = ORIENTED_EDGE ( 'NONE', *, *, #4153, .F. ) ;
#2110 = EDGE_CURVE ( 'NONE', #2423, #7186, #50, .T. ) ;
#2111 = CARTESIAN_POINT ( 'NONE',  ( -3.879820004569468800, -8.171767497885843700, 3.094141646974374100 ) ) ;
#2112 = CARTESIAN_POINT ( 'NONE',  ( 8.719441388652365200, -2.041441440450953300, -3.351032822740167600 ) ) ;
#2113 = CIRCLE ( 'NONE', #9576, 8.588813778810036900 ) ;
#2114 = AXIS2_PLACEMENT_3D ( 'NONE', #7777, #1683, #3960 ) ;
#2115 = CARTESIAN_POINT ( 'NONE',  ( 0.0000000000000000000, 0.0000000000000000000, -3.094141646974374100 ) ) ;
#2116 = EDGE_CURVE ( 'NONE', #3913, #2877, #953, .T. ) ;
#2117 = CARTESIAN_POINT ( 'NONE',  ( 8.608393747221349200, 2.016095540947843400, 3.459673052288551700 ) ) ;
#2118 = CARTESIAN_POINT ( 'NONE',  ( 0.0000000000000000000, 0.0000000000000000000, -3.193750000000000500 ) ) ;
#2119 = DIRECTION ( 'NONE',  ( 0.9009688679023075700, 0.4338837391177895500, 0.0000000000000000000 ) ) ;
#2120 = CARTESIAN_POINT ( 'NONE',  ( 6.878614483356402700, -5.549464403242367000, 3.455541280135825400 ) ) ;
#2121 = FACE_OUTER_BOUND ( 'NONE', #8983, .T. ) ;
#2122 = DIRECTION ( 'NONE',  ( -0.0000000000000000000, -0.0000000000000000000, 1.000000000000000000 ) ) ;
#2123 = VERTEX_POINT ( 'NONE', #9221 ) ;
#2124 = DIRECTION ( 'NONE',  ( -0.0000000000000000000, -0.0000000000000000000, 1.000000000000000000 ) ) ;
#2125 = DIRECTION ( 'NONE',  ( -0.0000000000000000000, -0.0000000000000000000, 1.000000000000000000 ) ) ;
#2126 = DIRECTION ( 'NONE',  ( 0.9009688679024248100, 0.4338837391175463000, 0.0000000000000000000 ) ) ;
#2127 = AXIS2_PLACEMENT_3D ( 'NONE', #3922, #5489, #947 ) ;
#2128 = CARTESIAN_POINT ( 'NONE',  ( 0.0000000000000000000, 7.500000000000000000, -3.092233167847068000E-016 ) ) ;
#2129 = EDGE_CURVE ( 'NONE', #8987, #6660, #8690, .T. ) ;
#2130 = DIRECTION ( 'NONE',  ( 1.000000000000000000, 0.0000000000000000000, 0.0000000000000000000 ) ) ;
#2131 = VECTOR ( 'NONE', #6343, 1000.000000000000000 ) ;
#2132 = CARTESIAN_POINT ( 'NONE',  ( -6.883895907083615200, -5.425771397351086400, 3.351299362948741300 ) ) ;
#2133 = CARTESIAN_POINT ( 'NONE',  ( -8.414749320523803500, -1.869325777874793400, 3.143904910697431300 ) ) ;
#2134 = CARTESIAN_POINT ( 'NONE',  ( -3.900057710434547100, 7.983315040036399200, 3.464797546056691800 ) ) ;
#2135 = EDGE_CURVE ( 'NONE', #3876, #7707, #895, .T. ) ;
#2136 = ORIENTED_EDGE ( 'NONE', *, *, #2129, .T. ) ;
#2137 = PLANE ( 'NONE',  #978 ) ;
#2138 = FACE_OUTER_BOUND ( 'NONE', #6394, .T. ) ;
#2139 = ADVANCED_FACE ( 'NONE', ( #6422 ), #8467, .T. ) ;
#2140 = CARTESIAN_POINT ( 'NONE',  ( -8.646792278083101000, -1.922288068715891400, -3.469100694293998800 ) ) ;
#2141 = DIRECTION ( 'NONE',  ( 1.000000000000000000, 0.0000000000000000000, 0.0000000000000000000 ) ) ;
#2142 = VERTEX_POINT ( 'NONE', #215 ) ;
#2143 = VERTEX_POINT ( 'NONE', #118 ) ;
#2144 = CARTESIAN_POINT ( 'NONE',  ( -6.956441114856384700, -5.483624270040814400, -3.469100694293998800 ) ) ;
#2145 = CARTESIAN_POINT ( 'NONE',  ( 8.605239869185405500, 2.015375688867116800, 3.455541280135825000 ) ) ;
#2146 = CARTESIAN_POINT ( 'NONE',  ( -8.384458441792366700, 1.862412082470977300, 3.099533293948748100 ) ) ;
#2147 = FACE_OUTER_BOUND ( 'NONE', #3522, .T. ) ;
#2148 = CARTESIAN_POINT ( 'NONE',  ( 0.0000000000000000000, 0.0000000000000000000, -3.452421434499180400 ) ) ;
#2149 = CARTESIAN_POINT ( 'NONE',  ( -11.00000000000000000, 0.0000000000000000000, 2.975000000000000100 ) ) ;
#2150 = CARTESIAN_POINT ( 'NONE',  ( -6.966062775967472500, 5.491297288733989900, -3.469713030103804400 ) ) ;
#2151 = VERTEX_POINT ( 'NONE', #1725 ) ;
#2152 = CARTESIAN_POINT ( 'NONE',  ( 6.940665282085063800, -5.471043463218380000, 3.454996609771464800 ) ) ;
#2153 = DIRECTION ( 'NONE',  ( -0.0000000000000000000, -0.0000000000000000000, 1.000000000000000000 ) ) ;
#2154 = VECTOR ( 'NONE', #2657, 1000.000000000000000 ) ;
#2155 = CARTESIAN_POINT ( 'NONE',  ( 0.0000000000000000000, 0.0000000000000000000, 3.500000000000000000 ) ) ;
#2156 = ORIENTED_EDGE ( 'NONE', *, *, #2261, .T. ) ;
#2157 = CARTESIAN_POINT ( 'NONE',  ( -8.679165281223088600, 1.929676995429188400, 3.459706444013471500 ) ) ;
#2158 = EDGE_CURVE ( 'NONE', #6748, #5908, #4080, .T. ) ;
#2159 = CARTESIAN_POINT ( 'NONE',  ( 0.0000000000000000000, 0.0000000000000000000, 3.434921434499177600 ) ) ;
#2160 = DIRECTION ( 'NONE',  ( 0.0000000000000000000, 0.0000000000000000000, -1.000000000000000000 ) ) ;
#2161 = VERTEX_POINT ( 'NONE', #7859 ) ;
#2162 = VERTEX_POINT ( 'NONE', #8558 ) ;
#2163 = CIRCLE ( 'NONE', #4812, 8.588813778810038700 ) ;
#2164 = CARTESIAN_POINT ( 'NONE',  ( 0.0000000000000000000, 0.0000000000000000000, -3.201256313292353700 ) ) ;
#2165 = CARTESIAN_POINT ( 'NONE',  ( -0.05000000000000001700, -8.900930351248694800, -3.444839032082839000 ) ) ;
#2166 = ORIENTED_EDGE ( 'NONE', *, *, #5352, .F. ) ;
#2167 = CARTESIAN_POINT ( 'NONE',  ( 0.05000000000000003700, 8.588668239434865000, 3.094141646974374100 ) ) ;
#2168 = EDGE_CURVE ( 'NONE', #6633, #7775, #2580, .T. ) ;
#2169 = VECTOR ( 'NONE', #2266, 1000.000000000000000 ) ;
#2170 = CARTESIAN_POINT ( 'NONE',  ( -8.404652361358953900, 1.867021212834410100, 3.129114371485063100 ) ) ;
#2171 = ORIENTED_EDGE ( 'NONE', *, *, #2442, .F. ) ;
#2172 = CARTESIAN_POINT ( 'NONE',  ( -3.789429660203798500, -7.984070013766990200, 3.454996609771464800 ) ) ;
#2173 = CYLINDRICAL_SURFACE ( 'NONE', #7124, 8.588813778810038700 ) ;
#2174 = CARTESIAN_POINT ( 'NONE',  ( 3.254128043381644600, -6.757266509268164100, -3.092233167847068000E-016 ) ) ;
#2175 = EDGE_LOOP ( 'NONE', ( #5688, #1107, #9847, #1469 ) ) ;
#2176 = ORIENTED_EDGE ( 'NONE', *, *, #7185, .T. ) ;
#2177 = AXIS2_PLACEMENT_3D ( 'NONE', #1894, #7262, #9559 ) ;
#2178 = DIRECTION ( 'NONE',  ( 1.000000000000000000, 0.0000000000000000000, 0.0000000000000000000 ) ) ;
#2179 = VERTEX_POINT ( 'NONE', #863 ) ;
#2180 = DIRECTION ( 'NONE',  ( -0.0000000000000000000, -0.0000000000000000000, -1.000000000000000000 ) ) ;
#2181 = CARTESIAN_POINT ( 'NONE',  ( 3.681435046371101200, 7.759816887428968400, -3.094141646974374100 ) ) ;
#2182 = VERTEX_POINT ( 'NONE', #7753 ) ;
#2183 = FACE_OUTER_BOUND ( 'NONE', #5421, .T. ) ;
#2184 = VERTEX_POINT ( 'NONE', #3172 ) ;
#2185 = CARTESIAN_POINT ( 'NONE',  ( 0.05000000000000001000, -9.000494587112767100, -3.272391413630716200 ) ) ;
#2186 = CARTESIAN_POINT ( 'NONE',  ( 8.605626990655299100, 2.015464046816415800, 3.456075294419946400 ) ) ;
#2187 = AXIS2_PLACEMENT_3D ( 'NONE', #943, #3239, #5580 ) ;
#2188 = CARTESIAN_POINT ( 'NONE',  ( 0.05000000000000001000, 9.045898922017695300, -3.193750000000000100 ) ) ;
#2189 = EDGE_LOOP ( 'NONE', ( #5928, #1079, #9843, #17, #508, #1804, #2673, #5600, #2399, #7577, #2136, #3717, #1766, #6855, #6829, #9162, #644, #1802, #4098, #8646, #1930, #625, #6459, #7723, #9511, #7713, #9733, #8905, #3646, #9216, #929, #2527 ) ) ;
#2190 = EDGE_LOOP ( 'NONE', ( #6614, #479, #3406, #2441 ) ) ;
#2191 = CARTESIAN_POINT ( 'NONE',  ( 6.881787768946302300, -5.551995014055636400, 3.460296783607140100 ) ) ;
#2192 = AXIS2_PLACEMENT_3D ( 'NONE', #7742, #8481, #4686 ) ;
#2193 = B_SPLINE_CURVE_WITH_KNOTS ( 'NONE', 3,
 ( #7885, #4745, #866, #6983, #4034, #7822, #4006 ),
 .UNSPECIFIED., .F., .F.,
 ( 4, 3, 4 ),
 ( 0.0008460917731560547900, 0.0009002598162382145400, 0.001280034707405371900 ),
 .UNSPECIFIED. ) ;
#2194 = ORIENTED_EDGE ( 'NONE', *, *, #8262, .T. ) ;
#2195 = EDGE_CURVE ( 'NONE', #3991, #3152, #4742, .T. ) ;
#2196 = CARTESIAN_POINT ( 'NONE',  ( 0.0000000000000000000, 0.0000000000000000000, -3.094141646974374100 ) ) ;
#2198 = LINE ( 'NONE', #8698, #1375 ) ;
#2197 = CARTESIAN_POINT ( 'NONE',  ( 6.953907387462545700, -5.481603689869698000, 3.468127985775450100 ) ) ;
#2199 = VERTEX_POINT ( 'NONE', #3939 ) ;
#2200 = ADVANCED_FACE ( 'NONE', ( #5940 ), #3259, .T. ) ;
#2201 = PLANE ( 'NONE',  #4955 ) ;
#2202 = CARTESIAN_POINT ( 'NONE',  ( -3.690422186055382100, 7.778478875277641300, -3.129114371485063600 ) ) ;
#2203 = CARTESIAN_POINT ( 'NONE',  ( -8.380768779485729100, 1.026348166019126800E-015, -3.376256313292342400 ) ) ;
#2204 = EDGE_LOOP ( 'NONE', ( #3465, #1555, #7348, #419 ) ) ;
#2205 = CARTESIAN_POINT ( 'NONE',  ( 3.811388277930510600, 8.029667553315800200, 3.462472406546387200 ) ) ;
#2206 = PLANE ( 'NONE',  #3275 ) ;
#2207 = VERTEX_POINT ( 'NONE', #4125 ) ;
#2208 = AXIS2_PLACEMENT_3D ( 'NONE', #155, #1751, #960 ) ;
#2209 = CARTESIAN_POINT ( 'NONE',  ( 3.893398084003569300, 7.969486183259007800, -3.469985047562924100 ) ) ;
#2210 = ORIENTED_EDGE ( 'NONE', *, *, #6420, .F. ) ;
#2211 = CARTESIAN_POINT ( 'NONE',  ( 6.770357110861750600, -5.335227228758557600, -3.143904910697430800 ) ) ;
#2212 = LINE ( 'NONE', #3623, #4958 ) ;
#2213 = FACE_OUTER_BOUND ( 'NONE', #9594, .T. ) ;
#2214 = APPROVAL ( #3018, 'UNSPECIFIED' ) ;
#2215 = CARTESIAN_POINT ( 'NONE',  ( -8.485539612174532600, -1.885483199994247400, 3.247602129575368800 ) ) ;
#2216 = ORIENTED_EDGE ( 'NONE', *, *, #3218, .F. ) ;
#2217 = CARTESIAN_POINT ( 'NONE',  ( -3.886875361059064300, 7.955941609501117300, 3.468127985775450100 ) ) ;
#2218 = CARTESIAN_POINT ( 'NONE',  ( -8.830360115119992400, 1.964186229627660900, 3.500000000000000400 ) ) ;
#2219 = CARTESIAN_POINT ( 'NONE',  ( 0.0000000000000000000, 0.0000000000000000000, 3.094141646974374100 ) ) ;
#2220 = LINE ( 'NONE', #557, #7970 ) ;
#2221 = FACE_OUTER_BOUND ( 'NONE', #2895, .T. ) ;
#2222 = DIRECTION ( 'NONE',  ( 1.000000000000000000, 0.0000000000000000000, 0.0000000000000000000 ) ) ;
#2223 = ORIENTED_EDGE ( 'NONE', *, *, #4310, .F. ) ;
#2224 = DIRECTION ( 'NONE',  ( 0.0000000000000000000, 0.0000000000000000000, 1.000000000000000000 ) ) ;
#2225 = CARTESIAN_POINT ( 'NONE',  ( 0.0000000000000000000, 0.0000000000000000000, -3.452421434499180400 ) ) ;
#2226 = CARTESIAN_POINT ( 'NONE',  ( -3.805213805539127100, -8.016846129282408000, 3.469286171371085200 ) ) ;
#2227 = DIRECTION ( 'NONE',  ( 0.0000000000000000000, 0.0000000000000000000, -1.000000000000000000 ) ) ;
#2228 = ORIENTED_EDGE ( 'NONE', *, *, #6344, .T. ) ;
#2229 = CARTESIAN_POINT ( 'NONE',  ( 6.956890732771325000, -5.483982828363296300, 3.469014143938407500 ) ) ;
#2230 = CARTESIAN_POINT ( 'NONE',  ( 7.041302110270462000, 5.679203456406682400, 3.500000000000000400 ) ) ;
#2231 = CARTESIAN_POINT ( 'NONE',  ( 7.041302110270462000, 5.679203456406682400, 3.094141646974374100 ) ) ;
#2232 = CARTESIAN_POINT ( 'NONE',  ( -8.651073151173644500, 1.923265150063682800, 3.469900311146004500 ) ) ;
#2233 = EDGE_CURVE ( 'NONE', #9027, #8049, #1771, .T. ) ;
#2234 = CARTESIAN_POINT ( 'NONE',  ( 8.485539612174520100, 1.885483199994303100, 3.247602129575368300 ) ) ;
#2235 = DIRECTION ( 'NONE',  ( 1.000000000000000000, 0.0000000000000000000, 0.0000000000000000000 ) ) ;
#2236 = CARTESIAN_POINT ( 'NONE',  ( -3.891931505080029800, 7.966440800744804200, 3.470139885832122400 ) ) ;
#2237 = ORGANIZATION ( 'UNSPECIFIED', 'UNSPECIFIED', '' ) ;
#2238 = APPLICATION_CONTEXT ( 'configuration controlled 3d designs of mechanical parts and assemblies' ) ;
#2239 = ADVANCED_FACE ( 'NONE', ( #8805 ), #554, .T. ) ;
#2240 = VERTEX_POINT ( 'NONE', #4151 ) ;
#2241 = EDGE_CURVE ( 'NONE', #2199, #6005, #2932, .T. ) ;
#2242 = DIRECTION ( 'NONE',  ( -6.776263578034443400E-017, 1.000000000000000000, -0.0000000000000000000 ) ) ;
#2243 = AXIS2_PLACEMENT_3D ( 'NONE', #4626, #2297, #3115 ) ;
#2244 = VECTOR ( 'NONE', #5537, 1000.000000000000000 ) ;
#2245 = CARTESIAN_POINT ( 'NONE',  ( 0.05000000000000001700, -8.905308122385132900, -3.437256629622304200 ) ) ;
#2246 = EDGE_CURVE ( 'NONE', #1282, #2070, #6901, .T. ) ;
#2247 = DIRECTION ( 'NONE',  ( 1.000000000000000000, 0.0000000000000000000, 0.0000000000000000000 ) ) ;
#2248 = DIRECTION ( 'NONE',  ( -0.0000000000000000000, -0.0000000000000000000, 1.000000000000000000 ) ) ;
#2249 = CARTESIAN_POINT ( 'NONE',  ( 0.0000000000000000000, 0.0000000000000000000, 3.099533293948747700 ) ) ;
#2250 = DIRECTION ( 'NONE',  ( -0.0000000000000000000, -0.0000000000000000000, 1.000000000000000000 ) ) ;
#2251 = EDGE_LOOP ( 'NONE', ( #406, #7802, #1371, #5588 ) ) ;
#2252 = ORIENTED_EDGE ( 'NONE', *, *, #7274, .T. ) ;
#2253 = B_SPLINE_CURVE_WITH_KNOTS ( 'NONE', 3,
 ( #6000, #4461, #9800, #6770, #3021, #4529, #7539 ),
 .UNSPECIFIED., .F., .F.,
 ( 4, 3, 4 ),
 ( 0.0005204849250710215100, 0.0009002598162381899300, 0.0009544278593203509800 ),
 .UNSPECIFIED. ) ;
#2254 = CARTESIAN_POINT ( 'NONE',  ( -8.588813778810038700, -1.051826330269239700E-015, -3.099533293948747700 ) ) ;
#2255 = AXIS2_PLACEMENT_3D ( 'NONE', #9200, #4622, #26 ) ;
#2256 = CARTESIAN_POINT ( 'NONE',  ( 9.046037105128458900, 0.0000000000000000000, 3.500000000000000000 ) ) ;
#2257 = CIRCLE ( 'NONE', #5083, 2.450000000000000600 ) ;
#2258 = CARTESIAN_POINT ( 'NONE',  ( -7.103651090456256000, 5.601020308159980300, 3.094141646974374100 ) ) ;
#2259 = DIRECTION ( 'NONE',  ( -0.0000000000000000000, -0.0000000000000000000, 1.000000000000000000 ) ) ;
#2260 = AXIS2_PLACEMENT_3D ( 'NONE', #8366, #6020, #2966 ) ;
#2261 = EDGE_CURVE ( 'NONE', #7228, #3617, #236, .T. ) ;
#2262 = EDGE_LOOP ( 'NONE', ( #6251, #5544, #9661, #6274, #5425, #1686 ) ) ;
#2263 = CARTESIAN_POINT ( 'NONE',  ( -3.969976846764321700, 8.128503622655038900, -3.500000000000000400 ) ) ;
#2264 = DIRECTION ( 'NONE',  ( -0.7818314824680221400, 0.6234898018587431400, 0.0000000000000000000 ) ) ;
#2265 = LINE ( 'NONE', #2603, #5860 ) ;
#2266 = DIRECTION ( 'NONE',  ( -0.0000000000000000000, -0.0000000000000000000, -1.000000000000000000 ) ) ;
#2267 = CARTESIAN_POINT ( 'NONE',  ( -8.896693082788692300, 0.0000000000000000000, 3.452421434499180400 ) ) ;
#2268 = EDGE_CURVE ( 'NONE', #5829, #5778, #9302, .T. ) ;
#2269 = EDGE_LOOP ( 'NONE', ( #8745, #7622, #3025, #4878 ) ) ;
#2270 = PERSON_AND_ORGANIZATION_ROLE ( 'design_supplier' ) ;
#2271 = CONICAL_SURFACE ( 'NONE', #858, 8.588813778810038700, 0.1745329251994453500 ) ;
#2272 = EDGE_LOOP ( 'NONE', ( #4465, #299, #9489, #1556 ) ) ;
#2273 = CARTESIAN_POINT ( 'NONE',  ( 3.690422186055491800, 7.778478875277588900, 3.129114371485063100 ) ) ;
#2274 = CARTESIAN_POINT ( 'NONE',  ( 0.05000000000000001700, -8.900930351248696600, -3.444839032082838600 ) ) ;
#2275 = CARTESIAN_POINT ( 'NONE',  ( -8.609196891592752400, 2.016278853409731100, -3.460296783607140100 ) ) ;
#2276 = CARTESIAN_POINT ( 'NONE',  ( 0.05000000000000001700, 8.909685893445361800, 3.429674227117769800 ) ) ;
#2277 = CARTESIAN_POINT ( 'NONE',  ( 0.0000000000000000000, 0.0000000000000000000, 3.201256313292353700 ) ) ;
#2278 = ORIENTED_EDGE ( 'NONE', *, *, #3000, .T. ) ;
#2279 = CARTESIAN_POINT ( 'NONE',  ( -0.05000000000000004400, 8.599024861565366600, 3.114323832567764200 ) ) ;
#2280 = LINE ( 'NONE', #7286, #5037 ) ;
#2281 = CARTESIAN_POINT ( 'NONE',  ( -8.384458441792366700, 1.862412082470977300, -3.500000000000000000 ) ) ;
#2282 = CIRCLE ( 'NONE', #9182, 8.896693082788692300 ) ;
#2283 = VERTEX_POINT ( 'NONE', #8009 ) ;
#2284 = CARTESIAN_POINT ( 'NONE',  ( 8.670907408394962000, 2.030363876170957500, 3.437256629622304200 ) ) ;
#2285 = VERTEX_POINT ( 'NONE', #4211 ) ;
#2286 = CARTESIAN_POINT ( 'NONE',  ( 11.00000000000000000, 1.347111479062088400E-015, 2.975000000000000100 ) ) ;
#2287 = FACE_OUTER_BOUND ( 'NONE', #6981, .T. ) ;
#2288 = CARTESIAN_POINT ( 'NONE',  ( 0.05000000000000001000, -9.045898922017695300, -3.094141646974374100 ) ) ;
#2289 = ADVANCED_FACE ( 'NONE', ( #4374 ), #924, .F. ) ;
#2290 = VERTEX_POINT ( 'NONE', #8675 ) ;
#2291 = CARTESIAN_POINT ( 'NONE',  ( -8.666363791625185400, 1.926755138965993400, 3.468181098941469200 ) ) ;
#2292 = EDGE_CURVE ( 'NONE', #5269, #8455, #4854, .T. ) ;
#2293 = CARTESIAN_POINT ( 'NONE',  ( 8.384458441792393300, 1.862412082470863900, 3.094141646974374100 ) ) ;
#2294 = LINE ( 'NONE', #9359, #2400 ) ;
#2295 = DIRECTION ( 'NONE',  ( -0.0000000000000000000, -0.0000000000000000000, 1.000000000000000000 ) ) ;
#2296 = ORIENTED_EDGE ( 'NONE', *, *, #9026, .T. ) ;
#2297 = DIRECTION ( 'NONE',  ( 0.6234898018587372600, 0.7818314824680268100, -0.0000000000000000000 ) ) ;
#2298 = CIRCLE ( 'NONE', #6476, 8.837711872106121200 ) ;
#2299 = ORIENTED_EDGE ( 'NONE', *, *, #5389, .F. ) ;
#2300 = DIRECTION ( 'NONE',  ( -0.4338837391175462400, 0.9009688679024249200, 0.0000000000000000000 ) ) ;
#2301 = DIRECTION ( 'NONE',  ( 0.9009688679024158200, -0.4338837391175651700, -0.0000000000000000000 ) ) ;
#2302 = ORIENTED_EDGE ( 'NONE', *, *, #6737, .F. ) ;
#2303 = ORIENTED_EDGE ( 'NONE', *, *, #3924, .T. ) ;
#2304 = EDGE_CURVE ( 'NONE', #5076, #7214, #312, .T. ) ;
#2305 = ORIENTED_EDGE ( 'NONE', *, *, #5454, .F. ) ;
#2306 = CARTESIAN_POINT ( 'NONE',  ( -0.05000000000000001700, 8.896552580035715300, 3.452421434499180400 ) ) ;
#2307 = DIRECTION ( 'NONE',  ( 0.6234898018587320400, -0.7818314824680310200, 0.0000000000000000000 ) ) ;
#2308 = ORIENTED_EDGE ( 'NONE', *, *, #4754, .T. ) ;
#2309 = AXIS2_PLACEMENT_3D ( 'NONE', #2581, #9541, #371 ) ;
#2310 = CIRCLE ( 'NONE', #7747, 8.896693082788692300 ) ;
#2311 = VERTEX_POINT ( 'NONE', #1256 ) ;
#2312 = EDGE_CURVE ( 'NONE', #6346, #4923, #5617, .T. ) ;
#2313 = ORIENTED_EDGE ( 'NONE', *, *, #1425, .F. ) ;
#2314 = VERTEX_POINT ( 'NONE', #8904 ) ;
#2315 = CARTESIAN_POINT ( 'NONE',  ( 3.757925033893131200, 7.918649983142013400, 3.351299362948742200 ) ) ;
#2316 = ORIENTED_EDGE ( 'NONE', *, *, #6462, .F. ) ;
#2317 = ORIENTED_EDGE ( 'NONE', *, *, #5650, .F. ) ;
#2318 = CARTESIAN_POINT ( 'NONE',  ( 0.05000000000000001700, -8.896552580035715300, -3.452421434499180400 ) ) ;
#2319 = EDGE_LOOP ( 'NONE', ( #8053, #7917, #9403, #4718 ) ) ;
#2320 = CARTESIAN_POINT ( 'NONE',  ( 0.05000000000000001700, 8.900930351248694800, 3.444839032082839000 ) ) ;
#2321 = DIRECTION ( 'NONE',  ( -0.0000000000000000000, -0.0000000000000000000, 1.000000000000000000 ) ) ;
#2322 = LINE ( 'NONE', #4221, #5204 ) ;
#2323 = CARTESIAN_POINT ( 'NONE',  ( -0.05000000000000002400, 8.888179882401043800, -3.462472406546387200 ) ) ;
#2324 = VERTEX_POINT ( 'NONE', #2674 ) ;
#2325 = DIRECTION ( 'NONE',  ( 0.4338837391175463500, -0.9009688679024248100, 0.0000000000000000000 ) ) ;
#2326 = ORIENTED_EDGE ( 'NONE', *, *, #7557, .T. ) ;
#2327 = DIRECTION ( 'NONE',  ( 1.224646799147353200E-016, 1.000000000000000000, 0.0000000000000000000 ) ) ;
#2328 = B_SPLINE_CURVE_WITH_KNOTS ( 'NONE', 3,
 ( #5783, #4301, #8759, #4242, #362, #5821, #6458 ),
 .UNSPECIFIED., .F., .F.,
 ( 4, 3, 4 ),
 ( 0.001199429903413612500, 0.001225696219576499000, 0.001498119107920983800 ),
 .UNSPECIFIED. ) ;
#2329 = EDGE_CURVE ( 'NONE', #6660, #276, #2810, .T. ) ;
#2330 = ORIENTED_EDGE ( 'NONE', *, *, #1235, .F. ) ;
#2331 = CARTESIAN_POINT ( 'NONE',  ( -8.737285000697680100, 1.070008810934259400E-015, 3.500000000000000000 ) ) ;
#2332 = CARTESIAN_POINT ( 'NONE',  ( 3.757925033893075200, -7.918649983142041800, 3.351299362948741800 ) ) ;
#2333 = ORIENTED_EDGE ( 'NONE', *, *, #7219, .F. ) ;
#2334 = LINE ( 'NONE', #5312, #8206 ) ;
#2335 = CIRCLE ( 'NONE', #538, 2.450000000000000200 ) ;
#2336 = CARTESIAN_POINT ( 'NONE',  ( -8.611309364345199700, -2.016761011530122000, 3.462372291138045500 ) ) ;
#2337 = CARTESIAN_POINT ( 'NONE',  ( 0.0000000000000000000, 8.737285000697680100, -2.449999999999999700 ) ) ;
#2338 = DIRECTION ( 'NONE',  ( 0.0000000000000000000, 0.0000000000000000000, 1.000000000000000000 ) ) ;
#2339 = CARTESIAN_POINT ( 'NONE',  ( 3.879864310480516800, -7.941383012962171000, -3.456075294419946000 ) ) ;
#2340 = ORIENTED_EDGE ( 'NONE', *, *, #2397, .F. ) ;
#2341 = AXIS2_PLACEMENT_3D ( 'NONE', #1722, #9325, #7066 ) ;
#2342 = CARTESIAN_POINT ( 'NONE',  ( -7.119485258517184600, 5.741552436592656700, 3.094141646974374100 ) ) ;
#2343 = CARTESIAN_POINT ( 'NONE',  ( 3.726420399248701700, -7.853229935211805600, -3.247602129575368800 ) ) ;
#2344 = CC_DESIGN_SECURITY_CLASSIFICATION ( #2005, ( #2394 ) ) ;
#2345 = LINE ( 'NONE', #1525, #78 ) ;
#2346 = DIRECTION ( 'NONE',  ( -1.000000000000000000, 0.0000000000000000000, 0.0000000000000000000 ) ) ;
#2347 = DIRECTION ( 'NONE',  ( 0.2225209339563246100, 0.9749279121818212900, 0.0000000000000000000 ) ) ;
#2348 = ORIENTED_EDGE ( 'NONE', *, *, #3919, .T. ) ;
#2349 = ADVANCED_FACE ( 'NONE', ( #2686 ), #6595, .T. ) ;
#2350 = CARTESIAN_POINT ( 'NONE',  ( 0.0000000000000000000, 0.0000000000000000000, 3.500000000000000000 ) ) ;
#2351 = CARTESIAN_POINT ( 'NONE',  ( -3.771531933161234000, 7.716428513517264800, 3.099533293948748100 ) ) ;
#2352 = CARTESIAN_POINT ( 'NONE',  ( 0.05000000000000004400, 8.599024861565366600, 3.114323832567764700 ) ) ;
#2353 = CARTESIAN_POINT ( 'NONE',  ( 0.05000000000000001000, 9.045898922017695300, 3.193750000000000100 ) ) ;
#2354 = CARTESIAN_POINT ( 'NONE',  ( -3.792296317891512100, -7.990022689792177800, 3.462372291138045900 ) ) ;
#2355 = EDGE_CURVE ( 'NONE', #4922, #899, #7252, .T. ) ;
#2356 = DIRECTION ( 'NONE',  ( 0.0000000000000000000, 0.0000000000000000000, 1.000000000000000000 ) ) ;
#2357 = AXIS2_PLACEMENT_3D ( 'NONE', #1433, #6056, #1472 ) ;
#2358 = SPHERICAL_SURFACE ( 'NONE', #8178, 2.450000000000000600 ) ;
#2359 = CARTESIAN_POINT ( 'NONE',  ( 0.0000000000000000000, 0.0000000000000000000, 3.500000000000000000 ) ) ;
#2360 = DIRECTION ( 'NONE',  ( -0.0000000000000000000, -0.0000000000000000000, 1.000000000000000000 ) ) ;
#2361 = DIRECTION ( 'NONE',  ( 0.0000000000000000000, 0.0000000000000000000, 1.000000000000000000 ) ) ;
#2362 = DIRECTION ( 'NONE',  ( -0.0000000000000000000, -0.0000000000000000000, 1.000000000000000000 ) ) ;
#2363 = CARTESIAN_POINT ( 'NONE',  ( 0.0000000000000000000, 0.0000000000000000000, -3.099533293948747700 ) ) ;
#2364 = EDGE_CURVE ( 'NONE', #2182, #7190, #813, .T. ) ;
#2365 = CARTESIAN_POINT ( 'NONE',  ( 3.883828242128128900, -7.949614201842985400, -3.464471549642479200 ) ) ;
#2366 = CARTESIAN_POINT ( 'NONE',  ( -6.878316301899149100, 5.549226611465234000, 3.454996609771464800 ) ) ;
#2367 = FACE_OUTER_BOUND ( 'NONE', #5665, .T. ) ;
#2368 = CARTESIAN_POINT ( 'NONE',  ( 3.694915755622437000, 7.787809868630337600, -3.143904910697430800 ) ) ;
#2369 = AXIS2_PLACEMENT_3D ( 'NONE', #1572, #4650, #7658 ) ;
#2370 = ORIENTED_EDGE ( 'NONE', *, *, #6155, .T. ) ;
#2371 = DIRECTION ( 'NONE',  ( 1.000000000000000000, 0.0000000000000000000, 0.0000000000000000000 ) ) ;
#2372 = CARTESIAN_POINT ( 'NONE',  ( -0.05000000000000001000, 9.045898922017695300, 3.193750000000000100 ) ) ;
#2373 = CARTESIAN_POINT ( 'NONE',  ( -3.860119801968602300, 8.130859605668769400, 3.272391413630714800 ) ) ;
#2374 = LINE ( 'NONE', #3045, #5968 ) ;
#2375 = EDGE_CURVE ( 'NONE', #8273, #7864, #1840, .T. ) ;
#2376 = DIRECTION ( 'NONE',  ( 1.000000000000000000, 0.0000000000000000000, 0.0000000000000000000 ) ) ;
#2377 = CARTESIAN_POINT ( 'NONE',  ( 0.0000000000000000000, 0.0000000000000000000, -3.193750000000000500 ) ) ;
#2378 = ORIENTED_EDGE ( 'NONE', *, *, #8112, .T. ) ;
#2379 = AXIS2_PLACEMENT_3D ( 'NONE', #6791, #8996, #9070 ) ;
#2380 = DIRECTION ( 'NONE',  ( 0.0000000000000000000, 0.0000000000000000000, 1.000000000000000000 ) ) ;
#2381 = EDGE_CURVE ( 'NONE', #8034, #2671, #2097, .T. ) ;
#2382 = CARTESIAN_POINT ( 'NONE',  ( -8.636037103722774300, 2.022404956679656700, -3.469985047562924100 ) ) ;
#2383 = FACE_BOUND ( 'NONE', #4159, .T. ) ;
#2384 = CARTESIAN_POINT ( 'NONE',  ( 3.910816273206163500, 8.005655425827738400, -3.429674227117769800 ) ) ;
#2385 = B_SPLINE_CURVE_WITH_KNOTS ( 'NONE', 3,
 ( #3891, #4729, #202, #1012, #7006, #6355, #3952, #5491, #9317, #1767, #7036, #1650, #6270, #7128, #9432, #107, #2528, #5519, #6333, #7896, #5462, #1674 ),
 .UNSPECIFIED., .F., .F.,
 ( 4, 3, 3, 3, 3, 3, 3, 4 ),
 ( 0.0002168574548798349600, 0.0002188290334246902100, 0.0002305812013871298400, 0.0002423333607552016800, 0.0002540856419916210300, 0.0002658380091482406100, 0.0002775903405257925400, 0.0002867718163053248900 ),
 .UNSPECIFIED. ) ;
#2386 = CARTESIAN_POINT ( 'NONE',  ( 0.05000000000000003700, 8.609381483269881800, -3.129114371485063600 ) ) ;
#2387 = AXIS2_PLACEMENT_3D ( 'NONE', #8586, #4740, #2449 ) ;
#2388 = ORIENTED_EDGE ( 'NONE', *, *, #3392, .T. ) ;
#2389 = ADVANCED_FACE ( 'NONE', ( #5691 ), #6762, .T. ) ;
#2390 = CYLINDRICAL_SURFACE ( 'NONE', #1682, 4.000000000000000000 ) ;
#2391 = CARTESIAN_POINT ( 'NONE',  ( 0.0000000000000000000, 7.500000000000000000, -3.092233167847068000E-016 ) ) ;
#2392 = CARTESIAN_POINT ( 'NONE',  ( -3.840419595970360000, -8.089951706396105300, -3.351032822740168400 ) ) ;
#2393 = DIRECTION ( 'NONE',  ( 0.0000000000000000000, 0.0000000000000000000, -1.000000000000000000 ) ) ;
#2395 = CARTESIAN_POINT ( 'NONE',  ( 0.0000000000000000000, 0.0000000000000000000, -3.099533293948747700 ) ) ;
#2394 = PRODUCT_DEFINITION_FORMATION_WITH_SPECIFIED_SOURCE ( 'ANY', '', #5985, .NOT_KNOWN. ) ;
#2396 = DIRECTION ( 'NONE',  ( -0.0000000000000000000, -0.0000000000000000000, 1.000000000000000000 ) ) ;
#2397 = EDGE_CURVE ( 'NONE', #8179, #3121, #2345, .T. ) ;
#2398 = CARTESIAN_POINT ( 'NONE',  ( 3.681435046371100700, 7.759816887428968400, -3.099533293948748100 ) ) ;
#2399 = ORIENTED_EDGE ( 'NONE', *, *, #3418, .T. ) ;
#2400 = VECTOR ( 'NONE', #4067, 1000.000000000000000 ) ;
#2401 = LINE ( 'NONE', #2342, #735 ) ;
#2402 = CARTESIAN_POINT ( 'NONE',  ( -0.05000000000000002400, -8.842010604659869000, -3.460296783607140100 ) ) ;
#2403 = ORIENTED_EDGE ( 'NONE', *, *, #119, .T. ) ;
#2404 = ORIENTED_EDGE ( 'NONE', *, *, #937, .T. ) ;
#2405 = DIRECTION ( 'NONE',  ( 0.0000000000000000000, 0.0000000000000000000, -1.000000000000000000 ) ) ;
#2406 = ORIENTED_EDGE ( 'NONE', *, *, #6037, .T. ) ;
#2407 = FACE_OUTER_BOUND ( 'NONE', #5787, .T. ) ;
#2408 = AXIS2_PLACEMENT_3D ( 'NONE', #2832, #8205, #6686 ) ;
#2409 = ORIENTED_EDGE ( 'NONE', *, *, #5151, .F. ) ;
#2410 = CIRCLE ( 'NONE', #6932, 8.588813778810038700 ) ;
#2411 = CONICAL_SURFACE ( 'NONE', #1232, 9.046037105128458900, 0.5235987755983011500 ) ;
#2412 = ORIENTED_EDGE ( 'NONE', *, *, #4055, .T. ) ;
#2413 = CIRCLE ( 'NONE', #4924, 8.896693082788692300 ) ;
#2414 = ORIENTED_EDGE ( 'NONE', *, *, #8650, .F. ) ;
#2415 = DIRECTION ( 'NONE',  ( -1.000000000000000000, 0.0000000000000000000, 0.0000000000000000000 ) ) ;
#2416 = PLANE ( 'NONE',  #3946 ) ;
#2417 = CARTESIAN_POINT ( 'NONE',  ( -6.746065712156315000, 5.315855484712322700, 3.094141646974374100 ) ) ;
#2418 = LINE ( 'NONE', #4126, #9598 ) ;
#2419 = CARTESIAN_POINT ( 'NONE',  ( -0.05000000000000001700, 8.895021265232191600, 3.455073707654066100 ) ) ;
#2420 = ORIENTED_EDGE ( 'NONE', *, *, #7684, .T. ) ;
#2421 = DIRECTION ( 'NONE',  ( -1.000000000000000000, 0.0000000000000000000, 0.0000000000000000000 ) ) ;
#2422 = EDGE_CURVE ( 'NONE', #1577, #7304, #8573, .T. ) ;
#2423 = VERTEX_POINT ( 'NONE', #2172 ) ;
#2424 = CARTESIAN_POINT ( 'NONE',  ( -8.662371385772200200, 2.028415584710187700, -3.452421434499180400 ) ) ;
#2425 = CARTESIAN_POINT ( 'NONE',  ( 3.789429660203687000, -7.984070013767042600, 3.454996609771464800 ) ) ;
#2426 = ORIENTED_EDGE ( 'NONE', *, *, #8144, .F. ) ;
#2427 = CARTESIAN_POINT ( 'NONE',  ( 3.771531933161343300, 7.716428513517212400, -3.099533293948748100 ) ) ;
#2428 = ORIENTED_EDGE ( 'NONE', *, *, #6609, .T. ) ;
#2429 = DIRECTION ( 'NONE',  ( 6.776263578034444600E-017, 1.000000000000000000, 0.0000000000000000000 ) ) ;
#2430 = DIRECTION ( 'NONE',  ( 1.000000000000000000, 0.0000000000000000000, 0.0000000000000000000 ) ) ;
#2431 = ORIENTED_EDGE ( 'NONE', *, *, #9515, .F. ) ;
#2432 = ORIENTED_EDGE ( 'NONE', *, *, #9669, .T. ) ;
#2433 = LINE ( 'NONE', #8631, #8316 ) ;
#2434 = ORIENTED_EDGE ( 'NONE', *, *, #7046, .F. ) ;
#2435 = EDGE_CURVE ( 'NONE', #1236, #7186, #3189, .T. ) ;
#2436 = EDGE_LOOP ( 'NONE', ( #5280, #7346, #5506, #141 ) ) ;
#2437 = CARTESIAN_POINT ( 'NONE',  ( -3.905117942077038800, -7.993822719313215900, 3.452421434499180400 ) ) ;
#2438 = ORIENTED_EDGE ( 'NONE', *, *, #7379, .F. ) ;
#2439 = AXIS2_PLACEMENT_3D ( 'NONE', #6282, #3256, #2474 ) ;
#2440 = ADVANCED_FACE ( 'NONE', ( #9412 ), #5223, .T. ) ;
#2441 = ORIENTED_EDGE ( 'NONE', *, *, #7062, .F. ) ;
#2442 = EDGE_CURVE ( 'NONE', #8850, #7096, #7978, .T. ) ;
#2443 = FACE_BOUND ( 'NONE', #5259, .T. ) ;
#2444 = VECTOR ( 'NONE', #8454, 1000.000000000000100 ) ;
#2445 = CARTESIAN_POINT ( 'NONE',  ( -8.630645840616953300, 1.918602749729777100, -3.459673052288552200 ) ) ;
#2446 = ORIENTED_EDGE ( 'NONE', *, *, #641, .F. ) ;
#2447 = CARTESIAN_POINT ( 'NONE',  ( -8.404652361358991200, -1.867021212834241600, -3.129114371485063600 ) ) ;
#2448 = CARTESIAN_POINT ( 'NONE',  ( -8.628399862454779500, 2.020661806197893800, 3.469846945119945800 ) ) ;
#2449 = DIRECTION ( 'NONE',  ( 1.000000000000000000, 0.0000000000000000000, 0.0000000000000000000 ) ) ;
#2450 = AXIS2_PLACEMENT_3D ( 'NONE', #7471, #5080, #2999 ) ;
#2451 = CARTESIAN_POINT ( 'NONE',  ( -0.05000000000000002400, 8.854507720150186500, 3.468127985775450100 ) ) ;
#2452 = FACE_OUTER_BOUND ( 'NONE', #6968, .T. ) ;
#2453 = VECTOR ( 'NONE', #3758, 1000.000000000000000 ) ;
#2454 = CARTESIAN_POINT ( 'NONE',  ( 3.904984510970419100, 7.993545646765492800, 3.452954079042414000 ) ) ;
#2455 = AXIS2_PLACEMENT_3D ( 'NONE', #190, #8588, #7862 ) ;
#2456 = B_SPLINE_CURVE_WITH_KNOTS ( 'NONE', 3,
 ( #7056, #6235, #4023, #1740, #9407, #9373, #5555, #7091, #8597, #2494, #2468, #7875, #7768, #175, #885, #3191, #4781, #8624, #4814, #136, #8539, #231, #3310, #4074, #4046 ),
 .UNSPECIFIED., .F., .F.,
 ( 4, 3, 3, 3, 3, 3, 3, 3, 4 ),
 ( 0.0001509499138714759900, 0.0001527764003826877800, 0.0001645282963311849500, 0.0001762803579144524800, 0.0001880325997012811000, 0.0001997849575937758900, 0.0002115373162334736800, 0.0002188290956692552600, 0.0002208042975641528200 ),
 .UNSPECIFIED. ) ;
#2457 = EDGE_CURVE ( 'NONE', #6643, #5258, #4852, .T. ) ;
#2458 = VERTEX_POINT ( 'NONE', #6962 ) ;
#2459 = DIRECTION ( 'NONE',  ( -0.7818314824680309100, -0.6234898018587321500, 0.0000000000000000000 ) ) ;
#2460 = CARTESIAN_POINT ( 'NONE',  ( -3.905117942077038800, -7.993822719313215900, -3.452421434499180400 ) ) ;
#2461 = CARTESIAN_POINT ( 'NONE',  ( -6.878316301899149100, 5.549226611465234000, 3.454996609771464800 ) ) ;
#2462 = CARTESIAN_POINT ( 'NONE',  ( 0.05000000000000002400, -8.888179882401043800, -3.462472406546387200 ) ) ;
#2463 = CARTESIAN_POINT ( 'NONE',  ( 0.05000000000000002400, 8.837570431649497800, -3.454996609771464800 ) ) ;
#2464 = EDGE_CURVE ( 'NONE', #9285, #7707, #7160, .T. ) ;
#2465 = PLANE ( 'NONE',  #9435 ) ;
#2466 = EDGE_LOOP ( 'NONE', ( #3242, #1620, #714, #1594 ) ) ;
#2467 = DIRECTION ( 'NONE',  ( -0.2225209339563114800, 0.9749279121818242900, 0.0000000000000000000 ) ) ;
#2468 = CARTESIAN_POINT ( 'NONE',  ( -6.906425780025288400, 5.571643172246202100, -3.469378817057675600 ) ) ;
#2469 = PLANE ( 'NONE',  #7906 ) ;
#2470 = CARTESIAN_POINT ( 'NONE',  ( 6.746065712156391400, 5.315855484712227700, -3.094141646974374100 ) ) ;
#2471 = CARTESIAN_POINT ( 'NONE',  ( 6.986287445380051900, 5.507425924389303300, 3.453478796700601500 ) ) ;
#2472 = DIRECTION ( 'NONE',  ( -1.000000000000000000, 0.0000000000000000000, 0.0000000000000000000 ) ) ;
#2473 = TOROIDAL_SURFACE ( 'NONE', #7871, 8.866382193656235700, 0.03500000000000000300 ) ;
#2474 = DIRECTION ( 'NONE',  ( 0.6234898018587431400, 0.7818314824680222500, 0.0000000000000000000 ) ) ;
#2475 = CARTESIAN_POINT ( 'NONE',  ( 3.815021055286684800, -8.037211093225025100, -3.452421434499180400 ) ) ;
#2476 = DIRECTION ( 'NONE',  ( -0.0000000000000000000, -0.0000000000000000000, 1.000000000000000000 ) ) ;
#2477 = ORIENTED_EDGE ( 'NONE', *, *, #7251, .T. ) ;
#2478 = EDGE_CURVE ( 'NONE', #7846, #5422, #1635, .T. ) ;
#2479 = CARTESIAN_POINT ( 'NONE',  ( -6.878316301899265500, -5.549226611465089200, -3.454996609771464800 ) ) ;
#2480 = CARTESIAN_POINT ( 'NONE',  ( 8.807973303152710500, 2.061648272210859600, -3.094141646974374100 ) ) ;
#2481 = CARTESIAN_POINT ( 'NONE',  ( -6.746065712156426900, -5.315855484712181500, 3.500000000000000000 ) ) ;
#2482 = FACE_OUTER_BOUND ( 'NONE', #354, .T. ) ;
#2483 = ADVANCED_FACE ( 'NONE', ( #9528 ), #41, .T. ) ;
#2484 = DIRECTION ( 'NONE',  ( 1.000000000000000000, -2.664535259100375700E-015, 0.0000000000000000000 ) ) ;
#2485 = DIRECTION ( 'NONE',  ( -0.0000000000000000000, -0.0000000000000000000, 1.000000000000000000 ) ) ;
#2486 = EDGE_CURVE ( 'NONE', #7391, #9030, #673, .T. ) ;
#2487 = CARTESIAN_POINT ( 'NONE',  ( -8.628821057778051100, -2.020757941281691800, -3.469900311146004500 ) ) ;
#2488 = CARTESIAN_POINT ( 'NONE',  ( -8.684623479167832700, 1.930922793492005900, 3.452421434499180400 ) ) ;
#2489 = ORIENTED_EDGE ( 'NONE', *, *, #5474, .F. ) ;
#2490 = ORIENTED_EDGE ( 'NONE', *, *, #9355, .F. ) ;
#2491 = CARTESIAN_POINT ( 'NONE',  ( 0.0000000000000000000, 0.0000000000000000000, 3.094141646974374100 ) ) ;
#2492 = AXIS2_PLACEMENT_3D ( 'NONE', #6431, #1967, #306 ) ;
#2493 = CIRCLE ( 'NONE', #814, 9.046037105128458900 ) ;
#2494 = CARTESIAN_POINT ( 'NONE',  ( -6.909333309708245900, 5.573961849795747300, -3.468147503381453900 ) ) ;
#2495 = DIRECTION ( 'NONE',  ( 0.0000000000000000000, 0.0000000000000000000, -1.000000000000000000 ) ) ;
#2496 = DIRECTION ( 'NONE',  ( -0.0000000000000000000, 0.0000000000000000000, 1.000000000000000000 ) ) ;
#2497 = ORIENTED_EDGE ( 'NONE', *, *, #9222, .F. ) ;
#2498 = AXIS2_PLACEMENT_3D ( 'NONE', #756, #4595, #3928 ) ;
#2499 = FACE_OUTER_BOUND ( 'NONE', #6169, .T. ) ;
#2500 = CARTESIAN_POINT ( 'NONE',  ( -8.651073151173644500, 1.923265150063682800, -3.469900311146004500 ) ) ;
#2501 = CARTESIAN_POINT ( 'NONE',  ( -3.815021055286628800, 8.037211093225053600, 3.452421434499180400 ) ) ;
#2502 = AXIS2_PLACEMENT_3D ( 'NONE', #9566, #1873, #5791 ) ;
#2503 = DIRECTION ( 'NONE',  ( -0.0000000000000000000, -0.0000000000000000000, 1.000000000000000000 ) ) ;
#2504 = EDGE_CURVE ( 'NONE', #1129, #5497, #5342, .T. ) ;
#2505 = DIRECTION ( 'NONE',  ( -1.000000000000000000, 0.0000000000000000000, 0.0000000000000000000 ) ) ;
#2506 = CARTESIAN_POINT ( 'NONE',  ( -3.780519072845786700, -7.735090501365808000, -3.129114371485063600 ) ) ;
#2507 = ORIENTED_EDGE ( 'NONE', *, *, #84, .F. ) ;
#2508 = CARTESIAN_POINT ( 'NONE',  ( -2.191112882543703400, -4.549892782907199300, -1.592040838891560100E-016 ) ) ;
#2509 = CARTESIAN_POINT ( 'NONE',  ( -0.05000000000000002400, 8.866160943272234400, 3.470139885832122400 ) ) ;
#2510 = VECTOR ( 'NONE', #4934, 1000.000000000000000 ) ;
#2511 = ORIENTED_EDGE ( 'NONE', *, *, #9112, .F. ) ;
#2512 = CARTESIAN_POINT ( 'NONE',  ( 3.889999191883962000, 7.962428311048002500, 3.469846945119945800 ) ) ;
#2513 = B_SPLINE_CURVE_WITH_KNOTS ( 'NONE', 3,
 ( #7992, #2651, #4161, #1860, #7309, #4891, #388, #2713, #5702, #9554, #1887, #7175, #8052, #7211, #4995, #9493, #1165, #2616, #8785, #9527, #1062, #8088, #3499, #6522, #7280 ),
 .UNSPECIFIED., .F., .F.,
 ( 4, 3, 3, 3, 3, 3, 3, 3, 4 ),
 ( 0.0001509499138714748300, 0.0001527764003826867800, 0.0001645282963311839000, 0.0001762803579144514500, 0.0001880325997012799300, 0.0001997849575937750800, 0.0002115373162334721900, 0.0002188290956692535500, 0.0002208042975641505200 ),
 .UNSPECIFIED. ) ;
#2514 = PLANE ( 'NONE',  #3093 ) ;
#2515 = AXIS2_PLACEMENT_3D ( 'NONE', #8636, #2545, #7858 ) ;
#2516 = CARTESIAN_POINT ( 'NONE',  ( 8.640010456057851200, -1.920740162094275700, -3.466570807216844900 ) ) ;
#2517 = ORIENTED_EDGE ( 'NONE', *, *, #9734, .T. ) ;
#2518 = DIRECTION ( 'NONE',  ( 1.000000000000000000, 0.0000000000000000000, 0.0000000000000000000 ) ) ;
#2519 = CIRCLE ( 'NONE', #5706, 8.588813778810038700 ) ;
#2520 = DIRECTION ( 'NONE',  ( 0.0000000000000000000, 0.0000000000000000000, 1.000000000000000000 ) ) ;
#2522 = CARTESIAN_POINT ( 'NONE',  ( -8.604868042990066400, -2.015290821964363500, -3.454996609771464800 ) ) ;
#2521 = AXIS2_PLACEMENT_3D ( 'NONE', #7778, #4790, #5532 ) ;
#2523 = CONICAL_SURFACE ( 'NONE', #5388, 9.046037105128458900, 0.5235987755983011500 ) ;
#2524 = VERTEX_POINT ( 'NONE', #6903 ) ;
#2525 = ORIENTED_EDGE ( 'NONE', *, *, #9540, .T. ) ;
#2526 = FACE_OUTER_BOUND ( 'NONE', #6524, .T. ) ;
#2527 = ORIENTED_EDGE ( 'NONE', *, *, #369, .F. ) ;
#2528 = CARTESIAN_POINT ( 'NONE',  ( -6.915312180062994000, -5.578729839798997500, 3.464797546056691800 ) ) ;
#2529 = CARTESIAN_POINT ( 'NONE',  ( 6.934698440303953300, 5.594189866451190000, -3.429674227117770700 ) ) ;
#2530 = EDGE_LOOP ( 'NONE', ( #7321, #4169, #3980, #6973, #6863, #4285, #6510, #3171, #1474, #3636, #1984, #5207, #264, #3374, #8478, #5320, #8193, #1006, #3881, #6388, #322, #499, #9354, #7566, #6520, #7840, #957, #5017, #2648, #49, #7354, #4345 ) ) ;
#2531 = CARTESIAN_POINT ( 'NONE',  ( 8.627879084050931600, 1.917971255598233300, -3.456075294419946400 ) ) ;
#2532 = FACE_OUTER_BOUND ( 'NONE', #9727, .T. ) ;
#2533 = ORIENTED_EDGE ( 'NONE', *, *, #9170, .F. ) ;
#2534 = ADVANCED_FACE ( 'NONE', ( #7490 ), #3305, .T. ) ;
#2535 = ORIENTED_EDGE ( 'NONE', *, *, #4117, .T. ) ;
#2536 = VERTEX_POINT ( 'NONE', #3926 ) ;
#2537 = B_SPLINE_CURVE_WITH_KNOTS ( 'NONE', 3,
 ( #8926, #490, #9657, #9761, #3640, #5876, #9720 ),
 .UNSPECIFIED., .F., .F.,
 ( 4, 3, 4 ),
 ( 0.0005204849250710211800, 0.0009002598162381898200, 0.0009544278593203504300 ),
 .UNSPECIFIED. ) ;
#2538 = CARTESIAN_POINT ( 'NONE',  ( 0.0000000000000000000, 0.0000000000000000000, 3.193750000000000500 ) ) ;
#2539 = ORIENTED_EDGE ( 'NONE', *, *, #6512, .T. ) ;
#2540 = CARTESIAN_POINT ( 'NONE',  ( 0.0000000000000000000, 0.0000000000000000000, -3.094141646974374100 ) ) ;
#2541 = EDGE_CURVE ( 'NONE', #9121, #1144, #8696, .T. ) ;
#2542 = DIRECTION ( 'NONE',  ( 1.000000000000000000, 0.0000000000000000000, 0.0000000000000000000 ) ) ;
#2543 = ORIENTED_EDGE ( 'NONE', *, *, #1758, .T. ) ;
#2544 = CARTESIAN_POINT ( 'NONE',  ( -8.653663380659768500, 2.026428039368319400, 3.462633071500297100 ) ) ;
#2545 = DIRECTION ( 'NONE',  ( -0.0000000000000000000, -0.0000000000000000000, -1.000000000000000000 ) ) ;
#2546 = LINE ( 'NONE', #8166, #6390 ) ;
#2547 = PLANE ( 'NONE',  #6182 ) ;
#2548 = VERTEX_POINT ( 'NONE', #8540 ) ;
#2549 = CARTESIAN_POINT ( 'NONE',  ( -6.940665282085022100, 5.471043463218431500, -3.454996609771464800 ) ) ;
#2550 = ORIENTED_EDGE ( 'NONE', *, *, #3157, .F. ) ;
#2551 = ADVANCED_FACE ( 'NONE', ( #7135 ), #796, .T. ) ;
#2552 = EDGE_LOOP ( 'NONE', ( #6518, #2049, #3634, #7206 ) ) ;
#2553 = CARTESIAN_POINT ( 'NONE',  ( -8.681602063913612000, -1.930233175176623500, -3.457279025203407600 ) ) ;
#2554 = EDGE_CURVE ( 'NONE', #4261, #2077, #3421, .T. ) ;
#2555 = ORIENTED_EDGE ( 'NONE', *, *, #7251, .F. ) ;
#2556 = VERTEX_POINT ( 'NONE', #5424 ) ;
#2557 = CARTESIAN_POINT ( 'NONE',  ( -3.969916891359540400, 8.128379123974170300, 3.193750000000000100 ) ) ;
#2558 = DIRECTION ( 'NONE',  ( -0.0000000000000000000, -0.0000000000000000000, 1.000000000000000000 ) ) ;
#2559 = VERTEX_POINT ( 'NONE', #3060 ) ;
#2560 = VECTOR ( 'NONE', #6515, 1000.000000000000000 ) ;
#2561 = ORIENTED_EDGE ( 'NONE', *, *, #3967, .F. ) ;
#2562 = CARTESIAN_POINT ( 'NONE',  ( -6.827126517065172700, -5.380499319508294000, -3.247602129575368800 ) ) ;
#2563 = CARTESIAN_POINT ( 'NONE',  ( -7.311959341363692700, -1.668907004672287800, -3.092233167847068000E-016 ) ) ;
#2564 = CARTESIAN_POINT ( 'NONE',  ( -8.737285000697680100, 0.0000000000000000000, 2.758752104430781200 ) ) ;
#2565 = DIRECTION ( 'NONE',  ( 1.000000000000000000, 0.0000000000000000000, 0.0000000000000000000 ) ) ;
#2566 = ORIENTED_EDGE ( 'NONE', *, *, #5454, .T. ) ;
#2567 = CARTESIAN_POINT ( 'NONE',  ( -9.498018552564230900, 0.0000000000000000000, 3.325000000000000600 ) ) ;
#2568 = ORIENTED_EDGE ( 'NONE', *, *, #6955, .T. ) ;
#2569 = EDGE_LOOP ( 'NONE', ( #5891, #8557, #2786, #7191 ) ) ;
#2570 = AXIS2_PLACEMENT_3D ( 'NONE', #5513, #4807, #8691 ) ;
#2571 = CIRCLE ( 'NONE', #7027, 9.046037105128458900 ) ;
#2572 = FACE_OUTER_BOUND ( 'NONE', #9298, .T. ) ;
#2573 = DIRECTION ( 'NONE',  ( -1.000000000000000000, -3.552713678800500900E-015, 0.0000000000000000000 ) ) ;
#2574 = CARTESIAN_POINT ( 'NONE',  ( -6.997047420489748100, 5.516006718204486100, -3.429674227117770700 ) ) ;
#2575 = VERTEX_POINT ( 'NONE', #2267 ) ;
#2576 = AXIS2_PLACEMENT_3D ( 'NONE', #9873, #8209, #2906 ) ;
#2577 = EDGE_CURVE ( 'NONE', #2877, #4073, #2802, .T. ) ;
#2578 = CARTESIAN_POINT ( 'NONE',  ( 6.971682289894198800, 5.495778701548846200, 3.468147503381453900 ) ) ;
#2579 = DIRECTION ( 'NONE',  ( -0.0000000000000000000, -0.0000000000000000000, 1.000000000000000000 ) ) ;
#2580 = LINE ( 'NONE', #5477, #1034 ) ;
#2581 = CARTESIAN_POINT ( 'NONE',  ( 0.0000000000000000000, 0.0000000000000000000, 3.500000000000000000 ) ) ;
#2582 = CARTESIAN_POINT ( 'NONE',  ( 3.796590850085432400, -7.998940377781406300, -3.467739038050325000 ) ) ;
#2583 = EDGE_LOOP ( 'NONE', ( #5407, #6033, #4084, #3856 ) ) ;
#2584 = DIRECTION ( 'NONE',  ( 0.0000000000000000000, 0.0000000000000000000, 1.000000000000000000 ) ) ;
#2585 = AXIS2_PLACEMENT_3D ( 'NONE', #8811, #7945, #4954 ) ;
#2586 = DIRECTION ( 'NONE',  ( -1.000000000000000000, 0.0000000000000000000, 0.0000000000000000000 ) ) ;
#2587 = CARTESIAN_POINT ( 'NONE',  ( 6.878316301899190000, -5.549226611465182500, -3.454996609771464800 ) ) ;
#2588 = EDGE_CURVE ( 'NONE', #8850, #9440, #7732, .T. ) ;
#2589 = CARTESIAN_POINT ( 'NONE',  ( 0.0000000000000000000, 10.47500000000000500, -3.500000000000000400 ) ) ;
#2590 = DIRECTION ( 'NONE',  ( -1.000000000000000000, 0.0000000000000000000, 0.0000000000000000000 ) ) ;
#2591 = CARTESIAN_POINT ( 'NONE',  ( -6.683716731970441100, 5.394038632959125200, -3.099533293948748100 ) ) ;
#2592 = DIRECTION ( 'NONE',  ( 1.000000000000000000, 0.0000000000000000000, 0.0000000000000000000 ) ) ;
#2593 = DIRECTION ( 'NONE',  ( -1.000000000000000000, 0.0000000000000000000, 0.0000000000000000000 ) ) ;
#2594 = VECTOR ( 'NONE', #211, 1000.000000000000000 ) ;
#2595 = CARTESIAN_POINT ( 'NONE',  ( -6.924430402411212000, -5.586001379475613100, 3.452421434499180400 ) ) ;
#2596 = AXIS2_PLACEMENT_3D ( 'NONE', #8373, #4520, #747 ) ;
#2597 = DIRECTION ( 'NONE',  ( 0.0000000000000000000, 0.0000000000000000000, -1.000000000000000000 ) ) ;
#2598 = ADVANCED_FACE ( 'NONE', ( #3074 ), #9882, .T. ) ;
#2599 = CARTESIAN_POINT ( 'NONE',  ( -0.05000000000000003100, 8.692348900455138900, -3.247602129575368300 ) ) ;
#2600 = CARTESIAN_POINT ( 'NONE',  ( 6.821546926897668500, -5.503954545597981300, 3.351299362948741300 ) ) ;
#2601 = LINE ( 'NONE', #5909, #335 ) ;
#2602 = B_SPLINE_CURVE_WITH_KNOTS ( 'NONE', 3,
 ( #7156, #305, #7803, #3215, #4143, #7318, #9592, #1141, #331, #461, #5685, #401, #4899, #3413, #6533, #8026, #3510, #7224, #5741, #7261, #1866, #3368, #5818, #6489, #1893 ),
 .UNSPECIFIED., .F., .F.,
 ( 4, 3, 3, 3, 3, 3, 3, 3, 4 ),
 ( 0.0001509499138714748300, 0.0001527764003826867800, 0.0001645282963311839000, 0.0001762803579144514500, 0.0001880325997012799300, 0.0001997849575937750800, 0.0002115373162334721900, 0.0002188290956692535500, 0.0002208042975641505200 ),
 .UNSPECIFIED. ) ;
#2603 = CARTESIAN_POINT ( 'NONE',  ( -8.830225396548355500, -1.964155480992619400, -3.500000000000000000 ) ) ;
#2604 = CARTESIAN_POINT ( 'NONE',  ( -9.700532726209166500, -2.214083292865235600, -1.592040838891560100E-016 ) ) ;
#2605 = DIRECTION ( 'NONE',  ( 0.0000000000000000000, 0.0000000000000000000, 1.000000000000000000 ) ) ;
#2606 = CARTESIAN_POINT ( 'NONE',  ( -3.880701848413552900, -7.943122178400273900, 3.458522467003439300 ) ) ;
#2607 = CONICAL_SURFACE ( 'NONE', #6567, 9.621762239271875600, 0.7853981633974378400 ) ;
#2608 = CARTESIAN_POINT ( 'NONE',  ( 6.699910998104734000, -5.406953129253620800, -3.129114371485063600 ) ) ;
#2609 = EDGE_CURVE ( 'NONE', #795, #9030, #3897, .T. ) ;
#2610 = ADVANCED_FACE ( 'NONE', ( #5682, #3293 ), #2469, .F. ) ;
#2611 = ORIENTED_EDGE ( 'NONE', *, *, #3082, .F. ) ;
#2612 = CARTESIAN_POINT ( 'NONE',  ( -6.971682289894235200, -5.495778701548799100, 3.468147503381453900 ) ) ;
#2613 = CIRCLE ( 'NONE', #595, 5.378237760728125300 ) ;
#2614 = CARTESIAN_POINT ( 'NONE',  ( 5.378237760728125300, 0.0000000000000000000, 3.500000000000000000 ) ) ;
#2615 = EDGE_CURVE ( 'NONE', #2747, #2240, #9468, .T. ) ;
#2616 = CARTESIAN_POINT ( 'NONE',  ( -0.05000000000000002400, -8.846913349918352800, 3.464362763198132600 ) ) ;
#2617 = CARTESIAN_POINT ( 'NONE',  ( 9.621762239271875600, 0.0000000000000000000, 3.201256313292353700 ) ) ;
#2618 = DIRECTION ( 'NONE',  ( -0.6234898018587267100, 0.7818314824680352400, 0.0000000000000000000 ) ) ;
#2619 = VERTEX_POINT ( 'NONE', #9344 ) ;
#2620 = AXIS2_PLACEMENT_3D ( 'NONE', #4183, #6519, #428 ) ;
#2621 = EDGE_CURVE ( 'NONE', #8431, #1282, #7860, .T. ) ;
#2622 = CIRCLE ( 'NONE', #6250, 8.588813778810038700 ) ;
#2623 = DIRECTION ( 'NONE',  ( 0.0000000000000000000, 0.0000000000000000000, -1.000000000000000000 ) ) ;
#2624 = CARTESIAN_POINT ( 'NONE',  ( 8.604868042990039700, -2.015290821964479800, -3.454996609771464800 ) ) ;
#2625 = DIRECTION ( 'NONE',  ( 0.2225209339563114200, -0.9749279121818244000, 0.0000000000000000000 ) ) ;
#2626 = DIRECTION ( 'NONE',  ( -1.000000000000000000, 0.0000000000000000000, 0.0000000000000000000 ) ) ;
#2627 = AXIS2_PLACEMENT_3D ( 'NONE', #9457, #8619, #4041 ) ;
#2628 = VERTEX_POINT ( 'NONE', #3246 ) ;
#2629 = CYLINDRICAL_SURFACE ( 'NONE', #3334, 9.621762239271875600 ) ;
#2630 = DIRECTION ( 'NONE',  ( 0.0000000000000000000, 0.0000000000000000000, -1.000000000000000000 ) ) ;
#2631 = LINE ( 'NONE', #3468, #6709 ) ;
#2632 = ORIENTED_EDGE ( 'NONE', *, *, #5701, .F. ) ;
#2633 = AXIS2_PLACEMENT_3D ( 'NONE', #7915, #9577, #5670 ) ;
#2634 = EDGE_LOOP ( 'NONE', ( #2789, #1742 ) ) ;
#2635 = CARTESIAN_POINT ( 'NONE',  ( 0.0000000000000000000, 0.0000000000000000000, 3.099533293948747700 ) ) ;
#2636 = EDGE_CURVE ( 'NONE', #7391, #1351, #3536, .T. ) ;
#2637 = DIRECTION ( 'NONE',  ( -0.0000000000000000000, -0.0000000000000000000, 1.000000000000000000 ) ) ;
#2638 = FACE_OUTER_BOUND ( 'NONE', #8909, .T. ) ;
#2639 = CARTESIAN_POINT ( 'NONE',  ( 0.0000000000000000000, 0.0000000000000000000, 3.452421434499180400 ) ) ;
#2640 = ORIENTED_EDGE ( 'NONE', *, *, #2028, .T. ) ;
#2641 = ADVANCED_FACE ( 'NONE', ( #1973 ), #301, .T. ) ;
#2642 = VECTOR ( 'NONE', #7173, 1000.000000000000000 ) ;
#2643 = EDGE_LOOP ( 'NONE', ( #3509, #8654, #5387, #2525 ) ) ;
#2644 = CARTESIAN_POINT ( 'NONE',  ( 8.463287518778873400, -1.982975991212544400, 3.247602129575368300 ) ) ;
#2645 = EDGE_CURVE ( 'NONE', #2283, #8997, #9638, .T. ) ;
#2647 = CARTESIAN_POINT ( 'NONE',  ( -6.941595868251153200, -5.471785580921745100, 3.456597352396201500 ) ) ;
#2646 = CIRCLE ( 'NONE', #5582, 8.601156667459632000 ) ;
#2648 = ORIENTED_EDGE ( 'NONE', *, *, #8106, .F. ) ;
#2649 = LINE ( 'NONE', #9417, #3982 ) ;
#2650 = CARTESIAN_POINT ( 'NONE',  ( 6.746065712156391400, 5.315855484712227700, 3.094141646974374100 ) ) ;
#2651 = CARTESIAN_POINT ( 'NONE',  ( -0.05000000000000001700, -8.896245052708611200, 3.452954079042413100 ) ) ;
#2652 = ORIENTED_EDGE ( 'NONE', *, *, #7900, .F. ) ;
#2653 = ORIENTED_EDGE ( 'NONE', *, *, #4724, .F. ) ;
#2654 = FACE_OUTER_BOUND ( 'NONE', #8189, .T. ) ;
#2655 = ORIENTED_EDGE ( 'NONE', *, *, #1090, .F. ) ;
#2656 = ORIENTED_EDGE ( 'NONE', *, *, #6575, .T. ) ;
#2657 = DIRECTION ( 'NONE',  ( -0.0000000000000000000, -0.0000000000000000000, 1.000000000000000000 ) ) ;
#2658 = CARTESIAN_POINT ( 'NONE',  ( 3.789595138428261600, 7.984413632840895200, 3.455541280135826300 ) ) ;
#2659 = ORIENTED_EDGE ( 'NONE', *, *, #1209, .F. ) ;
#2660 = CARTESIAN_POINT ( 'NONE',  ( -0.05000000000000002400, 8.837570431649497800, -3.454996609771464800 ) ) ;
#2661 = VERTEX_POINT ( 'NONE', #7844 ) ;
#2662 = CARTESIAN_POINT ( 'NONE',  ( 0.0000000000000000000, 0.0000000000000000000, 3.094141646974374100 ) ) ;
#2663 = ADVANCED_FACE ( 'NONE', ( #1270 ), #3651, .F. ) ;
#2664 = ORIENTED_EDGE ( 'NONE', *, *, #5517, .F. ) ;
#2665 = EDGE_LOOP ( 'NONE', ( #7937, #4792, #535, #5032, #6516, #4614, #6739, #8069, #2303, #8541, #3488, #2984, #5296, #8267, #549, #598, #6365, #7591, #7122, #2085, #8663, #6332, #2921, #6028, #38, #2539, #7290, #7728, #9600, #9173, #6366, #9851 ) ) ;
#2666 = CIRCLE ( 'NONE', #1402, 9.046037105128458900 ) ;
#2667 = VERTEX_POINT ( 'NONE', #5612 ) ;
#2668 = CARTESIAN_POINT ( 'NONE',  ( -8.636228808187237100, -1.919877025645243800, -3.464362763198132600 ) ) ;
#2669 = DIRECTION ( 'NONE',  ( -0.0000000000000000000, -0.0000000000000000000, 1.000000000000000000 ) ) ;
#2670 = EDGE_CURVE ( 'NONE', #701, #7212, #6411, .T. ) ;
#2671 = VERTEX_POINT ( 'NONE', #9434 ) ;
#2672 = DIRECTION ( 'NONE',  ( 0.0000000000000000000, 0.0000000000000000000, 1.000000000000000000 ) ) ;
#2673 = ORIENTED_EDGE ( 'NONE', *, *, #3157, .T. ) ;
#2674 = CARTESIAN_POINT ( 'NONE',  ( 5.254494074020480600, 6.510670503808522700E-016, 3.500000000000000000 ) ) ;
#2675 = EDGE_LOOP ( 'NONE', ( #2860, #9358, #7363, #5443 ) ) ;
#2676 = DIRECTION ( 'NONE',  ( -1.000000000000000000, 0.0000000000000000000, 0.0000000000000000000 ) ) ;
#2677 = LINE ( 'NONE', #6890, #5075 ) ;
#2678 = FACE_OUTER_BOUND ( 'NONE', #8744, .T. ) ;
#2679 = EDGE_CURVE ( 'NONE', #3940, #7878, #7938, .T. ) ;
#2680 = EDGE_LOOP ( 'NONE', ( #9610, #7325, #3865, #984 ) ) ;
#2681 = CARTESIAN_POINT ( 'NONE',  ( -6.962598646779133200, -5.488534737890400800, 3.469915996672631000 ) ) ;
#2682 = AXIS2_PLACEMENT_3D ( 'NONE', #8227, #7387, #7456 ) ;
#2683 = EDGE_CURVE ( 'NONE', #9015, #510, #2602, .T. ) ;
#2684 = CARTESIAN_POINT ( 'NONE',  ( -7.068044516080838900, -5.572625012626080100, -3.272391413630716200 ) ) ;
#2685 = CARTESIAN_POINT ( 'NONE',  ( -3.801601759304601200, 8.009345637991435400, 3.469915996672631000 ) ) ;
#2686 = FACE_OUTER_BOUND ( 'NONE', #2583, .T. ) ;
#2687 = CIRCLE ( 'NONE', #1108, 8.837711872106121200 ) ;
#2688 = VERTEX_POINT ( 'NONE', #4974 ) ;
#2689 = CARTESIAN_POINT ( 'NONE',  ( -8.741693482047987000, 1.943948649232828600, 3.351032822740168400 ) ) ;
#2690 = CARTESIAN_POINT ( 'NONE',  ( 8.656687201036431700, -2.027118206636961100, -3.460240287494900100 ) ) ;
#2691 = AXIS2_PLACEMENT_3D ( 'NONE', #8038, #2772, #5858 ) ;
#2692 = CARTESIAN_POINT ( 'NONE',  ( 3.789429660203743800, 7.984070013767017700, 3.454996609771464800 ) ) ;
#2693 = ADVANCED_FACE ( 'NONE', ( #9166 ), #1515, .F. ) ;
#2694 = CARTESIAN_POINT ( 'NONE',  ( -3.910816273206219100, -8.005655425827711700, 3.429674227117769800 ) ) ;
#2695 = CARTESIAN_POINT ( 'NONE',  ( -3.811388277930564800, -8.029667553315773500, -3.462472406546387700 ) ) ;
#2696 = CARTESIAN_POINT ( 'NONE',  ( -3.815021055286628800, 8.037211093225053600, -3.452421434499180400 ) ) ;
#2697 = AXIS2_PLACEMENT_3D ( 'NONE', #3701, #6084, #6848 ) ;
#2698 = EDGE_CURVE ( 'NONE', #9027, #3455, #6402, .T. ) ;
#2699 = ORIENTED_EDGE ( 'NONE', *, *, #6344, .F. ) ;
#2700 = CARTESIAN_POINT ( 'NONE',  ( -8.631448984988422200, -1.918786062191375700, -3.460296783607140100 ) ) ;
#2701 = DIRECTION ( 'NONE',  ( 1.000000000000000000, 0.0000000000000000000, 0.0000000000000000000 ) ) ;
#2702 = DIRECTION ( 'NONE',  ( -0.2225209339563182500, -0.9749279121818227300, 0.0000000000000000000 ) ) ;
#2703 = CARTESIAN_POINT ( 'NONE',  ( -3.969916891359710500, -8.128379123974086800, -3.500000000000000000 ) ) ;
#2704 = DIRECTION ( 'NONE',  ( 1.000000000000000000, 0.0000000000000000000, 0.0000000000000000000 ) ) ;
#2705 = CARTESIAN_POINT ( 'NONE',  ( 3.806642800920362600, -8.019813468767431200, 3.468147503381453900 ) ) ;
#2706 = CC_DESIGN_APPROVAL ( #2214, ( #9908 ) ) ;
#2707 = ADVANCED_FACE ( 'NONE', ( #5569 ), #8063, .T. ) ;
#2708 = CARTESIAN_POINT ( 'NONE',  ( 3.796778474268935000, 7.999329983412819100, -3.468127985775450100 ) ) ;
#2710 = CARTESIAN_POINT ( 'NONE',  ( 6.947969869725817200, 5.476868677478562700, -3.464362763198132200 ) ) ;
#2709 = CARTESIAN_POINT ( 'NONE',  ( -6.979796104693843300, -5.502249252933806300, 3.462633071500297100 ) ) ;
#2711 = CARTESIAN_POINT ( 'NONE',  ( 6.909787269926719800, 5.574323870989429600, 3.468181098941469600 ) ) ;
#2712 = VERTEX_POINT ( 'NONE', #3443 ) ;
#2713 = CARTESIAN_POINT ( 'NONE',  ( -0.05000000000000002400, -8.884519005424703400, 3.465025888964337500 ) ) ;
#2714 = CARTESIAN_POINT ( 'NONE',  ( 0.05000000000000003700, -8.588668239434865000, -3.094141646974374100 ) ) ;
#2715 = ORIENTED_EDGE ( 'NONE', *, *, #7787, .F. ) ;
#2716 = DIRECTION ( 'NONE',  ( 0.0000000000000000000, 0.0000000000000000000, 1.000000000000000000 ) ) ;
#2717 = FACE_OUTER_BOUND ( 'NONE', #7964, .T. ) ;
#2718 = CARTESIAN_POINT ( 'NONE',  ( 8.404652361358966300, -1.867021212834355100, -3.129114371485063100 ) ) ;
#2719 = CARTESIAN_POINT ( 'NONE',  ( 0.0000000000000000000, 0.0000000000000000000, -7.960204194457796500E-016 ) ) ;
#2720 = CARTESIAN_POINT ( 'NONE',  ( -3.930516482760601600, -8.046563332484346600, 3.351032822740167600 ) ) ;
#2721 = CARTESIAN_POINT ( 'NONE',  ( 6.903311947890373700, -5.569159973981077100, -3.469985047562923700 ) ) ;
#2722 = CARTESIAN_POINT ( 'NONE',  ( -3.805213805539127100, -8.016846129282408000, -3.469286171371085200 ) ) ;
#2723 = DIRECTION ( 'NONE',  ( 0.0000000000000000000, 0.0000000000000000000, -1.000000000000000000 ) ) ;
#2724 = ORIENTED_EDGE ( 'NONE', *, *, #8494, .F. ) ;
#2725 = VECTOR ( 'NONE', #1037, 1000.000000000000000 ) ;
#2726 = DIRECTION ( 'NONE',  ( 1.000000000000000000, 0.0000000000000000000, 0.0000000000000000000 ) ) ;
#2727 = CARTESIAN_POINT ( 'NONE',  ( 8.392497227128158600, 1.966818569093031300, 3.143904910697430800 ) ) ;
#2728 = EDGE_CURVE ( 'NONE', #317, #9150, #5331, .T. ) ;
#2729 = CARTESIAN_POINT ( 'NONE',  ( -8.807973303152723000, -2.061648272210801800, 3.193750000000000100 ) ) ;
#2730 = CARTESIAN_POINT ( 'NONE',  ( 0.0000000000000000000, 0.0000000000000000000, 3.500000000000000400 ) ) ;
#2731 = CARTESIAN_POINT ( 'NONE',  ( 0.05000000000000002400, 8.850402102400634500, -3.466377381984354400 ) ) ;
#2732 = EDGE_LOOP ( 'NONE', ( #7384, #4537, #7814, #1126 ) ) ;
#2733 = CARTESIAN_POINT ( 'NONE',  ( 3.771531933161343300, 7.716428513517212400, 3.099533293948748100 ) ) ;
#2734 = CARTESIAN_POINT ( 'NONE',  ( 3.789946096564124700, -7.985142404919461300, 3.456597352396201500 ) ) ;
#2735 = LINE ( 'NONE', #3722, #4171 ) ;
#2736 = ADVANCED_FACE ( 'NONE', ( #5449 ), #8917, .T. ) ;
#2737 = DIRECTION ( 'NONE',  ( 1.000000000000000000, 0.0000000000000000000, 0.0000000000000000000 ) ) ;
#2739 = CARTESIAN_POINT ( 'NONE',  ( -0.05000000000000003700, -8.619738104553002600, -3.143904910697431300 ) ) ;
#2738 = CARTESIAN_POINT ( 'NONE',  ( 3.681435046371045700, -7.759816887428994100, 3.094141646974374100 ) ) ;
#2740 = ORIENTED_EDGE ( 'NONE', *, *, #5749, .F. ) ;
#2741 = CARTESIAN_POINT ( 'NONE',  ( -6.691813865204092200, 5.400495881239197400, -3.114323832567765100 ) ) ;
#2742 = DIRECTION ( 'NONE',  ( -0.6234898018587372600, -0.7818314824680268100, 0.0000000000000000000 ) ) ;
#2743 = AXIS2_PLACEMENT_3D ( 'NONE', #5894, #1312, #2076 ) ;
#2744 = PLANE ( 'NONE',  #5063 ) ;
#2745 = FACE_OUTER_BOUND ( 'NONE', #5804, .T. ) ;
#2746 = CARTESIAN_POINT ( 'NONE',  ( 8.362206348396748400, -1.959904873689104700, -3.500000000000000000 ) ) ;
#2747 = VERTEX_POINT ( 'NONE', #6560 ) ;
#2748 = CARTESIAN_POINT ( 'NONE',  ( -6.888653535670973900, -5.557470280312683600, -3.466570807216844900 ) ) ;
#2749 = AXIS2_PLACEMENT_3D ( 'NONE', #7836, #3979, #131 ) ;
#2750 = EDGE_CURVE ( 'NONE', #514, #285, #7126, .T. ) ;
#2751 = CARTESIAN_POINT ( 'NONE',  ( -8.830225396548355500, -1.964155480992619400, -3.193750000000000100 ) ) ;
#2752 = EDGE_LOOP ( 'NONE', ( #7459, #9512, #2210, #4894 ) ) ;
#2753 = CARTESIAN_POINT ( 'NONE',  ( 3.805213805539072500, 8.016846129282434700, 3.469286171371085200 ) ) ;
#2754 = LINE ( 'NONE', #5261, #6598 ) ;
#2755 = CARTESIAN_POINT ( 'NONE',  ( -6.986779382596969500, 5.507818231228957200, 3.452421434499180400 ) ) ;
#2756 = LINE ( 'NONE', #1524, #2169 ) ;
#2757 = CARTESIAN_POINT ( 'NONE',  ( 6.878924930671451500, -5.549711976714768000, -3.456075294419946400 ) ) ;
#2758 = ORIENTED_EDGE ( 'NONE', *, *, #1057, .T. ) ;
#2759 = DIRECTION ( 'NONE',  ( 0.0000000000000000000, 0.0000000000000000000, 1.000000000000000000 ) ) ;
#2760 = ADVANCED_FACE ( 'NONE', ( #7482 ), #1738, .T. ) ;
#2761 = ORIENTED_EDGE ( 'NONE', *, *, #3200, .F. ) ;
#2763 = CONICAL_SURFACE ( 'NONE', #7712, 8.869223585189136100, 0.6108652381980126400 ) ;
#2762 = AXIS2_PLACEMENT_3D ( 'NONE', #3012, #1490, #2975 ) ;
#2764 = CARTESIAN_POINT ( 'NONE',  ( -8.629761014703564800, -1.918400793988892500, -3.458522467003439300 ) ) ;
#2765 = ORIENTED_EDGE ( 'NONE', *, *, #9602, .F. ) ;
#2766 = AXIS2_PLACEMENT_3D ( 'NONE', #6493, #7288, #7364 ) ;
#2767 = CARTESIAN_POINT ( 'NONE',  ( 8.666639397120894400, -2.029389730449090700, 3.444839032082838600 ) ) ;
#2768 = ORIENTED_EDGE ( 'NONE', *, *, #6658, .F. ) ;
#2769 = EDGE_CURVE ( 'NONE', #3586, #8034, #309, .T. ) ;
#2770 = CARTESIAN_POINT ( 'NONE',  ( 0.05000000000000002400, 8.865624258063290200, -3.469915996672631000 ) ) ;
#2771 = CIRCLE ( 'NONE', #8212, 9.046037105128458900 ) ;
#2772 = DIRECTION ( 'NONE',  ( -0.0000000000000000000, -0.0000000000000000000, 1.000000000000000000 ) ) ;
#2773 = ORIENTED_EDGE ( 'NONE', *, *, #5487, .T. ) ;
#2774 = CARTESIAN_POINT ( 'NONE',  ( 3.812491355094313100, -8.031958116648651100, 3.460240287494900100 ) ) ;
#2775 = VERTEX_POINT ( 'NONE', #8891 ) ;
#2776 = ORIENTED_EDGE ( 'NONE', *, *, #8347, .T. ) ;
#2777 = EDGE_CURVE ( 'NONE', #7704, #2883, #6650, .T. ) ;
#2779 = CARTESIAN_POINT ( 'NONE',  ( -6.683716731970554800, -5.394038632958984000, -3.094141646974374100 ) ) ;
#2778 = CARTESIAN_POINT ( 'NONE',  ( -3.771531933161395700, -7.716428513517186600, 3.099533293948748100 ) ) ;
#2780 = ORIENTED_EDGE ( 'NONE', *, *, #2241, .T. ) ;
#2781 = LINE ( 'NONE', #5086, #5660 ) ;
#2782 = VERTEX_POINT ( 'NONE', #4373 ) ;
#2783 = CARTESIAN_POINT ( 'NONE',  ( -6.950697486251040200, -5.479043879072429000, -3.466377381984354400 ) ) ;
#2784 = CARTESIAN_POINT ( 'NONE',  ( 6.923233172288207400, 5.585046620312227500, 3.455073707654065200 ) ) ;
#2785 = CARTESIAN_POINT ( 'NONE',  ( -8.372303308387719400, -1.962209438918102800, -3.114323832567764200 ) ) ;
#2786 = ORIENTED_EDGE ( 'NONE', *, *, #453, .T. ) ;
#2787 = ORIENTED_EDGE ( 'NONE', *, *, #9759, .F. ) ;
#2788 = ORIENTED_EDGE ( 'NONE', *, *, #2375, .F. ) ;
#2789 = ORIENTED_EDGE ( 'NONE', *, *, #2816, .F. ) ;
#2790 = CARTESIAN_POINT ( 'NONE',  ( -3.771531933161395700, -7.716428513517186600, 3.500000000000000000 ) ) ;
#2791 = CIRCLE ( 'NONE', #6127, 0.03499999999999987800 ) ;
#2792 = EDGE_LOOP ( 'NONE', ( #3502, #6353, #3014, #5536, #986, #7907 ) ) ;
#2793 = CARTESIAN_POINT ( 'NONE',  ( -0.05000000000000001000, -9.045898922017695300, 3.500000000000000000 ) ) ;
#2794 = ADVANCED_FACE ( 'NONE', ( #5811 ), #6655, .T. ) ;
#2795 = CARTESIAN_POINT ( 'NONE',  ( 7.311959341363669700, -1.668907004672386600, -3.092233167847068000E-016 ) ) ;
#2796 = DIRECTION ( 'NONE',  ( 0.9009688679024187000, -0.4338837391175590600, 0.0000000000000000000 ) ) ;
#2797 = DIRECTION ( 'NONE',  ( 1.000000000000000000, 0.0000000000000000000, 0.0000000000000000000 ) ) ;
#2798 = ORIENTED_EDGE ( 'NONE', *, *, #5354, .T. ) ;
#2799 = CARTESIAN_POINT ( 'NONE',  ( -6.940665282085022100, 5.471043463218431500, -3.454996609771464800 ) ) ;
#2800 = ORIENTED_EDGE ( 'NONE', *, *, #3392, .F. ) ;
#2801 = DIRECTION ( 'NONE',  ( -0.0000000000000000000, -0.0000000000000000000, 1.000000000000000000 ) ) ;
#2802 = LINE ( 'NONE', #8408, #1850 ) ;
#2803 = LINE ( 'NONE', #3439, #3294 ) ;
#2804 = EDGE_CURVE ( 'NONE', #6085, #4922, #2537, .T. ) ;
#2805 = CARTESIAN_POINT ( 'NONE',  ( -8.629761014703564800, -1.918400793988892500, 3.458522467003439300 ) ) ;
#2806 = ORIENTED_EDGE ( 'NONE', *, *, #3613, .T. ) ;
#2807 = CARTESIAN_POINT ( 'NONE',  ( -9.046037105128458900, -1.107820038576375800E-015, -3.193750000000000500 ) ) ;
#2808 = CARTESIAN_POINT ( 'NONE',  ( 3.803301197213271300, -8.012874557170789600, 3.469985047562924100 ) ) ;
#2809 = EDGE_CURVE ( 'NONE', #7102, #1606, #5087, .T. ) ;
#2810 = LINE ( 'NONE', #2703, #6193 ) ;
#2811 = ADVANCED_FACE ( 'NONE', ( #9753 ), #9405, .T. ) ;
#2812 = CARTESIAN_POINT ( 'NONE',  ( 6.982221020360139400, 5.504183058648036900, -3.460240287494900500 ) ) ;
#2813 = ORIENTED_EDGE ( 'NONE', *, *, #5863, .F. ) ;
#2814 = AXIS2_PLACEMENT_3D ( 'NONE', #5675, #6326, #3328 ) ;
#2815 = CARTESIAN_POINT ( 'NONE',  ( 8.384458441792379100, -1.862412082470922300, 3.094141646974374100 ) ) ;
#2816 = EDGE_CURVE ( 'NONE', #1326, #5043, #3064, .T. ) ;
#2817 = CARTESIAN_POINT ( 'NONE',  ( -7.103543054550032200, -5.600934152399481100, -3.193750000000000100 ) ) ;
#2818 = CARTESIAN_POINT ( 'NONE',  ( -3.789595138428147900, 7.984413632840947600, 3.455541280135826300 ) ) ;
#2819 = DIRECTION ( 'NONE',  ( -0.0000000000000000000, -0.0000000000000000000, 1.000000000000000000 ) ) ;
#2820 = DIRECTION ( 'NONE',  ( 0.4338837391175652300, 0.9009688679024158200, -0.0000000000000000000 ) ) ;
#2821 = ORIENTED_EDGE ( 'NONE', *, *, #5474, .T. ) ;
#2822 = CARTESIAN_POINT ( 'NONE',  ( 8.661431183075031000, -2.028200989579895400, -3.453994494324953200 ) ) ;
#2823 = AXIS2_PLACEMENT_3D ( 'NONE', #6546, #507, #2004 ) ;
#2824 = CARTESIAN_POINT ( 'NONE',  ( -3.681435046371154000, -7.759816887428941700, -3.094141646974374100 ) ) ;
#2825 = CARTESIAN_POINT ( 'NONE',  ( 3.771531933161342800, 7.716428513517212400, 3.500000000000000000 ) ) ;
#2826 = CARTESIAN_POINT ( 'NONE',  ( -6.883895907083501500, 5.425771397351231200, -3.351299362948740900 ) ) ;
#2827 = AXIS2_PLACEMENT_3D ( 'NONE', #85, #8415, #6908 ) ;
#2828 = LOCAL_TIME ( 8, 6, 3.000000000000000000, #4871 ) ;
#2829 = EDGE_CURVE ( 'NONE', #5799, #4261, #6891, .T. ) ;
#2830 = CARTESIAN_POINT ( 'NONE',  ( -6.909333309708245900, 5.573961849795747300, 3.468147503381453900 ) ) ;
#2831 = CARTESIAN_POINT ( 'NONE',  ( 0.0000000000000000000, 0.0000000000000000000, -2.975000000000005000 ) ) ;
#2832 = CARTESIAN_POINT ( 'NONE',  ( 0.0000000000000000000, 0.0000000000000000000, 3.452421434499180400 ) ) ;
#2833 = CARTESIAN_POINT ( 'NONE',  ( 0.05000000000000002400, 8.890722215898270200, -3.460240287494900500 ) ) ;
#2834 = CIRCLE ( 'NONE', #3296, 8.837711872106121200 ) ;
#2835 = CARTESIAN_POINT ( 'NONE',  ( -3.816517286038889200, 7.809841561300076200, 3.247602129575368300 ) ) ;
#2836 = CARTESIAN_POINT ( 'NONE',  ( 3.809799882939509000, -8.026369217130920200, 3.465025888964337500 ) ) ;
#2837 = ADVANCED_FACE ( 'NONE', ( #801 ), #1025, .F. ) ;
#2838 = AXIS2_PLACEMENT_3D ( 'NONE', #3166, #6076, #1595 ) ;
#2839 = CARTESIAN_POINT ( 'NONE',  ( -8.905600812942541500, 2.083931114241475600, -3.094141646974374100 ) ) ;
#2840 = ORIENTED_EDGE ( 'NONE', *, *, #5975, .F. ) ;
#2842 = DIRECTION ( 'NONE',  ( -0.0000000000000000000, -0.0000000000000000000, 1.000000000000000000 ) ) ;
#2841 = CARTESIAN_POINT ( 'NONE',  ( 5.378237760728125300, 0.0000000000000000000, 3.500000000000000000 ) ) ;
#2843 = TOROIDAL_SURFACE ( 'NONE', #8609, 8.866382193656235700, 0.03500000000000000300 ) ;
#2844 = DIRECTION ( 'NONE',  ( -1.000000000000000000, 0.0000000000000000000, 0.0000000000000000000 ) ) ;
#2845 = DIRECTION ( 'NONE',  ( -0.0000000000000000000, -0.0000000000000000000, 1.000000000000000000 ) ) ;
#2846 = VERTEX_POINT ( 'NONE', #2824 ) ;
#2847 = VERTEX_POINT ( 'NONE', #8194 ) ;
#2848 = DIRECTION ( 'NONE',  ( 0.2225209339563050900, -0.9749279121818257300, 0.0000000000000000000 ) ) ;
#2849 = CONICAL_SURFACE ( 'NONE', #2827, 9.046037105128458900, 0.5235987755983011500 ) ;
#2850 = CARTESIAN_POINT ( 'NONE',  ( -6.956890732771283200, 5.483982828363348700, 3.469014143938407500 ) ) ;
#2851 = CARTESIAN_POINT ( 'NONE',  ( -9.621762239271875600, 1.178326032848117100E-015, 3.201256313292353700 ) ) ;
#2852 = EDGE_CURVE ( 'NONE', #4030, #3037, #3314, .T. ) ;
#2853 = CARTESIAN_POINT ( 'NONE',  ( -8.463287518778861000, 1.982975991212599900, 3.247602129575368300 ) ) ;
#2854 = AXIS2_PLACEMENT_3D ( 'NONE', #3337, #2623, #1830 ) ;
#2855 = CARTESIAN_POINT ( 'NONE',  ( 3.889999191883962000, 7.962428311048002500, -3.469846945119945800 ) ) ;
#2856 = ORIENTED_EDGE ( 'NONE', *, *, #5888, .F. ) ;
#2857 = CARTESIAN_POINT ( 'NONE',  ( 6.909787269926719800, 5.574323870989429600, -3.468181098941469600 ) ) ;
#2858 = CARTESIAN_POINT ( 'NONE',  ( -3.771531933161395700, -7.716428513517186600, -3.099533293948748100 ) ) ;
#2859 = FACE_OUTER_BOUND ( 'NONE', #2189, .T. ) ;
#2860 = ORIENTED_EDGE ( 'NONE', *, *, #6045, .F. ) ;
#2861 = EDGE_CURVE ( 'NONE', #4205, #9392, #6058, .T. ) ;
#2862 = CARTESIAN_POINT ( 'NONE',  ( 8.808108021724386600, 2.061679020845724100, 3.094141646974374100 ) ) ;
#2863 = CARTESIAN_POINT ( 'NONE',  ( 8.384458441792393300, 1.862412082470863900, -3.500000000000000000 ) ) ;
#2864 = DIRECTION ( 'NONE',  ( -0.0000000000000000000, -0.0000000000000000000, 1.000000000000000000 ) ) ;
#2865 = ORIENTED_EDGE ( 'NONE', *, *, #4409, .T. ) ;
#2866 = AXIS2_PLACEMENT_3D ( 'NONE', #7152, #226, #2430 ) ;
#2867 = CIRCLE ( 'NONE', #9498, 8.837711872106121200 ) ;
#2868 = LINE ( 'NONE', #397, #8743 ) ;
#2869 = ORIENTED_EDGE ( 'NONE', *, *, #447, .T. ) ;
#2870 = CARTESIAN_POINT ( 'NONE',  ( 0.0000000000000000000, 0.0000000000000000000, -3.193750000000000500 ) ) ;
#2871 = ORIENTED_EDGE ( 'NONE', *, *, #7307, .T. ) ;
#2872 = ORIENTED_EDGE ( 'NONE', *, *, #9669, .F. ) ;
#2873 = FACE_OUTER_BOUND ( 'NONE', #2272, .T. ) ;
#2874 = CARTESIAN_POINT ( 'NONE',  ( 3.776025503095896200, -7.725759507633449100, 3.114323832567764700 ) ) ;
#2875 = AXIS2_PLACEMENT_3D ( 'NONE', #6370, #6441, #2586 ) ;
#2876 = CARTESIAN_POINT ( 'NONE',  ( 0.0000000000000000000, 0.0000000000000000000, 3.094141646974374100 ) ) ;
#2877 = VERTEX_POINT ( 'NONE', #1473 ) ;
#2878 = CARTESIAN_POINT ( 'NONE',  ( -8.380768779485729100, 1.048178488476693100E-015, -3.376256313292342400 ) ) ;
#2879 = CONICAL_SURFACE ( 'NONE', #4998, 5.254494074020480600, 0.7853981633973957700 ) ;
#2880 = ORIENTED_EDGE ( 'NONE', *, *, #937, .F. ) ;
#2881 = AXIS2_PLACEMENT_3D ( 'NONE', #5247, #2974, #3754 ) ;
#2882 = FACE_OUTER_BOUND ( 'NONE', #8149, .T. ) ;
#2883 = VERTEX_POINT ( 'NONE', #9089 ) ;
#2884 = EDGE_CURVE ( 'NONE', #5200, #4073, #1627, .T. ) ;
#2885 = PLANE ( 'NONE',  #334 ) ;
#2886 = VERTEX_POINT ( 'NONE', #4539 ) ;
#2887 = ADVANCED_FACE ( 'NONE', ( #8458 ), #7592, .T. ) ;
#2888 = CARTESIAN_POINT ( 'NONE',  ( -6.940665282085022100, 5.471043463218431500, 3.454996609771464800 ) ) ;
#2889 = VERTEX_POINT ( 'NONE', #7551 ) ;
#2890 = DIRECTION ( 'NONE',  ( 1.000000000000000000, 0.0000000000000000000, 0.0000000000000000000 ) ) ;
#2891 = CARTESIAN_POINT ( 'NONE',  ( 0.0000000000000000000, 0.0000000000000000000, -3.454996609771464400 ) ) ;
#2892 = CARTESIAN_POINT ( 'NONE',  ( 0.05000000000000001700, 8.896552580035715300, 3.452421434499180400 ) ) ;
#2893 = CARTESIAN_POINT ( 'NONE',  ( -8.830225396548316400, 1.964155480992796400, -3.193750000000000100 ) ) ;
#2894 = B_SPLINE_CURVE_WITH_KNOTS ( 'NONE', 3,
 ( #1032, #9552, #6419, #1003, #6383, #352, #9426 ),
 .UNSPECIFIED., .F., .F.,
 ( 4, 3, 4 ),
 ( 0.001199429903413613600, 0.001225696219576499600, 0.001498119107920983600 ),
 .UNSPECIFIED. ) ;
#2895 = EDGE_LOOP ( 'NONE', ( #3692, #1083, #7498, #2299 ) ) ;
#2896 = AXIS2_PLACEMENT_3D ( 'NONE', #4031, #989, #5566 ) ;
#2897 = CARTESIAN_POINT ( 'NONE',  ( -6.912240795546437300, 5.576280492380257100, 3.466916208273112900 ) ) ;
#2898 = CIRCLE ( 'NONE', #3631, 8.896693082788692300 ) ;
#2899 = ORIENTED_EDGE ( 'NONE', *, *, #500, .F. ) ;
#2900 = ORIENTED_EDGE ( 'NONE', *, *, #9093, .F. ) ;
#2901 = CARTESIAN_POINT ( 'NONE',  ( 0.0000000000000000000, 0.0000000000000000000, 3.500000000000000000 ) ) ;
#2902 = CARTESIAN_POINT ( 'NONE',  ( 3.815021055286684800, -8.037211093225025100, -3.452421434499180400 ) ) ;
#2903 = EDGE_LOOP ( 'NONE', ( #2899, #4928, #1135, #8502 ) ) ;
#2904 = AXIS2_PLACEMENT_3D ( 'NONE', #6521, #454, #694 ) ;
#2905 = ORIENTED_EDGE ( 'NONE', *, *, #6609, .F. ) ;
#2906 = DIRECTION ( 'NONE',  ( -1.000000000000000000, 0.0000000000000000000, 0.0000000000000000000 ) ) ;
#2907 = EDGE_CURVE ( 'NONE', #9380, #2619, #4021, .T. ) ;
#2908 = EDGE_LOOP ( 'NONE', ( #6631, #5115, #527, #9680, #5072, #4887 ) ) ;
#2909 = CARTESIAN_POINT ( 'NONE',  ( -3.901485164720639000, 7.986279179404098400, 3.462472406546387200 ) ) ;
#2910 = CARTESIAN_POINT ( 'NONE',  ( -8.662371385772200200, 2.028415584710187700, 3.452421434499180400 ) ) ;
#2911 = ORIENTED_EDGE ( 'NONE', *, *, #2884, .F. ) ;
#2912 = DIRECTION ( 'NONE',  ( 0.7818314824680221400, -0.6234898018587431400, 0.0000000000000000000 ) ) ;
#2913 = FACE_OUTER_BOUND ( 'NONE', #2665, .T. ) ;
#2914 = ORIENTED_EDGE ( 'NONE', *, *, #4844, .T. ) ;
#2915 = DIRECTION ( 'NONE',  ( 0.0000000000000000000, 0.0000000000000000000, -1.000000000000000000 ) ) ;
#2916 = ORIENTED_EDGE ( 'NONE', *, *, #4117, .F. ) ;
#2917 = CARTESIAN_POINT ( 'NONE',  ( 3.813532923374935500, 8.034120955469211000, -3.457544059217933600 ) ) ;
#2918 = PLANE ( 'NONE',  #7686 ) ;
#2919 = ORIENTED_EDGE ( 'NONE', *, *, #2609, .T. ) ;
#2920 = CARTESIAN_POINT ( 'NONE',  ( -6.941595868251153200, -5.471785580921745100, -3.456597352396201500 ) ) ;
#2921 = ORIENTED_EDGE ( 'NONE', *, *, #6628, .T. ) ;
#2922 = AXIS2_PLACEMENT_3D ( 'NONE', #8309, #4446, #5181 ) ;
#2923 = CIRCLE ( 'NONE', #8369, 5.049999999999998900 ) ;
#2924 = CARTESIAN_POINT ( 'NONE',  ( 3.904453529484206400, -7.992443052348336100, 3.455073707654064700 ) ) ;
#2925 = CIRCLE ( 'NONE', #7589, 8.837711872106121200 ) ;
#2926 = ORIENTED_EDGE ( 'NONE', *, *, #7633, .F. ) ;
#2927 = CARTESIAN_POINT ( 'NONE',  ( 0.0000000000000000000, 8.601156667459632000, 2.994533293948747700 ) ) ;
#2928 = DIRECTION ( 'NONE',  ( -0.6234898018587372600, -0.7818314824680268100, 0.0000000000000000000 ) ) ;
#2929 = DIRECTION ( 'NONE',  ( 0.0000000000000000000, -0.0000000000000000000, 1.000000000000000000 ) ) ;
#2930 = CARTESIAN_POINT ( 'NONE',  ( 8.673253241877455700, -1.928327611028150000, 3.464797546056691800 ) ) ;
#2931 = PRODUCT_DEFINITION_SHAPE ( 'NONE', 'NONE',  #9908 ) ;
#2932 = LINE ( 'NONE', #1153, #3907 ) ;
#2933 = VECTOR ( 'NONE', #8248, 1000.000000000000000 ) ;
#2934 = DIRECTION ( 'NONE',  ( 1.000000000000000000, 0.0000000000000000000, 0.0000000000000000000 ) ) ;
#2935 = DIRECTION ( 'NONE',  ( 0.0000000000000000000, 0.0000000000000000000, 1.000000000000000000 ) ) ;
#2936 = EDGE_CURVE ( 'NONE', #7739, #5999, #2090, .T. ) ;
#2937 = ORIENTED_EDGE ( 'NONE', *, *, #2541, .F. ) ;
#2938 = ORIENTED_EDGE ( 'NONE', *, *, #220, .F. ) ;
#2939 = CARTESIAN_POINT ( 'NONE',  ( -6.923938465194099800, 5.585609072636205300, 3.453478796700601500 ) ) ;
#2940 = CARTESIAN_POINT ( 'NONE',  ( 8.640334695620648400, 2.023385853985816100, -3.469286171371085200 ) ) ;
#2941 = CARTESIAN_POINT ( 'NONE',  ( -5.254494074020480600, 6.510670503808522700E-016, -3.500000000000000000 ) ) ;
#2942 = DIRECTION ( 'NONE',  ( -0.7071067811865412400, 0.0000000000000000000, -0.7071067811865536800 ) ) ;
#2943 = DIRECTION ( 'NONE',  ( 0.0000000000000000000, 0.0000000000000000000, -1.000000000000000000 ) ) ;
#2944 = CARTESIAN_POINT ( 'NONE',  ( -6.754162845389966900, 5.322312732992394900, 3.114323832567763800 ) ) ;
#2945 = ORIENTED_EDGE ( 'NONE', *, *, #8023, .T. ) ;
#2946 = CARTESIAN_POINT ( 'NONE',  ( -0.05000000000000003700, 8.588668239434865000, 3.094141646974374100 ) ) ;
#2947 = ADVANCED_FACE ( 'NONE', ( #8677 ), #2201, .T. ) ;
#2948 = EDGE_CURVE ( 'NONE', #1697, #6694, #2334, .T. ) ;
#2949 = CARTESIAN_POINT ( 'NONE',  ( 0.0000000000000000000, 0.0000000000000000000, 3.500000000000000000 ) ) ;
#2950 = CARTESIAN_POINT ( 'NONE',  ( 6.941273910857324500, -5.471528828467965500, -3.456075294419946400 ) ) ;
#2951 = LOCAL_TIME ( 8, 6, 3.000000000000000000, #8349 ) ;
#2952 = AXIS2_PLACEMENT_3D ( 'NONE', #1132, #5834, #1885 ) ;
#2953 = DIRECTION ( 'NONE',  ( 0.0000000000000000000, 0.0000000000000000000, -1.000000000000000000 ) ) ;
#2954 = EDGE_CURVE ( 'NONE', #149, #7009, #2571, .T. ) ;
#2955 = CARTESIAN_POINT ( 'NONE',  ( 8.628821057778038700, 2.020757941281748200, 3.469900311146004500 ) ) ;
#2956 = DIRECTION ( 'NONE',  ( 1.000000000000000000, -2.664535259100375700E-015, 0.0000000000000000000 ) ) ;
#2957 = CARTESIAN_POINT ( 'NONE',  ( -0.05000000000000003100, 8.764959675655999800, 3.351299362948741300 ) ) ;
#2958 = CARTESIAN_POINT ( 'NONE',  ( 6.897187355920123300, -5.564275774867039300, 3.469846945119945800 ) ) ;
#2959 = SPHERICAL_SURFACE ( 'NONE', #5351, 2.450000000000000600 ) ;
#2960 = B_SPLINE_CURVE_WITH_KNOTS ( 'NONE', 3,
 ( #8737, #381, #5862, #6602, #8082, #9745, #3622 ),
 .UNSPECIFIED., .F., .F.,
 ( 4, 3, 4 ),
 ( 0.0005204849250710204200, 0.0009002598162381896000, 0.0009544278593203497800 ),
 .UNSPECIFIED. ) ;
#2961 = CARTESIAN_POINT ( 'NONE',  ( -6.941595868251037700, 5.471785580921891600, -3.456597352396201500 ) ) ;
#2962 = VERTEX_POINT ( 'NONE', #6781 ) ;
#2963 = DIRECTION ( 'NONE',  ( 0.0000000000000000000, 0.0000000000000000000, -1.000000000000000000 ) ) ;
#2964 = PLANE ( 'NONE',  #323 ) ;
#2965 = CARTESIAN_POINT ( 'NONE',  ( -8.927852906338214800, -1.986438323023114000, 3.500000000000000400 ) ) ;
#2966 = DIRECTION ( 'NONE',  ( 0.2225209339563245800, 0.9749279121818211800, 0.0000000000000000000 ) ) ;
#2968 = CARTESIAN_POINT ( 'NONE',  ( 0.05000000000000003100, -8.764959675655999800, 3.351299362948741300 ) ) ;
#2967 = AXIS2_PLACEMENT_3D ( 'NONE', #8608, #9394, #5572 ) ;
#2969 = EDGE_CURVE ( 'NONE', #4114, #4558, #6183, .T. ) ;
#2970 = CARTESIAN_POINT ( 'NONE',  ( 0.05000000000000003700, -8.588668239434865000, 3.500000000000000000 ) ) ;
#2971 = FACE_OUTER_BOUND ( 'NONE', #920, .T. ) ;
#2972 = CARTESIAN_POINT ( 'NONE',  ( -0.05000000000000001700, -8.909685893445361800, -3.429674227117769800 ) ) ;
#2973 = PLANE ( 'NONE',  #837 ) ;
#2974 = DIRECTION ( 'NONE',  ( 0.0000000000000000000, 0.0000000000000000000, -1.000000000000000000 ) ) ;
#2975 = DIRECTION ( 'NONE',  ( -0.7818314824680310200, -0.6234898018587320400, -0.0000000000000000000 ) ) ;
#2976 = EDGE_CURVE ( 'NONE', #9671, #3068, #1020, .T. ) ;
#2977 = ORIENTED_EDGE ( 'NONE', *, *, #5459, .F. ) ;
#2978 = DIRECTION ( 'NONE',  ( 0.2225209339563246600, 0.9749279121818212900, 0.0000000000000000000 ) ) ;
#2979 = CARTESIAN_POINT ( 'NONE',  ( -8.927852906338214800, -1.986438323023114000, -3.094141646974374100 ) ) ;
#2980 = FACE_OUTER_BOUND ( 'NONE', #1122, .T. ) ;
#2981 =( LENGTH_UNIT ( ) NAMED_UNIT ( * ) SI_UNIT ( .MILLI., .METRE. ) );
#2982 = CARTESIAN_POINT ( 'NONE',  ( 3.814356642694022500, 8.035831426260063600, -3.455073707654064700 ) ) ;
#2983 = CARTESIAN_POINT ( 'NONE',  ( 6.951002515856772300, -5.479287132065974400, -3.466570807216844900 ) ) ;
#2984 = ORIENTED_EDGE ( 'NONE', *, *, #596, .F. ) ;
#2985 = ORIENTED_EDGE ( 'NONE', *, *, #7423, .F. ) ;
#2986 = CARTESIAN_POINT ( 'NONE',  ( -8.830225396548355500, -1.964155480992619400, 3.500000000000000000 ) ) ;
#2987 = CIRCLE ( 'NONE', #5718, 8.737285000697680100 ) ;
#2988 = CARTESIAN_POINT ( 'NONE',  ( 0.0000000000000000000, 0.0000000000000000000, -3.094141646974374100 ) ) ;
#2989 = CARTESIAN_POINT ( 'NONE',  ( -3.812591928678031600, -8.032166959846890100, 3.459706444013471500 ) ) ;
#2990 = CARTESIAN_POINT ( 'NONE',  ( 3.681435046371045700, -7.759816887428994100, -3.099533293948748100 ) ) ;
#2991 = CARTESIAN_POINT ( 'NONE',  ( 0.05000000000000003700, 8.619738104553002600, -3.143904910697431300 ) ) ;
#2992 = ORIENTED_EDGE ( 'NONE', *, *, #2158, .F. ) ;
#2993 = CARTESIAN_POINT ( 'NONE',  ( 6.966062775967514200, -5.491297288733937500, 3.469713030103804400 ) ) ;
#2994 = ADVANCED_FACE ( 'NONE', ( #9522 ), #9294, .F. ) ;
#2995 = DIRECTION ( 'NONE',  ( 0.0000000000000000000, 0.0000000000000000000, 1.000000000000000000 ) ) ;
#2996 = CIRCLE ( 'NONE', #2697, 5.378237760728125300 ) ;
#2997 = CARTESIAN_POINT ( 'NONE',  ( -3.726420399248647100, 7.853229935211831300, -3.247602129575368800 ) ) ;
#2998 = ORIENTED_EDGE ( 'NONE', *, *, #356, .F. ) ;
#2999 = DIRECTION ( 'NONE',  ( 1.000000000000000000, 0.0000000000000000000, 0.0000000000000000000 ) ) ;
#3000 = EDGE_CURVE ( 'NONE', #3539, #4487, #8331, .T. ) ;
#3001 = CARTESIAN_POINT ( 'NONE',  ( 3.812591928677977000, 8.032166959846915000, 3.459706444013471500 ) ) ;
#3002 = CARTESIAN_POINT ( 'NONE',  ( 0.0000000000000000000, 0.0000000000000000000, 3.193750000000000500 ) ) ;
#3003 = CARTESIAN_POINT ( 'NONE',  ( -6.879246888065163800, 5.549968729168694100, 3.456597352396201500 ) ) ;
#3004 = DIRECTION ( 'NONE',  ( -0.4338837391175652800, -0.9009688679024157000, 0.0000000000000000000 ) ) ;
#3005 = ORIENTED_EDGE ( 'NONE', *, *, #4294, .F. ) ;
#3006 = CARTESIAN_POINT ( 'NONE',  ( -4.013365220676247300, -8.218600509445195700, 3.500000000000000400 ) ) ;
#3007 = CIRCLE ( 'NONE', #1161, 5.378237760728126200 ) ;
#3008 = EDGE_CURVE ( 'NONE', #2072, #434, #188, .T. ) ;
#3009 = CIRCLE ( 'NONE', #9674, 8.588813778810038700 ) ;
#3010 = DIRECTION ( 'NONE',  ( -0.0000000000000000000, -0.0000000000000000000, 1.000000000000000000 ) ) ;
#3011 = VERTEX_POINT ( 'NONE', #6604 ) ;
#3012 = CARTESIAN_POINT ( 'NONE',  ( 7.181834238703138400, 5.663369288345752000, -3.500000000000000400 ) ) ;
#3013 = DIRECTION ( 'NONE',  ( 0.0000000000000000000, 0.0000000000000000000, -1.000000000000000000 ) ) ;
#3014 = ORIENTED_EDGE ( 'NONE', *, *, #3726, .F. ) ;
#3015 = CARTESIAN_POINT ( 'NONE',  ( 0.0000000000000000000, 0.0000000000000000000, -3.094141646974374100 ) ) ;
#3016 = VECTOR ( 'NONE', #9145, 1000.000000000000000 ) ;
#3017 = AXIS2_PLACEMENT_3D ( 'NONE', #5742, #360, #6491 ) ;
#3018 = APPROVAL_STATUS ( 'not_yet_approved' ) ;
#3019 = EDGE_CURVE ( 'NONE', #5778, #5829, #4128, .T. ) ;
#3020 = ORIENTED_EDGE ( 'NONE', *, *, #6934, .F. ) ;
#3021 = CARTESIAN_POINT ( 'NONE',  ( 6.699910998104770400, 5.406953129253576400, 3.129114371485063100 ) ) ;
#3022 = CARTESIAN_POINT ( 'NONE',  ( 6.972136250112556300, -5.496140722742674200, -3.468181098941469600 ) ) ;
#3023 = ORIENTED_EDGE ( 'NONE', *, *, #8256, .F. ) ;
#3024 = VECTOR ( 'NONE', #3470, 1000.000000000000000 ) ;
#3025 = ORIENTED_EDGE ( 'NONE', *, *, #6658, .T. ) ;
#3026 = DIRECTION ( 'NONE',  ( 1.000000000000000000, 0.0000000000000000000, 0.0000000000000000000 ) ) ;
#3027 = DIRECTION ( 'NONE',  ( -0.0000000000000000000, -0.0000000000000000000, 1.000000000000000000 ) ) ;
#3028 = AXIS2_PLACEMENT_3D ( 'NONE', #3565, #4470, #5068 ) ;
#3029 = DIRECTION ( 'NONE',  ( 0.0000000000000000000, 0.0000000000000000000, -1.000000000000000000 ) ) ;
#3030 = DIRECTION ( 'NONE',  ( 0.0000000000000000000, -0.0000000000000000000, 1.000000000000000000 ) ) ;
#3031 = DIRECTION ( 'NONE',  ( 0.0000000000000000000, 0.0000000000000000000, -1.000000000000000000 ) ) ;
#3032 = ORIENTED_EDGE ( 'NONE', *, *, #632, .F. ) ;
#3033 = ORIENTED_EDGE ( 'NONE', *, *, #6721, .F. ) ;
#3034 = PLANE ( 'NONE',  #1439 ) ;
#3035 = AXIS2_PLACEMENT_3D ( 'NONE', #2538, #3287, #1680 ) ;
#3036 = B_SPLINE_CURVE_WITH_KNOTS ( 'NONE', 3,
 ( #1298, #4235, #2055, #2822, #5074, #2690, #5738, #5779, #3506, #1989, #8851, #1198, #7410, #9588, #485, #3440, #5815, #5842, #1237, #6528, #8793, #4193, #6583, #5001, #8060 ),
 .UNSPECIFIED., .F., .F.,
 ( 4, 3, 3, 3, 3, 3, 3, 3, 4 ),
 ( 0.0001509499138714762100, 0.0001527764003826875100, 0.0001645282963311859000, 0.0001762803579144534000, 0.0001880325997012812900, 0.0001997849575937776500, 0.0002115373162334744700, 0.0002188290956692561800, 0.0002208042975641529900 ),
 .UNSPECIFIED. ) ;
#3037 = VERTEX_POINT ( 'NONE', #4363 ) ;
#3038 = EDGE_CURVE ( 'NONE', #2712, #4492, #2220, .T. ) ;
#3039 = CARTESIAN_POINT ( 'NONE',  ( 0.0000000000000000000, 0.0000000000000000000, 3.500000000000000400 ) ) ;
#3040 = CIRCLE ( 'NONE', #2408, 8.896693082788692300 ) ;
#3041 = ORIENTED_EDGE ( 'NONE', *, *, #9279, .F. ) ;
#3042 = CARTESIAN_POINT ( 'NONE',  ( -3.757925033893019200, 7.918649983142067600, -3.351299362948741800 ) ) ;
#3043 = PLANE ( 'NONE',  #870 ) ;
#3044 = ORIENTED_EDGE ( 'NONE', *, *, #6439, .T. ) ;
#3045 = CARTESIAN_POINT ( 'NONE',  ( -8.588813778810038700, 1.051826330269239700E-015, 3.500000000000000000 ) ) ;
#3046 = DIRECTION ( 'NONE',  ( 0.9009688679024249200, 0.4338837391175463000, 0.0000000000000000000 ) ) ;
#3047 = CLOSED_SHELL ( 'NONE', ( #7623, #1992 ) ) ;
#3048 = DIRECTION ( 'NONE',  ( -0.4338837391175652300, -0.9009688679024158200, 0.0000000000000000000 ) ) ;
#3049 = ORIENTED_EDGE ( 'NONE', *, *, #3713, .F. ) ;
#3050 = AXIS2_PLACEMENT_3D ( 'NONE', #4337, #2057, #1276 ) ;
#3051 = DIRECTION ( 'NONE',  ( 1.000000000000000000, 0.0000000000000000000, 0.0000000000000000000 ) ) ;
#3052 = ORIENTED_EDGE ( 'NONE', *, *, #356, .T. ) ;
#3053 = DIRECTION ( 'NONE',  ( 0.9009688679024158200, -0.4338837391175651700, 0.0000000000000000000 ) ) ;
#3054 = PLANE ( 'NONE',  #9726 ) ;
#3055 = VECTOR ( 'NONE', #66, 1000.000000000000000 ) ;
#3056 = VERTEX_POINT ( 'NONE', #2779 ) ;
#3057 = AXIS2_PLACEMENT_3D ( 'NONE', #6696, #660, #1400 ) ;
#3058 = CARTESIAN_POINT ( 'NONE',  ( -0.05000000000000002400, -8.880961487660952600, -3.466916208273112900 ) ) ;
#3059 = EDGE_LOOP ( 'NONE', ( #2041, #3516, #5780, #1359 ) ) ;
#3060 = CARTESIAN_POINT ( 'NONE',  ( -8.362206348396735900, 1.959904873689159300, 3.099533293948748100 ) ) ;
#3061 = CARTESIAN_POINT ( 'NONE',  ( 0.05000000000000001000, -9.046037105128458900, -3.500000000000000400 ) ) ;
#3062 = CARTESIAN_POINT ( 'NONE',  ( -8.807973303152723000, -2.061648272210801800, -3.193750000000000100 ) ) ;
#3063 = ADVANCED_FACE ( 'NONE', ( #68 ), #2084, .T. ) ;
#3064 = CIRCLE ( 'NONE', #3887, 2.450000000000000200 ) ;
#3065 = FACE_BOUND ( 'NONE', #4498, .T. ) ;
#3066 = CARTESIAN_POINT ( 'NONE',  ( 8.588813778810038700, 0.0000000000000000000, -3.500000000000000000 ) ) ;
#3067 = DIRECTION ( 'NONE',  ( -0.2225209339563050400, 0.9749279121818257300, 1.224646799147353200E-016 ) ) ;
#3068 = VERTEX_POINT ( 'NONE', #5833 ) ;
#3069 = DIRECTION ( 'NONE',  ( 0.0000000000000000000, -0.0000000000000000000, 1.000000000000000000 ) ) ;
#3070 = CARTESIAN_POINT ( 'NONE',  ( -8.606028464958548300, 2.015555680706390800, -3.456597352396201500 ) ) ;
#3071 = CARTESIAN_POINT ( 'NONE',  ( -3.757925033893184900, -7.918649983141987600, 3.351299362948741300 ) ) ;
#3072 = DIRECTION ( 'NONE',  ( -0.0000000000000000000, -0.0000000000000000000, 1.000000000000000000 ) ) ;
#3073 = DIRECTION ( 'NONE',  ( -0.0000000000000000000, -0.0000000000000000000, -1.000000000000000000 ) ) ;
#3074 = FACE_OUTER_BOUND ( 'NONE', #3388, .T. ) ;
#3075 = EDGE_CURVE ( 'NONE', #5548, #7304, #1073, .T. ) ;
#3076 = EDGE_LOOP ( 'NONE', ( #8791, #2840, #8578, #3872 ) ) ;
#3077 = CARTESIAN_POINT ( 'NONE',  ( -8.684623479167871800, -1.930922793491831400, 3.452421434499180400 ) ) ;
#3078 = DIRECTION ( 'NONE',  ( -0.0000000000000000000, -0.0000000000000000000, -1.000000000000000000 ) ) ;
#3079 = CARTESIAN_POINT ( 'NONE',  ( -3.879820004569468800, -8.171767497885843700, -3.193750000000000100 ) ) ;
#3080 = MANIFOLD_SOLID_BREP ( 'Revolve1[2]', #7505 ) ;
#3081 = DIRECTION ( 'NONE',  ( 0.0000000000000000000, 0.0000000000000000000, -1.000000000000000000 ) ) ;
#3082 = EDGE_CURVE ( 'NONE', #4370, #199, #5933, .T. ) ;
#3083 = DIRECTION ( 'NONE',  ( -0.0000000000000000000, -0.0000000000000000000, 1.000000000000000000 ) ) ;
#3084 = CARTESIAN_POINT ( 'NONE',  ( 3.880042983354367300, -7.941754031007707000, -3.456597352396201500 ) ) ;
#3085 = DIRECTION ( 'NONE',  ( -0.0000000000000000000, -0.0000000000000000000, 1.000000000000000000 ) ) ;
#3086 = ORIENTED_EDGE ( 'NONE', *, *, #1288, .F. ) ;
#3087 = CARTESIAN_POINT ( 'NONE',  ( 3.948248986463556200, 3.148623499386596200, -1.592040838891560100E-016 ) ) ;
#3088 = CARTESIAN_POINT ( 'NONE',  ( -0.05000000000000002400, -8.861707415697983600, -3.469846945119945800 ) ) ;
#3089 = CARTESIAN_POINT ( 'NONE',  ( 7.041194074364082800, -5.679117300646379500, -3.193750000000000100 ) ) ;
#3090 = DIRECTION ( 'NONE',  ( -0.0000000000000000000, -0.0000000000000000000, 1.000000000000000000 ) ) ;
#3091 = EDGE_CURVE ( 'NONE', #384, #3037, #290, .T. ) ;
#3092 = CARTESIAN_POINT ( 'NONE',  ( 6.953907387462545700, -5.481603689869698000, -3.468127985775450100 ) ) ;
#3093 = AXIS2_PLACEMENT_3D ( 'NONE', #7757, #221, #4771 ) ;
#3094 = CIRCLE ( 'NONE', #2260, 9.046037105128460700 ) ;
#3095 = EDGE_CURVE ( 'NONE', #2423, #6044, #3377, .T. ) ;
#3096 = CARTESIAN_POINT ( 'NONE',  ( -8.620959090592657900, 2.018963498575938200, -3.467739038050325000 ) ) ;
#3097 = CARTESIAN_POINT ( 'NONE',  ( 0.0000000000000000000, 0.0000000000000000000, -3.500000000000000000 ) ) ;
#3098 = CARTESIAN_POINT ( 'NONE',  ( -0.05000000000000002400, 8.841186805934450300, -3.459673052288552200 ) ) ;
#3099 = DIRECTION ( 'NONE',  ( -0.0000000000000000000, -0.0000000000000000000, 1.000000000000000000 ) ) ;
#3100 = DIRECTION ( 'NONE',  ( 1.000000000000000000, 0.0000000000000000000, 0.0000000000000000000 ) ) ;
#3101 = CLOSED_SHELL ( 'NONE', ( #7730, #3826, #2663, #4195, #6967, #7412, #3107, #7061, #5082, #2811, #6325, #3915, #6090, #1043, #2239, #592, #9575, #7771, #3660, #9535, #6814, #1201, #1513, #5333, #8025, #7374, #8001, #8099, #5310, #8615, #5611, #4013, #5758, #9931, #912, #3597, #9378, #3956, #344, #4960, #7342, #8925, #9719, #6073, #4659, #7167, #2760, #4511, #3454, #758, #2610, #6180, #5983, #8774, #9290, #5003, #5882, #9506, #3575, #2551, #8138, #1300, #7985, #9596, #6921, #1455, #1356, #7159, #2483, #1262, #6223, #1054, #8329, #8200, #4919, #4860, #7272, #464, #399, #143, #678, #5467, #5108, #2349, #9480, #3204, #5410, #9075, #3508, #9686, #3475, #2440, #446, #2794 ) ) ;
#3102 = B_SPLINE_CURVE_WITH_KNOTS ( 'NONE', 3,
 ( #5458, #1649, #76, #4654, #2343, #8594, #1706 ),
 .UNSPECIFIED., .F., .F.,
 ( 4, 3, 4 ),
 ( 0.0008460917731560551200, 0.0009002598162382143200, 0.001280034707405371900 ),
 .UNSPECIFIED. ) ;
#3103 = DIRECTION ( 'NONE',  ( -0.0000000000000000000, -0.0000000000000000000, 1.000000000000000000 ) ) ;
#3104 = AXIS2_PLACEMENT_3D ( 'NONE', #3572, #8893, #4300 ) ;
#3105 = CARTESIAN_POINT ( 'NONE',  ( 0.0000000000000000000, 0.0000000000000000000, 2.994533293948747700 ) ) ;
#3106 = LINE ( 'NONE', #882, #7894 ) ;
#3107 = ADVANCED_FACE ( 'NONE', ( #6529 ), #4237, .T. ) ;
#3108 = DIRECTION ( 'NONE',  ( 1.000000000000000000, 0.0000000000000000000, 0.0000000000000000000 ) ) ;
#3109 = CARTESIAN_POINT ( 'NONE',  ( -5.378237760728125300, 6.586441658729127800E-016, 3.500000000000000000 ) ) ;
#3111 = CARTESIAN_POINT ( 'NONE',  ( 8.830225396548327100, -1.964155480992738600, 3.193750000000000100 ) ) ;
#3110 = AXIS2_PLACEMENT_3D ( 'NONE', #1408, #8255, #9028 ) ;
#3112 = CARTESIAN_POINT ( 'NONE',  ( 3.902688815468162300, -7.988778585935187400, -3.459706444013471500 ) ) ;
#3113 = EDGE_CURVE ( 'NONE', #1759, #3068, #9627, .T. ) ;
#3114 = ORIENTED_EDGE ( 'NONE', *, *, #3579, .T. ) ;
#3115 = DIRECTION ( 'NONE',  ( -0.7818314824680268100, 0.6234898018587372600, 0.0000000000000000000 ) ) ;
#3116 = ORIENTED_EDGE ( 'NONE', *, *, #4754, .F. ) ;
#3117 = CIRCLE ( 'NONE', #2502, 9.046037105128458900 ) ;
#3118 = PLANE ( 'NONE',  #2192 ) ;
#3119 = CARTESIAN_POINT ( 'NONE',  ( -0.05000000000000001700, 8.900930351248696600, 3.444839032082838600 ) ) ;
#3120 = CARTESIAN_POINT ( 'NONE',  ( -3.771531933161234000, 7.716428513517264800, -3.099533293948748100 ) ) ;
#3121 = VERTEX_POINT ( 'NONE', #3799 ) ;
#3122 = AXIS2_PLACEMENT_3D ( 'NONE', #5792, #440, #5012 ) ;
#3123 = CYLINDRICAL_SURFACE ( 'NONE', #8492, 9.046037105128458900 ) ;
#3124 = ORIENTED_EDGE ( 'NONE', *, *, #6594, .F. ) ;
#3125 = CARTESIAN_POINT ( 'NONE',  ( 5.378237760728125300, 0.0000000000000000000, 3.376256313292342400 ) ) ;
#3126 = CARTESIAN_POINT ( 'NONE',  ( -0.05000000000000002400, 8.837570431649497800, 3.454996609771464800 ) ) ;
#3127 = B_SPLINE_CURVE_WITH_KNOTS ( 'NONE', 3,
 ( #3456, #5024, #7204, #6474, #1883, #1220, #2709, #1159, #9578, #2612, #5060, #7275, #2681, #6549, #8113, #7988, #8876, #426, #1950, #8083, #7248, #2647, #4181, #3494, #4286 ),
 .UNSPECIFIED., .F., .F.,
 ( 4, 3, 3, 3, 3, 3, 3, 3, 4 ),
 ( 0.0001509499138714732800, 0.0001527764003826850400, 0.0001645282963311817000, 0.0001762803579144487200, 0.0001880325997012767900, 0.0001997849575937713900, 0.0002115373162334678000, 0.0002188290956692490300, 0.0002208042975641461800 ),
 .UNSPECIFIED. ) ;
#3128 = DIRECTION ( 'NONE',  ( -0.0000000000000000000, -0.0000000000000000000, 1.000000000000000000 ) ) ;
#3129 = DIRECTION ( 'NONE',  ( -1.000000000000000000, 0.0000000000000000000, 0.0000000000000000000 ) ) ;
#3130 = ORIENTED_EDGE ( 'NONE', *, *, #7856, .F. ) ;
#3131 = CONICAL_SURFACE ( 'NONE', #8278, 8.869223585189136100, 0.6108652381980126400 ) ;
#3132 = DIRECTION ( 'NONE',  ( -0.0000000000000000000, -0.0000000000000000000, 1.000000000000000000 ) ) ;
#3133 = ORIENTED_EDGE ( 'NONE', *, *, #336, .T. ) ;
#3134 = ORIENTED_EDGE ( 'NONE', *, *, #7075, .F. ) ;
#3135 = ORIENTED_EDGE ( 'NONE', *, *, #346, .F. ) ;
#3136 = FACE_OUTER_BOUND ( 'NONE', #640, .T. ) ;
#3137 = ORIENTED_EDGE ( 'NONE', *, *, #3992, .F. ) ;
#3138 = CARTESIAN_POINT ( 'NONE',  ( -3.879820004569297400, 8.171767497885925400, 3.094141646974374100 ) ) ;
#3139 = EDGE_CURVE ( 'NONE', #9015, #8929, #4146, .T. ) ;
#3140 = CARTESIAN_POINT ( 'NONE',  ( 0.05000000000000002400, -8.841186805934450300, -3.459673052288552200 ) ) ;
#3141 = CIRCLE ( 'NONE', #1096, 9.046037105128458900 ) ;
#3142 = CARTESIAN_POINT ( 'NONE',  ( 6.746065712156355900, -5.315855484712272100, -3.099533293948748100 ) ) ;
#3143 = VERTEX_POINT ( 'NONE', #7721 ) ;
#3144 = CARTESIAN_POINT ( 'NONE',  ( 5.378237760728124400, 0.0000000000000000000, -1.224999999999999900 ) ) ;
#3145 = LINE ( 'NONE', #6488, #4330 ) ;
#3146 = ORIENTED_EDGE ( 'NONE', *, *, #3262, .F. ) ;
#3147 = CARTESIAN_POINT ( 'NONE',  ( -3.879526546993873100, 7.940681639855315900, 3.454996609771464800 ) ) ;
#3148 = ORIENTED_EDGE ( 'NONE', *, *, #5487, .F. ) ;
#3149 = EDGE_CURVE ( 'NONE', #2324, #9697, #8794, .T. ) ;
#3150 = ORIENTED_EDGE ( 'NONE', *, *, #3075, .T. ) ;
#3151 = DIRECTION ( 'NONE',  ( 0.0000000000000000000, 0.0000000000000000000, -1.000000000000000000 ) ) ;
#3152 = VERTEX_POINT ( 'NONE', #8216 ) ;
#3153 = AXIS2_PLACEMENT_3D ( 'NONE', #2391, #8472, #7792 ) ;
#3154 = LINE ( 'NONE', #5887, #280 ) ;
#3155 = EDGE_LOOP ( 'NONE', ( #8076, #8044, #4726, #3962 ) ) ;
#3156 = ADVANCED_FACE ( 'NONE', ( #4490 ), #7242, .T. ) ;
#3157 = EDGE_CURVE ( 'NONE', #1498, #8179, #3180, .T. ) ;
#3158 = VERTEX_POINT ( 'NONE', #9259 ) ;
#3159 = ORIENTED_EDGE ( 'NONE', *, *, #2422, .F. ) ;
#3160 = CARTESIAN_POINT ( 'NONE',  ( 3.685928616305710100, 7.769147881545177500, 3.114323832567764700 ) ) ;
#3161 = ORIENTED_EDGE ( 'NONE', *, *, #4348, .F. ) ;
#3162 = CARTESIAN_POINT ( 'NONE',  ( 6.746065712156355900, -5.315855484712272100, -3.500000000000000000 ) ) ;
#3163 = VERTEX_POINT ( 'NONE', #4667 ) ;
#3164 = DIRECTION ( 'NONE',  ( -0.4338837391175463500, 0.9009688679024248100, 0.0000000000000000000 ) ) ;
#3165 = ORIENTED_EDGE ( 'NONE', *, *, #7600, .T. ) ;
#3166 = CARTESIAN_POINT ( 'NONE',  ( 0.0000000000000000000, 0.0000000000000000000, 3.434921434499177600 ) ) ;
#3167 = CARTESIAN_POINT ( 'NONE',  ( 8.640010456057851200, -1.920740162094275700, 3.466570807216844900 ) ) ;
#3168 = AXIS2_PLACEMENT_3D ( 'NONE', #1849, #1780, #282 ) ;
#3169 = CIRCLE ( 'NONE', #8006, 9.046037105128458900 ) ;
#3170 = CARTESIAN_POINT ( 'NONE',  ( 8.627120136385672200, -1.917798030746297400, 3.454996609771464800 ) ) ;
#3171 = ORIENTED_EDGE ( 'NONE', *, *, #8900, .F. ) ;
#3172 = CARTESIAN_POINT ( 'NONE',  ( 3.879820004569354700, -8.171767497885897000, 3.094141646974374100 ) ) ;
#3173 = VERTEX_POINT ( 'NONE', #6107 ) ;
#3174 = B_SPLINE_CURVE_WITH_KNOTS ( 'NONE', 3,
 ( #405, #1174, #6537, #7389, #7416, #1337, #568 ),
 .UNSPECIFIED., .F., .F.,
 ( 4, 3, 4 ),
 ( 0.0008460917731560556600, 0.0009002598162382148600, 0.001280034707405372300 ),
 .UNSPECIFIED. ) ;
#3175 = EDGE_CURVE ( 'NONE', #763, #2877, #9870, .T. ) ;
#3176 = ORIENTED_EDGE ( 'NONE', *, *, #9687, .F. ) ;
#3177 = CARTESIAN_POINT ( 'NONE',  ( 3.815021055286684800, -8.037211093225025100, 3.452421434499180400 ) ) ;
#3178 = CARTESIAN_POINT ( 'NONE',  ( 0.0000000000000000000, 0.0000000000000000000, 3.064533293948747500 ) ) ;
#3179 = ORIENTED_EDGE ( 'NONE', *, *, #7651, .F. ) ;
#3180 = CIRCLE ( 'NONE', #4063, 9.046037105128458900 ) ;
#3181 = LINE ( 'NONE', #6237, #4735 ) ;
#3182 = CARTESIAN_POINT ( 'NONE',  ( -8.654208609147938000, -2.026552484212613200, 3.462472406546387700 ) ) ;
#3183 = PLANE ( 'NONE',  #2064 ) ;
#3184 = PLANE ( 'NONE',  #9448 ) ;
#3185 = CARTESIAN_POINT ( 'NONE',  ( 3.879526546993985000, 7.940681639855260900, -3.454996609771464800 ) ) ;
#3186 = ORIENTED_EDGE ( 'NONE', *, *, #2110, .T. ) ;
#3187 = EDGE_CURVE ( 'NONE', #8452, #5911, #2212, .T. ) ;
#3188 = CARTESIAN_POINT ( 'NONE',  ( 3.681435046371100700, 7.759816887428968400, 3.099533293948748100 ) ) ;
#3189 = CIRCLE ( 'NONE', #9326, 8.896693082788692300 ) ;
#3190 = LINE ( 'NONE', #2746, #674 ) ;
#3191 = CARTESIAN_POINT ( 'NONE',  ( -6.891220320180330800, 5.559517222654129400, -3.467739038050325000 ) ) ;
#3192 = DIRECTION ( 'NONE',  ( 0.0000000000000000000, 0.0000000000000000000, 1.000000000000000000 ) ) ;
#3193 = CARTESIAN_POINT ( 'NONE',  ( 0.0000000000000000000, 0.0000000000000000000, 3.094141646974374100 ) ) ;
#3194 = ORIENTED_EDGE ( 'NONE', *, *, #4402, .F. ) ;
#3195 = CARTESIAN_POINT ( 'NONE',  ( 3.785012642412678700, 7.744421494718581700, -3.143904910697431300 ) ) ;
#3196 = CARTESIAN_POINT ( 'NONE',  ( -7.103543054549914100, 5.600934152399629400, -3.193750000000000100 ) ) ;
#3197 = CARTESIAN_POINT ( 'NONE',  ( -8.662371385772200200, 2.028415584710187700, 3.452421434499180400 ) ) ;
#3198 = EDGE_LOOP ( 'NONE', ( #8161, #2655, #9689, #1445 ) ) ;
#3199 = CARTESIAN_POINT ( 'NONE',  ( 3.905117942076983700, 7.993822719313241600, -3.452421434499180400 ) ) ;
#3200 = EDGE_CURVE ( 'NONE', #2179, #3152, #3285, .T. ) ;
#3201 = PLANE ( 'NONE',  #5538 ) ;
#3202 = DIRECTION ( 'NONE',  ( -0.0000000000000000000, -0.0000000000000000000, -1.000000000000000000 ) ) ;
#3203 = DIRECTION ( 'NONE',  ( -0.7071067811865104900, 0.0000000000000000000, -0.7071067811865846500 ) ) ;
#3204 = ADVANCED_FACE ( 'NONE', ( #6640 ), #5597, .T. ) ;
#3205 = CARTESIAN_POINT ( 'NONE',  ( -6.746065712156426900, -5.315855484712181500, 3.099533293948748100 ) ) ;
#3206 = DIRECTION ( 'NONE',  ( -0.0000000000000000000, -0.0000000000000000000, 1.000000000000000000 ) ) ;
#3207 = EDGE_CURVE ( 'NONE', #2889, #317, #5324, .T. ) ;
#3208 = CARTESIAN_POINT ( 'NONE',  ( -6.683716731970554800, -5.394038632958984000, -3.099533293948748100 ) ) ;
#3209 = DIRECTION ( 'NONE',  ( 1.000000000000000000, 0.0000000000000000000, 0.0000000000000000000 ) ) ;
#3210 = LINE ( 'NONE', #3842, #9436 ) ;
#3211 = AXIS2_PLACEMENT_3D ( 'NONE', #2876, #8882, #8118 ) ;
#3212 = EDGE_CURVE ( 'NONE', #8210, #149, #8668, .T. ) ;
#3213 = ORIENTED_EDGE ( 'NONE', *, *, #1477, .T. ) ;
#3214 = DIRECTION ( 'NONE',  ( -0.0000000000000000000, -0.0000000000000000000, 1.000000000000000000 ) ) ;
#3215 = CARTESIAN_POINT ( 'NONE',  ( 0.05000000000000002400, 8.895588198274321500, 3.453994494324953200 ) ) ;
#3216 = CARTESIAN_POINT ( 'NONE',  ( 8.643211183988315200, 1.921470707357639400, -3.467739038050325000 ) ) ;
#3217 = FACE_OUTER_BOUND ( 'NONE', #3808, .T. ) ;
#3218 = EDGE_CURVE ( 'NONE', #1507, #256, #1260, .T. ) ;
#3219 = CARTESIAN_POINT ( 'NONE',  ( 0.0000000000000000000, 0.0000000000000000000, 3.193750000000000500 ) ) ;
#3220 = CARTESIAN_POINT ( 'NONE',  ( 3.681435046371101200, 7.759816887428968400, 3.500000000000000000 ) ) ;
#3221 = ORIENTED_EDGE ( 'NONE', *, *, #2861, .F. ) ;
#3222 = AXIS2_PLACEMENT_3D ( 'NONE', #9402, #4230, #521 ) ;
#3223 = CARTESIAN_POINT ( 'NONE',  ( -8.556329883643011100, -1.901640617507234000, -3.351299362948741800 ) ) ;
#3224 = EDGE_CURVE ( 'NONE', #5456, #8431, #7605, .T. ) ;
#3225 = CARTESIAN_POINT ( 'NONE',  ( -8.609196891592752400, 2.016278853409731100, 3.460296783607140100 ) ) ;
#3226 = DIRECTION ( 'NONE',  ( 0.0000000000000000000, 0.0000000000000000000, -1.000000000000000000 ) ) ;
#3227 = FACE_BOUND ( 'NONE', #9160, .T. ) ;
#3228 = CARTESIAN_POINT ( 'NONE',  ( -0.05000000000000002400, 8.858323562023631600, 3.469014143938407500 ) ) ;
#3229 = DIRECTION ( 'NONE',  ( 1.000000000000000000, 6.776263578034444600E-017, -0.0000000000000000000 ) ) ;
#3230 = B_SPLINE_CURVE_WITH_KNOTS ( 'NONE', 3,
 ( #7511, #11, #8424, #6150, #3871, #7678, #1561 ),
 .UNSPECIFIED., .F., .F.,
 ( 4, 3, 4 ),
 ( 0.0009532733312319688600, 0.001225696219576461700, 0.001251962535739348600 ),
 .UNSPECIFIED. ) ;
#3231 = PLANE ( 'NONE',  #7854 ) ;
#3232 = AXIS2_PLACEMENT_3D ( 'NONE', #6577, #8084, #4260 ) ;
#3233 = VERTEX_POINT ( 'NONE', #4001 ) ;
#3234 = CARTESIAN_POINT ( 'NONE',  ( 9.498018552564230900, 1.163171801863996100E-015, 3.325000000000000600 ) ) ;
#3235 = LINE ( 'NONE', #7113, #8261 ) ;
#3236 = CARTESIAN_POINT ( 'NONE',  ( 0.0000000000000000000, 0.0000000000000000000, 3.454996609771464400 ) ) ;
#3237 = CARTESIAN_POINT ( 'NONE',  ( -3.879820004569297400, 8.171767497885925400, -3.193750000000000100 ) ) ;
#3238 = APPROVAL ( #7711, 'UNSPECIFIED' ) ;
#3239 = DIRECTION ( 'NONE',  ( -0.0000000000000000000, -0.0000000000000000000, 1.000000000000000000 ) ) ;
#3240 = CARTESIAN_POINT ( 'NONE',  ( 0.0000000000000000000, 0.0000000000000000000, -3.094141646974374100 ) ) ;
#3241 = DIRECTION ( 'NONE',  ( 0.0000000000000000000, 0.0000000000000000000, -1.000000000000000000 ) ) ;
#3242 = ORIENTED_EDGE ( 'NONE', *, *, #8775, .F. ) ;
#3243 = VECTOR ( 'NONE', #4584, 1000.000000000000000 ) ;
#3244 = CARTESIAN_POINT ( 'NONE',  ( -0.05000000000000002400, -8.840279225073985000, -3.458522467003439300 ) ) ;
#3245 = ORIENTED_EDGE ( 'NONE', *, *, #5337, .T. ) ;
#3246 = CARTESIAN_POINT ( 'NONE',  ( 0.05000000000000004400, 8.588668239434865000, -3.099533293948748100 ) ) ;
#3247 = DIRECTION ( 'NONE',  ( 1.000000000000000000, 0.0000000000000000000, 0.0000000000000000000 ) ) ;
#3248 = ADVANCED_FACE ( 'NONE', ( #3526 ), #8907, .F. ) ;
#3249 = ORIENTED_EDGE ( 'NONE', *, *, #9332, .T. ) ;
#3250 = CONICAL_SURFACE ( 'NONE', #4224, 8.869223585189136100, 0.6108652381980126400 ) ;
#3251 = CARTESIAN_POINT ( 'NONE',  ( 6.986025398574870600, 5.507216949035530700, 3.453994494324953200 ) ) ;
#3252 = DIRECTION ( 'NONE',  ( 0.0000000000000000000, 0.0000000000000000000, -1.000000000000000000 ) ) ;
#3253 = FACE_OUTER_BOUND ( 'NONE', #3076, .T. ) ;
#3254 = EDGE_LOOP ( 'NONE', ( #1596, #255 ) ) ;
#3255 = ORIENTED_EDGE ( 'NONE', *, *, #9768, .T. ) ;
#3256 = DIRECTION ( 'NONE',  ( -0.0000000000000000000, -0.0000000000000000000, 1.000000000000000000 ) ) ;
#3257 = DIRECTION ( 'NONE',  ( 0.0000000000000000000, 0.0000000000000000000, 1.000000000000000000 ) ) ;
#3258 = ORIENTED_EDGE ( 'NONE', *, *, #369, .T. ) ;
#3259 = PLANE ( 'NONE',  #9126 ) ;
#3260 = EDGE_LOOP ( 'NONE', ( #4434, #540, #3749, #1334 ) ) ;
#3261 = CARTESIAN_POINT ( 'NONE',  ( -6.746065712156426900, -5.315855484712181500, -3.500000000000000000 ) ) ;
#3262 = EDGE_CURVE ( 'NONE', #4251, #3173, #4903, .T. ) ;
#3263 = VERTEX_POINT ( 'NONE', #3938 ) ;
#3265 = CARTESIAN_POINT ( 'NONE',  ( 8.628280558354195100, -1.918062889488152000, -3.456597352396201500 ) ) ;
#3264 = LINE ( 'NONE', #6428, #3024 ) ;
#3266 = VERTEX_POINT ( 'NONE', #2417 ) ;
#3267 = DIRECTION ( 'NONE',  ( 1.000000000000000000, 0.0000000000000000000, 0.0000000000000000000 ) ) ;
#3268 = VERTEX_POINT ( 'NONE', #903 ) ;
#3269 = CARTESIAN_POINT ( 'NONE',  ( 0.05000000000000002400, -8.854507720150186500, -3.468127985775450100 ) ) ;
#3270 = CARTESIAN_POINT ( 'NONE',  ( -8.608393747221361600, -2.016095540947787000, -3.459673052288552200 ) ) ;
#3271 = EDGE_LOOP ( 'NONE', ( #1928, #7350, #3394, #229 ) ) ;
#3272 = ORIENTED_EDGE ( 'NONE', *, *, #2645, .T. ) ;
#3273 = CIRCLE ( 'NONE', #9460, 8.588813778810038700 ) ;
#3274 = ORIENTED_EDGE ( 'NONE', *, *, #9292, .F. ) ;
#3275 = AXIS2_PLACEMENT_3D ( 'NONE', #8400, #9935, #4437 ) ;
#3276 = CARTESIAN_POINT ( 'NONE',  ( -0.05000000000000002400, -8.837570431649497800, 3.454996609771464800 ) ) ;
#3277 = ORIENTED_EDGE ( 'NONE', *, *, #6427, .F. ) ;
#3278 = DIRECTION ( 'NONE',  ( -0.0000000000000000000, -0.0000000000000000000, 1.000000000000000000 ) ) ;
#3279 = ORIENTED_EDGE ( 'NONE', *, *, #2246, .F. ) ;
#3280 = CARTESIAN_POINT ( 'NONE',  ( -8.737285000697680100, 1.070008810934259400E-015, -2.450000000000000200 ) ) ;
#3281 = ORIENTED_EDGE ( 'NONE', *, *, #974, .F. ) ;
#3282 = AXIS2_PLACEMENT_3D ( 'NONE', #2359, #3103, #8470 ) ;
#3283 = ORIENTED_EDGE ( 'NONE', *, *, #718, .F. ) ;
#3284 = EDGE_CURVE ( 'NONE', #9392, #5497, #9158, .T. ) ;
#3285 = CIRCLE ( 'NONE', #2208, 2.450000000000001100 ) ;
#3286 = ORIENTED_EDGE ( 'NONE', *, *, #7987, .F. ) ;
#3287 = DIRECTION ( 'NONE',  ( -0.0000000000000000000, -0.0000000000000000000, 1.000000000000000000 ) ) ;
#3288 = ORIENTED_EDGE ( 'NONE', *, *, #2809, .T. ) ;
#3289 = CARTESIAN_POINT ( 'NONE',  ( -8.659349970517940400, 2.027725966394980700, 3.457279025203407600 ) ) ;
#3290 = CARTESIAN_POINT ( 'NONE',  ( 0.0000000000000000000, 0.0000000000000000000, 3.094141646974374100 ) ) ;
#3291 = CARTESIAN_POINT ( 'NONE',  ( -8.719441388652395400, -2.041441440450835600, 3.351032822740168400 ) ) ;
#3292 = CARTESIAN_POINT ( 'NONE',  ( 3.950216688758959800, 8.087471231756959300, -3.272391413630716200 ) ) ;
#3293 = FACE_BOUND ( 'NONE', #3673, .T. ) ;
#3294 = VECTOR ( 'NONE', #3537, 1000.000000000000000 ) ;
#3295 = CARTESIAN_POINT ( 'NONE',  ( -8.588813778810038700, -1.051826330269239700E-015, -3.500000000000000000 ) ) ;
#3296 = AXIS2_PLACEMENT_3D ( 'NONE', #6089, #9132, #1518 ) ;
#3297 = B_SPLINE_CURVE_WITH_KNOTS ( 'NONE', 3,
 ( #1091, #7962, #9582, #6450, #295, #4927, #430, #9456, #5633, #1913, #8019, #4185, #2685, #3462, #8714, #8819, #1195, #6554, #3358, #4135, #3630, #9752, #4368, #2818, #2088 ),
 .UNSPECIFIED., .F., .F.,
 ( 4, 3, 3, 3, 3, 3, 3, 3, 4 ),
 ( 0.0001509499138714756700, 0.0001527764003826872400, 0.0001645282963311849300, 0.0001762803579144521900, 0.0001880325997012802000, 0.0001997849575937758600, 0.0002115373162334736000, 0.0002188290956692542300, 0.0002208042975641510600 ),
 .UNSPECIFIED. ) ;
#3298 = EDGE_CURVE ( 'NONE', #3883, #4721, #6281, .T. ) ;
#3299 = ORIENTED_EDGE ( 'NONE', *, *, #9805, .F. ) ;
#3300 = ORIENTED_EDGE ( 'NONE', *, *, #6542, .T. ) ;
#3301 = CARTESIAN_POINT ( 'NONE',  ( 8.627120136385672200, -1.917798030746297400, -3.454996609771464800 ) ) ;
#3302 = CARTESIAN_POINT ( 'NONE',  ( 0.0000000000000000000, 0.0000000000000000000, -3.452421434499180400 ) ) ;
#3303 = CARTESIAN_POINT ( 'NONE',  ( -0.05000000000000001700, -8.896552580035715300, 3.452421434499180400 ) ) ;
#3304 = DIRECTION ( 'NONE',  ( 1.000000000000000000, 0.0000000000000000000, 0.0000000000000000000 ) ) ;
#3305 = TOROIDAL_SURFACE ( 'NONE', #9636, 8.866382193656235700, 0.03500000000000000300 ) ;
#3306 = DIRECTION ( 'NONE',  ( 0.0000000000000000000, 0.0000000000000000000, -1.000000000000000000 ) ) ;
#3307 = EDGE_CURVE ( 'NONE', #8003, #8961, #791, .T. ) ;
#3308 = ORIENTED_EDGE ( 'NONE', *, *, #8005, .T. ) ;
#3309 = CARTESIAN_POINT ( 'NONE',  ( -8.627879084050942300, -1.917971255598176700, -3.456075294419946400 ) ) ;
#3310 = CARTESIAN_POINT ( 'NONE',  ( -6.878924930671409800, 5.549711976714819500, -3.456075294419946400 ) ) ;
#3311 = CARTESIAN_POINT ( 'NONE',  ( 6.970196991303258600, 5.622499016217020100, -3.351032822740168400 ) ) ;
#3312 = CARTESIAN_POINT ( 'NONE',  ( 8.629761014703552400, 1.918400793988949100, -3.458522467003439300 ) ) ;
#3313 = VERTEX_POINT ( 'NONE', #2288 ) ;
#3314 = B_SPLINE_CURVE_WITH_KNOTS ( 'NONE', 3,
 ( #2888, #8948, #5979, #6624, #7386, #6708, #567, #6586, #1331, #2850, #8981, #8252, #8226, #9023, #6678, #1993, #2096, #4431, #7454, #9784, #7361, #2755 ),
 .UNSPECIFIED., .F., .F.,
 ( 4, 3, 3, 3, 3, 3, 3, 4 ),
 ( 0.0002168574548798338700, 0.0002188290334246894800, 0.0002305812013871291100, 0.0002423333607552009000, 0.0002540856419916202200, 0.0002658380091482399000, 0.0002775903405257918400, 0.0002867718163053249900 ),
 .UNSPECIFIED. ) ;
#3315 = CARTESIAN_POINT ( 'NONE',  ( -6.986779382596969500, 5.507818231228957200, -3.452421434499180400 ) ) ;
#3316 = CARTESIAN_POINT ( 'NONE',  ( 0.0000000000000000000, 0.0000000000000000000, -3.500000000000000400 ) ) ;
#3317 = VECTOR ( 'NONE', #1077, 1000.000000000000200 ) ;
#3318 = CARTESIAN_POINT ( 'NONE',  ( -8.620959090592657900, 2.018963498575938200, 3.467739038050325000 ) ) ;
#3319 = CARTESIAN_POINT ( 'NONE',  ( -3.879526546994039600, -7.940681639855232500, 3.454996609771464800 ) ) ;
#3320 = DIRECTION ( 'NONE',  ( -0.7818314824680268100, 0.6234898018587372600, 0.0000000000000000000 ) ) ;
#3321 = DIRECTION ( 'NONE',  ( 1.000000000000000000, -2.664535259100375700E-015, 0.0000000000000000000 ) ) ;
#3322 = ORIENTED_EDGE ( 'NONE', *, *, #5182, .T. ) ;
#3323 = EDGE_CURVE ( 'NONE', #4487, #5777, #185, .T. ) ;
#3324 = CARTESIAN_POINT ( 'NONE',  ( -8.683683276470690200, -1.930708198361595200, -3.453994494324953200 ) ) ;
#3325 = DIRECTION ( 'NONE',  ( 0.0000000000000000000, 0.0000000000000000000, -1.000000000000000000 ) ) ;
#3326 = CARTESIAN_POINT ( 'NONE',  ( -3.895126130468872900, -7.973074508718339900, -3.469378817057676000 ) ) ;
#3327 = TOROIDAL_SURFACE ( 'NONE', #7735, 8.866382193656235700, 0.03500000000000000300 ) ;
#3328 = DIRECTION ( 'NONE',  ( 1.000000000000000000, 0.0000000000000000000, 0.0000000000000000000 ) ) ;
#3329 = CARTESIAN_POINT ( 'NONE',  ( 8.662371385772212700, -2.028415584710130800, 3.452421434499180400 ) ) ;
#3330 = EDGE_CURVE ( 'NONE', #5972, #1320, #2791, .T. ) ;
#3331 = CARTESIAN_POINT ( 'NONE',  ( -4.000000000000000000, 5.220056981365592400E-016, 2.975000000000005400 ) ) ;
#3332 = ORIENTED_EDGE ( 'NONE', *, *, #1853, .T. ) ;
#3333 = CARTESIAN_POINT ( 'NONE',  ( 0.0000000000000000000, 0.0000000000000000000, 3.376256313292342400 ) ) ;
#3334 = AXIS2_PLACEMENT_3D ( 'NONE', #5808, #7277, #5066 ) ;
#3335 = CONICAL_SURFACE ( 'NONE', #6113, 8.869223585189136100, 0.6108652381980126400 ) ;
#3336 = EDGE_CURVE ( 'NONE', #642, #133, #4015, .T. ) ;
#3337 = CARTESIAN_POINT ( 'NONE',  ( 0.0000000000000000000, 0.0000000000000000000, 2.758752104430781200 ) ) ;
#3338 = CARTESIAN_POINT ( 'NONE',  ( 0.0000000000000000000, 0.0000000000000000000, 2.975000000000005400 ) ) ;
#3339 = CARTESIAN_POINT ( 'NONE',  ( 8.684623479167845200, -1.930922793491949100, -3.452421434499180400 ) ) ;
#3340 = VERTEX_POINT ( 'NONE', #3971 ) ;
#3341 = VECTOR ( 'NONE', #4362, 1000.000000000000000 ) ;
#3342 = DIRECTION ( 'NONE',  ( 1.000000000000000000, 0.0000000000000000000, 0.0000000000000000000 ) ) ;
#3343 = AXIS2_PLACEMENT_3D ( 'NONE', #4488, #9097, #4547 ) ;
#3344 = DIRECTION ( 'NONE',  ( -1.000000000000000000, 0.0000000000000000000, 0.0000000000000000000 ) ) ;
#3345 = EDGE_CURVE ( 'NONE', #9854, #2207, #2923, .T. ) ;
#3346 = CARTESIAN_POINT ( 'NONE',  ( -8.830225396548316400, 1.964155480992796400, 3.500000000000000000 ) ) ;
#3347 = CARTESIAN_POINT ( 'NONE',  ( -8.785959443115489300, -1.954052065983909800, 3.272391413630715300 ) ) ;
#3348 = ORIENTED_EDGE ( 'NONE', *, *, #1288, .T. ) ;
#3349 = CARTESIAN_POINT ( 'NONE',  ( -3.794997113488258700, 7.995630949637016400, -3.466377381984354000 ) ) ;
#3350 = FACE_OUTER_BOUND ( 'NONE', #3880, .T. ) ;
#3351 = VERTEX_POINT ( 'NONE', #4647 ) ;
#3352 = ADVANCED_FACE ( 'NONE', ( #4609, #2443 ), #6988, .F. ) ;
#3353 = CARTESIAN_POINT ( 'NONE',  ( 0.0000000000000000000, 0.0000000000000000000, 3.376256313292342400 ) ) ;
#3354 = CARTESIAN_POINT ( 'NONE',  ( 8.636785957613629000, -1.920004191366200500, -3.464471549642479200 ) ) ;
#3355 = ORIENTED_EDGE ( 'NONE', *, *, #4149, .T. ) ;
#3356 = CIRCLE ( 'NONE', #4753, 9.046037105128458900 ) ;
#3357 = CARTESIAN_POINT ( 'NONE',  ( 6.878316301899227300, 5.549226611465136300, 3.454996609771464800 ) ) ;
#3358 = CARTESIAN_POINT ( 'NONE',  ( -3.792175066826404700, 7.989770909361549700, 3.461862008941933000 ) ) ;
#3359 = SPHERICAL_SURFACE ( 'NONE', #4943, 2.450000000000000600 ) ;
#3360 = DIRECTION ( 'NONE',  ( 1.000000000000000000, 0.0000000000000000000, 0.0000000000000000000 ) ) ;
#3361 = ORIENTED_EDGE ( 'NONE', *, *, #4175, .F. ) ;
#3362 = ORIENTED_EDGE ( 'NONE', *, *, #6234, .T. ) ;
#3363 = ORIENTED_EDGE ( 'NONE', *, *, #8094, .T. ) ;
#3364 = CARTESIAN_POINT ( 'NONE',  ( 0.0000000000000000000, 0.0000000000000000000, 3.099533293948747700 ) ) ;
#3365 = FACE_OUTER_BOUND ( 'NONE', #3254, .T. ) ;
#3366 = CARTESIAN_POINT ( 'NONE',  ( -0.05000000000000001700, -8.896552580035715300, -3.452421434499180400 ) ) ;
#3367 = EDGE_LOOP ( 'NONE', ( #5772, #1604, #3896, #249 ) ) ;
#3368 = CARTESIAN_POINT ( 'NONE',  ( 0.05000000000000002400, 8.838760696031124900, 3.456597352396201500 ) ) ;
#3369 = VECTOR ( 'NONE', #3767, 1000.000000000000000 ) ;
#3370 = CARTESIAN_POINT ( 'NONE',  ( 7.041194074364082800, -5.679117300646379500, -3.193750000000000100 ) ) ;
#3371 = VERTEX_POINT ( 'NONE', #7729 ) ;
#3372 = CARTESIAN_POINT ( 'NONE',  ( -3.800089754647182300, -8.006205927968158800, -3.469900311146004500 ) ) ;
#3373 = CIRCLE ( 'NONE', #2357, 5.378237760728125300 ) ;
#3374 = ORIENTED_EDGE ( 'NONE', *, *, #1336, .F. ) ;
#3375 = LINE ( 'NONE', #7759, #22 ) ;
#3376 = ORIENTED_EDGE ( 'NONE', *, *, #7494, .T. ) ;
#3377 = B_SPLINE_CURVE_WITH_KNOTS ( 'NONE', 3,
 ( #7752, #3071, #8423, #9218, #3905, #9888, #5438 ),
 .UNSPECIFIED., .F., .F.,
 ( 4, 3, 4 ),
 ( 0.0005204849250710220500, 0.0009002598162381902500, 0.0009544278593203510800 ),
 .UNSPECIFIED. ) ;
#3378 = CARTESIAN_POINT ( 'NONE',  ( -9.046037105128460700, 1.107820038576375800E-015, 3.500000000000000000 ) ) ;
#3379 = ORIENTED_EDGE ( 'NONE', *, *, #8641, .T. ) ;
#3380 = DIRECTION ( 'NONE',  ( 1.000000000000000000, 0.0000000000000000000, 0.0000000000000000000 ) ) ;
#3381 = EDGE_CURVE ( 'NONE', #9697, #4784, #2677, .T. ) ;
#3382 = AXIS2_PLACEMENT_3D ( 'NONE', #5197, #1290, #8911 ) ;
#3383 = CARTESIAN_POINT ( 'NONE',  ( -5.378237760728125300, 6.586441658729127800E-016, 2.449999999999999300 ) ) ;
#3384 = ORIENTED_EDGE ( 'NONE', *, *, #4245, .F. ) ;
#3385 = DIRECTION ( 'NONE',  ( 1.000000000000000000, -6.776263578034444600E-017, 0.0000000000000000000 ) ) ;
#3386 = FACE_OUTER_BOUND ( 'NONE', #872, .T. ) ;
#3387 = DIRECTION ( 'NONE',  ( 0.0000000000000000000, 0.0000000000000000000, -1.000000000000000000 ) ) ;
#3388 = EDGE_LOOP ( 'NONE', ( #9885, #7453, #8762, #8633 ) ) ;
#3389 = CARTESIAN_POINT ( 'NONE',  ( -3.811145628425599300, 8.029163686427272900, -3.462633071500297100 ) ) ;
#3390 = ORIENTED_EDGE ( 'NONE', *, *, #153, .F. ) ;
#3391 = VERTEX_POINT ( 'NONE', #7653 ) ;
#3392 = EDGE_CURVE ( 'NONE', #5160, #6618, #9400, .T. ) ;
#3393 = ORIENTED_EDGE ( 'NONE', *, *, #8672, .T. ) ;
#3394 = ORIENTED_EDGE ( 'NONE', *, *, #6853, .T. ) ;
#3395 = CARTESIAN_POINT ( 'NONE',  ( -3.893621092758578200, 7.969949265710693200, -3.469713030103804400 ) ) ;
#3396 = CARTESIAN_POINT ( 'NONE',  ( -3.886687736875785900, -7.955552003869597000, -3.467739038050325000 ) ) ;
#3397 = VERTEX_POINT ( 'NONE', #5372 ) ;
#3398 = AXIS2_PLACEMENT_3D ( 'NONE', #5734, #1956, #4966 ) ;
#3399 = CIRCLE ( 'NONE', #3910, 8.896693082788692300 ) ;
#3400 = VERTEX_POINT ( 'NONE', #4748 ) ;
#3401 = DIRECTION ( 'NONE',  ( -0.0000000000000000000, -0.0000000000000000000, 1.000000000000000000 ) ) ;
#3402 = DIRECTION ( 'NONE',  ( 1.000000000000000000, 0.0000000000000000000, 0.0000000000000000000 ) ) ;
#3403 = ORIENTED_EDGE ( 'NONE', *, *, #3667, .T. ) ;
#3404 = DIRECTION ( 'NONE',  ( 0.0000000000000000000, 0.0000000000000000000, -1.000000000000000000 ) ) ;
#3405 = ORIENTED_EDGE ( 'NONE', *, *, #9881, .F. ) ;
#3406 = ORIENTED_EDGE ( 'NONE', *, *, #5620, .T. ) ;
#3407 = DIRECTION ( 'NONE',  ( -0.7071067811865401300, 8.659560562354842900E-017, 0.7071067811865549000 ) ) ;
#3408 = EDGE_CURVE ( 'NONE', #1263, #2628, #6048, .T. ) ;
#3409 = VECTOR ( 'NONE', #203, 1000.000000000000000 ) ;
#3410 = VECTOR ( 'NONE', #7493, 1000.000000000000000 ) ;
#3411 = DIRECTION ( 'NONE',  ( 1.000000000000000000, 0.0000000000000000000, 0.0000000000000000000 ) ) ;
#3412 = ADVANCED_FACE ( 'NONE', ( #8192 ), #6295, .F. ) ;
#3413 = CARTESIAN_POINT ( 'NONE',  ( 0.05000000000000002400, 8.861707415697983600, 3.469846945119945800 ) ) ;
#3414 = CARTESIAN_POINT ( 'NONE',  ( -3.815021055286796700, -8.037211093224973600, -3.452421434499180400 ) ) ;
#3415 = PLANE ( 'NONE',  #9812 ) ;
#3416 = ORIENTED_EDGE ( 'NONE', *, *, #9881, .T. ) ;
#3417 = CARTESIAN_POINT ( 'NONE',  ( -8.675175419594696200, 2.031338021876043500, 3.429674227117769800 ) ) ;
#3418 = EDGE_CURVE ( 'NONE', #3121, #5677, #6400, .T. ) ;
#3419 = DIRECTION ( 'NONE',  ( 1.000000000000000000, 0.0000000000000000000, 0.0000000000000000000 ) ) ;
#3420 = CARTESIAN_POINT ( 'NONE',  ( -6.940665282085022100, 5.471043463218431500, 3.454996609771464800 ) ) ;
#3421 = CIRCLE ( 'NONE', #1245, 9.046037105128458900 ) ;
#3422 = FACE_OUTER_BOUND ( 'NONE', #5326, .T. ) ;
#3423 = DIRECTION ( 'NONE',  ( -0.5000000000000016700, 0.0000000000000000000, -0.8660254037844377100 ) ) ;
#3424 = CARTESIAN_POINT ( 'NONE',  ( 3.805029243678519400, -8.016462882630149200, -3.469378817057675600 ) ) ;
#3425 = ORIENTED_EDGE ( 'NONE', *, *, #4797, .F. ) ;
#3426 = ORIENTED_EDGE ( 'NONE', *, *, #5241, .T. ) ;
#3427 = CARTESIAN_POINT ( 'NONE',  ( -8.693159501790608700, -1.932871084952717800, 3.437256629622303700 ) ) ;
#3428 = AXIS2_PLACEMENT_3D ( 'NONE', #1059, #2558, #9486 ) ;
#3429 = CARTESIAN_POINT ( 'NONE',  ( 7.041194074364082800, -5.679117300646379500, 3.193750000000000100 ) ) ;
#3430 = DIRECTION ( 'NONE',  ( 0.4338837391175462400, -0.9009688679024249200, 0.0000000000000000000 ) ) ;
#3431 = AXIS2_PLACEMENT_3D ( 'NONE', #10, #6836, #2247 ) ;
#3432 = EDGE_CURVE ( 'NONE', #6772, #8402, #7849, .T. ) ;
#3433 = ADVANCED_FACE ( 'NONE', ( #8078 ), #6883, .F. ) ;
#3434 = CARTESIAN_POINT ( 'NONE',  ( 6.986779382597046800, 5.507818231228858600, 3.452421434499180400 ) ) ;
#3435 = ORIENTED_EDGE ( 'NONE', *, *, #1684, .F. ) ;
#3436 = CARTESIAN_POINT ( 'NONE',  ( -6.683716731970554800, -5.394038632958984000, -3.099533293948748100 ) ) ;
#3437 = DIRECTION ( 'NONE',  ( -0.0000000000000000000, -0.0000000000000000000, 1.000000000000000000 ) ) ;
#3438 = DIRECTION ( 'NONE',  ( 0.0000000000000000000, 0.0000000000000000000, 1.000000000000000000 ) ) ;
#3439 = CARTESIAN_POINT ( 'NONE',  ( -8.362206348396735900, 1.959904873689159300, 3.500000000000000000 ) ) ;
#3440 = CARTESIAN_POINT ( 'NONE',  ( 8.620959090592670300, -2.018963498575881800, -3.467739038050325000 ) ) ;
#3441 = AXIS2_PLACEMENT_3D ( 'NONE', #3711, #4489, #9828 ) ;
#3442 = CARTESIAN_POINT ( 'NONE',  ( 3.789767423690332000, 7.984771386873899400, 3.456075294419946400 ) ) ;
#3443 = CARTESIAN_POINT ( 'NONE',  ( -0.05000000000000003700, -8.588668239434865000, 3.094141646974374100 ) ) ;
#3444 = CARTESIAN_POINT ( 'NONE',  ( 0.0000000000000000000, 0.0000000000000000000, -3.500000000000000400 ) ) ;
#3445 = DIRECTION ( 'NONE',  ( -0.0000000000000000000, -0.0000000000000000000, 1.000000000000000000 ) ) ;
#3446 = LINE ( 'NONE', #4890, #5364 ) ;
#3447 = ORIENTED_EDGE ( 'NONE', *, *, #2750, .T. ) ;
#3448 = CARTESIAN_POINT ( 'NONE',  ( -8.633289009070980000, -1.919206035680940400, -3.461862008941933000 ) ) ;
#3449 = EDGE_CURVE ( 'NONE', #5422, #4801, #663, .T. ) ;
#3450 = CARTESIAN_POINT ( 'NONE',  ( -8.684323662192918300, -1.930854362223786800, 3.452954079042413600 ) ) ;
#3451 = CARTESIAN_POINT ( 'NONE',  ( 3.808256333830195100, -8.023164004378772400, -3.466916208273112900 ) ) ;
#3452 = LINE ( 'NONE', #3295, #2131 ) ;
#3453 = CARTESIAN_POINT ( 'NONE',  ( -8.693159501790608700, -1.932871084952717800, -3.437256629622303700 ) ) ;
#3454 = ADVANCED_FACE ( 'NONE', ( #5801 ), #5561, .T. ) ;
#3455 = VERTEX_POINT ( 'NONE', #7047 ) ;
#3457 = CARTESIAN_POINT ( 'NONE',  ( 6.979796104693806800, 5.502249252933853400, -3.462633071500297100 ) ) ;
#3456 = CARTESIAN_POINT ( 'NONE',  ( -6.986779382597083200, -5.507818231228810600, 3.452421434499180400 ) ) ;
#3458 = TOROIDAL_SURFACE ( 'NONE', #1995, 7.500000000000000000, 2.450000000000000200 ) ;
#3459 = CARTESIAN_POINT ( 'NONE',  ( 0.0000000000000000000, 0.0000000000000000000, -3.500000000000000400 ) ) ;
#3460 = CARTESIAN_POINT ( 'NONE',  ( 6.912549729401319200, 5.576526858908288800, 3.466489319800472900 ) ) ;
#3461 = EDGE_CURVE ( 'NONE', #1916, #901, #1732, .T. ) ;
#3462 = CARTESIAN_POINT ( 'NONE',  ( -3.799902305093607600, 8.005816684959810900, 3.469846945119945800 ) ) ;
#3463 = CARTESIAN_POINT ( 'NONE',  ( -3.776025503095843400, 7.725759507633474900, -3.114323832567764700 ) ) ;
#3464 = PLANE ( 'NONE',  #4130 ) ;
#3465 = ORIENTED_EDGE ( 'NONE', *, *, #5442, .F. ) ;
#3466 = AXIS2_PLACEMENT_3D ( 'NONE', #8420, #9886, #3026 ) ;
#3467 = EDGE_CURVE ( 'NONE', #317, #5641, #8566, .T. ) ;
#3468 = CARTESIAN_POINT ( 'NONE',  ( 6.746065712156391400, 5.315855484712227700, 3.500000000000000000 ) ) ;
#3469 = FACE_OUTER_BOUND ( 'NONE', #5249, .T. ) ;
#3470 = DIRECTION ( 'NONE',  ( 6.776263578034443400E-017, 1.000000000000000000, 0.0000000000000000000 ) ) ;
#3471 = DIRECTION ( 'NONE',  ( 0.0000000000000000000, 0.0000000000000000000, 1.000000000000000000 ) ) ;
#3472 = CARTESIAN_POINT ( 'NONE',  ( 8.382400267963333800, -1.964514004052537500, -3.129114371485063600 ) ) ;
#3473 = CARTESIAN_POINT ( 'NONE',  ( 0.0000000000000000000, 0.0000000000000000000, 3.452421434499180400 ) ) ;
#3474 = CARTESIAN_POINT ( 'NONE',  ( 0.0000000000000000000, 0.0000000000000000000, -3.201256313292353700 ) ) ;
#3475 = ADVANCED_FACE ( 'NONE', ( #420 ), #7867, .T. ) ;
#3476 = EDGE_LOOP ( 'NONE', ( #3393, #6248, #9874, #7828 ) ) ;
#3477 = DIRECTION ( 'NONE',  ( -1.000000000000000000, 0.0000000000000000000, -0.0000000000000000000 ) ) ;
#3478 = DIRECTION ( 'NONE',  ( -0.0000000000000000000, -0.0000000000000000000, 1.000000000000000000 ) ) ;
#3479 = FACE_OUTER_BOUND ( 'NONE', #8640, .T. ) ;
#3480 = EDGE_LOOP ( 'NONE', ( #6719, #5289, #7409, #6742 ) ) ;
#3481 = AXIS2_PLACEMENT_3D ( 'NONE', #9538, #9659, #2626 ) ;
#3482 = CARTESIAN_POINT ( 'NONE',  ( 0.0000000000000000000, 0.0000000000000000000, -3.193750000000000500 ) ) ;
#3483 = EDGE_CURVE ( 'NONE', #8634, #1648, #7039, .T. ) ;
#3484 = CARTESIAN_POINT ( 'NONE',  ( 3.798184586890540600, -8.002249806357717400, -3.469100694293998800 ) ) ;
#3485 = CARTESIAN_POINT ( 'NONE',  ( -3.882393204681587200, 7.946634315880501700, 3.462372291138045900 ) ) ;
#3486 = DIRECTION ( 'NONE',  ( -0.4338837391175526200, 0.9009688679024217000, 0.0000000000000000000 ) ) ;
#3487 = CARTESIAN_POINT ( 'NONE',  ( 3.790604961623199800, -7.986510552312084100, 3.458522467003439300 ) ) ;
#3488 = ORIENTED_EDGE ( 'NONE', *, *, #6359, .T. ) ;
#3489 = FACE_OUTER_BOUND ( 'NONE', #6157, .T. ) ;
#3490 = LINE ( 'NONE', #3985, #16 ) ;
#3491 = ORIENTED_EDGE ( 'NONE', *, *, #4451, .T. ) ;
#3492 = DIRECTION ( 'NONE',  ( 0.0000000000000000000, 0.0000000000000000000, -1.000000000000000000 ) ) ;
#3493 = EDGE_CURVE ( 'NONE', #7107, #3173, #1591, .T. ) ;
#3495 = CARTESIAN_POINT ( 'NONE',  ( 6.950697486251003800, 5.479043879072476000, -3.466377381984354400 ) ) ;
#3494 = CARTESIAN_POINT ( 'NONE',  ( -6.940963463542350300, -5.471281254995470400, 3.455541280135825800 ) ) ;
#3496 = ORIENTED_EDGE ( 'NONE', *, *, #9044, .T. ) ;
#3497 = TOROIDAL_SURFACE ( 'NONE', #2875, 8.866382193656235700, 0.03500000000000000300 ) ;
#3498 = CARTESIAN_POINT ( 'NONE',  ( -6.993624741251939400, -5.513277222593413500, -3.437256629622303700 ) ) ;
#3499 = CARTESIAN_POINT ( 'NONE',  ( -0.05000000000000002400, -8.838348897068080100, 3.456075294419946400 ) ) ;
#3500 = ORIENTED_EDGE ( 'NONE', *, *, #4861, .F. ) ;
#3501 = CARTESIAN_POINT ( 'NONE',  ( -3.923268333885833000, 8.261988883357034300, 3.094141646974374100 ) ) ;
#3502 = ORIENTED_EDGE ( 'NONE', *, *, #6088, .T. ) ;
#3503 = CARTESIAN_POINT ( 'NONE',  ( -6.917884363807239400, -5.580781087886348900, -3.462472406546387200 ) ) ;
#3504 = CIRCLE ( 'NONE', #2089, 9.046037105128458900 ) ;
#3505 = EDGE_LOOP ( 'NONE', ( #9701, #6396 ) ) ;
#3506 = CARTESIAN_POINT ( 'NONE',  ( 8.647171194634651700, -2.024946240273499700, -3.466916208273112900 ) ) ;
#3507 = CARTESIAN_POINT ( 'NONE',  ( 0.05000000000000003700, -8.619738104553002600, 3.143904910697430800 ) ) ;
#3508 = ADVANCED_FACE ( 'NONE', ( #3771 ), #1730, .T. ) ;
#3509 = ORIENTED_EDGE ( 'NONE', *, *, #5163, .F. ) ;
#3510 = CARTESIAN_POINT ( 'NONE',  ( 0.05000000000000002400, 8.850402102400634500, 3.466377381984354400 ) ) ;
#3511 = EDGE_LOOP ( 'NONE', ( #8549, #7925, #7616, #5091 ) ) ;
#3512 = CARTESIAN_POINT ( 'NONE',  ( 6.897187355920123300, -5.564275774867039300, -3.469846945119945800 ) ) ;
#3513 = DIRECTION ( 'NONE',  ( -1.000000000000000000, 0.0000000000000000000, 0.0000000000000000000 ) ) ;
#3514 = EDGE_LOOP ( 'NONE', ( #8669, #2317, #4830, #7583 ) ) ;
#3515 = CIRCLE ( 'NONE', #3957, 8.588813778810038700 ) ;
#3516 = ORIENTED_EDGE ( 'NONE', *, *, #8792, .T. ) ;
#3517 = DIRECTION ( 'NONE',  ( 0.0000000000000000000, 0.0000000000000000000, -1.000000000000000000 ) ) ;
#3518 = DIRECTION ( 'NONE',  ( -0.0000000000000000000, -0.0000000000000000000, 1.000000000000000000 ) ) ;
#3519 = EDGE_CURVE ( 'NONE', #1625, #2889, #7116, .T. ) ;
#3520 = ORIENTED_EDGE ( 'NONE', *, *, #2381, .T. ) ;
#3521 = CARTESIAN_POINT ( 'NONE',  ( -9.621762239271875600, 1.178326032848117100E-015, -3.201256313292353700 ) ) ;
#3522 = EDGE_LOOP ( 'NONE', ( #5404, #6634, #7007, #733 ) ) ;
#3523 = CARTESIAN_POINT ( 'NONE',  ( 0.05000000000000002400, 8.837951820048278500, -3.455541280135825800 ) ) ;
#3524 = CARTESIAN_POINT ( 'NONE',  ( 3.848021920683372800, 7.875261609230258300, 3.351299362948741800 ) ) ;
#3525 = ORIENTED_EDGE ( 'NONE', *, *, #7005, .T. ) ;
#3526 = FACE_OUTER_BOUND ( 'NONE', #2063, .T. ) ;
#3527 = CYLINDRICAL_SURFACE ( 'NONE', #5533, 9.046037105128460700 ) ;
#3528 = EDGE_CURVE ( 'NONE', #1160, #3011, #1503, .T. ) ;
#3529 = ORIENTED_EDGE ( 'NONE', *, *, #8766, .T. ) ;
#3530 = ADVANCED_FACE ( 'NONE', ( #1018 ), #7358, .F. ) ;
#3531 = CARTESIAN_POINT ( 'NONE',  ( 3.801834618289900500, 8.009829174656506000, -3.470139885832122400 ) ) ;
#3532 = CARTESIAN_POINT ( 'NONE',  ( -3.681435046370991500, 7.759816887429019000, -3.500000000000000000 ) ) ;
#3533 = CARTESIAN_POINT ( 'NONE',  ( 5.378237760728125300, 0.0000000000000000000, 2.449999999999999300 ) ) ;
#3534 = CARTESIAN_POINT ( 'NONE',  ( -6.997047420489864500, -5.516006718204339500, -3.429674227117769800 ) ) ;
#3535 = CARTESIAN_POINT ( 'NONE',  ( 0.0000000000000000000, 0.0000000000000000000, 3.099533293948747700 ) ) ;
#3536 = CIRCLE ( 'NONE', #6889, 4.000000000000000000 ) ;
#3537 = DIRECTION ( 'NONE',  ( 0.0000000000000000000, 0.0000000000000000000, 1.000000000000000000 ) ) ;
#3538 = CONICAL_SURFACE ( 'NONE', #3028, 9.046037105128458900, 0.5235987755983011500 ) ;
#3539 = VERTEX_POINT ( 'NONE', #2738 ) ;
#3540 = CARTESIAN_POINT ( 'NONE',  ( -6.912549729401357400, -5.576526858908242600, -3.466489319800472900 ) ) ;
#3541 = EDGE_LOOP ( 'NONE', ( #1820, #7533, #8258, #3751 ) ) ;
#3542 = AXIS2_PLACEMENT_3D ( 'NONE', #8542, #888, #4631 ) ;
#3543 = CARTESIAN_POINT ( 'NONE',  ( 8.394555401783339500, 1.864716647699975700, 3.114323832567764200 ) ) ;
#3544 = DIRECTION ( 'NONE',  ( 1.000000000000000000, 0.0000000000000000000, 0.0000000000000000000 ) ) ;
#3545 = CARTESIAN_POINT ( 'NONE',  ( -6.934698440303992400, -5.594189866451142000, 3.429674227117770700 ) ) ;
#3546 = CARTESIAN_POINT ( 'NONE',  ( 3.771531933161288200, -7.716428513517238100, -3.099533293948748100 ) ) ;
#3547 = AXIS2_PLACEMENT_3D ( 'NONE', #6565, #8102, #1972 ) ;
#3548 = B_SPLINE_CURVE_WITH_KNOTS ( 'NONE', 3,
 ( #8145, #5835, #3498, #3534, #7404, #2684, #2817 ),
 .UNSPECIFIED., .F., .F.,
 ( 4, 3, 4 ),
 ( 0.001199429903413613100, 0.001225696219576499400, 0.001498119107920983600 ),
 .UNSPECIFIED. ) ;
#3549 = EDGE_CURVE ( 'NONE', #5303, #2524, #2322, .T. ) ;
#3550 = ORIENTED_EDGE ( 'NONE', *, *, #7075, .T. ) ;
#3551 = PERSON_AND_ORGANIZATION ( #7526, #2237 ) ;
#3552 = CARTESIAN_POINT ( 'NONE',  ( -8.654470594800006500, -1.924040594400825900, 3.469915996672631000 ) ) ;
#3553 = CARTESIAN_POINT ( 'NONE',  ( 0.05000000000000002400, 8.877242673692228100, -3.468147503381453900 ) ) ;
#3554 = AXIS2_PLACEMENT_3D ( 'NONE', #1102, #1240, #9504 ) ;
#3555 = CARTESIAN_POINT ( 'NONE',  ( 3.798184586890540600, -8.002249806357717400, 3.469100694293998800 ) ) ;
#3556 = ORIENTED_EDGE ( 'NONE', *, *, #3019, .T. ) ;
#3557 = ADVANCED_FACE ( 'NONE', ( #1138 ), #8449, .T. ) ;
#3558 = AXIS2_PLACEMENT_3D ( 'NONE', #3719, #9004, #2178 ) ;
#3559 = CARTESIAN_POINT ( 'NONE',  ( 2.191112882543639900, -4.549892782907230400, -1.592040838891560100E-016 ) ) ;
#3561 = DIRECTION ( 'NONE',  ( 0.6234898018587320400, -0.7818314824680310200, 0.0000000000000000000 ) ) ;
#3560 = CARTESIAN_POINT ( 'NONE',  ( 0.0000000000000000000, 0.0000000000000000000, 3.099533293948747700 ) ) ;
#3562 = FACE_OUTER_BOUND ( 'NONE', #308, .T. ) ;
#3563 = CARTESIAN_POINT ( 'NONE',  ( 6.883481840562354600, 5.553345991088222400, 3.462372291138045900 ) ) ;
#3564 = ORIENTED_EDGE ( 'NONE', *, *, #3187, .F. ) ;
#3565 = CARTESIAN_POINT ( 'NONE',  ( 0.0000000000000000000, 0.0000000000000000000, -3.193750000000000500 ) ) ;
#3566 = CARTESIAN_POINT ( 'NONE',  ( -6.878924930671527000, -5.549711976714674800, -3.456075294419946400 ) ) ;
#3567 = CIRCLE ( 'NONE', #5853, 8.588813778810038700 ) ;
#3568 = CARTESIAN_POINT ( 'NONE',  ( 0.0000000000000000000, 0.0000000000000000000, 3.064533293948747500 ) ) ;
#3569 = CARTESIAN_POINT ( 'NONE',  ( 8.830360115120004800, -1.964186229627602700, 3.094141646974374100 ) ) ;
#3570 = DIRECTION ( 'NONE',  ( 0.7818314824680310200, 0.6234898018587320400, 0.0000000000000000000 ) ) ;
#3571 = CARTESIAN_POINT ( 'NONE',  ( 6.923676418388960300, -5.585400097282380300, -3.453994494324953200 ) ) ;
#3572 = CARTESIAN_POINT ( 'NONE',  ( 0.0000000000000000000, 0.0000000000000000000, 2.758752104430781700 ) ) ;
#3573 = EDGE_CURVE ( 'NONE', #2285, #7026, #3127, .T. ) ;
#3574 = CARTESIAN_POINT ( 'NONE',  ( -6.878316301899265500, -5.549226611465089200, 3.454996609771464800 ) ) ;
#3575 = ADVANCED_FACE ( 'NONE', ( #914 ), #1318, .T. ) ;
#3576 = ORIENTED_EDGE ( 'NONE', *, *, #9184, .T. ) ;
#3577 = FACE_OUTER_BOUND ( 'NONE', #4687, .T. ) ;
#3578 = CARTESIAN_POINT ( 'NONE',  ( 0.0000000000000000000, 0.0000000000000000000, -1.224999999999999900 ) ) ;
#3579 = EDGE_CURVE ( 'NONE', #979, #7892, #7012, .T. ) ;
#3580 = VERTEX_POINT ( 'NONE', #2083 ) ;
#3581 = CARTESIAN_POINT ( 'NONE',  ( 3.776025503095951800, 7.725759507633421600, 3.114323832567765100 ) ) ;
#3582 = CARTESIAN_POINT ( 'NONE',  ( 3.801601759304657200, -8.009345637991407000, 3.469915996672631000 ) ) ;
#3583 = CIRCLE ( 'NONE', #6809, 9.046037105128458900 ) ;
#3584 = CARTESIAN_POINT ( 'NONE',  ( 3.815021055286742100, 8.037211093225000300, -3.452421434499180400 ) ) ;
#3585 = CARTESIAN_POINT ( 'NONE',  ( 6.968774760211240400, 5.493460023999301000, -3.469378817057675600 ) ) ;
#3586 = VERTEX_POINT ( 'NONE', #5832 ) ;
#3587 = CARTESIAN_POINT ( 'NONE',  ( -6.953569300366319300, -5.481334074407181200, -3.467739038050325000 ) ) ;
#3588 = CARTESIAN_POINT ( 'NONE',  ( 6.886067688689470500, 5.555408136157288900, 3.464471549642479200 ) ) ;
#3589 = EDGE_CURVE ( 'NONE', #1813, #901, #4839, .T. ) ;
#3590 = CIRCLE ( 'NONE', #4817, 2.450000000000000600 ) ;
#3591 = ORIENTED_EDGE ( 'NONE', *, *, #7423, .T. ) ;
#3592 = CARTESIAN_POINT ( 'NONE',  ( -4.000000000000000000, 4.898587196589412800E-016, 3.500000000000000000 ) ) ;
#3593 = AXIS2_PLACEMENT_3D ( 'NONE', #997, #6345, #910 ) ;
#3594 = EDGE_CURVE ( 'NONE', #9342, #396, #4225, .T. ) ;
#3595 = CARTESIAN_POINT ( 'NONE',  ( 0.0000000000000000000, 0.0000000000000000000, -3.376256313292342400 ) ) ;
#3596 = ORIENTED_EDGE ( 'NONE', *, *, #4228, .T. ) ;
#3597 = ADVANCED_FACE ( 'NONE', ( #2913 ), #1493, .F. ) ;
#3598 = CIRCLE ( 'NONE', #5199, 8.896693082788692300 ) ;
#3599 = LINE ( 'NONE', #7394, #5877 ) ;
#3600 = CARTESIAN_POINT ( 'NONE',  ( 0.0000000000000000000, 0.0000000000000000000, 3.193750000000000500 ) ) ;
#3601 = ORIENTED_EDGE ( 'NONE', *, *, #7517, .F. ) ;
#3602 = CARTESIAN_POINT ( 'NONE',  ( -7.041194074364160100, -5.679117300646283600, 3.193750000000000100 ) ) ;
#3603 = VERTEX_POINT ( 'NONE', #2778 ) ;
#3605 = FACE_OUTER_BOUND ( 'NONE', #6623, .T. ) ;
#3604 = AXIS2_PLACEMENT_3D ( 'NONE', #874, #822, #1644 ) ;
#3606 = CARTESIAN_POINT ( 'NONE',  ( -6.922007415503167700, 5.584069111895077600, 3.457279025203407600 ) ) ;
#3607 = DIRECTION ( 'NONE',  ( 0.0000000000000000000, 0.0000000000000000000, -1.000000000000000000 ) ) ;
#3608 = ORIENTED_EDGE ( 'NONE', *, *, #8520, .T. ) ;
#3609 = CARTESIAN_POINT ( 'NONE',  ( -0.05000000000000002400, -8.837570431649497800, 3.454996609771464800 ) ) ;
#3610 = AXIS2_PLACEMENT_3D ( 'NONE', #4997, #8920, #4191 ) ;
#3611 = CARTESIAN_POINT ( 'NONE',  ( -5.863736118510165500, 4.676173513940574000, -3.092233167847068000E-016 ) ) ;
#3612 = ORIENTED_EDGE ( 'NONE', *, *, #6387, .F. ) ;
#3613 = EDGE_CURVE ( 'NONE', #2179, #7078, #904, .T. ) ;
#3614 = DIRECTION ( 'NONE',  ( 1.000000000000000000, 0.0000000000000000000, 0.0000000000000000000 ) ) ;
#3615 = CIRCLE ( 'NONE', #7002, 9.621762239271875600 ) ;
#3616 = CARTESIAN_POINT ( 'NONE',  ( -3.776025503095843400, 7.725759507633474900, 3.114323832567764700 ) ) ;
#3617 = VERTEX_POINT ( 'NONE', #7476 ) ;
#3618 = CARTESIAN_POINT ( 'NONE',  ( 3.808256333830195100, -8.023164004378772400, 3.466916208273112900 ) ) ;
#3619 = CIRCLE ( 'NONE', #9249, 8.380768779485729100 ) ;
#3620 = EDGE_LOOP ( 'NONE', ( #516, #4116, #6778, #2406 ) ) ;
#3621 = EDGE_LOOP ( 'NONE', ( #6356, #1897, #3648, #6263 ) ) ;
#3622 = CARTESIAN_POINT ( 'NONE',  ( 8.362206348396760800, 1.959904873689046100, -3.099533293948748100 ) ) ;
#3623 = CARTESIAN_POINT ( 'NONE',  ( -7.041194074364041100, 5.679117300646431900, -3.500000000000000000 ) ) ;
#3624 = EDGE_LOOP ( 'NONE', ( #1136, #9345, #1824, #2305 ) ) ;
#3625 = TOROIDAL_SURFACE ( 'NONE', #357, 8.866382193656235700, 0.03500000000000000300 ) ;
#3626 = ORIENTED_EDGE ( 'NONE', *, *, #2728, .F. ) ;
#3627 = CARTESIAN_POINT ( 'NONE',  ( -8.382400267963360500, -1.964514004052424300, 3.129114371485063100 ) ) ;
#3628 = ORIENTED_EDGE ( 'NONE', *, *, #128, .T. ) ;
#3629 = CARTESIAN_POINT ( 'NONE',  ( 8.611309364345185500, 2.016761011530178800, 3.462372291138045900 ) ) ;
#3631 = AXIS2_PLACEMENT_3D ( 'NONE', #9141, #8403, #2235 ) ;
#3630 = CARTESIAN_POINT ( 'NONE',  ( -3.790604961623143900, 7.986510552312109800, 3.458522467003439300 ) ) ;
#3632 = CARTESIAN_POINT ( 'NONE',  ( 3.881095632990732500, -7.943939880500714400, 3.459673052288552200 ) ) ;
#3633 = ORIENTED_EDGE ( 'NONE', *, *, #5376, .T. ) ;
#3634 = ORIENTED_EDGE ( 'NONE', *, *, #6253, .F. ) ;
#3635 = ORIENTED_EDGE ( 'NONE', *, *, #3323, .F. ) ;
#3636 = ORIENTED_EDGE ( 'NONE', *, *, #6955, .F. ) ;
#3637 = CARTESIAN_POINT ( 'NONE',  ( -6.980233343992995100, 5.502597939639692900, -3.462472406546387200 ) ) ;
#3638 = CIRCLE ( 'NONE', #6659, 8.588813778810038700 ) ;
#3639 = ORIENTED_EDGE ( 'NONE', *, *, #7369, .T. ) ;
#3640 = CARTESIAN_POINT ( 'NONE',  ( 0.05000000000000003700, -8.609381483269881800, -3.129114371485063100 ) ) ;
#3641 = DIRECTION ( 'NONE',  ( -0.0000000000000000000, -0.0000000000000000000, 1.000000000000000000 ) ) ;
#3642 = CARTESIAN_POINT ( 'NONE',  ( -7.041194074364160100, -5.679117300646283600, -3.193750000000000100 ) ) ;
#3643 = ORIENTED_EDGE ( 'NONE', *, *, #8280, .F. ) ;
#3644 = CARTESIAN_POINT ( 'NONE',  ( -8.604868042990025500, 2.015290821964536200, 3.454996609771464800 ) ) ;
#3645 = EDGE_CURVE ( 'NONE', #6187, #2080, #4664, .T. ) ;
#3646 = ORIENTED_EDGE ( 'NONE', *, *, #3224, .T. ) ;
#3647 = DIRECTION ( 'NONE',  ( 0.0000000000000000000, 0.0000000000000000000, -1.000000000000000000 ) ) ;
#3648 = ORIENTED_EDGE ( 'NONE', *, *, #1127, .F. ) ;
#3649 = CARTESIAN_POINT ( 'NONE',  ( 6.923233172288207400, 5.585046620312227500, -3.455073707654065200 ) ) ;
#3650 = CARTESIAN_POINT ( 'NONE',  ( 6.762259978290607900, -5.328769981006818300, -3.129114371485063100 ) ) ;
#3651 = CYLINDRICAL_SURFACE ( 'NONE', #9067, 8.588813778810038700 ) ;
#3652 = VECTOR ( 'NONE', #6019, 1000.000000000000000 ) ;
#3653 = EDGE_CURVE ( 'NONE', #2775, #8452, #3169, .T. ) ;
#3654 = PLANE ( 'NONE',  #9255 ) ;
#3655 = ORIENTED_EDGE ( 'NONE', *, *, #1178, .F. ) ;
#3656 = CARTESIAN_POINT ( 'NONE',  ( 8.654470594799994000, 1.924040594400882700, 3.469915996672631000 ) ) ;
#3657 = CARTESIAN_POINT ( 'NONE',  ( -6.940665282085022100, 5.471043463218431500, 3.454996609771464800 ) ) ;
#3658 = DIRECTION ( 'NONE',  ( 0.9749279121818227300, -0.2225209339563182800, 0.0000000000000000000 ) ) ;
#3659 = CARTESIAN_POINT ( 'NONE',  ( -3.789429660203631000, 7.984070013767070200, -3.454996609771464800 ) ) ;
#3660 = ADVANCED_FACE ( 'NONE', ( #3889 ), #9856, .T. ) ;
#3661 = EDGE_CURVE ( 'NONE', #1234, #6724, #4727, .T. ) ;
#3662 = VECTOR ( 'NONE', #8453, 1000.000000000000000 ) ;
#3663 = DIRECTION ( 'NONE',  ( -0.0000000000000000000, -0.0000000000000000000, 1.000000000000000000 ) ) ;
#3664 = CARTESIAN_POINT ( 'NONE',  ( 0.0000000000000000000, 0.0000000000000000000, 3.201256313292353700 ) ) ;
#3665 = EDGE_LOOP ( 'NONE', ( #1618, #5793, #523, #7170 ) ) ;
#3666 = CARTESIAN_POINT ( 'NONE',  ( -6.940963463542350300, -5.471281254995470400, -3.455541280135825800 ) ) ;
#3667 = EDGE_CURVE ( 'NONE', #4105, #2559, #6174, .T. ) ;
#3668 = PLANE ( 'NONE',  #8872 ) ;
#3669 = DIRECTION ( 'NONE',  ( -0.0000000000000000000, -0.0000000000000000000, 1.000000000000000000 ) ) ;
#3670 = CARTESIAN_POINT ( 'NONE',  ( -0.05000000000000002400, 8.837570431649497800, 3.454996609771464800 ) ) ;
#3671 = CARTESIAN_POINT ( 'NONE',  ( 8.763707349719846100, 2.051544857202150000, 3.272391413630716200 ) ) ;
#3672 = B_SPLINE_CURVE_WITH_KNOTS ( 'NONE', 3,
 ( #3177, #6292, #248, #7865, #7824, #5505, #1029 ),
 .UNSPECIFIED., .F., .F.,
 ( 4, 3, 4 ),
 ( 0.001199429903413612500, 0.001225696219576499000, 0.001498119107920983800 ),
 .UNSPECIFIED. ) ;
#3673 = EDGE_LOOP ( 'NONE', ( #2715, #7071 ) ) ;
#3674 = CARTESIAN_POINT ( 'NONE',  ( -6.956890732771283200, 5.483982828363348700, -3.469014143938407500 ) ) ;
#3675 = AXIS2_PLACEMENT_3D ( 'NONE', #5054, #7373, #9667 ) ;
#3676 = CARTESIAN_POINT ( 'NONE',  ( -8.392497227128132000, 1.966818569093144600, -3.143904910697431300 ) ) ;
#3677 = CARTESIAN_POINT ( 'NONE',  ( -3.789429660203631000, 7.984070013767070200, -3.454996609771464800 ) ) ;
#3678 = CARTESIAN_POINT ( 'NONE',  ( -8.673253241877441500, 1.928327611028206800, 3.464797546056691800 ) ) ;
#3679 = DIRECTION ( 'NONE',  ( 0.0000000000000000000, 0.0000000000000000000, -1.000000000000000000 ) ) ;
#3680 = AXIS2_PLACEMENT_3D ( 'NONE', #656, #3693, #2222 ) ;
#3681 = B_SPLINE_CURVE_WITH_KNOTS ( 'NONE', 3,
 ( #608, #8380, #5228, #4250, #5962, #1495, #1977 ),
 .UNSPECIFIED., .F., .F.,
 ( 4, 3, 4 ),
 ( 0.001199429903413613100, 0.001225696219576499400, 0.001498119107920983800 ),
 .UNSPECIFIED. ) ;
#3682 = EDGE_CURVE ( 'NONE', #2575, #746, #3399, .T. ) ;
#3683 = CARTESIAN_POINT ( 'NONE',  ( 3.879526546993985000, 7.940681639855260900, -3.454996609771464800 ) ) ;
#3684 = CARTESIAN_POINT ( 'NONE',  ( 6.881143697167591000, 5.551481383951507800, -3.459673052288552200 ) ) ;
#3685 = DIRECTION ( 'NONE',  ( 0.0000000000000000000, 0.0000000000000000000, -1.000000000000000000 ) ) ;
#3686 = CARTESIAN_POINT ( 'NONE',  ( -8.394555401783312800, 1.864716647700088900, 3.114323832567764200 ) ) ;
#3687 = EDGE_CURVE ( 'NONE', #9260, #8157, #7590, .T. ) ;
#3688 = FACE_OUTER_BOUND ( 'NONE', #1133, .T. ) ;
#3689 = CARTESIAN_POINT ( 'NONE',  ( 8.414749320523776900, -1.869325777874907300, 3.143904910697430800 ) ) ;
#3690 = CARTESIAN_POINT ( 'NONE',  ( 6.970196991303221300, -5.622499016217067200, 3.351032822740167600 ) ) ;
#3691 = CARTESIAN_POINT ( 'NONE',  ( -3.907017385819760300, 7.997766954886992100, -3.444839032082838600 ) ) ;
#3692 = ORIENTED_EDGE ( 'NONE', *, *, #1727, .T. ) ;
#3693 = DIRECTION ( 'NONE',  ( -0.0000000000000000000, -0.0000000000000000000, 1.000000000000000000 ) ) ;
#3694 = CARTESIAN_POINT ( 'NONE',  ( -3.923268333885833000, 8.261988883357034300, -3.500000000000000400 ) ) ;
#3695 = CIRCLE ( 'NONE', #1251, 11.00000000000000000 ) ;
#3696 = CARTESIAN_POINT ( 'NONE',  ( 3.785012642412624000, -7.744421494718608300, 3.143904910697430800 ) ) ;
#3697 = DIRECTION ( 'NONE',  ( 0.9009688679024187000, -0.4338837391175590600, 0.0000000000000000000 ) ) ;
#3698 = CARTESIAN_POINT ( 'NONE',  ( 0.0000000000000000000, 0.0000000000000000000, -3.201256313292353700 ) ) ;
#3699 = ORIENTED_EDGE ( 'NONE', *, *, #5137, .T. ) ;
#3700 = CARTESIAN_POINT ( 'NONE',  ( -8.604868042990066400, -2.015290821964363500, -3.454996609771464800 ) ) ;
#3701 = CARTESIAN_POINT ( 'NONE',  ( 0.0000000000000000000, 0.0000000000000000000, -2.449999999999999300 ) ) ;
#3702 = CONICAL_SURFACE ( 'NONE', #3343, 9.046037105128458900, 0.5235987755983011500 ) ;
#3703 = ADVANCED_FACE ( 'NONE', ( #5439 ), #2918, .T. ) ;
#3704 = CARTESIAN_POINT ( 'NONE',  ( -3.879820004569468800, -8.171767497885843700, 3.500000000000000000 ) ) ;
#3705 = CARTESIAN_POINT ( 'NONE',  ( 9.046037105128458900, 0.0000000000000000000, -2.994533293948747700 ) ) ;
#3706 = EDGE_CURVE ( 'NONE', #6735, #1261, #5363, .T. ) ;
#3707 = DIRECTION ( 'NONE',  ( -0.0000000000000000000, -0.0000000000000000000, 1.000000000000000000 ) ) ;
#3708 = CARTESIAN_POINT ( 'NONE',  ( 3.886687736875731300, 7.955552003869622800, -3.467739038050325000 ) ) ;
#3709 = ORIENTED_EDGE ( 'NONE', *, *, #329, .F. ) ;
#3710 = CARTESIAN_POINT ( 'NONE',  ( 8.647556428850503400, 2.025034167469316000, -3.466489319800472900 ) ) ;
#3711 = CARTESIAN_POINT ( 'NONE',  ( 0.0000000000000000000, 0.0000000000000000000, 3.500000000000000400 ) ) ;
#3712 = FACE_BOUND ( 'NONE', #4364, .T. ) ;
#3713 = EDGE_CURVE ( 'NONE', #2311, #2712, #7839, .T. ) ;
#3714 = CARTESIAN_POINT ( 'NONE',  ( -8.627120136385658000, 1.917798030746353800, 3.454996609771464800 ) ) ;
#3715 = DIRECTION ( 'NONE',  ( 1.000000000000000000, 0.0000000000000000000, 0.0000000000000000000 ) ) ;
#3716 = CARTESIAN_POINT ( 'NONE',  ( -3.879526546993873100, 7.940681639855315900, 3.454996609771464800 ) ) ;
#3717 = ORIENTED_EDGE ( 'NONE', *, *, #2329, .T. ) ;
#3718 = AXIS2_PLACEMENT_3D ( 'NONE', #5740, #7155, #3411 ) ;
#3719 = CARTESIAN_POINT ( 'NONE',  ( 0.0000000000000000000, 0.0000000000000000000, 2.994533293948747700 ) ) ;
#3720 = CIRCLE ( 'NONE', #1557, 8.896693082788692300 ) ;
#3721 = VERTEX_POINT ( 'NONE', #1460 ) ;
#3722 = CARTESIAN_POINT ( 'NONE',  ( -6.746065712156315000, 5.315855484712322700, 3.500000000000000000 ) ) ;
#3723 = CARTESIAN_POINT ( 'NONE',  ( 0.0000000000000000000, 0.0000000000000000000, 3.094141646974374100 ) ) ;
#3724 = FACE_OUTER_BOUND ( 'NONE', #6947, .T. ) ;
#3725 = CARTESIAN_POINT ( 'NONE',  ( 0.0000000000000000000, 0.0000000000000000000, 3.500000000000000400 ) ) ;
#3726 = EDGE_CURVE ( 'NONE', #4026, #5972, #5191, .T. ) ;
#3727 = DIRECTION ( 'NONE',  ( 0.0000000000000000000, 0.0000000000000000000, 1.000000000000000000 ) ) ;
#3728 = ORIENTED_EDGE ( 'NONE', *, *, #2907, .T. ) ;
#3729 = DIRECTION ( 'NONE',  ( 1.000000000000000000, 2.664535259100375700E-015, 0.0000000000000000000 ) ) ;
#3730 = FACE_OUTER_BOUND ( 'NONE', #4698, .T. ) ;
#3731 = CIRCLE ( 'NONE', #2576, 8.837711872106121200 ) ;
#3732 = VERTEX_POINT ( 'NONE', #5230 ) ;
#3733 = CARTESIAN_POINT ( 'NONE',  ( 8.627120136385672200, -1.917798030746297400, -3.454996609771464800 ) ) ;
#3734 = AXIS2_PLACEMENT_3D ( 'NONE', #1444, #6717, #5114 ) ;
#3735 = ORIENTED_EDGE ( 'NONE', *, *, #6853, .F. ) ;
#3736 = B_SPLINE_CURVE_WITH_KNOTS ( 'NONE', 3,
 ( #1908, #6473, #7986, #1188, #7273, #8046, #6548, #8682, #1948, #4920, #4094, #9484, #3395, #9450, #4864, #1882, #287, #1058, #347, #6415, #1085, #1814 ),
 .UNSPECIFIED., .F., .F.,
 ( 4, 3, 3, 3, 3, 3, 3, 4 ),
 ( 0.0002168574548798296700, 0.0002188290334246840300, 0.0002305812013871233900, 0.0002423333607551956700, 0.0002540856419916145800, 0.0002658380091482346400, 0.0002775903405257858200, 0.0002867718163053186000 ),
 .UNSPECIFIED. ) ;
#3737 = EDGE_CURVE ( 'NONE', #1189, #3965, #9510, .T. ) ;
#3738 = CARTESIAN_POINT ( 'NONE',  ( -6.941273910857283600, 5.471528828468017900, -3.456075294419946400 ) ) ;
#3739 = FACE_OUTER_BOUND ( 'NONE', #7477, .T. ) ;
#3740 = CARTESIAN_POINT ( 'NONE',  ( -8.463287518778861000, 1.982975991212599900, -3.247602129575368300 ) ) ;
#3741 = ORIENTED_EDGE ( 'NONE', *, *, #3284, .F. ) ;
#3742 = DIRECTION ( 'NONE',  ( 0.4338837391175525700, -0.9009688679024218100, 0.0000000000000000000 ) ) ;
#3743 = CARTESIAN_POINT ( 'NONE',  ( 0.0000000000000000000, 0.0000000000000000000, 3.094141646974374100 ) ) ;
#3744 = CARTESIAN_POINT ( 'NONE',  ( -7.041194074364160100, -5.679117300646283600, 3.500000000000000000 ) ) ;
#3745 = EDGE_LOOP ( 'NONE', ( #3639, #1715, #7830, #3005 ) ) ;
#3746 = AXIS2_PLACEMENT_3D ( 'NONE', #1856, #1128, #1983 ) ;
#3747 = DIRECTION ( 'NONE',  ( 1.000000000000000000, 0.0000000000000000000, 0.0000000000000000000 ) ) ;
#3748 = CIRCLE ( 'NONE', #9042, 8.588813778810038700 ) ;
#3749 = ORIENTED_EDGE ( 'NONE', *, *, #654, .F. ) ;
#3750 = ORIENTED_EDGE ( 'NONE', *, *, #7693, .F. ) ;
#3751 = ORIENTED_EDGE ( 'NONE', *, *, #9751, .F. ) ;
#3752 = AXIS2_PLACEMENT_3D ( 'NONE', #5475, #1721, #8554 ) ;
#3753 = EDGE_LOOP ( 'NONE', ( #5184, #881, #1123, #1019, #655, #1214 ) ) ;
#3754 = DIRECTION ( 'NONE',  ( 1.000000000000000000, -1.776356839400250500E-015, 0.0000000000000000000 ) ) ;
#3755 = CARTESIAN_POINT ( 'NONE',  ( -3.896991616625391100, 7.976948230637789000, 3.468181098941469600 ) ) ;
#3756 = CARTESIAN_POINT ( 'NONE',  ( -9.046037105128458900, 1.107820038576375800E-015, 3.500000000000000400 ) ) ;
#3757 = ORIENTED_EDGE ( 'NONE', *, *, #1365, .F. ) ;
#3758 = DIRECTION ( 'NONE',  ( -0.0000000000000000000, -0.0000000000000000000, -1.000000000000000000 ) ) ;
#3759 = CONICAL_SURFACE ( 'NONE', #5164, 9.046037105128458900, 0.5235987755983011500 ) ;
#3760 = ORIENTED_EDGE ( 'NONE', *, *, #1293, .T. ) ;
#3761 = DIRECTION ( 'NONE',  ( 1.000000000000000000, 0.0000000000000000000, 0.0000000000000000000 ) ) ;
#3762 = ADVANCED_FACE ( 'NONE', ( #9389, #5673 ), #804, .F. ) ;
#3763 = ORIENTED_EDGE ( 'NONE', *, *, #4652, .F. ) ;
#3764 = DIRECTION ( 'NONE',  ( -0.9009688679024157000, 0.4338837391175651700, 0.0000000000000000000 ) ) ;
#3765 = CARTESIAN_POINT ( 'NONE',  ( 0.0000000000000000000, 0.0000000000000000000, 3.094141646974374100 ) ) ;
#3766 = EDGE_LOOP ( 'NONE', ( #1933, #9520, #5623, #6066, #6406, #5148 ) ) ;
#3767 = DIRECTION ( 'NONE',  ( -0.0000000000000000000, -0.0000000000000000000, 1.000000000000000000 ) ) ;
#3768 = ORIENTED_EDGE ( 'NONE', *, *, #5176, .T. ) ;
#3769 = CARTESIAN_POINT ( 'NONE',  ( 0.0000000000000000000, 0.0000000000000000000, 3.454996609771464400 ) ) ;
#3770 = CARTESIAN_POINT ( 'NONE',  ( -3.685928616305600000, 7.769147881545230000, 3.114323832567764700 ) ) ;
#3771 = FACE_OUTER_BOUND ( 'NONE', #9494, .T. ) ;
#3772 = CARTESIAN_POINT ( 'NONE',  ( -0.05000000000000002400, 8.873949175336530700, -3.469286171371085200 ) ) ;
#3773 = CONICAL_SURFACE ( 'NONE', #5009, 8.869223585189136100, 0.6108652381980126400 ) ;
#3774 = CARTESIAN_POINT ( 'NONE',  ( -3.813532923374990200, -8.034120955469184400, 3.457544059217933600 ) ) ;
#3775 = ORIENTED_EDGE ( 'NONE', *, *, #908, .T. ) ;
#3776 = CARTESIAN_POINT ( 'NONE',  ( 6.972136250112556300, -5.496140722742674200, 3.468181098941469600 ) ) ;
#3777 = VECTOR ( 'NONE', #1966, 1000.000000000000000 ) ;
#3778 = CIRCLE ( 'NONE', #8852, 8.896693082788692300 ) ;
#3779 = CARTESIAN_POINT ( 'NONE',  ( 0.05000000000000002400, -8.873949175336530700, 3.469286171371085200 ) ) ;
#3780 = CARTESIAN_POINT ( 'NONE',  ( 0.0000000000000000000, 0.0000000000000000000, 3.500000000000000400 ) ) ;
#3781 = EDGE_CURVE ( 'NONE', #2667, #7975, #3638, .T. ) ;
#3782 = CARTESIAN_POINT ( 'NONE',  ( 0.0000000000000000000, 0.0000000000000000000, -3.434921434499177600 ) ) ;
#3783 = CARTESIAN_POINT ( 'NONE',  ( -7.032545971489169800, -5.544315867970169600, 3.351032822740168000 ) ) ;
#3784 = ORIENTED_EDGE ( 'NONE', *, *, #9895, .F. ) ;
#3785 = DIRECTION ( 'NONE',  ( 0.0000000000000000000, 0.0000000000000000000, 1.000000000000000000 ) ) ;
#3786 = CARTESIAN_POINT ( 'NONE',  ( 8.632741730794617000, 2.021652809313000200, -3.470139885832122400 ) ) ;
#3787 = CARTESIAN_POINT ( 'NONE',  ( 0.0000000000000000000, 0.0000000000000000000, 3.193750000000000500 ) ) ;
#3788 = CARTESIAN_POINT ( 'NONE',  ( 8.684010043491955600, 1.930782780801905400, 3.453478796700601500 ) ) ;
#3789 = CARTESIAN_POINT ( 'NONE',  ( 6.934698440303916000, -5.594189866451236200, -3.429674227117769800 ) ) ;
#3790 = DIRECTION ( 'NONE',  ( 0.2225209339563114800, -0.9749279121818244000, 0.0000000000000000000 ) ) ;
#3791 = ORIENTED_EDGE ( 'NONE', *, *, #8750, .F. ) ;
#3792 = AXIS2_PLACEMENT_3D ( 'NONE', #4071, #7121, #4870 ) ;
#3793 = CARTESIAN_POINT ( 'NONE',  ( 0.0000000000000000000, 0.0000000000000000000, -3.500000000000000900 ) ) ;
#3794 = CARTESIAN_POINT ( 'NONE',  ( 6.945830820748191100, -5.475162842841466000, -3.462372291138045500 ) ) ;
#3795 = CARTESIAN_POINT ( 'NONE',  ( -0.05000000000000004400, 8.588668239434865000, 3.099533293948748100 ) ) ;
#3796 = EDGE_CURVE ( 'NONE', #4304, #6797, #7722, .T. ) ;
#3797 = DIRECTION ( 'NONE',  ( 0.7818314824680268100, -0.6234898018587372600, 0.0000000000000000000 ) ) ;
#3798 = VERTEX_POINT ( 'NONE', #7615 ) ;
#3799 = CARTESIAN_POINT ( 'NONE',  ( -7.103543054550032200, -5.600934152399481100, -3.094141646974374100 ) ) ;
#3800 = CARTESIAN_POINT ( 'NONE',  ( -0.05000000000000001700, 8.895021265232191600, -3.455073707654066100 ) ) ;
#3801 = DIRECTION ( 'NONE',  ( 0.0000000000000000000, 0.0000000000000000000, 1.000000000000000000 ) ) ;
#3802 = DIRECTION ( 'NONE',  ( 1.000000000000000000, 0.0000000000000000000, 0.0000000000000000000 ) ) ;
#3803 = CALENDAR_DATE ( 2023, 11, 7 ) ;
#3804 = B_SPLINE_CURVE_WITH_KNOTS ( 'NONE', 3,
 ( #9826, #7530, #3846, #6899, #8372, #7663, #6095, #8308, #7631, #5322, #683, #3786, #6129, #2940, #1547, #3710, #1446, #37, #6821, #1413, #6027, #9068 ),
 .UNSPECIFIED., .F., .F.,
 ( 4, 3, 3, 3, 3, 3, 3, 4 ),
 ( 0.0002168574548798377000, 0.0002188290334246931600, 0.0002305812013871319800, 0.0002423333607552047500, 0.0002540856419916233100, 0.0002658380091482434800, 0.0002775903405257948200, 0.0002867718163053285700 ),
 .UNSPECIFIED. ) ;
#3805 = AXIS2_PLACEMENT_3D ( 'NONE', #771, #3132, #1506 ) ;
#3806 = CARTESIAN_POINT ( 'NONE',  ( -8.534077790247341300, 1.999133408725588300, -3.351299362948740900 ) ) ;
#3807 = ADVANCED_FACE ( 'NONE', ( #9613 ), #59, .T. ) ;
#3808 = EDGE_LOOP ( 'NONE', ( #8385, #9838 ) ) ;
#3809 = CARTESIAN_POINT ( 'NONE',  ( 0.05000000000000002400, -8.866160943272234400, 3.470139885832122400 ) ) ;
#3810 = DIRECTION ( 'NONE',  ( 0.9749279121818257300, 0.2225209339563050900, 0.0000000000000000000 ) ) ;
#3811 = CARTESIAN_POINT ( 'NONE',  ( 0.05000000000000002400, -8.837951820048278500, -3.455541280135825800 ) ) ;
#3813 = PLANE ( 'NONE',  #6795 ) ;
#3812 = AXIS2_PLACEMENT_3D ( 'NONE', #1645, #8593, #2429 ) ;
#3814 = DIRECTION ( 'NONE',  ( 0.0000000000000000000, 0.0000000000000000000, -1.000000000000000000 ) ) ;
#3815 = EDGE_CURVE ( 'NONE', #6931, #611, #650, .T. ) ;
#3816 = CARTESIAN_POINT ( 'NONE',  ( 0.0000000000000000000, 0.0000000000000000000, 3.094141646974374100 ) ) ;
#3817 = VECTOR ( 'NONE', #3937, 1000.000000000000000 ) ;
#3818 = PLANE ( 'NONE',  #5785 ) ;
#3819 = CARTESIAN_POINT ( 'NONE',  ( 7.103651090456297700, -5.601020308159927000, 3.094141646974374100 ) ) ;
#3820 = CARTESIAN_POINT ( 'NONE',  ( 0.0000000000000000000, 0.0000000000000000000, 3.325000000000000600 ) ) ;
#3821 = CARTESIAN_POINT ( 'NONE',  ( 3.930516482760489700, -8.046563332484401700, 3.351032822740168400 ) ) ;
#3822 = EDGE_CURVE ( 'NONE', #5829, #6589, #173, .T. ) ;
#3823 = VERTEX_POINT ( 'NONE', #2181 ) ;
#3824 = CARTESIAN_POINT ( 'NONE',  ( -3.879820004569297400, 8.171767497885925400, 3.193750000000000100 ) ) ;
#3825 = CONICAL_SURFACE ( 'NONE', #1803, 8.869223585189136100, 0.6108652381980126400 ) ;
#3826 = ADVANCED_FACE ( 'NONE', ( #5789 ), #8782, .T. ) ;
#3827 = CARTESIAN_POINT ( 'NONE',  ( 10.47500000000000500, 0.0000000000000000000, -3.500000000000000900 ) ) ;
#3828 = VERTEX_POINT ( 'NONE', #2351 ) ;
#3829 = PLANE ( 'NONE',  #205 ) ;
#3830 = CARTESIAN_POINT ( 'NONE',  ( -8.604868042990025500, 2.015290821964536200, -3.454996609771464800 ) ) ;
#3831 = DIRECTION ( 'NONE',  ( 0.0000000000000000000, 0.0000000000000000000, 1.000000000000000000 ) ) ;
#3832 = LINE ( 'NONE', #2839, #3341 ) ;
#3833 = CARTESIAN_POINT ( 'NONE',  ( 0.0000000000000000000, 0.0000000000000000000, 3.500000000000000000 ) ) ;
#3834 = PLANE ( 'NONE',  #7785 ) ;
#3835 = EDGE_LOOP ( 'NONE', ( #4507, #1488, #3416, #9818 ) ) ;
#3836 = CARTESIAN_POINT ( 'NONE',  ( 0.0000000000000000000, 0.0000000000000000000, 3.500000000000000400 ) ) ;
#3837 = FACE_OUTER_BOUND ( 'NONE', #7181, .T. ) ;
#3838 = CARTESIAN_POINT ( 'NONE',  ( -8.636538199847022300, -2.022519328599875700, 3.469713030103804400 ) ) ;
#3839 = ORIENTED_EDGE ( 'NONE', *, *, #5316, .F. ) ;
#3840 = CARTESIAN_POINT ( 'NONE',  ( -3.923268333885833000, 8.261988883357034300, 3.500000000000000400 ) ) ;
#3841 = EDGE_CURVE ( 'NONE', #4993, #8176, #1130, .T. ) ;
#3842 = CARTESIAN_POINT ( 'NONE',  ( -7.041302110270501100, -5.679203456406634500, -3.094141646974374100 ) ) ;
#3843 = CARTESIAN_POINT ( 'NONE',  ( 8.741693482047999500, -1.943948649232770900, 3.351032822740168400 ) ) ;
#3844 = CARTESIAN_POINT ( 'NONE',  ( 6.683716731970482000, -5.394038632959075500, 3.094141646974374100 ) ) ;
#3845 = DIRECTION ( 'NONE',  ( -1.000000000000000000, 1.776356839400250500E-015, 0.0000000000000000000 ) ) ;
#3846 = CARTESIAN_POINT ( 'NONE',  ( 8.605626990655299100, 2.015464046816415800, -3.456075294419946400 ) ) ;
#3847 = ORIENTED_EDGE ( 'NONE', *, *, #9449, .T. ) ;
#3848 = DIRECTION ( 'NONE',  ( 0.0000000000000000000, 0.0000000000000000000, 1.000000000000000000 ) ) ;
#3849 = CIRCLE ( 'NONE', #9803, 8.837711872106121200 ) ;
#3850 = EDGE_CURVE ( 'NONE', #2886, #6589, #7957, .T. ) ;
#3851 = LINE ( 'NONE', #4122, #8286 ) ;
#3852 = CARTESIAN_POINT ( 'NONE',  ( -0.05000000000000002400, -8.857748479125211500, -3.469100694293998800 ) ) ;
#3853 = ORIENTED_EDGE ( 'NONE', *, *, #7684, .F. ) ;
#3854 = DIRECTION ( 'NONE',  ( 0.0000000000000000000, 0.0000000000000000000, -1.000000000000000000 ) ) ;
#3855 = DIRECTION ( 'NONE',  ( 1.224646799147353200E-016, 1.000000000000000000, 0.0000000000000000000 ) ) ;
#3856 = ORIENTED_EDGE ( 'NONE', *, *, #33, .F. ) ;
#3857 = CARTESIAN_POINT ( 'NONE',  ( 0.0000000000000000000, 0.0000000000000000000, -3.500000000000000400 ) ) ;
#3858 = CIRCLE ( 'NONE', #2, 5.378237760728125300 ) ;
#3859 = AXIS2_PLACEMENT_3D ( 'NONE', #6317, #3935, #2415 ) ;
#3860 = DATE_TIME_ROLE ( 'creation_date' ) ;
#3861 = ADVANCED_FACE ( 'NONE', ( #8068 ), #3759, .T. ) ;
#3862 = VERTEX_POINT ( 'NONE', #7852 ) ;
#3863 = CARTESIAN_POINT ( 'NONE',  ( 6.963018244171586900, -5.488869355645079800, -3.470139885832122400 ) ) ;
#3864 = CIRCLE ( 'NONE', #7575, 5.686989865158905900 ) ;
#3865 = ORIENTED_EDGE ( 'NONE', *, *, #3139, .F. ) ;
#3866 = CIRCLE ( 'NONE', #8537, 8.588813778810038700 ) ;
#3867 = ORIENTED_EDGE ( 'NONE', *, *, #5692, .T. ) ;
#3868 = DIRECTION ( 'NONE',  ( 1.000000000000000000, 0.0000000000000000000, 0.0000000000000000000 ) ) ;
#3869 = CARTESIAN_POINT ( 'NONE',  ( 0.0000000000000000000, 0.0000000000000000000, 3.193750000000000500 ) ) ;
#3870 = ORIENTED_EDGE ( 'NONE', *, *, #9734, .F. ) ;
#3871 = CARTESIAN_POINT ( 'NONE',  ( -8.670907408394976200, -2.030363876170900600, -3.437256629622304200 ) ) ;
#3872 = ORIENTED_EDGE ( 'NONE', *, *, #7787, .T. ) ;
#3873 = ORIENTED_EDGE ( 'NONE', *, *, #8501, .F. ) ;
#3874 = AXIS2_PLACEMENT_3D ( 'NONE', #922, #2467, #4681 ) ;
#3875 = B_SPLINE_CURVE_WITH_KNOTS ( 'NONE', 3,
 ( #2799, #2826, #6680, #5925, #8199, #8298, #536 ),
 .UNSPECIFIED., .F., .F.,
 ( 4, 3, 4 ),
 ( 0.0005204849250710215100, 0.0009002598162381898200, 0.0009544278593203507600 ),
 .UNSPECIFIED. ) ;
#3876 = VERTEX_POINT ( 'NONE', #3126 ) ;
#3877 = EDGE_CURVE ( 'NONE', #1230, #6681, #6517, .T. ) ;
#3878 = CARTESIAN_POINT ( 'NONE',  ( 0.05000000000000003100, 8.692348900455138900, -3.247602129575368800 ) ) ;
#3879 = CONICAL_SURFACE ( 'NONE', #9293, 10.47500000000000500, 0.7853981633974417300 ) ;
#3880 = EDGE_LOOP ( 'NONE', ( #6536, #54, #9769, #1011 ) ) ;
#3881 = ORIENTED_EDGE ( 'NONE', *, *, #6553, .F. ) ;
#3882 = CARTESIAN_POINT ( 'NONE',  ( -8.604868042990066400, -2.015290821964363500, 3.454996609771464800 ) ) ;
#3883 = VERTEX_POINT ( 'NONE', #9383 ) ;
#3884 = CARTESIAN_POINT ( 'NONE',  ( 3.840419595970304900, 8.089951706396130100, 3.351032822740168000 ) ) ;
#3885 = ORIENTED_EDGE ( 'NONE', *, *, #9036, .T. ) ;
#3886 = ORIENTED_EDGE ( 'NONE', *, *, #7796, .F. ) ;
#3887 = AXIS2_PLACEMENT_3D ( 'NONE', #2795, #7489, #5109 ) ;
#3888 = ORIENTED_EDGE ( 'NONE', *, *, #5267, .T. ) ;
#3889 = FACE_OUTER_BOUND ( 'NONE', #3835, .T. ) ;
#3890 = ORIENTED_EDGE ( 'NONE', *, *, #2609, .F. ) ;
#3891 = CARTESIAN_POINT ( 'NONE',  ( -6.878316301899265500, -5.549226611465089200, 3.454996609771464800 ) ) ;
#3892 = EDGE_LOOP ( 'NONE', ( #2333, #7670, #5220, #7826 ) ) ;
#3893 = CARTESIAN_POINT ( 'NONE',  ( -0.05000000000000001000, 9.000494587112767100, 3.272391413630716200 ) ) ;
#3894 = CARTESIAN_POINT ( 'NONE',  ( 0.0000000000000000000, 0.0000000000000000000, -3.094141646974374100 ) ) ;
#3895 = EDGE_LOOP ( 'NONE', ( #12, #9756 ) ) ;
#3896 = ORIENTED_EDGE ( 'NONE', *, *, #1981, .T. ) ;
#3897 = CIRCLE ( 'NONE', #4303, 4.000000000000000000 ) ;
#3898 = VECTOR ( 'NONE', #6868, 1000.000000000000100 ) ;
#3899 = B_SPLINE_CURVE_WITH_KNOTS ( 'NONE', 3,
 ( #3670, #2957, #9220, #8465, #6884, #2279, #4534 ),
 .UNSPECIFIED., .F., .F.,
 ( 4, 3, 4 ),
 ( 0.0005204849250710211800, 0.0009002598162381898200, 0.0009544278593203504300 ),
 .UNSPECIFIED. ) ;
#3900 = DIRECTION ( 'NONE',  ( 1.000000000000000000, 0.0000000000000000000, 0.0000000000000000000 ) ) ;
#3901 = DIRECTION ( 'NONE',  ( -0.0000000000000000000, -0.0000000000000000000, 1.000000000000000000 ) ) ;
#3902 = ORIENTED_EDGE ( 'NONE', *, *, #5907, .T. ) ;
#3903 = DIRECTION ( 'NONE',  ( -0.6234898018587372600, -0.7818314824680268100, 0.0000000000000000000 ) ) ;
#3904 = CARTESIAN_POINT ( 'NONE',  ( -8.650639518000600600, 2.025737862448911700, -3.465025888964337500 ) ) ;
#3905 = CARTESIAN_POINT ( 'NONE',  ( -3.690422186055545100, -7.778478875277564000, 3.129114371485063100 ) ) ;
#3906 = CARTESIAN_POINT ( 'NONE',  ( 0.0000000000000000000, 0.0000000000000000000, -3.376256313292342400 ) ) ;
#3907 = VECTOR ( 'NONE', #2584, 1000.000000000000000 ) ;
#3908 = EDGE_CURVE ( 'NONE', #6044, #484, #9148, .T. ) ;
#3909 = CARTESIAN_POINT ( 'NONE',  ( -3.771531933161395700, -7.716428513517186600, -3.094141646974374100 ) ) ;
#3910 = AXIS2_PLACEMENT_3D ( 'NONE', #1266, #5967, #4462 ) ;
#3911 = VERTEX_POINT ( 'NONE', #3932 ) ;
#3912 = DIRECTION ( 'NONE',  ( -0.0000000000000000000, -0.0000000000000000000, 1.000000000000000000 ) ) ;
#3913 = VERTEX_POINT ( 'NONE', #955 ) ;
#3914 = DIRECTION ( 'NONE',  ( 1.000000000000000000, 0.0000000000000000000, 0.0000000000000000000 ) ) ;
#3915 = ADVANCED_FACE ( 'NONE', ( #1838 ), #4477, .T. ) ;
#3916 = CARTESIAN_POINT ( 'NONE',  ( -8.632741730794631300, -2.021652809312943300, 3.470139885832122400 ) ) ;
#3917 = DIRECTION ( 'NONE',  ( 0.7818314824680221400, -0.6234898018587431400, -0.0000000000000000000 ) ) ;
#3918 = CARTESIAN_POINT ( 'NONE',  ( 0.05000000000000002400, -8.893122785882026100, -3.457544059217933600 ) ) ;
#3919 = EDGE_CURVE ( 'NONE', #2143, #7190, #7347, .T. ) ;
#3920 = CARTESIAN_POINT ( 'NONE',  ( 3.681435046371101200, 7.759816887428968400, 3.094141646974374100 ) ) ;
#3921 = CARTESIAN_POINT ( 'NONE',  ( -6.683716731970441100, 5.394038632959125200, 3.094141646974374100 ) ) ;
#3922 = CARTESIAN_POINT ( 'NONE',  ( 0.0000000000000000000, 0.0000000000000000000, -2.450000000000000200 ) ) ;
#3923 = AXIS2_PLACEMENT_3D ( 'NONE', #4100, #5771, #8742 ) ;
#3924 = EDGE_CURVE ( 'NONE', #635, #8800, #1617, .T. ) ;
#3925 = DIRECTION ( 'NONE',  ( 0.0000000000000000000, 0.0000000000000000000, -1.000000000000000000 ) ) ;
#3926 = CARTESIAN_POINT ( 'NONE',  ( -5.378237760728125300, 6.586441658729126800E-016, -3.376256313292342400 ) ) ;
#3927 = LINE ( 'NONE', #9387, #2594 ) ;
#3928 = DIRECTION ( 'NONE',  ( 1.000000000000000000, 0.0000000000000000000, 0.0000000000000000000 ) ) ;
#3929 = APPROVAL_ROLE ( '' ) ;
#3930 = AXIS2_PLACEMENT_3D ( 'NONE', #9210, #3855, #8409 ) ;
#3931 = CARTESIAN_POINT ( 'NONE',  ( 0.05000000000000001700, 8.905308122385132900, -3.437256629622304200 ) ) ;
#3932 = CARTESIAN_POINT ( 'NONE',  ( 4.317143204219648900, -8.964640235629097700, -1.592040838891560100E-016 ) ) ;
#3933 = AXIS2_PLACEMENT_3D ( 'NONE', #2164, #9764, #2130 ) ;
#3934 = CIRCLE ( 'NONE', #8932, 9.046037105128458900 ) ;
#3935 = DIRECTION ( 'NONE',  ( 0.0000000000000000000, 0.0000000000000000000, 1.000000000000000000 ) ) ;
#3936 = EDGE_CURVE ( 'NONE', #9377, #7521, #7942, .T. ) ;
#3937 = DIRECTION ( 'NONE',  ( 0.0000000000000000000, 0.0000000000000000000, 1.000000000000000000 ) ) ;
#3938 = CARTESIAN_POINT ( 'NONE',  ( -8.807973303152683900, 2.061648272210978600, 3.094141646974374100 ) ) ;
#3939 = CARTESIAN_POINT ( 'NONE',  ( 8.830225396548327100, -1.964155480992738600, 3.094141646974374100 ) ) ;
#3940 = VERTEX_POINT ( 'NONE', #3196 ) ;
#3941 = CARTESIAN_POINT ( 'NONE',  ( -8.830225396548355500, -1.964155480992619400, 3.094141646974374100 ) ) ;
#3942 = B_SPLINE_CURVE_WITH_KNOTS ( 'NONE', 3,
 ( #5604, #1734, #8686, #4889, #2562, #196, #5576 ),
 .UNSPECIFIED., .F., .F.,
 ( 4, 3, 4 ),
 ( 0.0008460917731560553300, 0.0009002598162382148600, 0.001280034707405372300 ),
 .UNSPECIFIED. ) ;
#3943 = AXIS2_PLACEMENT_3D ( 'NONE', #9650, #5901, #2010 ) ;
#3944 = DIRECTION ( 'NONE',  ( 1.000000000000000000, 0.0000000000000000000, 0.0000000000000000000 ) ) ;
#3945 = CARTESIAN_POINT ( 'NONE',  ( 0.0000000000000000000, 0.0000000000000000000, 3.454996609771464400 ) ) ;
#3946 = AXIS2_PLACEMENT_3D ( 'NONE', #187, #902, #7019 ) ;
#3947 = CARTESIAN_POINT ( 'NONE',  ( 3.882393204681643200, -7.946634315880476000, -3.462372291138045900 ) ) ;
#3948 = EDGE_CURVE ( 'NONE', #8074, #9121, #1953, .T. ) ;
#3949 = DIRECTION ( 'NONE',  ( 0.0000000000000000000, 0.0000000000000000000, -1.000000000000000000 ) ) ;
#3950 = VERTEX_POINT ( 'NONE', #8548 ) ;
#3951 = CIRCLE ( 'NONE', #740, 9.046037105128460700 ) ;
#3952 = CARTESIAN_POINT ( 'NONE',  ( -6.886067688689508700, -5.555408136157241800, 3.464471549642479200 ) ) ;
#3953 = CARTESIAN_POINT ( 'NONE',  ( -0.05000000000000001700, 8.955090244376902900, 3.351032822740168400 ) ) ;
#3954 = CARTESIAN_POINT ( 'NONE',  ( 8.639630090360894200, 1.920653346106000200, -3.466377381984354400 ) ) ;
#3955 = ORIENTED_EDGE ( 'NONE', *, *, #1543, .T. ) ;
#3956 = ADVANCED_FACE ( 'NONE', ( #1723 ), #7230, .T. ) ;
#3957 = AXIS2_PLACEMENT_3D ( 'NONE', #5619, #8765, #4824 ) ;
#3958 = VECTOR ( 'NONE', #731, 1000.000000000000000 ) ;
#3959 = CARTESIAN_POINT ( 'NONE',  ( 8.688891490516537500, 1.931896939230847600, -3.444839032082837700 ) ) ;
#3960 = DIRECTION ( 'NONE',  ( 1.000000000000000000, 0.0000000000000000000, 0.0000000000000000000 ) ) ;
#3961 = CARTESIAN_POINT ( 'NONE',  ( 8.633561457740803700, -1.919268220312056600, 3.462372291138045900 ) ) ;
#3962 = ORIENTED_EDGE ( 'NONE', *, *, #1409, .F. ) ;
#3963 = CARTESIAN_POINT ( 'NONE',  ( -0.05000000000000002400, 8.877823310605135600, 3.468181098941469600 ) ) ;
#3964 = LINE ( 'NONE', #1704, #4557 ) ;
#3965 = VERTEX_POINT ( 'NONE', #2604 ) ;
#3966 = CARTESIAN_POINT ( 'NONE',  ( 3.882271953616759100, 7.946382535449740400, 3.461862008941933000 ) ) ;
#3967 = EDGE_CURVE ( 'NONE', #8311, #6618, #2198, .T. ) ;
#3968 = EDGE_LOOP ( 'NONE', ( #7662, #6029 ) ) ;
#3969 = CARTESIAN_POINT ( 'NONE',  ( 0.0000000000000000000, 0.0000000000000000000, -3.201256313292353700 ) ) ;
#3970 = CIRCLE ( 'NONE', #5640, 8.896693082788692300 ) ;
#3971 = CARTESIAN_POINT ( 'NONE',  ( -7.103543054549914100, 5.600934152399629400, 3.094141646974374100 ) ) ;
#3972 = VERTEX_POINT ( 'NONE', #5591 ) ;
#3973 = DIRECTION ( 'NONE',  ( -0.0000000000000000000, -0.0000000000000000000, -1.000000000000000000 ) ) ;
#3974 = VECTOR ( 'NONE', #675, 1000.000000000000000 ) ;
#3975 = DIRECTION ( 'NONE',  ( 1.000000000000000000, -1.776356839400250500E-015, 0.0000000000000000000 ) ) ;
#3976 = FACE_OUTER_BOUND ( 'NONE', #3260, .T. ) ;
#3977 = CARTESIAN_POINT ( 'NONE',  ( 8.807973303152710500, 2.061648272210859600, -3.193750000000000100 ) ) ;
#3978 = ORIENTED_EDGE ( 'NONE', *, *, #3796, .F. ) ;
#3979 = DIRECTION ( 'NONE',  ( -0.0000000000000000000, -0.0000000000000000000, 1.000000000000000000 ) ) ;
#3980 = ORIENTED_EDGE ( 'NONE', *, *, #5728, .F. ) ;
#3981 = DIRECTION ( 'NONE',  ( -0.2225209339563050100, 0.9749279121818257300, 0.0000000000000000000 ) ) ;
#3982 = VECTOR ( 'NONE', #9477, 1000.000000000000000 ) ;
#3983 = EDGE_CURVE ( 'NONE', #9739, #6724, #9020, .T. ) ;
#3984 = EDGE_LOOP ( 'NONE', ( #7968, #1329, #1247, #1909 ) ) ;
#3985 = CARTESIAN_POINT ( 'NONE',  ( -3.771531933161395700, -7.716428513517186600, -3.500000000000000000 ) ) ;
#3986 = CARTESIAN_POINT ( 'NONE',  ( -6.993624741251824000, 5.513277222593560000, -3.437256629622304200 ) ) ;
#3987 = EDGE_LOOP ( 'NONE', ( #8338, #4119 ) ) ;
#3988 = DIRECTION ( 'NONE',  ( -0.0000000000000000000, -0.0000000000000000000, 1.000000000000000000 ) ) ;
#3989 = AXIS2_PLACEMENT_3D ( 'NONE', #9323, #2380, #4029 ) ;
#3990 = LINE ( 'NONE', #8530, #8887 ) ;
#3991 = VERTEX_POINT ( 'NONE', #7100 ) ;
#3992 = EDGE_CURVE ( 'NONE', #4932, #9852, #7472, .T. ) ;
#3993 = ORIENTED_EDGE ( 'NONE', *, *, #1640, .F. ) ;
#3994 = ORIENTED_EDGE ( 'NONE', *, *, #7244, .F. ) ;
#3995 = CARTESIAN_POINT ( 'NONE',  ( 6.962598646779096800, 5.488534737890447000, 3.469915996672631000 ) ) ;
#3996 = ORIENTED_EDGE ( 'NONE', *, *, #4744, .F. ) ;
#3997 = DIRECTION ( 'NONE',  ( 0.0000000000000000000, 0.0000000000000000000, 1.000000000000000000 ) ) ;
#3998 = CARTESIAN_POINT ( 'NONE',  ( 6.878316301899227300, 5.549226611465136300, -3.454996609771464800 ) ) ;
#3999 = ORIENTED_EDGE ( 'NONE', *, *, #3822, .T. ) ;
#4000 = CARTESIAN_POINT ( 'NONE',  ( -8.606028464958548300, 2.015555680706390800, 3.456597352396201500 ) ) ;
#4001 = CARTESIAN_POINT ( 'NONE',  ( 3.879526546993985000, 7.940681639855260900, 3.454996609771464800 ) ) ;
#4002 = AXIS2_PLACEMENT_3D ( 'NONE', #7931, #7092, #1768 ) ;
#4003 = ORIENTED_EDGE ( 'NONE', *, *, #6721, .T. ) ;
#4004 = DIRECTION ( 'NONE',  ( 1.000000000000000000, 0.0000000000000000000, 0.0000000000000000000 ) ) ;
#4005 = VERTEX_POINT ( 'NONE', #1773 ) ;
#4006 = CARTESIAN_POINT ( 'NONE',  ( 6.940665282085101100, 5.471043463218333800, 3.454996609771464800 ) ) ;
#4007 = AXIS2_PLACEMENT_3D ( 'NONE', #7621, #2327, #4642 ) ;
#4008 = B_SPLINE_CURVE_WITH_KNOTS ( 'NONE', 3,
 ( #2522, #1033, #970, #5485, #3270, #1005, #8651, #8618, #4805, #6350, #2487, #1761, #7082, #7120, #7031, #9363, #129, #1668, #7872, #7891, #4070, #918 ),
 .UNSPECIFIED., .F., .F.,
 ( 4, 3, 3, 3, 3, 3, 3, 4 ),
 ( 0.0002168574548798330900, 0.0002188290334246885300, 0.0002305812013871285100, 0.0002423333607551999000, 0.0002540856419916200500, 0.0002658380091482384400, 0.0002775903405257911900, 0.0002867718163053231000 ),
 .UNSPECIFIED. ) ;
#4009 = EDGE_CURVE ( 'NONE', #2846, #8764, #5553, .T. ) ;
#4010 = VERTEX_POINT ( 'NONE', #1874 ) ;
#4011 = DIRECTION ( 'NONE',  ( 0.2225209339563181700, 0.9749279121818227300, -0.0000000000000000000 ) ) ;
#4012 = CARTESIAN_POINT ( 'NONE',  ( 8.662586789016266700, -1.925893062767693800, -3.469286171371085200 ) ) ;
#4013 = ADVANCED_FACE ( 'NONE', ( #7003 ), #7105, .F. ) ;
#4014 = EDGE_LOOP ( 'NONE', ( #9374, #6617, #5674, #6038 ) ) ;
#4015 = CIRCLE ( 'NONE', #7527, 8.601156667459632000 ) ;
#4016 = VECTOR ( 'NONE', #8196, 1000.000000000000000 ) ;
#4017 = CARTESIAN_POINT ( 'NONE',  ( 0.0000000000000000000, 0.0000000000000000000, -3.094141646974374100 ) ) ;
#4018 = VERTEX_POINT ( 'NONE', #273 ) ;
#4019 = EDGE_CURVE ( 'NONE', #1611, #5629, #3515, .T. ) ;
#4020 = CARTESIAN_POINT ( 'NONE',  ( 8.807973303152696300, -2.061648272210920800, -3.500000000000000000 ) ) ;
#4021 = CIRCLE ( 'NONE', #998, 8.837711872106121200 ) ;
#4022 = CIRCLE ( 'NONE', #9192, 8.896693082788692300 ) ;
#4023 = CARTESIAN_POINT ( 'NONE',  ( -6.923938465194099800, 5.585609072636205300, -3.453478796700601500 ) ) ;
#4024 = CARTESIAN_POINT ( 'NONE',  ( 8.830225396548327100, -1.964155480992738600, -3.500000000000000000 ) ) ;
#4025 = DIRECTION ( 'NONE',  ( 1.000000000000000000, 0.0000000000000000000, 0.0000000000000000000 ) ) ;
#4026 = VERTEX_POINT ( 'NONE', #8728 ) ;
#4027 = CARTESIAN_POINT ( 'NONE',  ( 6.979796104693806800, 5.502249252933853400, 3.462633071500297100 ) ) ;
#4028 = CARTESIAN_POINT ( 'NONE',  ( -3.681435046371154000, -7.759816887428941700, 3.500000000000000000 ) ) ;
#4029 = DIRECTION ( 'NONE',  ( -1.000000000000000000, 0.0000000000000000000, 0.0000000000000000000 ) ) ;
#4030 = VERTEX_POINT ( 'NONE', #3420 ) ;
#4031 = CARTESIAN_POINT ( 'NONE',  ( 0.0000000000000000000, 0.0000000000000000000, 3.500000000000000400 ) ) ;
#4032 = CARTESIAN_POINT ( 'NONE',  ( -0.05000000000000001700, 8.896552580035715300, 3.452421434499180400 ) ) ;
#4033 = EDGE_CURVE ( 'NONE', #6204, #614, #2433, .T. ) ;
#4034 = CARTESIAN_POINT ( 'NONE',  ( 6.827126517065137200, 5.380499319508341000, 3.247602129575368300 ) ) ;
#4035 = DATE_AND_TIME ( #1531, #2951 ) ;
#4036 = DIRECTION ( 'NONE',  ( 0.0000000000000000000, 0.0000000000000000000, 1.000000000000000000 ) ) ;
#4037 = DIRECTION ( 'NONE',  ( 0.0000000000000000000, 0.0000000000000000000, 1.000000000000000000 ) ) ;
#4038 = CARTESIAN_POINT ( 'NONE',  ( 0.05000000000000002400, -8.873949175336530700, -3.469286171371085200 ) ) ;
#4039 = EDGE_CURVE ( 'NONE', #3940, #6167, #2666, .T. ) ;
#4040 = CARTESIAN_POINT ( 'NONE',  ( 0.05000000000000004400, -8.588668239434865000, -3.099533293948748100 ) ) ;
#4041 = DIRECTION ( 'NONE',  ( -1.000000000000000000, 0.0000000000000000000, 0.0000000000000000000 ) ) ;
#4042 = FACE_OUTER_BOUND ( 'NONE', #2466, .T. ) ;
#4043 = AXIS2_PLACEMENT_3D ( 'NONE', #6649, #5067, #6579 ) ;
#4044 = EDGE_CURVE ( 'NONE', #3972, #1507, #6747, .T. ) ;
#4045 = ORIENTED_EDGE ( 'NONE', *, *, #441, .F. ) ;
#4046 = CARTESIAN_POINT ( 'NONE',  ( -6.878316301899149100, 5.549226611465234000, -3.454996609771464800 ) ) ;
#4047 = CARTESIAN_POINT ( 'NONE',  ( 0.0000000000000000000, 0.0000000000000000000, -2.975000000000005000 ) ) ;
#4048 = CARTESIAN_POINT ( 'NONE',  ( 8.665797712491974300, 1.926625935097726200, -3.468147503381453900 ) ) ;
#4049 = FACE_OUTER_BOUND ( 'NONE', #9280, .T. ) ;
#4050 = AXIS2_PLACEMENT_3D ( 'NONE', #4689, #6964, #5386 ) ;
#4051 = CARTESIAN_POINT ( 'NONE',  ( -8.640010456057838800, 1.920740162094332500, -3.466570807216844900 ) ) ;
#4052 = VERTEX_POINT ( 'NONE', #2501 ) ;
#4053 = AXIS2_PLACEMENT_3D ( 'NONE', #7433, #5941, #2737 ) ;
#4054 = CARTESIAN_POINT ( 'NONE',  ( 5.378237760728125300, 0.0000000000000000000, 3.500000000000000000 ) ) ;
#4055 = EDGE_CURVE ( 'NONE', #1936, #9260, #8770, .T. ) ;
#4056 = CARTESIAN_POINT ( 'NONE',  ( 3.814748050727637000, -8.036644193416801600, -3.453478796700601500 ) ) ;
#4057 = CARTESIAN_POINT ( 'NONE',  ( -3.816517286039053000, -7.809841561299996300, -3.247602129575368800 ) ) ;
#4058 = CIRCLE ( 'NONE', #1113, 8.896693082788692300 ) ;
#4059 = CARTESIAN_POINT ( 'NONE',  ( -8.675175419594735300, -2.031338021875869400, 3.429674227117770700 ) ) ;
#4060 = CARTESIAN_POINT ( 'NONE',  ( 3.899896769729807000, 7.982980843219137600, 3.465025888964337500 ) ) ;
#4061 = B_SPLINE_CURVE_WITH_KNOTS ( 'NONE', 3,
 ( #6228, #7694, #3884, #1610, #100, #741, #1646 ),
 .UNSPECIFIED., .F., .F.,
 ( 4, 3, 4 ),
 ( 0.0009532733312319681000, 0.001225696219576462100, 0.001251962535739348800 ),
 .UNSPECIFIED. ) ;
#4062 = CARTESIAN_POINT ( 'NONE',  ( 8.662371385772228600, 2.028415584710071800, 3.452421434499180400 ) ) ;
#4063 = AXIS2_PLACEMENT_3D ( 'NONE', #6913, #2248, #7677 ) ;
#4064 = ORIENTED_EDGE ( 'NONE', *, *, #4633, .T. ) ;
#4065 = CARTESIAN_POINT ( 'NONE',  ( 8.666363791625199700, -1.926755138965936500, -3.468181098941469600 ) ) ;
#4066 = CONICAL_SURFACE ( 'NONE', #6752, 8.869223585189136100, 0.6108652381980126400 ) ;
#4067 = DIRECTION ( 'NONE',  ( -0.0000000000000000000, -0.0000000000000000000, 1.000000000000000000 ) ) ;
#4068 = CARTESIAN_POINT ( 'NONE',  ( 0.0000000000000000000, 0.0000000000000000000, 3.500000000000000400 ) ) ;
#4070 = CARTESIAN_POINT ( 'NONE',  ( -8.660878464227947000, -2.028074835109752200, -3.455073707654066500 ) ) ;
#4069 = CC_DESIGN_PERSON_AND_ORGANIZATION_ASSIGNMENT ( #6437, #6179, ( #9908 ) ) ;
#4071 = CARTESIAN_POINT ( 'NONE',  ( 0.0000000000000000000, 0.0000000000000000000, 3.454996609771464400 ) ) ;
#4072 = CARTESIAN_POINT ( 'NONE',  ( -8.830225396548316400, 1.964155480992796400, 3.193750000000000100 ) ) ;
#4073 = VERTEX_POINT ( 'NONE', #7941 ) ;
#4074 = CARTESIAN_POINT ( 'NONE',  ( -6.878614483356360900, 5.549464403242418500, -3.455541280135825800 ) ) ;
#4075 = VERTEX_POINT ( 'NONE', #4788 ) ;
#4076 = CARTESIAN_POINT ( 'NONE',  ( -8.588813778810038700, 0.0000000000000000000, -3.064533293948747500 ) ) ;
#4077 = CARTESIAN_POINT ( 'NONE',  ( 0.0000000000000000000, 0.0000000000000000000, 3.094141646974374100 ) ) ;
#4078 = ORIENTED_EDGE ( 'NONE', *, *, #723, .T. ) ;
#4079 = LINE ( 'NONE', #2825, #5399 ) ;
#4080 = B_SPLINE_CURVE_WITH_KNOTS ( 'NONE', 3,
 ( #3199, #8517, #9418, #2384, #9352, #3292, #4741 ),
 .UNSPECIFIED., .F., .F.,
 ( 4, 3, 4 ),
 ( 0.001199429903413612500, 0.001225696219576498800, 0.001498119107920983600 ),
 .UNSPECIFIED. ) ;
#4081 = FACE_OUTER_BOUND ( 'NONE', #6636, .T. ) ;
#4082 = EDGE_LOOP ( 'NONE', ( #1705, #2880, #3447, #2914, #3763, #1958 ) ) ;
#4083 = EDGE_CURVE ( 'NONE', #5081, #1160, #3273, .T. ) ;
#4084 = ORIENTED_EDGE ( 'NONE', *, *, #9933, .F. ) ;
#4085 = CARTESIAN_POINT ( 'NONE',  ( -8.617377996965236900, 2.018146137324299300, 3.466377381984354400 ) ) ;
#4086 = CARTESIAN_POINT ( 'NONE',  ( 0.0000000000000000000, 0.0000000000000000000, 3.500000000000000400 ) ) ;
#4087 = CIRCLE ( 'NONE', #5330, 4.524999999999999500 ) ;
#4088 = CARTESIAN_POINT ( 'NONE',  ( -3.798184586890484700, 8.002249806357744100, -3.469100694293998800 ) ) ;
#4089 = ORIENTED_EDGE ( 'NONE', *, *, #8005, .F. ) ;
#4090 = CARTESIAN_POINT ( 'NONE',  ( -8.675915474055440100, -1.928935248149962600, -3.462633071500297100 ) ) ;
#4091 = EDGE_CURVE ( 'NONE', #7228, #2575, #8657, .T. ) ;
#4092 = TOROIDAL_SURFACE ( 'NONE', #6733, 8.866382193656235700, 0.03500000000000000300 ) ;
#4093 = ORIENTED_EDGE ( 'NONE', *, *, #7841, .T. ) ;
#4094 = CARTESIAN_POINT ( 'NONE',  ( -3.890186641437256600, 7.962817554056483600, -3.469900311146004500 ) ) ;
#4096 = CARTESIAN_POINT ( 'NONE',  ( 8.808108021724386600, 2.061679020845724100, -3.500000000000000400 ) ) ;
#4095 = FACE_OUTER_BOUND ( 'NONE', #4840, .T. ) ;
#4097 = ORIENTED_EDGE ( 'NONE', *, *, #5131, .T. ) ;
#4098 = ORIENTED_EDGE ( 'NONE', *, *, #4542, .T. ) ;
#4099 = CARTESIAN_POINT ( 'NONE',  ( -3.690422186055545100, -7.778478875277564000, -3.129114371485063100 ) ) ;
#4100 = CARTESIAN_POINT ( 'NONE',  ( 0.0000000000000000000, 0.0000000000000000000, 3.193750000000000500 ) ) ;
#4101 = ORIENTED_EDGE ( 'NONE', *, *, #6498, .F. ) ;
#4102 = CARTESIAN_POINT ( 'NONE',  ( -3.816920499029686100, -8.041155328798666300, 3.444839032082838600 ) ) ;
#4103 = EDGE_LOOP ( 'NONE', ( #7470, #846, #751, #4906 ) ) ;
#4104 = CIRCLE ( 'NONE', #6699, 8.837711872106121200 ) ;
#4105 = VERTEX_POINT ( 'NONE', #8670 ) ;
#4106 = AXIS2_PLACEMENT_3D ( 'NONE', #198, #9428, #3360 ) ;
#4107 = CARTESIAN_POINT ( 'NONE',  ( 8.362206348396760800, 1.959904873689046100, -3.094141646974374100 ) ) ;
#4108 = ADVANCED_FACE ( 'NONE', ( #3386 ), #7233, .T. ) ;
#4109 = ORIENTED_EDGE ( 'NONE', *, *, #4574, .T. ) ;
#4110 = CARTESIAN_POINT ( 'NONE',  ( -6.990202061954318100, 5.510547726935121700, -3.444839032082839000 ) ) ;
#4111 = ORIENTED_EDGE ( 'NONE', *, *, #5224, .F. ) ;
#4112 = DIRECTION ( 'NONE',  ( 0.0000000000000000000, 0.0000000000000000000, 1.000000000000000000 ) ) ;
#4113 = DIRECTION ( 'NONE',  ( -0.0000000000000000000, -0.0000000000000000000, 1.000000000000000000 ) ) ;
#4114 = VERTEX_POINT ( 'NONE', #7393 ) ;
#4115 = AXIS2_PLACEMENT_3D ( 'NONE', #4521, #546, #1308 ) ;
#4116 = ORIENTED_EDGE ( 'NONE', *, *, #201, .F. ) ;
#4117 = EDGE_CURVE ( 'NONE', #7078, #2179, #7462, .T. ) ;
#4118 = VECTOR ( 'NONE', #9773, 1000.000000000000000 ) ;
#4119 = ORIENTED_EDGE ( 'NONE', *, *, #2816, .T. ) ;
#4120 = CARTESIAN_POINT ( 'NONE',  ( 6.965660928076285800, 5.490976825734227500, 3.469985047562924100 ) ) ;
#4121 = ORIENTED_EDGE ( 'NONE', *, *, #7610, .T. ) ;
#4122 = CARTESIAN_POINT ( 'NONE',  ( 3.681435046371101200, 7.759816887428968400, -3.500000000000000000 ) ) ;
#4123 = CARTESIAN_POINT ( 'NONE',  ( 3.811145628425655700, -8.029163686427248000, -3.462633071500297100 ) ) ;
#4124 = EDGE_LOOP ( 'NONE', ( #1797, #9382 ) ) ;
#4125 = CARTESIAN_POINT ( 'NONE',  ( 5.049999999999998900, 0.0000000000000000000, -1.096058885236881200E-015 ) ) ;
#4126 = CARTESIAN_POINT ( 'NONE',  ( -8.384458441792405700, -1.862412082470809000, -3.500000000000000000 ) ) ;
#4127 = EDGE_LOOP ( 'NONE', ( #2813, #7341, #5309, #9651, #4942, #400 ) ) ;
#4128 = CIRCLE ( 'NONE', #6819, 10.47500000000000500 ) ;
#4129 = LINE ( 'NONE', #7708, #2444 ) ;
#4130 = AXIS2_PLACEMENT_3D ( 'NONE', #6581, #9679, #5775 ) ;
#4131 = EDGE_CURVE ( 'NONE', #2886, #2182, #778, .T. ) ;
#4132 = ORIENTED_EDGE ( 'NONE', *, *, #987, .T. ) ;
#4133 = CARTESIAN_POINT ( 'NONE',  ( -3.879820004569468800, -8.171767497885843700, -3.193750000000000100 ) ) ;
#4134 = CARTESIAN_POINT ( 'NONE',  ( -0.05000000000000001700, -8.900930351248694800, 3.444839032082839000 ) ) ;
#4135 = CARTESIAN_POINT ( 'NONE',  ( -3.791356179071698800, 7.988070471417512600, 3.460296783607140100 ) ) ;
#4136 = LINE ( 'NONE', #61, #1148 ) ;
#4137 = CARTESIAN_POINT ( 'NONE',  ( -3.860119801968772800, -8.130859605668689500, 3.272391413630715700 ) ) ;
#4138 = ORIENTED_EDGE ( 'NONE', *, *, #782, .T. ) ;
#4139 = DIRECTION ( 'NONE',  ( 0.0000000000000000000, 0.0000000000000000000, 1.000000000000000000 ) ) ;
#4140 = CARTESIAN_POINT ( 'NONE',  ( -7.041194074364041100, 5.679117300646431900, 3.500000000000000000 ) ) ;
#4141 = EDGE_CURVE ( 'NONE', #4018, #3721, #112, .T. ) ;
#4142 = AXIS2_PLACEMENT_3D ( 'NONE', #4949, #3518, #2701 ) ;
#4143 = CARTESIAN_POINT ( 'NONE',  ( 0.05000000000000002400, 8.893453463458474300, 3.457279025203407600 ) ) ;
#4144 = CARTESIAN_POINT ( 'NONE',  ( 8.362206348396748400, -1.959904873689104700, -3.099533293948748100 ) ) ;
#4145 = CARTESIAN_POINT ( 'NONE',  ( 0.0000000000000000000, 0.0000000000000000000, 3.454996609771464400 ) ) ;
#4146 = B_SPLINE_CURVE_WITH_KNOTS ( 'NONE', 3,
 ( #725, #2320, #6978, #2276, #768, #58, #2353 ),
 .UNSPECIFIED., .F., .F.,
 ( 4, 3, 4 ),
 ( 0.001199429903413612700, 0.001225696219576499600, 0.001498119107920983800 ),
 .UNSPECIFIED. ) ;
#4147 = DIRECTION ( 'NONE',  ( 0.4338837391175526200, -0.9009688679024217000, 0.0000000000000000000 ) ) ;
#4148 = DIRECTION ( 'NONE',  ( -0.0000000000000000000, -0.0000000000000000000, 1.000000000000000000 ) ) ;
#4149 = EDGE_CURVE ( 'NONE', #8431, #9505, #6629, .T. ) ;
#4150 = CARTESIAN_POINT ( 'NONE',  ( 6.940665282085063800, -5.471043463218380000, 3.454996609771464800 ) ) ;
#4151 = CARTESIAN_POINT ( 'NONE',  ( 6.924430402411174700, 5.586001379475661100, -3.452421434499180400 ) ) ;
#4152 = ADVANCED_FACE ( 'NONE', ( #889 ), #8305, .F. ) ;
#4153 = EDGE_CURVE ( 'NONE', #409, #4701, #9729, .T. ) ;
#4154 = CARTESIAN_POINT ( 'NONE',  ( 8.362206348396748400, -1.959904873689104700, 3.099533293948748100 ) ) ;
#4155 = CARTESIAN_POINT ( 'NONE',  ( -7.041302110270501100, -5.679203456406634500, 3.094141646974374100 ) ) ;
#4156 = FACE_OUTER_BOUND ( 'NONE', #6862, .T. ) ;
#4157 = CARTESIAN_POINT ( 'NONE',  ( 10.47500000000000500, 0.0000000000000000000, -3.500000000000000900 ) ) ;
#4158 = DIRECTION ( 'NONE',  ( 0.0000000000000000000, 0.0000000000000000000, 1.000000000000000000 ) ) ;
#4159 = EDGE_LOOP ( 'NONE', ( #509, #2109 ) ) ;
#4160 = EDGE_CURVE ( 'NONE', #6859, #1303, #9008, .T. ) ;
#4161 = CARTESIAN_POINT ( 'NONE',  ( -0.05000000000000002400, -8.895923368718410300, 3.453478796700601500 ) ) ;
#4162 = CARTESIAN_POINT ( 'NONE',  ( -3.816517286038889200, 7.809841561300076200, -3.247602129575368300 ) ) ;
#4163 = AXIS2_PLACEMENT_3D ( 'NONE', #5594, #2503, #2542 ) ;
#4164 = TOROIDAL_SURFACE ( 'NONE', #3481, 8.866382193656235700, 0.03500000000000000300 ) ;
#4165 = EDGE_CURVE ( 'NONE', #6140, #1611, #898, .T. ) ;
#4166 = DIRECTION ( 'NONE',  ( 0.0000000000000000000, 0.0000000000000000000, -1.000000000000000000 ) ) ;
#4167 = CARTESIAN_POINT ( 'NONE',  ( -3.907017385819927700, -7.997766954886910400, 3.444839032082838600 ) ) ;
#4168 = ADVANCED_FACE ( 'NONE', ( #8543 ), #6987, .T. ) ;
#4169 = ORIENTED_EDGE ( 'NONE', *, *, #1178, .T. ) ;
#4170 = AXIS2_PLACEMENT_3D ( 'NONE', #3015, #2864, #3790 ) ;
#4171 = VECTOR ( 'NONE', #2180, 1000.000000000000000 ) ;
#4172 = DIRECTION ( 'NONE',  ( -0.0000000000000000000, -0.0000000000000000000, 1.000000000000000000 ) ) ;
#4173 = AXIS2_PLACEMENT_3D ( 'NONE', #4736, #5470, #931 ) ;
#4174 = DIRECTION ( 'NONE',  ( -0.0000000000000000000, -0.0000000000000000000, 1.000000000000000000 ) ) ;
#4175 = EDGE_CURVE ( 'NONE', #5836, #3056, #2546, .T. ) ;
#4176 = CARTESIAN_POINT ( 'NONE',  ( 3.789429660203687000, -7.984070013767042600, -3.454996609771464800 ) ) ;
#4177 = DIRECTION ( 'NONE',  ( -0.0000000000000000000, -0.0000000000000000000, 1.000000000000000000 ) ) ;
#4178 = ORIENTED_EDGE ( 'NONE', *, *, #7961, .F. ) ;
#4179 = CARTESIAN_POINT ( 'NONE',  ( -9.046037105128458900, 1.107820038576375800E-015, 3.500000000000000000 ) ) ;
#4180 = EDGE_CURVE ( 'NONE', #8176, #1599, #2781, .T. ) ;
#4181 = CARTESIAN_POINT ( 'NONE',  ( -6.941273910857398200, -5.471528828467872300, 3.456075294419946400 ) ) ;
#4182 = ORIENTED_EDGE ( 'NONE', *, *, #5117, .T. ) ;
#4183 = CARTESIAN_POINT ( 'NONE',  ( 0.0000000000000000000, 0.0000000000000000000, -3.094141646974374100 ) ) ;
#4184 = CARTESIAN_POINT ( 'NONE',  ( 8.661757950096310700, -2.028275572020148900, 3.453478796700601500 ) ) ;
#4185 = CARTESIAN_POINT ( 'NONE',  ( -3.803301197213214900, 8.012874557170818000, 3.469985047562923700 ) ) ;
#4186 = LINE ( 'NONE', #4895, #2154 ) ;
#4187 = DIRECTION ( 'NONE',  ( 1.000000000000000000, 0.0000000000000000000, 0.0000000000000000000 ) ) ;
#4188 = ORIENTED_EDGE ( 'NONE', *, *, #8972, .F. ) ;
#4189 = ORIENTED_EDGE ( 'NONE', *, *, #9822, .F. ) ;
#4190 = ORIENTED_EDGE ( 'NONE', *, *, #8814, .T. ) ;
#4191 = DIRECTION ( 'NONE',  ( 1.000000000000000000, 0.0000000000000000000, 0.0000000000000000000 ) ) ;
#4192 = VECTOR ( 'NONE', #5607, 1000.000000000000000 ) ;
#4193 = CARTESIAN_POINT ( 'NONE',  ( 8.606028464958562600, -2.015555680706334400, -3.456597352396201500 ) ) ;
#4194 = VERTEX_POINT ( 'NONE', #8071 ) ;
#4195 = ADVANCED_FACE ( 'NONE', ( #4931 ), #6273, .F. ) ;
#4196 = LINE ( 'NONE', #1927, #6007 ) ;
#4197 = CARTESIAN_POINT ( 'NONE',  ( -0.05000000000000003700, 8.619738104553002600, -3.143904910697430800 ) ) ;
#4198 = CIRCLE ( 'NONE', #7967, 9.046037105128458900 ) ;
#4199 = CARTESIAN_POINT ( 'NONE',  ( -5.686989865158905900, 6.964553935150292200E-016, 3.376256313292342400 ) ) ;
#4200 = ORIENTED_EDGE ( 'NONE', *, *, #5523, .F. ) ;
#4201 = CARTESIAN_POINT ( 'NONE',  ( 0.0000000000000000000, 0.0000000000000000000, -3.193750000000000500 ) ) ;
#4202 = CARTESIAN_POINT ( 'NONE',  ( 0.05000000000000001000, 9.045898922017695300, 3.193750000000000100 ) ) ;
#4203 = CIRCLE ( 'NONE', #9550, 9.046037105128460700 ) ;
#4204 = ORIENTED_EDGE ( 'NONE', *, *, #5337, .F. ) ;
#4205 = VERTEX_POINT ( 'NONE', #9567 ) ;
#4206 = ORIENTED_EDGE ( 'NONE', *, *, #8922, .T. ) ;
#4207 = DIRECTION ( 'NONE',  ( 1.000000000000000000, 0.0000000000000000000, 0.0000000000000000000 ) ) ;
#4208 = EDGE_CURVE ( 'NONE', #4492, #6612, #5434, .T. ) ;
#4209 = CARTESIAN_POINT ( 'NONE',  ( -8.627120136385698900, -1.917798030746181000, 3.454996609771464800 ) ) ;
#4210 = VERTEX_POINT ( 'NONE', #1447 ) ;
#4211 = CARTESIAN_POINT ( 'NONE',  ( -6.986779382597083200, -5.507818231228810600, 3.452421434499180400 ) ) ;
#4212 = VECTOR ( 'NONE', #5852, 1000.000000000000000 ) ;
#4213 = CARTESIAN_POINT ( 'NONE',  ( -8.697427512990367800, -1.933845230657686800, -3.429674227117769800 ) ) ;
#4214 = EDGE_LOOP ( 'NONE', ( #8314, #496 ) ) ;
#4215 = DIRECTION ( 'NONE',  ( 0.0000000000000000000, 0.0000000000000000000, -1.000000000000000000 ) ) ;
#4216 = ORIENTED_EDGE ( 'NONE', *, *, #723, .F. ) ;
#4217 = EDGE_CURVE ( 'NONE', #518, #7864, #3040, .T. ) ;
#4218 = ORIENTED_EDGE ( 'NONE', *, *, #9625, .T. ) ;
#4219 = ADVANCED_FACE ( 'NONE', ( #515 ), #3625, .T. ) ;
#4220 = CARTESIAN_POINT ( 'NONE',  ( 8.534077790247353700, -1.999133408725531900, 3.351299362948741300 ) ) ;
#4222 = CARTESIAN_POINT ( 'NONE',  ( 6.956441114856348300, 5.483624270040861500, -3.469100694293998800 ) ) ;
#4221 = CARTESIAN_POINT ( 'NONE',  ( 7.041194074364082800, -5.679117300646379500, -3.500000000000000000 ) ) ;
#4223 = ORIENTED_EDGE ( 'NONE', *, *, #7950, .F. ) ;
#4224 = AXIS2_PLACEMENT_3D ( 'NONE', #3444, #8693, #7999 ) ;
#4225 = LINE ( 'NONE', #580, #1246 ) ;
#4226 = ORIENTED_EDGE ( 'NONE', *, *, #1127, .T. ) ;
#4227 = CARTESIAN_POINT ( 'NONE',  ( -6.878316301899149100, 5.549226611465234000, -3.454996609771464800 ) ) ;
#4228 = EDGE_CURVE ( 'NONE', #6735, #635, #9413, .T. ) ;
#4229 = CARTESIAN_POINT ( 'NONE',  ( 8.611036915675322600, -2.016698826899239600, 3.461862008941933000 ) ) ;
#4230 = DIRECTION ( 'NONE',  ( -0.0000000000000000000, -0.0000000000000000000, 1.000000000000000000 ) ) ;
#4231 = DIRECTION ( 'NONE',  ( 0.7071067811865401300, 0.0000000000000000000, 0.7071067811865549000 ) ) ;
#4232 = ORIENTED_EDGE ( 'NONE', *, *, #3149, .T. ) ;
#4233 = ORIENTED_EDGE ( 'NONE', *, *, #1425, .T. ) ;
#4234 = VERTEX_POINT ( 'NONE', #2941 ) ;
#4235 = CARTESIAN_POINT ( 'NONE',  ( 8.662071568797259100, -2.028347153442087200, -3.452954079042413600 ) ) ;
#4236 = EDGE_CURVE ( 'NONE', #9392, #8692, #2066, .T. ) ;
#4237 = CYLINDRICAL_SURFACE ( 'NONE', #1879, 9.046037105128458900 ) ;
#4238 = CIRCLE ( 'NONE', #5715, 8.588813778810040500 ) ;
#4239 = CARTESIAN_POINT ( 'NONE',  ( -0.05000000000000004400, 8.588668239434865000, -3.099533293948748100 ) ) ;
#4240 = CARTESIAN_POINT ( 'NONE',  ( -3.789429660203798500, -7.984070013766990200, -3.454996609771464800 ) ) ;
#4241 = ORIENTED_EDGE ( 'NONE', *, *, #3218, .T. ) ;
#4242 = CARTESIAN_POINT ( 'NONE',  ( 3.820719386415864600, -8.049043799739521900, -3.429674227117769800 ) ) ;
#4243 = AXIS2_PLACEMENT_3D ( 'NONE', #3816, #3785, #5279 ) ;
#4244 = B_SPLINE_CURVE_WITH_KNOTS ( 'NONE', 3,
 ( #5315, #3811, #917, #1609, #3140, #9337, #127, #6953, #3269, #7081, #5511, #5483, #4775, #4038, #167, #6259, #8617, #2462, #6227, #3918, #941, #6298 ),
 .UNSPECIFIED., .F., .F.,
 ( 4, 3, 3, 3, 3, 3, 3, 4 ),
 ( 0.0002168574548798304600, 0.0002188290334246854100, 0.0002305812013871251000, 0.0002423333607551973200, 0.0002540856419916164700, 0.0002658380091482357800, 0.0002775903405257877200, 0.0002867718163053204400 ),
 .UNSPECIFIED. ) ;
#4245 = EDGE_CURVE ( 'NONE', #1736, #5269, #9269, .T. ) ;
#4246 = CARTESIAN_POINT ( 'NONE',  ( 8.807973303152710500, 2.061648272210859600, -3.500000000000000000 ) ) ;
#4247 = VECTOR ( 'NONE', #7345, 1000.000000000000000 ) ;
#4248 = FACE_OUTER_BOUND ( 'NONE', #6808, .T. ) ;
#4249 = CARTESIAN_POINT ( 'NONE',  ( 0.0000000000000000000, 0.0000000000000000000, -3.500000000000000900 ) ) ;
#4250 = CARTESIAN_POINT ( 'NONE',  ( 6.997047420489827200, 5.516006718204386600, -3.429674227117769800 ) ) ;
#4251 = VERTEX_POINT ( 'NONE', #2858 ) ;
#4252 = EDGE_LOOP ( 'NONE', ( #8426, #8241 ) ) ;
#4253 = CARTESIAN_POINT ( 'NONE',  ( 0.0000000000000000000, 0.0000000000000000000, 3.376256313292342400 ) ) ;
#4254 = AXIS2_PLACEMENT_3D ( 'NONE', #3664, #7434, #2009 ) ;
#4255 = CARTESIAN_POINT ( 'NONE',  ( -3.793483400516391300, 7.992487692262663800, -3.464362763198132600 ) ) ;
#4256 = ADVANCED_FACE ( 'NONE', ( #4343 ), #44, .T. ) ;
#4257 = AXIS2_PLACEMENT_3D ( 'NONE', #7296, #1807, #1844 ) ;
#4258 = CARTESIAN_POINT ( 'NONE',  ( -0.05000000000000001000, 9.000494587112767100, -3.272391413630716200 ) ) ;
#4260 = DIRECTION ( 'NONE',  ( -1.000000000000000000, -8.881784197001252300E-015, 0.0000000000000000000 ) ) ;
#4259 = CARTESIAN_POINT ( 'NONE',  ( -3.889999191884016700, -7.962428311047974100, -3.469846945119945400 ) ) ;
#4261 = VERTEX_POINT ( 'NONE', #600 ) ;
#4262 = CARTESIAN_POINT ( 'NONE',  ( -6.979796104693843300, -5.502249252933806300, -3.462633071500297100 ) ) ;
#4263 = DIRECTION ( 'NONE',  ( -1.000000000000000000, 0.0000000000000000000, 0.0000000000000000000 ) ) ;
#4264 = CARTESIAN_POINT ( 'NONE',  ( 0.0000000000000000000, 0.0000000000000000000, 3.193750000000000500 ) ) ;
#4265 = CARTESIAN_POINT ( 'NONE',  ( -6.878316301899265500, -5.549226611465089200, -3.454996609771464800 ) ) ;
#4266 = CARTESIAN_POINT ( 'NONE',  ( 0.0000000000000000000, 0.0000000000000000000, 3.452421434499180400 ) ) ;
#4267 = CARTESIAN_POINT ( 'NONE',  ( 9.046037105128458900, 0.0000000000000000000, 3.500000000000000400 ) ) ;
#4268 = CARTESIAN_POINT ( 'NONE',  ( 0.0000000000000000000, 0.0000000000000000000, 3.193750000000000500 ) ) ;
#4269 = CARTESIAN_POINT ( 'NONE',  ( 6.891220320180371700, -5.559517222654076100, -3.467739038050325000 ) ) ;
#4270 = CARTESIAN_POINT ( 'NONE',  ( -6.683716731970441100, 5.394038632959125200, -3.500000000000000000 ) ) ;
#4271 = CARTESIAN_POINT ( 'NONE',  ( 0.0000000000000000000, 0.0000000000000000000, -2.975000000000005000 ) ) ;
#4272 = ADVANCED_FACE ( 'NONE', ( #1360 ), #8434, .F. ) ;
#4273 = LINE ( 'NONE', #9189, #450 ) ;
#4274 = ORIENTED_EDGE ( 'NONE', *, *, #2073, .T. ) ;
#4275 = DIRECTION ( 'NONE',  ( 1.000000000000000000, 0.0000000000000000000, 0.0000000000000000000 ) ) ;
#4276 = DIRECTION ( 'NONE',  ( 1.000000000000000000, 0.0000000000000000000, 0.0000000000000000000 ) ) ;
#4277 = EDGE_CURVE ( 'NONE', #7443, #2846, #3154, .T. ) ;
#4278 = CARTESIAN_POINT ( 'NONE',  ( 8.662371385772212700, -2.028415584710130800, 3.452421434499180400 ) ) ;
#4279 = DIRECTION ( 'NONE',  ( -0.0000000000000000000, -0.0000000000000000000, 1.000000000000000000 ) ) ;
#4280 = CIRCLE ( 'NONE', #2455, 8.896693082788692300 ) ;
#4281 = DIRECTION ( 'NONE',  ( 0.0000000000000000000, 0.0000000000000000000, 1.000000000000000000 ) ) ;
#4282 = CARTESIAN_POINT ( 'NONE',  ( 6.924430402411135600, -5.586001379475708200, 3.452421434499180400 ) ) ;
#4283 = UNCERTAINTY_MEASURE_WITH_UNIT (LENGTH_MEASURE( 1.000000000000000100E-005 ), #2981, 'distance_accuracy_value', 'NONE');
#4284 = CARTESIAN_POINT ( 'NONE',  ( 3.806894729835262200, 8.020336604549491700, -3.468181098941469600 ) ) ;
#4285 = ORIENTED_EDGE ( 'NONE', *, *, #5720, .F. ) ;
#4286 = CARTESIAN_POINT ( 'NONE',  ( -6.940665282085137600, -5.471043463218286700, 3.454996609771464800 ) ) ;
#4287 = FACE_OUTER_BOUND ( 'NONE', #402, .T. ) ;
#4288 = CARTESIAN_POINT ( 'NONE',  ( 6.888653535670937500, 5.557470280312730700, 3.466570807216844900 ) ) ;
#4289 = CARTESIAN_POINT ( 'NONE',  ( 9.700532726209136300, -2.214083292865366600, -1.592040838891560100E-016 ) ) ;
#4290 = DIRECTION ( 'NONE',  ( 0.0000000000000000000, 0.0000000000000000000, -1.000000000000000000 ) ) ;
#4291 = CARTESIAN_POINT ( 'NONE',  ( -6.915312180062994000, -5.578729839798997500, -3.464797546056691800 ) ) ;
#4292 = VERTEX_POINT ( 'NONE', #2902 ) ;
#4293 = AXIS2_PLACEMENT_3D ( 'NONE', #6558, #1962, #566 ) ;
#4294 = EDGE_CURVE ( 'NONE', #8295, #7878, #2310, .T. ) ;
#4295 = CIRCLE ( 'NONE', #3035, 9.046037105128458900 ) ;
#4296 = CARTESIAN_POINT ( 'NONE',  ( 0.05000000000000001000, -9.000494587112767100, 3.272391413630716200 ) ) ;
#4297 = ADVANCED_FACE ( 'NONE', ( #8896 ), #3879, .T. ) ;
#4298 = DIRECTION ( 'NONE',  ( 0.0000000000000000000, 0.0000000000000000000, 1.000000000000000000 ) ) ;
#4299 = CARTESIAN_POINT ( 'NONE',  ( 6.924430402411135600, -5.586001379475708200, -3.452421434499180400 ) ) ;
#4300 = DIRECTION ( 'NONE',  ( 1.000000000000000000, 0.0000000000000000000, 0.0000000000000000000 ) ) ;
#4301 = CARTESIAN_POINT ( 'NONE',  ( 3.816920499029574200, -8.041155328798719600, -3.444839032082839000 ) ) ;
#4302 = B_SPLINE_CURVE_WITH_KNOTS ( 'NONE', 3,
 ( #3329, #8687, #4184, #1089, #6449, #1294, #5867, #6648, #7278, #9708, #8943, #6552, #1194, #4992, #9653, #5028, #1225, #9581, #4229, #1911, #8185, #7308, #8051, #8818, #4367 ),
 .UNSPECIFIED., .F., .F.,
 ( 4, 3, 3, 3, 3, 3, 3, 3, 4 ),
 ( 0.0001509499138714762100, 0.0001527764003826875100, 0.0001645282963311859000, 0.0001762803579144534000, 0.0001880325997012812900, 0.0001997849575937776500, 0.0002115373162334744700, 0.0002188290956692561800, 0.0002208042975641529900 ),
 .UNSPECIFIED. ) ;
#4303 = AXIS2_PLACEMENT_3D ( 'NONE', #3338, #3278, #6430 ) ;
#4304 = VERTEX_POINT ( 'NONE', #2167 ) ;
#4305 = DIRECTION ( 'NONE',  ( 0.6234898018587431400, 0.7818314824680221400, 0.0000000000000000000 ) ) ;
#4306 = DIRECTION ( 'NONE',  ( -0.0000000000000000000, -0.0000000000000000000, 1.000000000000000000 ) ) ;
#4307 = CIRCLE ( 'NONE', #7514, 9.046037105128458900 ) ;
#4308 = ORIENTED_EDGE ( 'NONE', *, *, #7738, .F. ) ;
#4309 = DIRECTION ( 'NONE',  ( -1.000000000000000000, 0.0000000000000000000, 0.0000000000000000000 ) ) ;
#4310 = EDGE_CURVE ( 'NONE', #7704, #1498, #1010, .T. ) ;
#4311 = CARTESIAN_POINT ( 'NONE',  ( 0.0000000000000000000, 0.0000000000000000000, 3.094141646974374100 ) ) ;
#4312 = ORIENTED_EDGE ( 'NONE', *, *, #8700, .F. ) ;
#4313 = CIRCLE ( 'NONE', #4692, 8.588813778810038700 ) ;
#4314 = FACE_OUTER_BOUND ( 'NONE', #8362, .T. ) ;
#4315 = EDGE_LOOP ( 'NONE', ( #9472, #5325, #6880, #7089 ) ) ;
#4316 = ADVANCED_FACE ( 'NONE', ( #8183 ), #163, .F. ) ;
#4317 = CARTESIAN_POINT ( 'NONE',  ( -0.05000000000000001000, 9.045898922017695300, -3.193750000000000100 ) ) ;
#4318 = EDGE_CURVE ( 'NONE', #3371, #2671, #6159, .T. ) ;
#4320 = CARTESIAN_POINT ( 'NONE',  ( 6.974589775732389400, 5.498097344133356000, -3.466916208273112900 ) ) ;
#4319 = CARTESIAN_POINT ( 'NONE',  ( 8.666639397120894400, -2.029389730449090700, -3.444839032082838600 ) ) ;
#4321 = EDGE_LOOP ( 'NONE', ( #3299, #4565, #4611, #5667 ) ) ;
#4322 = LINE ( 'NONE', #5225, #6716 ) ;
#4323 = DIRECTION ( 'NONE',  ( -0.0000000000000000000, -0.0000000000000000000, -1.000000000000000000 ) ) ;
#4324 = CARTESIAN_POINT ( 'NONE',  ( 7.103651090456297700, -5.601020308159927000, -3.500000000000000400 ) ) ;
#4325 = CARTESIAN_POINT ( 'NONE',  ( -8.604868042990066400, -2.015290821964363500, -3.454996609771464800 ) ) ;
#4326 = ORIENTED_EDGE ( 'NONE', *, *, #4180, .F. ) ;
#4327 = CARTESIAN_POINT ( 'NONE',  ( 3.879526546993929100, -7.940681639855288400, 3.454996609771464800 ) ) ;
#4328 = LINE ( 'NONE', #1821, #2642 ) ;
#4329 = ORIENTED_EDGE ( 'NONE', *, *, #77, .F. ) ;
#4330 = VECTOR ( 'NONE', #2597, 1000.000000000000000 ) ;
#4331 = ORIENTED_EDGE ( 'NONE', *, *, #2884, .T. ) ;
#4332 = ORIENTED_EDGE ( 'NONE', *, *, #7719, .T. ) ;
#4333 = DIRECTION ( 'NONE',  ( 1.000000000000000000, 0.0000000000000000000, 0.0000000000000000000 ) ) ;
#4334 = CARTESIAN_POINT ( 'NONE',  ( 3.806894729835262200, 8.020336604549491700, 3.468181098941469600 ) ) ;
#4335 = ORIENTED_EDGE ( 'NONE', *, *, #835, .T. ) ;
#4336 = ORIENTED_EDGE ( 'NONE', *, *, #9, .T. ) ;
#4337 = CARTESIAN_POINT ( 'NONE',  ( 0.0000000000000000000, 0.0000000000000000000, -3.454996609771464400 ) ) ;
#4338 = ORIENTED_EDGE ( 'NONE', *, *, #9664, .F. ) ;
#4339 = CARTESIAN_POINT ( 'NONE',  ( 7.103543054549956700, -5.600934152399576100, -3.094141646974374100 ) ) ;
#4340 = CARTESIAN_POINT ( 'NONE',  ( 8.601156667459632000, -1.053337898176935200E-015, -2.994533293948747700 ) ) ;
#4341 = EDGE_LOOP ( 'NONE', ( #737, #422, #234, #7339 ) ) ;
#4342 = CARTESIAN_POINT ( 'NONE',  ( 3.883580287306745300, 7.949099318350853600, -3.464362763198132600 ) ) ;
#4343 = FACE_OUTER_BOUND ( 'NONE', #884, .T. ) ;
#4344 = ORIENTED_EDGE ( 'NONE', *, *, #3449, .F. ) ;
#4345 = ORIENTED_EDGE ( 'NONE', *, *, #4483, .F. ) ;
#4346 = CARTESIAN_POINT ( 'NONE',  ( 6.878316301899227300, 5.549226611465136300, -3.454996609771464800 ) ) ;
#4347 = DIRECTION ( 'NONE',  ( -0.0000000000000000000, -0.0000000000000000000, 1.000000000000000000 ) ) ;
#4348 = EDGE_CURVE ( 'NONE', #179, #8013, #2898, .T. ) ;
#4349 = ORIENTED_EDGE ( 'NONE', *, *, #6065, .T. ) ;
#4350 = ORIENTED_EDGE ( 'NONE', *, *, #2809, .F. ) ;
#4351 = CARTESIAN_POINT ( 'NONE',  ( -8.646792278083101000, -1.922288068715891400, 3.469100694293998800 ) ) ;
#4352 = ORIENTED_EDGE ( 'NONE', *, *, #9834, .F. ) ;
#4353 = DIRECTION ( 'NONE',  ( -0.6234898018587372600, -0.7818314824680268100, -0.0000000000000000000 ) ) ;
#4354 = DIRECTION ( 'NONE',  ( 0.0000000000000000000, 0.0000000000000000000, 1.000000000000000000 ) ) ;
#4355 = ORIENTED_EDGE ( 'NONE', *, *, #5571, .F. ) ;
#4356 = CARTESIAN_POINT ( 'NONE',  ( 3.793483400516447300, -7.992487692262637100, 3.464362763198132600 ) ) ;
#4357 = VECTOR ( 'NONE', #7780, 1000.000000000000100 ) ;
#4358 = ORIENTED_EDGE ( 'NONE', *, *, #3212, .F. ) ;
#4359 = ADVANCED_FACE ( 'NONE', ( #4713 ), #2973, .T. ) ;
#4360 = EDGE_CURVE ( 'NONE', #1252, #8049, #4104, .T. ) ;
#4361 = ORIENTED_EDGE ( 'NONE', *, *, #3091, .T. ) ;
#4362 = DIRECTION ( 'NONE',  ( -0.9749279121818212900, 0.2225209339563245500, 0.0000000000000000000 ) ) ;
#4363 = CARTESIAN_POINT ( 'NONE',  ( -6.986779382596969500, 5.507818231228957200, 3.452421434499180400 ) ) ;
#4364 = EDGE_LOOP ( 'NONE', ( #1405, #2926 ) ) ;
#4365 = DIRECTION ( 'NONE',  ( -0.0000000000000000000, -0.0000000000000000000, 1.000000000000000000 ) ) ;
#4366 = ORIENTED_EDGE ( 'NONE', *, *, #6923, .F. ) ;
#4367 = CARTESIAN_POINT ( 'NONE',  ( 8.604868042990039700, -2.015290821964479800, 3.454996609771464800 ) ) ;
#4368 = CARTESIAN_POINT ( 'NONE',  ( -3.789767423690219200, 7.984771386873950900, 3.456075294419946400 ) ) ;
#4369 = LINE ( 'NONE', #7226, #9035 ) ;
#4370 = VERTEX_POINT ( 'NONE', #3087 ) ;
#4371 = CARTESIAN_POINT ( 'NONE',  ( -3.879879959974250600, -8.171891996566714100, 3.094141646974374100 ) ) ;
#4372 = AXIS2_PLACEMENT_3D ( 'NONE', #2225, #4610, #3729 ) ;
#4373 = CARTESIAN_POINT ( 'NONE',  ( 3.969916891359596800, -8.128379123974143600, -3.193750000000000100 ) ) ;
#4374 = FACE_OUTER_BOUND ( 'NONE', #4341, .T. ) ;
#4375 = CARTESIAN_POINT ( 'NONE',  ( -6.970196991303297700, -5.622499016216973000, 3.351032822740168000 ) ) ;
#4376 = DIRECTION ( 'NONE',  ( -0.2225209339563182800, -0.9749279121818227300, 0.0000000000000000000 ) ) ;
#4377 = ADVANCED_FACE ( 'NONE', ( #1603, #7946 ), #8448, .F. ) ;
#4378 = AXIS2_PLACEMENT_3D ( 'NONE', #4779, #7001, #827 ) ;
#4379 = EDGE_CURVE ( 'NONE', #1234, #2536, #9499, .T. ) ;
#4380 = ORIENTED_EDGE ( 'NONE', *, *, #2615, .F. ) ;
#4381 = CARTESIAN_POINT ( 'NONE',  ( 3.879692025218503200, 7.941025258929139200, -3.455541280135825400 ) ) ;
#4382 = DIRECTION ( 'NONE',  ( 1.000000000000000000, -2.664535259100375700E-015, 0.0000000000000000000 ) ) ;
#4383 = DIRECTION ( 'NONE',  ( -0.0000000000000000000, -0.0000000000000000000, 1.000000000000000000 ) ) ;
#4384 = CARTESIAN_POINT ( 'NONE',  ( 0.05000000000000002400, 8.884519005424703400, -3.465025888964337500 ) ) ;
#4385 = AXIS2_PLACEMENT_3D ( 'NONE', #4533, #89, #4607 ) ;
#4386 = CARTESIAN_POINT ( 'NONE',  ( 6.993624741251864800, -5.513277222593508500, -3.437256629622304200 ) ) ;
#4387 = CARTESIAN_POINT ( 'NONE',  ( 0.0000000000000000000, 0.0000000000000000000, -2.758752104430781200 ) ) ;
#4388 = CARTESIAN_POINT ( 'NONE',  ( 3.795166392148641600, 7.995982460396998400, -3.466570807216844900 ) ) ;
#4389 = DIRECTION ( 'NONE',  ( 0.4338837391175463500, -0.9009688679024248100, 0.0000000000000000000 ) ) ;
#4390 = FACE_OUTER_BOUND ( 'NONE', #806, .T. ) ;
#4391 = CARTESIAN_POINT ( 'NONE',  ( -8.362206348396773200, -1.959904873688991500, 3.099533293948748100 ) ) ;
#4392 = CARTESIAN_POINT ( 'NONE',  ( 8.640334695620648400, 2.023385853985816100, 3.469286171371085200 ) ) ;
#4393 = CARTESIAN_POINT ( 'NONE',  ( 0.0000000000000000000, 0.0000000000000000000, 3.094141646974374100 ) ) ;
#4394 = CARTESIAN_POINT ( 'NONE',  ( 3.883828242128128900, -7.949614201842985400, 3.464471549642479200 ) ) ;
#4395 = CARTESIAN_POINT ( 'NONE',  ( 3.789429660203743800, 7.984070013767017700, -3.454996609771464800 ) ) ;
#4396 = CIRCLE ( 'NONE', #7666, 5.686989865158905900 ) ;
#4397 = CARTESIAN_POINT ( 'NONE',  ( -6.951002515856730600, 5.479287132066026800, -3.466570807216844900 ) ) ;
#4398 = ADVANCED_FACE ( 'NONE', ( #7216 ), #3054, .T. ) ;
#4399 = DIRECTION ( 'NONE',  ( 1.000000000000000000, 0.0000000000000000000, 0.0000000000000000000 ) ) ;
#4400 = CARTESIAN_POINT ( 'NONE',  ( 6.919872040174228200, -5.582366206894886500, -3.460240287494900500 ) ) ;
#4401 = DIRECTION ( 'NONE',  ( -1.000000000000000000, 8.881784197001252300E-016, 0.0000000000000000000 ) ) ;
#4402 = EDGE_CURVE ( 'NONE', #7587, #5911, #5427, .T. ) ;
#4403 = CARTESIAN_POINT ( 'NONE',  ( -8.382400267963321400, 1.964514004052592600, 3.129114371485063600 ) ) ;
#4404 = AXIS2_PLACEMENT_3D ( 'NONE', #3560, #6731, #2141 ) ;
#4405 = CARTESIAN_POINT ( 'NONE',  ( 3.902588241884612100, 7.988569742736869400, -3.460240287494900500 ) ) ;
#4406 = CONICAL_SURFACE ( 'NONE', #7073, 11.00000000000000000, 0.7853981633974425100 ) ;
#4407 = CARTESIAN_POINT ( 'NONE',  ( 6.915312180062955800, 5.578729839799044600, -3.464797546056691800 ) ) ;
#4408 = CARTESIAN_POINT ( 'NONE',  ( -0.05000000000000003100, -8.764959675655999800, 3.351299362948741800 ) ) ;
#4409 = EDGE_CURVE ( 'NONE', #2161, #7594, #6506, .T. ) ;
#4410 = CARTESIAN_POINT ( 'NONE',  ( 0.0000000000000000000, 0.0000000000000000000, -3.094141646974374100 ) ) ;
#4411 = CARTESIAN_POINT ( 'NONE',  ( 8.675915474055425800, 1.928935248150019700, 3.462633071500297100 ) ) ;
#4412 = ORIENTED_EDGE ( 'NONE', *, *, #4379, .T. ) ;
#4413 = CARTESIAN_POINT ( 'NONE',  ( 3.969916891359596800, -8.128379123974143600, -3.094141646974374100 ) ) ;
#4414 = PLANE ( 'NONE',  #7451 ) ;
#4415 = AXIS2_PLACEMENT_3D ( 'NONE', #3535, #1227, #1269 ) ;
#4416 = FACE_OUTER_BOUND ( 'NONE', #3745, .T. ) ;
#4417 = CARTESIAN_POINT ( 'NONE',  ( 9.621762239271875600, 0.0000000000000000000, 3.500000000000000000 ) ) ;
#4418 = EDGE_CURVE ( 'NONE', #5608, #9342, #1118, .T. ) ;
#4419 = DIRECTION ( 'NONE',  ( -0.0000000000000000000, -0.0000000000000000000, 1.000000000000000000 ) ) ;
#4420 = VERTEX_POINT ( 'NONE', #9939 ) ;
#4421 = CARTESIAN_POINT ( 'NONE',  ( -7.103543054550032200, -5.600934152399481100, 3.500000000000000000 ) ) ;
#4422 = DIRECTION ( 'NONE',  ( -1.000000000000000000, 0.0000000000000000000, 0.0000000000000000000 ) ) ;
#4423 = DIRECTION ( 'NONE',  ( 0.7071067811865104900, 8.659560562354479300E-017, -0.7071067811865846500 ) ) ;
#4424 = CIRCLE ( 'NONE', #2051, 9.046037105128458900 ) ;
#4425 = CARTESIAN_POINT ( 'NONE',  ( 0.0000000000000000000, 0.0000000000000000000, 3.193750000000000500 ) ) ;
#4426 = B_SPLINE_CURVE_WITH_KNOTS ( 'NONE', 3,
 ( #4317, #4258, #8111, #7399, #5805, #9702, #2007 ),
 .UNSPECIFIED., .F., .F.,
 ( 4, 3, 4 ),
 ( 0.0009532733312319690800, 0.001225696219576461900, 0.001251962535739348200 ),
 .UNSPECIFIED. ) ;
#4427 = EDGE_CURVE ( 'NONE', #1189, #3965, #5178, .T. ) ;
#4428 = CARTESIAN_POINT ( 'NONE',  ( 8.807973303152696300, -2.061648272210920800, 3.500000000000000000 ) ) ;
#4429 = ORIENTED_EDGE ( 'NONE', *, *, #3645, .T. ) ;
#4430 = FACE_OUTER_BOUND ( 'NONE', #9572, .T. ) ;
#4431 = CARTESIAN_POINT ( 'NONE',  ( -6.980233343992995100, 5.502597939639692900, 3.462472406546387200 ) ) ;
#4432 = CIRCLE ( 'NONE', #6358, 8.837711872106121200 ) ;
#4433 = DIRECTION ( 'NONE',  ( -1.000000000000000000, 0.0000000000000000000, 0.0000000000000000000 ) ) ;
#4434 = ORIENTED_EDGE ( 'NONE', *, *, #9371, .F. ) ;
#4435 = CARTESIAN_POINT ( 'NONE',  ( -8.683130557623538700, 1.930582043891743600, 3.455073707654065600 ) ) ;
#4436 = CARTESIAN_POINT ( 'NONE',  ( -6.821546926897742200, -5.503954545597889800, 3.351299362948741300 ) ) ;
#4437 = DIRECTION ( 'NONE',  ( -0.4338837391175526200, 0.9009688679024217000, 0.0000000000000000000 ) ) ;
#4438 = ORIENTED_EDGE ( 'NONE', *, *, #4624, .F. ) ;
#4439 = B_SPLINE_CURVE_WITH_KNOTS ( 'NONE', 3,
 ( #7332, #4458, #5015, #8107, #9074, #3691, #443 ),
 .UNSPECIFIED., .F., .F.,
 ( 4, 3, 4 ),
 ( 0.0009532733312319682100, 0.001225696219576461900, 0.001251962535739348600 ),
 .UNSPECIFIED. ) ;
#4440 = ORIENTED_EDGE ( 'NONE', *, *, #4542, .F. ) ;
#4442 = CIRCLE ( 'NONE', #2187, 5.254494074020480600 ) ;
#4441 = AXIS2_PLACEMENT_3D ( 'NONE', #4096, #8645, #9453 ) ;
#4443 = CARTESIAN_POINT ( 'NONE',  ( -6.894092134670396300, 5.561807418287763500, 3.469100694293998800 ) ) ;
#4444 = CARTESIAN_POINT ( 'NONE',  ( 6.886067688689470500, 5.555408136157288900, -3.464471549642479200 ) ) ;
#4445 = EDGE_LOOP ( 'NONE', ( #9612, #207, #3839, #8773 ) ) ;
#4446 = DIRECTION ( 'NONE',  ( 0.0000000000000000000, 0.0000000000000000000, -1.000000000000000000 ) ) ;
#4447 = AXIS2_PLACEMENT_3D ( 'NONE', #7236, #2637, #1938 ) ;
#4448 = FACE_OUTER_BOUND ( 'NONE', #1222, .T. ) ;
#4449 = CARTESIAN_POINT ( 'NONE',  ( -8.404652361358991200, -1.867021212834241600, 3.129114371485063600 ) ) ;
#4450 = ORIENTED_EDGE ( 'NONE', *, *, #9724, .T. ) ;
#4451 = EDGE_CURVE ( 'NONE', #4728, #1597, #4464, .T. ) ;
#4452 = CARTESIAN_POINT ( 'NONE',  ( 0.0000000000000000000, 0.0000000000000000000, -3.454996609771464400 ) ) ;
#4453 = CONICAL_SURFACE ( 'NONE', #451, 9.046037105128458900, 0.5235987755983011500 ) ;
#4454 = CARTESIAN_POINT ( 'NONE',  ( 6.927853081768485100, -5.588730875181871800, -3.444839032082838600 ) ) ;
#4455 = ORIENTED_EDGE ( 'NONE', *, *, #2233, .T. ) ;
#4456 = DIRECTION ( 'NONE',  ( -0.2225209339563182200, -0.9749279121818227300, 1.224646799147353200E-016 ) ) ;
#4457 = VERTEX_POINT ( 'NONE', #5211 ) ;
#4458 = CARTESIAN_POINT ( 'NONE',  ( -3.950216688758845200, 8.087471231757016100, -3.272391413630715700 ) ) ;
#4459 = ADVANCED_FACE ( 'NONE', ( #2183, #637 ), #777, .F. ) ;
#4460 = ORIENTED_EDGE ( 'NONE', *, *, #277, .F. ) ;
#4461 = CARTESIAN_POINT ( 'NONE',  ( 6.821546926897705800, 5.503954545597936800, 3.351299362948741800 ) ) ;
#4462 = DIRECTION ( 'NONE',  ( 1.000000000000000000, 0.0000000000000000000, 0.0000000000000000000 ) ) ;
#4463 = ORIENTED_EDGE ( 'NONE', *, *, #8398, .T. ) ;
#4464 = CIRCLE ( 'NONE', #7220, 8.588813778810038700 ) ;
#4465 = ORIENTED_EDGE ( 'NONE', *, *, #6569, .F. ) ;
#4466 = CARTESIAN_POINT ( 'NONE',  ( 3.771531933161288200, -7.716428513517238100, 3.099533293948748100 ) ) ;
#4467 = ORIENTED_EDGE ( 'NONE', *, *, #9279, .T. ) ;
#4468 = CARTESIAN_POINT ( 'NONE',  ( 8.654208609147927300, 2.026552484212670100, 3.462472406546387200 ) ) ;
#4469 = AXIS2_PLACEMENT_3D ( 'NONE', #1999, #2801, #6591 ) ;
#4470 = DIRECTION ( 'NONE',  ( 0.0000000000000000000, 0.0000000000000000000, 1.000000000000000000 ) ) ;
#4471 = ORIENTED_EDGE ( 'NONE', *, *, #5698, .F. ) ;
#4472 = ORIENTED_EDGE ( 'NONE', *, *, #3992, .T. ) ;
#4473 = DIRECTION ( 'NONE',  ( -0.0000000000000000000, -0.0000000000000000000, 1.000000000000000000 ) ) ;
#4474 = VERTEX_POINT ( 'NONE', #6705 ) ;
#4475 = CARTESIAN_POINT ( 'NONE',  ( -8.601156667459632000, 0.0000000000000000000, -2.994533293948747700 ) ) ;
#4477 = CONICAL_SURFACE ( 'NONE', #5681, 9.046037105128458900, 0.5235987755983011500 ) ;
#4476 = CARTESIAN_POINT ( 'NONE',  ( 6.945830820748191100, -5.475162842841466000, 3.462372291138045500 ) ) ;
#4478 = ORIENTED_EDGE ( 'NONE', *, *, #1226, .T. ) ;
#4479 = CARTESIAN_POINT ( 'NONE',  ( 3.771531933161342800, 7.716428513517212400, -3.500000000000000000 ) ) ;
#4480 = CARTESIAN_POINT ( 'NONE',  ( -6.924430402411094800, 5.586001379475759700, 3.452421434499180400 ) ) ;
#4481 = ORIENTED_EDGE ( 'NONE', *, *, #8988, .F. ) ;
#4482 = CARTESIAN_POINT ( 'NONE',  ( 0.0000000000000000000, 0.0000000000000000000, 3.094141646974374100 ) ) ;
#4483 = EDGE_CURVE ( 'NONE', #5448, #1064, #6025, .T. ) ;
#4484 = CARTESIAN_POINT ( 'NONE',  ( -3.681435046371154000, -7.759816887428941700, 3.094141646974374100 ) ) ;
#4485 = ORIENTED_EDGE ( 'NONE', *, *, #842, .T. ) ;
#4486 = CARTESIAN_POINT ( 'NONE',  ( 3.885094000278613600, 7.952242575725207100, -3.466377381984354000 ) ) ;
#4487 = VERTEX_POINT ( 'NONE', #8328 ) ;
#4488 = CARTESIAN_POINT ( 'NONE',  ( 0.0000000000000000000, 0.0000000000000000000, 3.193750000000000500 ) ) ;
#4489 = DIRECTION ( 'NONE',  ( -0.0000000000000000000, -0.0000000000000000000, 1.000000000000000000 ) ) ;
#4490 = FACE_OUTER_BOUND ( 'NONE', #9539, .T. ) ;
#4491 = CIRCLE ( 'NONE', #7313, 5.049999999999998900 ) ;
#4492 = VERTEX_POINT ( 'NONE', #9814 ) ;
#4493 = CARTESIAN_POINT ( 'NONE',  ( 8.669423288030296600, 1.927453449055256600, 3.466916208273112900 ) ) ;
#4494 = DIRECTION ( 'NONE',  ( -0.0000000000000000000, -0.0000000000000000000, 1.000000000000000000 ) ) ;
#4495 = EDGE_CURVE ( 'NONE', #8961, #9813, #8699, .T. ) ;
#4496 = SPHERICAL_SURFACE ( 'NONE', #2255, 2.450000000000000600 ) ;
#4497 = FACE_OUTER_BOUND ( 'NONE', #5822, .T. ) ;
#4498 = EDGE_LOOP ( 'NONE', ( #2477, #3114 ) ) ;
#4499 = AXIS2_PLACEMENT_3D ( 'NONE', #7750, #8551, #4738 ) ;
#4500 = DIRECTION ( 'NONE',  ( 1.000000000000000000, 0.0000000000000000000, 0.0000000000000000000 ) ) ;
#4501 = EDGE_CURVE ( 'NONE', #6302, #5795, #3373, .T. ) ;
#4502 = DIRECTION ( 'NONE',  ( -1.000000000000000000, 0.0000000000000000000, 0.0000000000000000000 ) ) ;
#4503 = CARTESIAN_POINT ( 'NONE',  ( -3.690422186055382100, 7.778478875277641300, 3.129114371485063600 ) ) ;
#4504 = DIRECTION ( 'NONE',  ( 0.0000000000000000000, 0.0000000000000000000, -1.000000000000000000 ) ) ;
#4505 = DIRECTION ( 'NONE',  ( -0.7071067811865434600, 0.0000000000000000000, -0.7071067811865516800 ) ) ;
#4506 = B_SPLINE_CURVE_WITH_KNOTS ( 'NONE', 3,
 ( #6116, #8392, #2386, #2991, #3878, #6197, #5306 ),
 .UNSPECIFIED., .F., .F.,
 ( 4, 3, 4 ),
 ( 0.0008460917731560555500, 0.0009002598162382145400, 0.001280034707405372600 ),
 .UNSPECIFIED. ) ;
#4507 = ORIENTED_EDGE ( 'NONE', *, *, #892, .T. ) ;
#4508 = CARTESIAN_POINT ( 'NONE',  ( -6.959874108529799500, 5.486361991139801800, -3.469900311146004500 ) ) ;
#4509 = AXIS2_PLACEMENT_3D ( 'NONE', #1183, #4177, #4912 ) ;
#4510 = DIRECTION ( 'NONE',  ( -0.0000000000000000000, -0.0000000000000000000, 1.000000000000000000 ) ) ;
#4511 = ADVANCED_FACE ( 'NONE', ( #2654 ), #5542, .T. ) ;
#4512 = DIRECTION ( 'NONE',  ( -0.6234898018587431400, -0.7818314824680221400, 0.0000000000000000000 ) ) ;
#4513 = CARTESIAN_POINT ( 'NONE',  ( 0.05000000000000001700, -8.895021265232191600, 3.455073707654066100 ) ) ;
#4514 = CARTESIAN_POINT ( 'NONE',  ( -8.643632771701655700, 1.921566932002215100, 3.468127985775450100 ) ) ;
#4515 = DIRECTION ( 'NONE',  ( -0.0000000000000000000, -0.0000000000000000000, 1.000000000000000000 ) ) ;
#4516 = CARTESIAN_POINT ( 'NONE',  ( 0.05000000000000001700, -8.955090244376902900, 3.351032822740168400 ) ) ;
#4517 = EDGE_CURVE ( 'NONE', #3158, #133, #7935, .T. ) ;
#4518 = CARTESIAN_POINT ( 'NONE',  ( 3.905117942076983700, 7.993822719313241600, -3.452421434499180400 ) ) ;
#4519 = CARTESIAN_POINT ( 'NONE',  ( -7.103543054550032200, -5.600934152399481100, -3.193750000000000100 ) ) ;
#4520 = DIRECTION ( 'NONE',  ( 0.0000000000000000000, 0.0000000000000000000, -1.000000000000000000 ) ) ;
#4521 = CARTESIAN_POINT ( 'NONE',  ( 0.0000000000000000000, 0.0000000000000000000, 3.500000000000000400 ) ) ;
#4522 = CARTESIAN_POINT ( 'NONE',  ( -3.904453529484151800, 7.992443052348363600, 3.455073707654066100 ) ) ;
#4523 = EDGE_CURVE ( 'NONE', #1369, #7214, #6376, .T. ) ;
#4524 = CIRCLE ( 'NONE', #4447, 8.588813778810038700 ) ;
#4525 = PLANE ( 'NONE',  #661 ) ;
#4526 = MECHANICAL_CONTEXT ( 'NONE', #6766, 'mechanical' ) ;
#4527 = ORIENTED_EDGE ( 'NONE', *, *, #7886, .T. ) ;
#4528 = B_SPLINE_CURVE_WITH_KNOTS ( 'NONE', 3,
 ( #4327, #6613, #2047, #5870, #3632, #5838, #4394, #1296, #2014, #5946, #9710, #1271, #9779, #2091, #7483, #6672, #7407, #9014, #5205, #621, #2924, #7381 ),
 .UNSPECIFIED., .F., .F.,
 ( 4, 3, 3, 3, 3, 3, 3, 4 ),
 ( 0.0002168574548798308100, 0.0002188290334246867900, 0.0002305812013871261500, 0.0002423333607551984300, 0.0002540856419916172300, 0.0002658380091482356700, 0.0002775903405257882600, 0.0002867718163053202200 ),
 .UNSPECIFIED. ) ;
#4529 = CARTESIAN_POINT ( 'NONE',  ( 6.691813865204168500, 5.400495881239101500, 3.114323832567764700 ) ) ;
#4530 = FACE_OUTER_BOUND ( 'NONE', #8438, .T. ) ;
#4531 = DIRECTION ( 'NONE',  ( -0.0000000000000000000, -0.0000000000000000000, 1.000000000000000000 ) ) ;
#4532 = CARTESIAN_POINT ( 'NONE',  ( 8.604868042990053900, 2.015290821964419900, 3.454996609771464800 ) ) ;
#4533 = CARTESIAN_POINT ( 'NONE',  ( 5.863736118510232100, 4.676173513940490500, -3.092233167847068000E-016 ) ) ;
#4534 = CARTESIAN_POINT ( 'NONE',  ( -0.05000000000000004400, 8.588668239434865000, 3.099533293948748100 ) ) ;
#4535 = CARTESIAN_POINT ( 'NONE',  ( -3.814356642694077600, -8.035831426260038800, 3.455073707654066100 ) ) ;
#4536 = CARTESIAN_POINT ( 'NONE',  ( -5.686989865158905900, 6.964553935150292200E-016, 3.500000000000000000 ) ) ;
#4537 = ORIENTED_EDGE ( 'NONE', *, *, #4962, .F. ) ;
#4538 = FACE_OUTER_BOUND ( 'NONE', #9130, .T. ) ;
#4539 = CARTESIAN_POINT ( 'NONE',  ( -11.00000000000000000, 1.347111479062088400E-015, -2.974999999999999600 ) ) ;
#4540 = CARTESIAN_POINT ( 'NONE',  ( 0.05000000000000002400, -8.862139442843751900, 3.469900311146004500 ) ) ;
#4541 = CARTESIAN_POINT ( 'NONE',  ( 0.0000000000000000000, 0.0000000000000000000, -3.454996609771464400 ) ) ;
#4542 = EDGE_CURVE ( 'NONE', #5737, #1129, #3504, .T. ) ;
#4543 = CARTESIAN_POINT ( 'NONE',  ( -5.378237760728125300, 6.586441658729127800E-016, -2.449999999999999300 ) ) ;
#4544 = CARTESIAN_POINT ( 'NONE',  ( 8.693159501790580300, -1.932871084952835000, 3.437256629622304200 ) ) ;
#4545 = PLANE ( 'NONE',  #8545 ) ;
#4546 = ORIENTED_EDGE ( 'NONE', *, *, #1662, .F. ) ;
#4547 = DIRECTION ( 'NONE',  ( -1.000000000000000000, 0.0000000000000000000, 0.0000000000000000000 ) ) ;
#4548 = DIRECTION ( 'NONE',  ( -0.0000000000000000000, -0.0000000000000000000, 1.000000000000000000 ) ) ;
#4549 = VECTOR ( 'NONE', #4980, 1000.000000000000000 ) ;
#4550 = EDGE_CURVE ( 'NONE', #3313, #899, #3264, .T. ) ;
#4551 = CARTESIAN_POINT ( 'NONE',  ( 0.0000000000000000000, 0.0000000000000000000, -3.094141646974374100 ) ) ;
#4552 = CARTESIAN_POINT ( 'NONE',  ( 8.683683276470675900, 1.930708198361652300, 3.453994494324953200 ) ) ;
#4553 = EDGE_LOOP ( 'NONE', ( #5345, #799 ) ) ;
#4554 = AXIS2_PLACEMENT_3D ( 'NONE', #7833, #3438, #2593 ) ;
#4555 = ADVANCED_FACE ( 'NONE', ( #999 ), #1713, .T. ) ;
#4556 = EDGE_CURVE ( 'NONE', #291, #4005, #7335, .T. ) ;
#4557 = VECTOR ( 'NONE', #3949, 1000.000000000000000 ) ;
#4558 = VERTEX_POINT ( 'NONE', #7997 ) ;
#4559 = CARTESIAN_POINT ( 'NONE',  ( 3.907017385819814900, -7.997766954886966300, -3.444839032082839000 ) ) ;
#4560 = DIRECTION ( 'NONE',  ( -0.9749279121818258400, -0.2225209339563050700, 0.0000000000000000000 ) ) ;
#4561 = DIRECTION ( 'NONE',  ( -0.6234898018587372600, -0.7818314824680268100, 0.0000000000000000000 ) ) ;
#4562 = CARTESIAN_POINT ( 'NONE',  ( 0.0000000000000000000, 0.0000000000000000000, -3.454996609771464400 ) ) ;
#4563 = AXIS2_PLACEMENT_3D ( 'NONE', #5464, #1652, #2347 ) ;
#4564 = DIRECTION ( 'NONE',  ( -0.0000000000000000000, -0.0000000000000000000, 1.000000000000000000 ) ) ;
#4565 = ORIENTED_EDGE ( 'NONE', *, *, #9792, .T. ) ;
#4566 = CARTESIAN_POINT ( 'NONE',  ( 0.05000000000000002400, -8.837570431649497800, 3.454996609771464800 ) ) ;
#4567 = VECTOR ( 'NONE', #1540, 1000.000000000000000 ) ;
#4568 = LINE ( 'NONE', #8703, #9830 ) ;
#4569 = VERTEX_POINT ( 'NONE', #398 ) ;
#4570 = CARTESIAN_POINT ( 'NONE',  ( -7.311959341363692700, -1.668907004672287800, -3.092233167847068000E-016 ) ) ;
#4571 = AXIS2_PLACEMENT_3D ( 'NONE', #8004, #4172, #5045 ) ;
#4572 = CLOSED_SHELL ( 'NONE', ( #3433, #2641, #5021, #2095, #8802, #1852, #4617, #3861, #952, #8177, #4898, #553, #7520, #6547, #4978, #2736, #820, #3156, #1696, #2598, #5861, #1794, #3248, #2837, #2289, #423, #7222, #6494, #4152, #4316, #5963, #1892, #5255, #9880, #3412, #8870, #9022, #4219, #1218, #5725, #9668, #5123, #3807, #2534, #855, #5212, #6444, #46, #9630, #6871, #8580, #7029, #1605, #1744, #9771, #4108, #1870, #1125, #2006, #4800, #8381, #2887, #8080, #195, #1281, #9546, #304, #1907, #9335, #2707, #3063, #2200, #6417, #4398, #4359, #488, #8824, #6471, #6588, #511, #6429, #4758, #6767, #8720, #9647, #7390, #1945, #8526, #8225, #1654, #2389, #1316, #3703, #2947 ) ) ;
#4573 = B_SPLINE_CURVE_WITH_KNOTS ( 'NONE', 3,
 ( #7604, #2165, #6788, #2972, #745, #9140, #8340 ),
 .UNSPECIFIED., .F., .F.,
 ( 4, 3, 4 ),
 ( 0.001199429903413612700, 0.001225696219576499600, 0.001498119107920983800 ),
 .UNSPECIFIED. ) ;
#4574 = EDGE_CURVE ( 'NONE', #1615, #6975, #5417, .T. ) ;
#4575 = DIRECTION ( 'NONE',  ( 1.000000000000000000, 0.0000000000000000000, 0.0000000000000000000 ) ) ;
#4576 = CONICAL_SURFACE ( 'NONE', #8915, 9.046037105128458900, 0.5235987755983011500 ) ;
#4577 = ORIENTED_EDGE ( 'NONE', *, *, #6697, .F. ) ;
#4578 = CARTESIAN_POINT ( 'NONE',  ( 0.05000000000000002400, -8.847484827480393200, 3.464471549642479200 ) ) ;
#4579 = DIRECTION ( 'NONE',  ( -1.000000000000000000, 6.217248937900876600E-015, 0.0000000000000000000 ) ) ;
#4580 = CARTESIAN_POINT ( 'NONE',  ( 6.746065712156391400, 5.315855484712227700, -3.099533293948748100 ) ) ;
#4581 = CARTESIAN_POINT ( 'NONE',  ( -8.807973303152683900, 2.061648272210978600, -3.500000000000000000 ) ) ;
#4582 = VERTEX_POINT ( 'NONE', #4107 ) ;
#4583 = AXIS2_PLACEMENT_3D ( 'NONE', #5409, #911, #7028 ) ;
#4584 = DIRECTION ( 'NONE',  ( 0.0000000000000000000, 0.0000000000000000000, -1.000000000000000000 ) ) ;
#4585 = CONICAL_SURFACE ( 'NONE', #8842, 9.046037105128458900, 0.5235987755983011500 ) ;
#4586 = ORIENTED_EDGE ( 'NONE', *, *, #3589, .F. ) ;
#4587 = DIRECTION ( 'NONE',  ( -0.9009688679024157000, 0.4338837391175651700, 1.224646799147353200E-016 ) ) ;
#4588 = ORIENTED_EDGE ( 'NONE', *, *, #5117, .F. ) ;
#4589 = ORIENTED_EDGE ( 'NONE', *, *, #1673, .F. ) ;
#4590 = CC_DESIGN_PERSON_AND_ORGANIZATION_ASSIGNMENT ( #3551, #1653, ( #2005 ) ) ;
#4591 = ORIENTED_EDGE ( 'NONE', *, *, #4228, .F. ) ;
#4592 = DIRECTION ( 'NONE',  ( 1.000000000000000000, 0.0000000000000000000, 0.0000000000000000000 ) ) ;
#4593 = DIRECTION ( 'NONE',  ( 0.0000000000000000000, 0.0000000000000000000, -1.000000000000000000 ) ) ;
#4594 = EDGE_LOOP ( 'NONE', ( #6757, #906, #4618, #1111, #8033 ) ) ;
#4595 = DIRECTION ( 'NONE',  ( -0.0000000000000000000, -0.0000000000000000000, 1.000000000000000000 ) ) ;
#4596 = VECTOR ( 'NONE', #7293, 1000.000000000000100 ) ;
#4597 = ORIENTED_EDGE ( 'NONE', *, *, #4044, .T. ) ;
#4598 = ORIENTED_EDGE ( 'NONE', *, *, #9617, .T. ) ;
#4599 = B_SPLINE_CURVE_WITH_KNOTS ( 'NONE', 3,
 ( #5624, #1023, #3291, #4059, #241, #1779, #7142 ),
 .UNSPECIFIED., .F., .F.,
 ( 4, 3, 4 ),
 ( 0.0009532733312319688600, 0.001225696219576461700, 0.001251962535739348600 ),
 .UNSPECIFIED. ) ;
#4600 = CARTESIAN_POINT ( 'NONE',  ( 0.05000000000000001000, 9.000494587112768800, -3.272391413630715700 ) ) ;
#4601 = VERTEX_POINT ( 'NONE', #7221 ) ;
#4602 = CARTESIAN_POINT ( 'NONE',  ( 0.0000000000000000000, 0.0000000000000000000, 3.434921434499177600 ) ) ;
#4603 = ORIENTED_EDGE ( 'NONE', *, *, #3467, .T. ) ;
#4604 = CARTESIAN_POINT ( 'NONE',  ( 0.05000000000000001000, -9.045898922017695300, -3.193750000000000100 ) ) ;
#4605 = ORIENTED_EDGE ( 'NONE', *, *, #1391, .T. ) ;
#4606 = PLANE ( 'NONE',  #7151 ) ;
#4607 = DIRECTION ( 'NONE',  ( 0.7818314824680309100, 0.6234898018587322600, 0.0000000000000000000 ) ) ;
#4608 = CARTESIAN_POINT ( 'NONE',  ( 7.103543054549956700, -5.600934152399576100, 3.193750000000000100 ) ) ;
#4609 = FACE_OUTER_BOUND ( 'NONE', #7608, .T. ) ;
#4610 = DIRECTION ( 'NONE',  ( 0.0000000000000000000, 0.0000000000000000000, -1.000000000000000000 ) ) ;
#4611 = ORIENTED_EDGE ( 'NONE', *, *, #9526, .T. ) ;
#4612 = CARTESIAN_POINT ( 'NONE',  ( -3.789946096564236200, -7.985142404919409700, 3.456597352396201500 ) ) ;
#4613 = EDGE_CURVE ( 'NONE', #3313, #5737, #3145, .T. ) ;
#4614 = ORIENTED_EDGE ( 'NONE', *, *, #9305, .T. ) ;
#4615 = CARTESIAN_POINT ( 'NONE',  ( 0.0000000000000000000, 0.0000000000000000000, 2.449999999999999700 ) ) ;
#4616 = EDGE_LOOP ( 'NONE', ( #6238, #4440, #4933, #6283 ) ) ;
#4617 = ADVANCED_FACE ( 'NONE', ( #8644 ), #9376, .T. ) ;
#4618 = ORIENTED_EDGE ( 'NONE', *, *, #9526, .F. ) ;
#4619 = VECTOR ( 'NONE', #5921, 999.9999999999998900 ) ;
#4620 = LINE ( 'NONE', #8148, #2933 ) ;
#4621 = CARTESIAN_POINT ( 'NONE',  ( -8.606028464958589200, -2.015555680706218000, 3.456597352396201500 ) ) ;
#4622 = DIRECTION ( 'NONE',  ( -0.9009688679024157000, 0.4338837391175651700, 0.0000000000000000000 ) ) ;
#4623 = CARTESIAN_POINT ( 'NONE',  ( 6.883895907083578800, 5.425771397351133500, -3.351299362948741800 ) ) ;
#4624 = EDGE_CURVE ( 'NONE', #7192, #1615, #6146, .T. ) ;
#4625 = ORIENTED_EDGE ( 'NONE', *, *, #9198, .T. ) ;
#4626 = CARTESIAN_POINT ( 'NONE',  ( 7.119485258517226400, -5.741552436592602500, 3.500000000000000400 ) ) ;
#4627 = CARTESIAN_POINT ( 'NONE',  ( -8.737285000697680100, 1.070008810934259200E-015, -2.758752104430781200 ) ) ;
#4628 = DIRECTION ( 'NONE',  ( -0.9009688679024158200, 0.4338837391175651700, 0.0000000000000000000 ) ) ;
#4629 = LINE ( 'NONE', #8355, #7022 ) ;
#4630 = CARTESIAN_POINT ( 'NONE',  ( 8.627491962581034500, 1.917882897648933900, 3.455541280135826300 ) ) ;
#4631 = DIRECTION ( 'NONE',  ( 1.000000000000000000, 0.0000000000000000000, 0.0000000000000000000 ) ) ;
#4632 = ORIENTED_EDGE ( 'NONE', *, *, #3038, .T. ) ;
#4633 = EDGE_CURVE ( 'NONE', #3603, #8049, #7863, .T. ) ;
#4634 = CARTESIAN_POINT ( 'NONE',  ( 6.986779382597008600, -5.507818231228904800, -3.452421434499180400 ) ) ;
#4635 = AXIS2_PLACEMENT_3D ( 'NONE', #4747, #4036, #964 ) ;
#4636 = CARTESIAN_POINT ( 'NONE',  ( -5.378237760728125300, 6.586441658729127800E-016, 2.758752104430781700 ) ) ;
#4637 = EDGE_CURVE ( 'NONE', #6140, #4833, #7094, .T. ) ;
#4638 = CARTESIAN_POINT ( 'NONE',  ( -8.628399862454779500, 2.020661806197893800, -3.469846945119945800 ) ) ;
#4639 = ORIENTED_EDGE ( 'NONE', *, *, #3467, .F. ) ;
#4640 = CARTESIAN_POINT ( 'NONE',  ( 7.068044516080762600, -5.572625012626176000, 3.272391413630715700 ) ) ;
#4641 = CARTESIAN_POINT ( 'NONE',  ( -3.789767423690386700, -7.984771386873872800, 3.456075294419946000 ) ) ;
#4642 = DIRECTION ( 'NONE',  ( -1.000000000000000000, 1.224646799147353700E-016, 0.0000000000000000000 ) ) ;
#4643 = CIRCLE ( 'NONE', #3558, 9.046037105128458900 ) ;
#4644 = B_SPLINE_CURVE_WITH_KNOTS ( 'NONE', 3,
 ( #7524, #6626, #4403, #5141, #2853, #8229, #3644 ),
 .UNSPECIFIED., .F., .F.,
 ( 4, 3, 4 ),
 ( 0.0008460917731560555500, 0.0009002598162382147600, 0.001280034707405372100 ),
 .UNSPECIFIED. ) ;
#4645 = CARTESIAN_POINT ( 'NONE',  ( 6.940665282085101100, 5.471043463218333800, -3.454996609771464800 ) ) ;
#4646 = AXIS2_PLACEMENT_3D ( 'NONE', #4253, #4279, #1211 ) ;
#4647 = CARTESIAN_POINT ( 'NONE',  ( 8.807973303152696300, -2.061648272210920800, 3.193750000000000100 ) ) ;
#4648 = DIRECTION ( 'NONE',  ( 0.0000000000000000000, 0.0000000000000000000, -1.000000000000000000 ) ) ;
#4650 = DIRECTION ( 'NONE',  ( -0.9009688679024218100, -0.4338837391175525700, 0.0000000000000000000 ) ) ;
#4649 = AXIS2_PLACEMENT_3D ( 'NONE', #2491, #6425, #7874 ) ;
#4651 = CARTESIAN_POINT ( 'NONE',  ( 3.886875361059120700, -7.955941609501091500, -3.468127985775449700 ) ) ;
#4652 = EDGE_CURVE ( 'NONE', #7229, #712, #9395, .T. ) ;
#4653 = FACE_OUTER_BOUND ( 'NONE', #8187, .T. ) ;
#4654 = CARTESIAN_POINT ( 'NONE',  ( 3.694915755622381500, -7.787809868630364300, -3.143904910697431300 ) ) ;
#4655 = CARTESIAN_POINT ( 'NONE',  ( -9.046037105128458900, 0.0000000000000000000, 3.193750000000000500 ) ) ;
#4656 = ORIENTED_EDGE ( 'NONE', *, *, #1975, .F. ) ;
#4657 = CARTESIAN_POINT ( 'NONE',  ( 0.0000000000000000000, 0.0000000000000000000, -3.094141646974374100 ) ) ;
#4658 = SPHERICAL_SURFACE ( 'NONE', #2967, 2.450000000000000600 ) ;
#4659 = ADVANCED_FACE ( 'NONE', ( #35 ), #7448, .T. ) ;
#4660 = EDGE_CURVE ( 'NONE', #5516, #8919, #1349, .T. ) ;
#4661 = B_SPLINE_CURVE_WITH_KNOTS ( 'NONE', 3,
 ( #6783, #5349, #6060, #8334, #1476, #6852, #9091, #6123, #4514, #781, #2232, #1541, #6750, #7656, #2291, #8254, #3678, #9131, #2157, #9025, #4435, #7555 ),
 .UNSPECIFIED., .F., .F.,
 ( 4, 3, 3, 3, 3, 3, 3, 4 ),
 ( 0.0002168574548798324600, 0.0002188290334246886100, 0.0002305812013871287500, 0.0002423333607552018700, 0.0002540856419916204900, 0.0002658380091482393100, 0.0002775903405257921100, 0.0002867718163053248900 ),
 .UNSPECIFIED. ) ;
#4662 = CARTESIAN_POINT ( 'NONE',  ( 8.684623479167859400, 1.930922793491888400, -3.452421434499180400 ) ) ;
#4663 = CARTESIAN_POINT ( 'NONE',  ( 0.0000000000000000000, 0.0000000000000000000, 3.193750000000000500 ) ) ;
#4664 = B_SPLINE_CURVE_WITH_KNOTS ( 'NONE', 3,
 ( #8215, #4319, #9703, #9801, #2112, #513, #8140 ),
 .UNSPECIFIED., .F., .F.,
 ( 4, 3, 4 ),
 ( 0.001199429903413613100, 0.001225696219576499400, 0.001498119107920983800 ),
 .UNSPECIFIED. ) ;
#4665 = EDGE_LOOP ( 'NONE', ( #8317, #3556, #3999, #5287 ) ) ;
#4666 = DIRECTION ( 'NONE',  ( 0.0000000000000000000, 0.0000000000000000000, 1.000000000000000000 ) ) ;
#4667 = CARTESIAN_POINT ( 'NONE',  ( -7.103543054549914100, 5.600934152399629400, 3.193750000000000100 ) ) ;
#4668 = CYLINDRICAL_SURFACE ( 'NONE', #7649, 5.378237760728125300 ) ;
#4669 = CARTESIAN_POINT ( 'NONE',  ( -3.803524205968503500, -8.013337639622369200, 3.469713030103804400 ) ) ;
#4670 = CARTESIAN_POINT ( 'NONE',  ( 3.896739687710661000, 7.976425094855648500, 3.468147503381453900 ) ) ;
#4671 = EDGE_CURVE ( 'NONE', #4474, #7718, #6616, .T. ) ;
#4672 = CARTESIAN_POINT ( 'NONE',  ( -0.05000000000000003700, -8.588668239434865000, -3.094141646974374100 ) ) ;
#4673 = VERTEX_POINT ( 'NONE', #5002 ) ;
#4674 = DIRECTION ( 'NONE',  ( 1.000000000000000000, 0.0000000000000000000, 0.0000000000000000000 ) ) ;
#4675 = FACE_OUTER_BOUND ( 'NONE', #7687, .T. ) ;
#4676 = DIRECTION ( 'NONE',  ( -1.000000000000000000, -2.664535259100375700E-015, 0.0000000000000000000 ) ) ;
#4677 = PLANE ( 'NONE',  #3604 ) ;
#4678 = EDGE_CURVE ( 'NONE', #7418, #7594, #9138, .T. ) ;
#4679 = CARTESIAN_POINT ( 'NONE',  ( 3.890186641437313000, -7.962817554056457900, -3.469900311146004500 ) ) ;
#4680 = DIRECTION ( 'NONE',  ( -0.0000000000000000000, -0.0000000000000000000, 1.000000000000000000 ) ) ;
#4681 = DIRECTION ( 'NONE',  ( -0.9749279121818242900, -0.2225209339563114800, 0.0000000000000000000 ) ) ;
#4682 = EDGE_LOOP ( 'NONE', ( #6544, #3322, #8527, #4605, #6443, #6231 ) ) ;
#4683 = LINE ( 'NONE', #6910, #6144 ) ;
#4684 = EDGE_CURVE ( 'NONE', #6646, #8547, #219, .T. ) ;
#4685 = CONICAL_SURFACE ( 'NONE', #8417, 9.046037105128458900, 0.5235987755983011500 ) ;
#4686 = DIRECTION ( 'NONE',  ( -6.776263578034444600E-017, -1.000000000000000000, 0.0000000000000000000 ) ) ;
#4687 = EDGE_LOOP ( 'NONE', ( #8067, #5056 ) ) ;
#4688 = ORIENTED_EDGE ( 'NONE', *, *, #7610, .F. ) ;
#4689 = CARTESIAN_POINT ( 'NONE',  ( 0.0000000000000000000, 0.0000000000000000000, -7.960204194457796500E-016 ) ) ;
#4690 = ORIENTED_EDGE ( 'NONE', *, *, #5151, .T. ) ;
#4691 = FACE_OUTER_BOUND ( 'NONE', #8628, .T. ) ;
#4692 = AXIS2_PLACEMENT_3D ( 'NONE', #8497, #3973, #7690 ) ;
#4693 = EDGE_CURVE ( 'NONE', #9622, #5258, #8610, .T. ) ;
#4694 = ORIENTED_EDGE ( 'NONE', *, *, #5246, .F. ) ;
#4695 = DIRECTION ( 'NONE',  ( -0.0000000000000000000, -0.0000000000000000000, 1.000000000000000000 ) ) ;
#4696 = CARTESIAN_POINT ( 'NONE',  ( 3.820719386415921900, 8.049043799739495200, -3.429674227117770700 ) ) ;
#4697 = VECTOR ( 'NONE', #1162, 999.9999999999998900 ) ;
#4698 = EDGE_LOOP ( 'NONE', ( #8287, #6122, #8908, #4481 ) ) ;
#4699 = ORIENTED_EDGE ( 'NONE', *, *, #6305, .F. ) ;
#4700 = CARTESIAN_POINT ( 'NONE',  ( -8.807973303152683900, 2.061648272210978600, -3.193750000000000100 ) ) ;
#4701 = VERTEX_POINT ( 'NONE', #4267 ) ;
#4702 = CARTESIAN_POINT ( 'NONE',  ( -8.639919988884464900, 2.023291199879618600, 3.469378817057675600 ) ) ;
#4703 = CARTESIAN_POINT ( 'NONE',  ( 6.985582152474043100, -5.506863472065471200, 3.455073707654066100 ) ) ;
#4705 = ORIENTED_EDGE ( 'NONE', *, *, #528, .F. ) ;
#4704 = AXIS2_PLACEMENT_3D ( 'NONE', #4387, #4494, #9740 ) ;
#4706 = ORIENTED_EDGE ( 'NONE', *, *, #5201, .F. ) ;
#4707 = CARTESIAN_POINT ( 'NONE',  ( 6.746065712156355900, -5.315855484712272100, -3.094141646974374100 ) ) ;
#4708 = AXIS2_PLACEMENT_3D ( 'NONE', #3353, #3325, #9525 ) ;
#4709 = B_SPLINE_CURVE_WITH_KNOTS ( 'NONE', 3,
 ( #4150, #7904, #5655, #7101, #8635, #9414, #4825 ),
 .UNSPECIFIED., .F., .F.,
 ( 4, 3, 4 ),
 ( 0.0005204849250710220500, 0.0009002598162381903600, 0.0009544278593203506500 ),
 .UNSPECIFIED. ) ;
#4710 = EDGE_LOOP ( 'NONE', ( #7541, #9927, #4467, #4 ) ) ;
#4711 = EDGE_CURVE ( 'NONE', #1120, #1726, #995, .T. ) ;
#4712 = CARTESIAN_POINT ( 'NONE',  ( -8.627120136385698900, -1.917798030746181000, -3.454996609771464800 ) ) ;
#4713 = FACE_OUTER_BOUND ( 'NONE', #3271, .T. ) ;
#4714 = ORIENTED_EDGE ( 'NONE', *, *, #1806, .T. ) ;
#4715 = ADVANCED_FACE ( 'NONE', ( #2532 ), #8418, .F. ) ;
#4716 = EDGE_LOOP ( 'NONE', ( #623, #8666, #2900, #6279 ) ) ;
#4717 = CARTESIAN_POINT ( 'NONE',  ( -8.656913187827497000, -2.027169786647196500, 3.459706444013471500 ) ) ;
#4718 = ORIENTED_EDGE ( 'NONE', *, *, #2829, .T. ) ;
#4719 = DIRECTION ( 'NONE',  ( 0.0000000000000000000, 0.0000000000000000000, -1.000000000000000000 ) ) ;
#4720 = CARTESIAN_POINT ( 'NONE',  ( -6.691813865204205000, -5.400495881239055300, -3.114323832567764700 ) ) ;
#4721 = VERTEX_POINT ( 'NONE', #5816 ) ;
#4722 = CARTESIAN_POINT ( 'NONE',  ( 3.898524665975438000, -7.980131640415018900, -3.466489319800472900 ) ) ;
#4723 = ORIENTED_EDGE ( 'NONE', *, *, #3924, .F. ) ;
#4724 = EDGE_CURVE ( 'NONE', #8764, #276, #5893, .T. ) ;
#4725 = DIRECTION ( 'NONE',  ( -0.9009688679025714700, 0.4338837391172419300, 0.0000000000000000000 ) ) ;
#4726 = ORIENTED_EDGE ( 'NONE', *, *, #9057, .F. ) ;
#4727 = LINE ( 'NONE', #2841, #4118 ) ;
#4728 = VERTEX_POINT ( 'NONE', #7315 ) ;
#4729 = CARTESIAN_POINT ( 'NONE',  ( -6.878614483356479100, -5.549464403242275500, 3.455541280135825000 ) ) ;
#4730 = ORIENTED_EDGE ( 'NONE', *, *, #1477, .F. ) ;
#4731 = DIRECTION ( 'NONE',  ( 0.6234898018587320400, -0.7818314824680310200, 0.0000000000000000000 ) ) ;
#4732 = DIRECTION ( 'NONE',  ( 1.000000000000000000, 0.0000000000000000000, 0.0000000000000000000 ) ) ;
#4733 = ORIENTED_EDGE ( 'NONE', *, *, #2104, .T. ) ;
#4734 = ORIENTED_EDGE ( 'NONE', *, *, #7981, .T. ) ;
#4735 = VECTOR ( 'NONE', #1583, 1000.000000000000200 ) ;
#4736 = CARTESIAN_POINT ( 'NONE',  ( 0.0000000000000000000, 0.0000000000000000000, -2.994533293948747700 ) ) ;
#4737 = ORIENTED_EDGE ( 'NONE', *, *, #4044, .F. ) ;
#4738 = DIRECTION ( 'NONE',  ( 0.0000000000000000000, 0.0000000000000000000, 1.000000000000000000 ) ) ;
#4739 = CARTESIAN_POINT ( 'NONE',  ( 0.0000000000000000000, 0.0000000000000000000, -3.193750000000000500 ) ) ;
#4740 = DIRECTION ( 'NONE',  ( -0.0000000000000000000, -0.0000000000000000000, 1.000000000000000000 ) ) ;
#4741 = CARTESIAN_POINT ( 'NONE',  ( 3.969916891359655000, 8.128379123974113400, -3.193750000000000100 ) ) ;
#4742 = CIRCLE ( 'NONE', #2450, 9.621762239271875600 ) ;
#4743 = VECTOR ( 'NONE', #3430, 999.9999999999998900 ) ;
#4744 = EDGE_CURVE ( 'NONE', #5999, #4474, #7699, .T. ) ;
#4745 = CARTESIAN_POINT ( 'NONE',  ( 6.754162845390041500, 5.322312732992298100, 3.114323832567764700 ) ) ;
#4746 = EDGE_LOOP ( 'NONE', ( #9620, #5411, #5943, #5073 ) ) ;
#4747 = CARTESIAN_POINT ( 'NONE',  ( 0.0000000000000000000, 0.0000000000000000000, -3.434921434499177600 ) ) ;
#4748 = CARTESIAN_POINT ( 'NONE',  ( 3.771531933161288200, -7.716428513517238100, 3.099533293948748100 ) ) ;
#4749 = EDGE_CURVE ( 'NONE', #2199, #5883, #5051, .T. ) ;
#4750 = CARTESIAN_POINT ( 'NONE',  ( 3.905117942076926400, -7.993822719313271800, -3.452421434499180400 ) ) ;
#4751 = CARTESIAN_POINT ( 'NONE',  ( -9.621762239271875600, 1.178326032848117100E-015, -3.201256313292353700 ) ) ;
#4752 = ORIENTED_EDGE ( 'NONE', *, *, #6472, .F. ) ;
#4753 = AXIS2_PLACEMENT_3D ( 'NONE', #3600, #1242, #5039 ) ;
#4754 = EDGE_CURVE ( 'NONE', #9150, #1625, #8999, .T. ) ;
#4755 = DIRECTION ( 'NONE',  ( 0.0000000000000000000, 0.0000000000000000000, -1.000000000000000000 ) ) ;
#4756 = DIRECTION ( 'NONE',  ( 1.000000000000000000, 0.0000000000000000000, 0.0000000000000000000 ) ) ;
#4757 = CARTESIAN_POINT ( 'NONE',  ( 8.633289009070969300, 1.919206035680997000, -3.461862008941933000 ) ) ;
#4758 = ADVANCED_FACE ( 'NONE', ( #7576 ), #29, .T. ) ;
#4759 = EDGE_CURVE ( 'NONE', #2548, #5883, #5648, .T. ) ;
#4760 = CARTESIAN_POINT ( 'NONE',  ( 6.945612333878806100, 5.474988605377235200, 3.461862008941933000 ) ) ;
#4761 = CARTESIAN_POINT ( 'NONE',  ( 0.0000000000000000000, 0.0000000000000000000, -3.434921434499177600 ) ) ;
#4762 = AXIS2_PLACEMENT_3D ( 'NONE', #5851, #8955, #4305 ) ;
#4763 = CIRCLE ( 'NONE', #4776, 8.837711872106121200 ) ;
#4764 = CARTESIAN_POINT ( 'NONE',  ( 3.789429660203687000, -7.984070013767042600, -3.454996609771464800 ) ) ;
#4765 = EDGE_CURVE ( 'NONE', #635, #158, #1816, .T. ) ;
#4766 = CARTESIAN_POINT ( 'NONE',  ( -3.785012642412731900, -7.744421494718556800, -3.143904910697431300 ) ) ;
#4767 = CARTESIAN_POINT ( 'NONE',  ( 3.907017385819873100, 7.997766954886937000, 3.444839032082839000 ) ) ;
#4768 = ORIENTED_EDGE ( 'NONE', *, *, #6097, .F. ) ;
#4769 = CARTESIAN_POINT ( 'NONE',  ( 3.885094000278613600, 7.952242575725207100, 3.466377381984354000 ) ) ;
#4770 = B_SPLINE_CURVE_WITH_KNOTS ( 'NONE', 3,
 ( #4608, #4640, #5711, #1834, #1867, #7320, #8798 ),
 .UNSPECIFIED., .F., .F.,
 ( 4, 3, 4 ),
 ( 0.0009532733312319689700, 0.001225696219576461900, 0.001251962535739348600 ),
 .UNSPECIFIED. ) ;
#4771 = DIRECTION ( 'NONE',  ( -1.000000000000000000, 0.0000000000000000000, -0.0000000000000000000 ) ) ;
#4772 = CARTESIAN_POINT ( 'NONE',  ( -3.902588241884666700, -7.988569742736841800, -3.460240287494900500 ) ) ;
#4773 = LINE ( 'NONE', #729, #7048 ) ;
#4774 = DIRECTION ( 'NONE',  ( -0.0000000000000000000, -0.0000000000000000000, 1.000000000000000000 ) ) ;
#4775 = CARTESIAN_POINT ( 'NONE',  ( 0.05000000000000002400, -8.870055045600164300, -3.469713030103804400 ) ) ;
#4776 = AXIS2_PLACEMENT_3D ( 'NONE', #3769, #1364, #5945 ) ;
#4777 = ORIENTED_EDGE ( 'NONE', *, *, #969, .F. ) ;
#4778 = ORIENTED_EDGE ( 'NONE', *, *, #5953, .T. ) ;
#4779 = CARTESIAN_POINT ( 'NONE',  ( 0.0000000000000000000, 0.0000000000000000000, -3.099533293948747700 ) ) ;
#4780 = LINE ( 'NONE', #6268, #9675 ) ;
#4781 = CARTESIAN_POINT ( 'NONE',  ( -6.888348506065051800, 5.557227027319377100, -3.466377381984354000 ) ) ;
#4782 = DIRECTION ( 'NONE',  ( 0.1736481776669426000, -2.126576849575921700E-017, 0.9848077530122059100 ) ) ;
#4783 = CARTESIAN_POINT ( 'NONE',  ( 8.675915474055425800, 1.928935248150019700, -3.462633071500297100 ) ) ;
#4784 = VERTEX_POINT ( 'NONE', #824 ) ;
#4785 = LINE ( 'NONE', #1529, #8964 ) ;
#4786 = B_SPLINE_CURVE_WITH_KNOTS ( 'NONE', 3,
 ( #5018, #418, #3453, #4213, #5798, #8173, #9543 ),
 .UNSPECIFIED., .F., .F.,
 ( 4, 3, 4 ),
 ( 0.001199429903413612500, 0.001225696219576500100, 0.001498119107920983800 ),
 .UNSPECIFIED. ) ;
#4787 = CARTESIAN_POINT ( 'NONE',  ( 6.941595868251116700, 5.471785580921793000, 3.456597352396201500 ) ) ;
#4788 = CARTESIAN_POINT ( 'NONE',  ( 3.879526546993929100, -7.940681639855288400, 3.454996609771464800 ) ) ;
#4789 = CARTESIAN_POINT ( 'NONE',  ( 0.05000000000000002400, -8.837570431649497800, -3.454996609771464800 ) ) ;
#4790 = DIRECTION ( 'NONE',  ( -0.0000000000000000000, -0.0000000000000000000, 1.000000000000000000 ) ) ;
#4791 = CARTESIAN_POINT ( 'NONE',  ( -3.879526546994039600, -7.940681639855232500, -3.454996609771464800 ) ) ;
#4792 = ORIENTED_EDGE ( 'NONE', *, *, #5975, .T. ) ;
#4793 = CARTESIAN_POINT ( 'NONE',  ( 0.0000000000000000000, 0.0000000000000000000, -3.325000000000001100 ) ) ;
#4794 = LINE ( 'NONE', #4140, #2510 ) ;
#4795 = ORIENTED_EDGE ( 'NONE', *, *, #8223, .T. ) ;
#4796 = CARTESIAN_POINT ( 'NONE',  ( 3.904844937517935900, 7.993255819505019000, 3.453478796700601500 ) ) ;
#4797 = EDGE_CURVE ( 'NONE', #5154, #5179, #3990, .T. ) ;
#4798 = CARTESIAN_POINT ( 'NONE',  ( -8.670907408394935300, 2.030363876171074300, -3.437256629622303700 ) ) ;
#4799 = CARTESIAN_POINT ( 'NONE',  ( 8.627879084050915600, -1.917971255598293300, -3.456075294419946400 ) ) ;
#4800 = ADVANCED_FACE ( 'NONE', ( #1482 ), #3813, .T. ) ;
#4801 = VERTEX_POINT ( 'NONE', #2293 ) ;
#4802 = CARTESIAN_POINT ( 'NONE',  ( 0.0000000000000000000, 0.0000000000000000000, -3.500000000000000000 ) ) ;
#4803 = CONICAL_SURFACE ( 'NONE', #7703, 9.498018552564230900, 0.7853981633974394000 ) ;
#4804 = PLANE ( 'NONE',  #3812 ) ;
#4805 = CARTESIAN_POINT ( 'NONE',  ( -8.621380678306064000, -2.019059723220224100, -3.468127985775450100 ) ) ;
#4806 = LINE ( 'NONE', #5150, #9471 ) ;
#4807 = DIRECTION ( 'NONE',  ( -0.0000000000000000000, -0.0000000000000000000, 1.000000000000000000 ) ) ;
#4808 = ORIENTED_EDGE ( 'NONE', *, *, #1365, .T. ) ;
#4809 = EDGE_LOOP ( 'NONE', ( #7279, #1311, #7683, #6152 ) ) ;
#4810 = CARTESIAN_POINT ( 'NONE',  ( -8.394555401783312800, 1.864716647700088900, -3.114323832567764200 ) ) ;
#4811 = LINE ( 'NONE', #2863, #7688 ) ;
#4812 = AXIS2_PLACEMENT_3D ( 'NONE', #7153, #1825, #2565 ) ;
#4813 = ORIENTED_EDGE ( 'NONE', *, *, #1097, .T. ) ;
#4814 = CARTESIAN_POINT ( 'NONE',  ( -6.883263353692853100, 5.553171753624137200, -3.461862008941933000 ) ) ;
#4815 = ORIENTED_EDGE ( 'NONE', *, *, #5201, .T. ) ;
#4816 = CARTESIAN_POINT ( 'NONE',  ( 8.658289197118433500, 1.924912165461357500, -3.469985047562923700 ) ) ;
#4817 = AXIS2_PLACEMENT_3D ( 'NONE', #121, #162, #2459 ) ;
#4818 = FACE_OUTER_BOUND ( 'NONE', #9479, .T. ) ;
#4819 = EDGE_LOOP ( 'NONE', ( #1728, #772, #7813, #2806 ) ) ;
#4820 = EDGE_CURVE ( 'NONE', #6005, #4721, #4834, .T. ) ;
#4821 = ORIENTED_EDGE ( 'NONE', *, *, #8596, .F. ) ;
#4822 = CARTESIAN_POINT ( 'NONE',  ( 6.986779382597046800, 5.507818231228858600, 3.452421434499180400 ) ) ;
#4823 = EDGE_LOOP ( 'NONE', ( #565, #8752, #6582, #1581, #2568, #1811 ) ) ;
#4824 = DIRECTION ( 'NONE',  ( 1.000000000000000000, 0.0000000000000000000, 0.0000000000000000000 ) ) ;
#4825 = CARTESIAN_POINT ( 'NONE',  ( 6.746065712156355900, -5.315855484712272100, 3.099533293948748100 ) ) ;
#4826 = ORIENTED_EDGE ( 'NONE', *, *, #7961, .T. ) ;
#4827 = CARTESIAN_POINT ( 'NONE',  ( 8.627491962581022000, -1.917882897648993700, 3.455541280135825400 ) ) ;
#4828 = ORIENTED_EDGE ( 'NONE', *, *, #6688, .F. ) ;
#4829 = CARTESIAN_POINT ( 'NONE',  ( 6.683716731970482000, -5.394038632959075500, -3.099533293948748100 ) ) ;
#4830 = ORIENTED_EDGE ( 'NONE', *, *, #8620, .T. ) ;
#4831 = DIRECTION ( 'NONE',  ( 0.0000000000000000000, 0.0000000000000000000, -1.000000000000000000 ) ) ;
#4832 = AXIS2_PLACEMENT_3D ( 'NONE', #9054, #4473, #9809 ) ;
#4833 = VERTEX_POINT ( 'NONE', #3185 ) ;
#4834 = B_SPLINE_CURVE_WITH_KNOTS ( 'NONE', 3,
 ( #3111, #9934, #3843, #8399, #4544, #6895, #785 ),
 .UNSPECIFIED., .F., .F.,
 ( 4, 3, 4 ),
 ( 0.0009532733312319687500, 0.001225696219576461700, 0.001251962535739347800 ),
 .UNSPECIFIED. ) ;
#4835 = EDGE_CURVE ( 'NONE', #5436, #4947, #2298, .T. ) ;
#4836 = ORIENTED_EDGE ( 'NONE', *, *, #9144, .T. ) ;
#4837 = DIRECTION ( 'NONE',  ( 0.2225209339566612000, -0.9749279121817443500, 0.0000000000000000000 ) ) ;
#4838 = EDGE_LOOP ( 'NONE', ( #1053, #4232 ) ) ;
#4839 = CIRCLE ( 'NONE', #4254, 9.621762239271875600 ) ;
#4840 = EDGE_LOOP ( 'NONE', ( #9155, #8198, #1837, #3608 ) ) ;
#4841 = DIRECTION ( 'NONE',  ( -0.0000000000000000000, -0.0000000000000000000, 1.000000000000000000 ) ) ;
#4842 = DIRECTION ( 'NONE',  ( 0.0000000000000000000, 0.0000000000000000000, -1.000000000000000000 ) ) ;
#4843 = ORIENTED_EDGE ( 'NONE', *, *, #1150, .F. ) ;
#4844 = EDGE_CURVE ( 'NONE', #285, #712, #4061, .T. ) ;
#4845 = CARTESIAN_POINT ( 'NONE',  ( 3.254128043381644600, -6.757266509268164100, -3.092233167847068000E-016 ) ) ;
#4846 = VERTEX_POINT ( 'NONE', #8475 ) ;
#4847 = VECTOR ( 'NONE', #1377, 1000.000000000000000 ) ;
#4848 = FACE_OUTER_BOUND ( 'NONE', #9288, .T. ) ;
#4849 = CARTESIAN_POINT ( 'NONE',  ( 6.931275761066028300, 5.591460370840263900, -3.437256629622304200 ) ) ;
#4850 = CARTESIAN_POINT ( 'NONE',  ( 0.0000000000000000000, 0.0000000000000000000, -3.452421434499180400 ) ) ;
#4851 = ORIENTED_EDGE ( 'NONE', *, *, #7274, .F. ) ;
#4852 = B_SPLINE_CURVE_WITH_KNOTS ( 'NONE', 3,
 ( #9794, #603, #3788, #4552, #7534, #5248, #4411, #6865, #4493, #9833, #9910, #5327, #3656, #752, #687, #6031, #1449, #7468, #8238, #5187, #7706, #8505, #8482, #4630, #138 ),
 .UNSPECIFIED., .F., .F.,
 ( 4, 3, 3, 3, 3, 3, 3, 3, 4 ),
 ( 0.0001509499138714706500, 0.0001527764003826827100, 0.0001645282963311793400, 0.0001762803579144461700, 0.0001880325997012732400, 0.0001997849575937690900, 0.0002115373162334654400, 0.0002188290956692469400, 0.0002208042975641437700 ),
 .UNSPECIFIED. ) ;
#4853 = DIRECTION ( 'NONE',  ( 1.000000000000000000, 0.0000000000000000000, 0.0000000000000000000 ) ) ;
#4854 = CIRCLE ( 'NONE', #4646, 5.686989865158905900 ) ;
#4855 = CARTESIAN_POINT ( 'NONE',  ( -8.807973303152723000, -2.061648272210801800, 3.094141646974374100 ) ) ;
#4856 = ORIENTED_EDGE ( 'NONE', *, *, #6676, .F. ) ;
#4857 = CARTESIAN_POINT ( 'NONE',  ( 8.654993824190235300, -1.924160018094878100, 3.470139885832122400 ) ) ;
#4858 = CARTESIAN_POINT ( 'NONE',  ( -8.866382193656235700, 0.0000000000000000000, 3.434921434499177600 ) ) ;
#4859 = CARTESIAN_POINT ( 'NONE',  ( -3.814887624180063800, 8.036934020677302100, -3.452954079042414000 ) ) ;
#4860 = ADVANCED_FACE ( 'NONE', ( #764 ), #9235, .T. ) ;
#4861 = EDGE_CURVE ( 'NONE', #6041, #4005, #3866, .T. ) ;
#4862 = CARTESIAN_POINT ( 'NONE',  ( -8.665797712491988500, -1.926625935097669600, -3.468147503381453900 ) ) ;
#4863 = APPROVAL_PERSON_ORGANIZATION ( #7636, #3238, #9289 ) ;
#4864 = CARTESIAN_POINT ( 'NONE',  ( -3.896991616625391100, 7.976948230637789000, -3.468181098941469600 ) ) ;
#4865 = ORIENTED_EDGE ( 'NONE', *, *, #84, .T. ) ;
#4866 = CARTESIAN_POINT ( 'NONE',  ( -3.789429660203798500, -7.984070013766990200, -3.454996609771464800 ) ) ;
#4867 = CARTESIAN_POINT ( 'NONE',  ( -4.524999999999999500, 5.541526766141772900E-016, 3.500000000000000400 ) ) ;
#4868 = EDGE_CURVE ( 'NONE', #7102, #8393, #4008, .T. ) ;
#4869 = DIRECTION ( 'NONE',  ( -0.0000000000000000000, -0.0000000000000000000, 1.000000000000000000 ) ) ;
#4870 = DIRECTION ( 'NONE',  ( -1.000000000000000000, -3.552713678800500900E-015, 0.0000000000000000000 ) ) ;
#4871 = COORDINATED_UNIVERSAL_TIME_OFFSET ( 6, 0, .BEHIND. ) ;
#4872 = DIRECTION ( 'NONE',  ( 1.000000000000000000, 0.0000000000000000000, 0.0000000000000000000 ) ) ;
#4873 = AXIS2_PLACEMENT_3D ( 'NONE', #9474, #1047, #275 ) ;
#4874 = CARTESIAN_POINT ( 'NONE',  ( 3.795166392148641600, 7.995982460396998400, 3.466570807216844900 ) ) ;
#4875 = CARTESIAN_POINT ( 'NONE',  ( -6.924430402411212000, -5.586001379475613100, -3.452421434499180400 ) ) ;
#4876 = AXIS2_PLACEMENT_3D ( 'NONE', #7444, #5133, #1403 ) ;
#4877 = CARTESIAN_POINT ( 'NONE',  ( -8.362206348396773200, -1.959904873688991500, 3.500000000000000000 ) ) ;
#4878 = ORIENTED_EDGE ( 'NONE', *, *, #5760, .F. ) ;
#4879 = AXIS2_PLACEMENT_3D ( 'NONE', #9429, #2618, #1863 ) ;
#4880 = EDGE_CURVE ( 'NONE', #2847, #1818, #1940, .T. ) ;
#4881 = CARTESIAN_POINT ( 'NONE',  ( 3.789767423690275200, -7.984771386873925200, -3.456075294419946000 ) ) ;
#4882 = CARTESIAN_POINT ( 'NONE',  ( -3.903773285788543200, -7.991030511759118900, 3.457279025203407600 ) ) ;
#4883 = LINE ( 'NONE', #9264, #1185 ) ;
#4884 = CARTESIAN_POINT ( 'NONE',  ( 8.485539612174505900, -1.885483199994362200, 3.247602129575368800 ) ) ;
#4885 = EDGE_LOOP ( 'NONE', ( #9709, #5040, #7095, #8828 ) ) ;
#4886 = EDGE_CURVE ( 'NONE', #6724, #9739, #1593, .T. ) ;
#4887 = ORIENTED_EDGE ( 'NONE', *, *, #6088, .F. ) ;
#4888 = CYLINDRICAL_SURFACE ( 'NONE', #3680, 5.378237760728125300 ) ;
#4889 = CARTESIAN_POINT ( 'NONE',  ( -6.770357110861822600, -5.335227228758467900, -3.143904910697431300 ) ) ;
#4890 = CARTESIAN_POINT ( 'NONE',  ( 8.869223585189136100, 0.0000000000000000000, -3.500000000000000400 ) ) ;
#4891 = CARTESIAN_POINT ( 'NONE',  ( -0.05000000000000002400, -8.890722215898270200, 3.460240287494900500 ) ) ;
#4892 = DIRECTION ( 'NONE',  ( -0.9009688679024218100, -0.4338837391175526200, -0.0000000000000000000 ) ) ;
#4893 = CARTESIAN_POINT ( 'NONE',  ( 0.0000000000000000000, 9.046037105128460700, -3.325000000000000600 ) ) ;
#4894 = ORIENTED_EDGE ( 'NONE', *, *, #4318, .F. ) ;
#4895 = CARTESIAN_POINT ( 'NONE',  ( -3.771531933161234000, 7.716428513517264800, -3.500000000000000000 ) ) ;
#4896 = FACE_OUTER_BOUND ( 'NONE', #7936, .T. ) ;
#4897 = ORIENTED_EDGE ( 'NONE', *, *, #5837, .F. ) ;
#4898 = ADVANCED_FACE ( 'NONE', ( #266 ), #4585, .T. ) ;
#4899 = CARTESIAN_POINT ( 'NONE',  ( 0.05000000000000002400, 8.865624258063290200, 3.469915996672631000 ) ) ;
#4900 = DIRECTION ( 'NONE',  ( -0.7818314824680352400, -0.6234898018587267100, -0.0000000000000000000 ) ) ;
#4901 = ORIENTED_EDGE ( 'NONE', *, *, #7108, .F. ) ;
#4902 = VECTOR ( 'NONE', #7249, 1000.000000000000000 ) ;
#4903 = B_SPLINE_CURVE_WITH_KNOTS ( 'NONE', 3,
 ( #9388, #7020, #2506, #4766, #4057, #8555, #4791 ),
 .UNSPECIFIED., .F., .F.,
 ( 4, 3, 4 ),
 ( 0.0008460917731560551200, 0.0009002598162382147600, 0.001280034707405371900 ),
 .UNSPECIFIED. ) ;
#4904 = PLANE ( 'NONE',  #3547 ) ;
#4905 = CIRCLE ( 'NONE', #4293, 8.896693082788692300 ) ;
#4906 = ORIENTED_EDGE ( 'NONE', *, *, #1163, .F. ) ;
#4907 = EDGE_CURVE ( 'NONE', #3152, #3991, #3615, .T. ) ;
#4908 = AXIS2_PLACEMENT_3D ( 'NONE', #6771, #8384, #9842 ) ;
#4909 = ORIENTED_EDGE ( 'NONE', *, *, #8130, .F. ) ;
#4910 = DIRECTION ( 'NONE',  ( -0.0000000000000000000, -0.0000000000000000000, 1.000000000000000000 ) ) ;
#4911 = DIRECTION ( 'NONE',  ( 1.000000000000000000, 0.0000000000000000000, 0.0000000000000000000 ) ) ;
#4912 = DIRECTION ( 'NONE',  ( 1.000000000000000000, 0.0000000000000000000, 0.0000000000000000000 ) ) ;
#4913 = CIRCLE ( 'NONE', #4106, 9.498018552564230900 ) ;
#4914 = CARTESIAN_POINT ( 'NONE',  ( -3.809799882939452600, 8.026369217130946900, -3.465025888964337500 ) ) ;
#4915 = EDGE_LOOP ( 'NONE', ( #5171, #6391, #1250, #7789 ) ) ;
#4916 = EDGE_CURVE ( 'NONE', #8817, #5836, #1757, .T. ) ;
#4917 = LINE ( 'NONE', #2614, #4902 ) ;
#4918 = ORIENTED_EDGE ( 'NONE', *, *, #3091, .F. ) ;
#4919 = ADVANCED_FACE ( 'NONE', ( #4818 ), #8570, .T. ) ;
#4920 = CARTESIAN_POINT ( 'NONE',  ( -3.888530992798996200, 7.959379564233929100, -3.469014143938407500 ) ) ;
#4921 = CIRCLE ( 'NONE', #8015, 2.450000000000000600 ) ;
#4922 = VERTEX_POINT ( 'NONE', #4040 ) ;
#4923 = VERTEX_POINT ( 'NONE', #2463 ) ;
#4924 = AXIS2_PLACEMENT_3D ( 'NONE', #1323, #1366, #8847 ) ;
#4925 = CARTESIAN_POINT ( 'NONE',  ( -6.986025398574907000, -5.507216949035483600, -3.453994494324953200 ) ) ;
#4926 = DIRECTION ( 'NONE',  ( -0.2225209339563050100, 0.9749279121818257300, 0.0000000000000000000 ) ) ;
#4927 = CARTESIAN_POINT ( 'NONE',  ( -3.812491355094256700, 8.031958116648677800, 3.460240287494900500 ) ) ;
#4928 = ORIENTED_EDGE ( 'NONE', *, *, #8073, .T. ) ;
#4929 = CARTESIAN_POINT ( 'NONE',  ( 0.0000000000000000000, 0.0000000000000000000, 3.434921434499177600 ) ) ;
#4930 = ORIENTED_EDGE ( 'NONE', *, *, #3687, .F. ) ;
#4931 = FACE_OUTER_BOUND ( 'NONE', #4315, .T. ) ;
#4932 = VERTEX_POINT ( 'NONE', #197 ) ;
#4933 = ORIENTED_EDGE ( 'NONE', *, *, #5964, .T. ) ;
#4934 = DIRECTION ( 'NONE',  ( -0.0000000000000000000, -0.0000000000000000000, -1.000000000000000000 ) ) ;
#4935 = CARTESIAN_POINT ( 'NONE',  ( -3.879526546994039600, -7.940681639855232500, 3.454996609771464800 ) ) ;
#4936 = ORIENTED_EDGE ( 'NONE', *, *, #5627, .F. ) ;
#4937 = CARTESIAN_POINT ( 'NONE',  ( -8.808108021724400800, -2.061679020845665900, 3.500000000000000400 ) ) ;
#4938 = ORIENTED_EDGE ( 'NONE', *, *, #6226, .F. ) ;
#4939 = CARTESIAN_POINT ( 'NONE',  ( 6.699910998104734000, -5.406953129253620800, 3.129114371485063600 ) ) ;
#4940 = DIRECTION ( 'NONE',  ( 1.000000000000000000, 0.0000000000000000000, 0.0000000000000000000 ) ) ;
#4941 = CARTESIAN_POINT ( 'NONE',  ( -8.719441388652352700, 2.041441440451011100, 3.351032822740167600 ) ) ;
#4942 = ORIENTED_EDGE ( 'NONE', *, *, #8030, .F. ) ;
#4943 = AXIS2_PLACEMENT_3D ( 'NONE', #6760, #9179, #6864 ) ;
#4944 = VERTEX_POINT ( 'NONE', #2564 ) ;
#4945 = EDGE_CURVE ( 'NONE', #9285, #1223, #2771, .T. ) ;
#4946 = VECTOR ( 'NONE', #1629, 1000.000000000000000 ) ;
#4947 = VERTEX_POINT ( 'NONE', #6300 ) ;
#4948 = DIRECTION ( 'NONE',  ( 1.000000000000000000, 0.0000000000000000000, 0.0000000000000000000 ) ) ;
#4949 = CARTESIAN_POINT ( 'NONE',  ( 0.0000000000000000000, 0.0000000000000000000, 3.500000000000000400 ) ) ;
#4950 = ORIENTED_EDGE ( 'NONE', *, *, #9872, .F. ) ;
#4951 = CARTESIAN_POINT ( 'NONE',  ( -0.05000000000000001000, -9.045898922017695300, -3.500000000000000000 ) ) ;
#4952 = CARTESIAN_POINT ( 'NONE',  ( 3.792175066826460700, -7.989770909361523900, -3.461862008941933000 ) ) ;
#4953 = ORIENTED_EDGE ( 'NONE', *, *, #4916, .F. ) ;
#4954 = DIRECTION ( 'NONE',  ( -1.000000000000000000, 0.0000000000000000000, 0.0000000000000000000 ) ) ;
#4955 = AXIS2_PLACEMENT_3D ( 'NONE', #2230, #8363, #9061 ) ;
#4956 = DIRECTION ( 'NONE',  ( -0.0000000000000000000, -0.0000000000000000000, -1.000000000000000000 ) ) ;
#4957 = ORIENTED_EDGE ( 'NONE', *, *, #2381, .F. ) ;
#4958 = VECTOR ( 'NONE', #5299, 1000.000000000000000 ) ;
#4959 = CIRCLE ( 'NONE', #23, 8.588813778810038700 ) ;
#4960 = ADVANCED_FACE ( 'NONE', ( #8172 ), #5776, .T. ) ;
#4961 =( GEOMETRIC_REPRESENTATION_CONTEXT ( 3 ) GLOBAL_UNCERTAINTY_ASSIGNED_CONTEXT ( ( #4283 ) ) GLOBAL_UNIT_ASSIGNED_CONTEXT ( ( #2981, #5997, #1210 ) ) REPRESENTATION_CONTEXT ( 'NONE', 'WORKASPACE' ) );
#4962 = EDGE_CURVE ( 'NONE', #9030, #795, #7203, .T. ) ;
#4963 = ORIENTED_EDGE ( 'NONE', *, *, #277, .T. ) ;
#4964 = CARTESIAN_POINT ( 'NONE',  ( -3.881453065862107800, -7.944682097505676700, -3.460296783607140100 ) ) ;
#4965 = DIRECTION ( 'NONE',  ( -0.2225209339563050400, 0.9749279121818257300, 0.0000000000000000000 ) ) ;
#4966 = DIRECTION ( 'NONE',  ( 1.000000000000000000, 0.0000000000000000000, 0.0000000000000000000 ) ) ;
#4967 = CYLINDRICAL_SURFACE ( 'NONE', #7195, 5.686989865158905900 ) ;
#4968 = CARTESIAN_POINT ( 'NONE',  ( 8.404652361358966300, -1.867021212834355100, 3.129114371485063100 ) ) ;
#4969 = VECTOR ( 'NONE', #5703, 1000.000000000000000 ) ;
#4970 = ORIENTED_EDGE ( 'NONE', *, *, #1163, .T. ) ;
#4971 = CARTESIAN_POINT ( 'NONE',  ( 0.05000000000000001700, -8.896552580035715300, 3.452421434499180400 ) ) ;
#4972 = AXIS2_PLACEMENT_3D ( 'NONE', #8994, #9691, #5222 ) ;
#4973 = CARTESIAN_POINT ( 'NONE',  ( 3.793731355337943300, 7.993002575754713800, 3.464471549642479200 ) ) ;
#4974 = CARTESIAN_POINT ( 'NONE',  ( 9.621762239271875600, 0.0000000000000000000, -3.201256313292353700 ) ) ;
#4975 = CARTESIAN_POINT ( 'NONE',  ( 8.372303308387692800, -1.962209438918215900, -3.114323832567764700 ) ) ;
#4976 = CARTESIAN_POINT ( 'NONE',  ( -3.793731355337997900, -7.993002575754688100, -3.464471549642479200 ) ) ;
#4977 = CARTESIAN_POINT ( 'NONE',  ( -8.807973303152683900, 2.061648272210978600, 3.193750000000000100 ) ) ;
#4978 = ADVANCED_FACE ( 'NONE', ( #4095 ), #7825, .T. ) ;
#4979 = ORIENTED_EDGE ( 'NONE', *, *, #246, .T. ) ;
#4980 = DIRECTION ( 'NONE',  ( 0.0000000000000000000, 0.0000000000000000000, 1.000000000000000000 ) ) ;
#4981 = CARTESIAN_POINT ( 'NONE',  ( 6.708008130675913200, 5.413410377005316600, -3.143904910697430800 ) ) ;
#4982 = EDGE_CURVE ( 'NONE', #1236, #6612, #2513, .T. ) ;
#4983 = CALENDAR_DATE ( 2023, 11, 7 ) ;
#4984 = CARTESIAN_POINT ( 'NONE',  ( -8.658289197118445900, -1.924912165461300600, 3.469985047562924100 ) ) ;
#4985 = CARTESIAN_POINT ( 'NONE',  ( 3.806642800920362600, -8.019813468767431200, -3.468147503381453900 ) ) ;
#4986 = CARTESIAN_POINT ( 'NONE',  ( -3.881453065862107800, -7.944682097505676700, 3.460296783607140100 ) ) ;
#4987 = DIRECTION ( 'NONE',  ( -0.0000000000000000000, -0.0000000000000000000, 1.000000000000000000 ) ) ;
#4988 = CARTESIAN_POINT ( 'NONE',  ( 3.789429660203687000, -7.984070013767042600, 3.454996609771464800 ) ) ;
#4989 = CARTESIAN_POINT ( 'NONE',  ( -3.891698646095010700, -7.965957264079597700, -3.469915996672631000 ) ) ;
#4990 = CONICAL_SURFACE ( 'NONE', #7532, 9.046037105128458900, 0.5235987755983011500 ) ;
#4991 = CARTESIAN_POINT ( 'NONE',  ( -6.984356395689156100, -5.505885963648129400, -3.457279025203407600 ) ) ;
#4992 = CARTESIAN_POINT ( 'NONE',  ( 8.628399862454793700, -2.020661806197837400, 3.469846945119945800 ) ) ;
#4993 = VERTEX_POINT ( 'NONE', #6480 ) ;
#4994 = EDGE_CURVE ( 'NONE', #4052, #2962, #3297, .T. ) ;
#4995 = CARTESIAN_POINT ( 'NONE',  ( -0.05000000000000002400, -8.857748479125211500, 3.469100694293998800 ) ) ;
#4996 = DIRECTION ( 'NONE',  ( -0.0000000000000000000, -0.0000000000000000000, -1.000000000000000000 ) ) ;
#4997 = CARTESIAN_POINT ( 'NONE',  ( 0.0000000000000000000, 0.0000000000000000000, 3.193750000000000500 ) ) ;
#4998 = AXIS2_PLACEMENT_3D ( 'NONE', #4802, #8592, #1785 ) ;
#4999 = VECTOR ( 'NONE', #9163, 1000.000000000000000 ) ;
#5000 = EDGE_CURVE ( 'NONE', #4073, #514, #5170, .T. ) ;
#5001 = CARTESIAN_POINT ( 'NONE',  ( 8.605239869185391300, -2.015375688867176300, -3.455541280135825800 ) ) ;
#5002 = CARTESIAN_POINT ( 'NONE',  ( 5.378237760728125300, 0.0000000000000000000, 2.758752104430781700 ) ) ;
#5003 = ADVANCED_FACE ( 'NONE', ( #1106 ), #2744, .T. ) ;
#5004 = DIRECTION ( 'NONE',  ( -0.7818314824680352400, -0.6234898018587267100, 0.0000000000000000000 ) ) ;
#5005 = CARTESIAN_POINT ( 'NONE',  ( 0.0000000000000000000, 0.0000000000000000000, 3.094141646974374100 ) ) ;
#5006 = CARTESIAN_POINT ( 'NONE',  ( -3.790998746200601400, -7.987328254412416200, -3.459673052288552200 ) ) ;
#5007 = DIRECTION ( 'NONE',  ( 0.0000000000000000000, 0.0000000000000000000, -1.000000000000000000 ) ) ;
#5008 = ORIENTED_EDGE ( 'NONE', *, *, #1667, .T. ) ;
#5009 = AXIS2_PLACEMENT_3D ( 'NONE', #8855, #5140, #2797 ) ;
#5010 = VECTOR ( 'NONE', #8188, 1000.000000000000000 ) ;
#5011 = CARTESIAN_POINT ( 'NONE',  ( 0.0000000000000000000, 0.0000000000000000000, -2.450000000000000200 ) ) ;
#5012 = DIRECTION ( 'NONE',  ( -0.4338837391175590100, -0.9009688679024187000, 0.0000000000000000000 ) ) ;
#5013 = CARTESIAN_POINT ( 'NONE',  ( -8.678939294432090900, -1.929625415418661400, 3.460240287494900100 ) ) ;
#5014 = EDGE_CURVE ( 'NONE', #7418, #6728, #6974, .T. ) ;
#5015 = CARTESIAN_POINT ( 'NONE',  ( -3.930516482760433300, 8.046563332484430100, -3.351032822740168000 ) ) ;
#5016 = CARTESIAN_POINT ( 'NONE',  ( 0.05000000000000002400, 8.873523803643941200, -3.469378817057675600 ) ) ;
#5017 = ORIENTED_EDGE ( 'NONE', *, *, #6378, .F. ) ;
#5018 = CARTESIAN_POINT ( 'NONE',  ( -8.684623479167871800, -1.930922793491831400, -3.452421434499180400 ) ) ;
#5019 = DIRECTION ( 'NONE',  ( 0.0000000000000000000, 0.0000000000000000000, 1.000000000000000000 ) ) ;
#5020 = CONICAL_SURFACE ( 'NONE', #5217, 9.046037105128458900, 0.5235987755983011500 ) ;
#5021 = ADVANCED_FACE ( 'NONE', ( #9844 ), #2173, .F. ) ;
#5022 = CARTESIAN_POINT ( 'NONE',  ( 3.789429660203743800, 7.984070013767017700, -3.454996609771464800 ) ) ;
#5023 = EDGE_CURVE ( 'NONE', #611, #5200, #3748, .T. ) ;
#5025 = CARTESIAN_POINT ( 'NONE',  ( -0.05000000000000004400, -8.588668239434865000, -3.099533293948748100 ) ) ;
#5024 = CARTESIAN_POINT ( 'NONE',  ( -6.986538948051034500, -5.507626491076568900, 3.452954079042414000 ) ) ;
#5026 = EDGE_LOOP ( 'NONE', ( #6171, #1342, #1420, #4577 ) ) ;
#5027 = CARTESIAN_POINT ( 'NONE',  ( -6.764777536879186900, 5.458682467755240400, -3.247602129575368800 ) ) ;
#5028 = CARTESIAN_POINT ( 'NONE',  ( 8.620959090592670300, -2.018963498575881800, 3.467739038050325000 ) ) ;
#5029 = CARTESIAN_POINT ( 'NONE',  ( -8.392497227128171000, -1.966818569092976300, -3.143904910697430800 ) ) ;
#5030 = LINE ( 'NONE', #4751, #367 ) ;
#5031 = CARTESIAN_POINT ( 'NONE',  ( -6.931275761065949200, 5.591460370840363400, -3.437256629622303700 ) ) ;
#5032 = ORIENTED_EDGE ( 'NONE', *, *, #3781, .F. ) ;
#5033 = CARTESIAN_POINT ( 'NONE',  ( -6.923233172288246500, -5.585046620312180500, -3.455073707654066100 ) ) ;
#5034 = CARTESIAN_POINT ( 'NONE',  ( 0.0000000000000000000, 0.0000000000000000000, -3.193750000000000500 ) ) ;
#5035 = EDGE_LOOP ( 'NONE', ( #3757, #4851, #9823, #6597 ) ) ;
#5036 = CARTESIAN_POINT ( 'NONE',  ( 0.05000000000000001700, -8.896552580035715300, 3.452421434499180400 ) ) ;
#5037 = VECTOR ( 'NONE', #6657, 1000.000000000000000 ) ;
#5038 = LINE ( 'NONE', #1976, #7682 ) ;
#5039 = DIRECTION ( 'NONE',  ( 1.000000000000000000, 0.0000000000000000000, 0.0000000000000000000 ) ) ;
#5040 = ORIENTED_EDGE ( 'NONE', *, *, #1626, .F. ) ;
#5041 = CARTESIAN_POINT ( 'NONE',  ( -6.931275761066067400, -5.591460370840216900, 3.437256629622304200 ) ) ;
#5042 = DIRECTION ( 'NONE',  ( -0.0000000000000000000, -0.0000000000000000000, 1.000000000000000000 ) ) ;
#5043 = VERTEX_POINT ( 'NONE', #4289 ) ;
#5044 = ORIENTED_EDGE ( 'NONE', *, *, #9642, .F. ) ;
#5045 = DIRECTION ( 'NONE',  ( 1.000000000000000000, 0.0000000000000000000, 0.0000000000000000000 ) ) ;
#5046 = ORIENTED_EDGE ( 'NONE', *, *, #6155, .F. ) ;
#5047 = CARTESIAN_POINT ( 'NONE',  ( 8.905600812942555700, -2.083931114241417000, 3.094141646974374100 ) ) ;
#5048 = EDGE_CURVE ( 'NONE', #7568, #3911, #4921, .T. ) ;
#5049 = ORIENTED_EDGE ( 'NONE', *, *, #1027, .T. ) ;
#5050 = DIRECTION ( 'NONE',  ( -0.0000000000000000000, -0.0000000000000000000, 1.000000000000000000 ) ) ;
#5051 = LINE ( 'NONE', #3569, #6857 ) ;
#5052 = DIRECTION ( 'NONE',  ( 0.9009688679024218100, 0.4338837391175526800, 0.0000000000000000000 ) ) ;
#5053 = EDGE_LOOP ( 'NONE', ( #1, #370 ) ) ;
#5054 = CARTESIAN_POINT ( 'NONE',  ( -8.808108021724400800, -2.061679020845665900, -3.500000000000000400 ) ) ;
#5055 = ADVANCED_FACE ( 'NONE', ( #9256 ), #880, .T. ) ;
#5056 = ORIENTED_EDGE ( 'NONE', *, *, #7746, .T. ) ;
#5057 = EDGE_CURVE ( 'NONE', #1131, #5273, #2413, .T. ) ;
#5058 = VERTEX_POINT ( 'NONE', #8146 ) ;
#5059 = CARTESIAN_POINT ( 'NONE',  ( 3.808427779185252800, 8.023520014326749100, -3.466489319800472900 ) ) ;
#5061 = DIRECTION ( 'NONE',  ( 0.7818314824680352400, 0.6234898018587267100, 0.0000000000000000000 ) ) ;
#5060 = CARTESIAN_POINT ( 'NONE',  ( -6.968774760211276800, -5.493460023999253900, 3.469378817057675600 ) ) ;
#5062 = ORIENTED_EDGE ( 'NONE', *, *, #9759, .T. ) ;
#5063 = AXIS2_PLACEMENT_3D ( 'NONE', #1987, #7442, #561 ) ;
#5064 = VECTOR ( 'NONE', #1343, 1000.000000000000000 ) ;
#5065 = EDGE_LOOP ( 'NONE', ( #3591, #6154, #2093, #6601, #2905, #6100 ) ) ;
#5066 = DIRECTION ( 'NONE',  ( 1.000000000000000000, 0.0000000000000000000, 0.0000000000000000000 ) ) ;
#5067 = DIRECTION ( 'NONE',  ( 0.0000000000000000000, 0.0000000000000000000, -1.000000000000000000 ) ) ;
#5068 = DIRECTION ( 'NONE',  ( -1.000000000000000000, 0.0000000000000000000, 0.0000000000000000000 ) ) ;
#5069 = ORIENTED_EDGE ( 'NONE', *, *, #5137, .F. ) ;
#5070 = ORIENTED_EDGE ( 'NONE', *, *, #1745, .F. ) ;
#5071 = CARTESIAN_POINT ( 'NONE',  ( -6.883481840562392800, -5.553345991088175300, -3.462372291138045500 ) ) ;
#5072 = ORIENTED_EDGE ( 'NONE', *, *, #8859, .T. ) ;
#5073 = ORIENTED_EDGE ( 'NONE', *, *, #6234, .F. ) ;
#5074 = CARTESIAN_POINT ( 'NONE',  ( 8.659349970517954600, -2.027725966394923900, -3.457279025203408000 ) ) ;
#5075 = VECTOR ( 'NONE', #3203, 999.9999999999998900 ) ;
#5076 = VERTEX_POINT ( 'NONE', #7380 ) ;
#5077 = DIRECTION ( 'NONE',  ( -0.9749279121818226200, 0.2225209339563182500, -0.0000000000000000000 ) ) ;
#5078 = CARTESIAN_POINT ( 'NONE',  ( 0.0000000000000000000, 0.0000000000000000000, 3.500000000000000400 ) ) ;
#5079 = CARTESIAN_POINT ( 'NONE',  ( 6.922007415503209400, -5.584069111895026100, -3.457279025203407600 ) ) ;
#5080 = DIRECTION ( 'NONE',  ( -0.0000000000000000000, -0.0000000000000000000, 1.000000000000000000 ) ) ;
#5081 = VERTEX_POINT ( 'NONE', #8916 ) ;
#5082 = ADVANCED_FACE ( 'NONE', ( #8760 ), #4453, .T. ) ;
#5083 = AXIS2_PLACEMENT_3D ( 'NONE', #9175, #4587, #3004 ) ;
#5084 = EDGE_CURVE ( 'NONE', #7102, #348, #6322, .T. ) ;
#5085 = DIRECTION ( 'NONE',  ( 0.0000000000000000000, 0.0000000000000000000, -1.000000000000000000 ) ) ;
#5086 = CARTESIAN_POINT ( 'NONE',  ( -8.737285000697680100, 1.070008810934259400E-015, 3.500000000000000000 ) ) ;
#5087 = CIRCLE ( 'NONE', #3050, 8.837711872106121200 ) ;
#5088 = LINE ( 'NONE', #8975, #5214 ) ;
#5089 = DIRECTION ( 'NONE',  ( 0.0000000000000000000, 0.0000000000000000000, -1.000000000000000000 ) ) ;
#5090 = ORIENTED_EDGE ( 'NONE', *, *, #8347, .F. ) ;
#5091 = ORIENTED_EDGE ( 'NONE', *, *, #3307, .T. ) ;
#5092 = CARTESIAN_POINT ( 'NONE',  ( 0.05000000000000002400, 8.869541062855445200, -3.469985047562924100 ) ) ;
#5093 = AXIS2_PLACEMENT_3D ( 'NONE', #194, #8685, #4837 ) ;
#5094 = DIRECTION ( 'NONE',  ( 0.6234898018587431400, 0.7818314824680221400, 0.0000000000000000000 ) ) ;
#5095 = CARTESIAN_POINT ( 'NONE',  ( -3.790604961623143900, 7.986510552312109800, -3.458522467003439300 ) ) ;
#5096 = CC_DESIGN_DATE_AND_TIME_ASSIGNMENT ( #4035, #7745, ( #2005 ) ) ;
#5097 = VECTOR ( 'NONE', #2075, 1000.000000000000000 ) ;
#5098 = CARTESIAN_POINT ( 'NONE',  ( -8.650651955850451100, -1.923169014979537700, -3.469846945119945800 ) ) ;
#5099 = DIRECTION ( 'NONE',  ( 0.0000000000000000000, 0.0000000000000000000, 1.000000000000000000 ) ) ;
#5100 = ORIENTED_EDGE ( 'NONE', *, *, #743, .F. ) ;
#5101 = CARTESIAN_POINT ( 'NONE',  ( -6.959536336106070900, -5.486092626620142600, -3.469846945119945800 ) ) ;
#5102 = CARTESIAN_POINT ( 'NONE',  ( 6.891558407276710000, 5.559786838116454400, 3.468127985775450100 ) ) ;
#5103 = CARTESIAN_POINT ( 'NONE',  ( -8.362206348396773200, -1.959904873688991500, -3.099533293948748100 ) ) ;
#5104 = CARTESIAN_POINT ( 'NONE',  ( -8.604868042990066400, -2.015290821964363500, 3.454996609771464800 ) ) ;
#5105 = PERSON_AND_ORGANIZATION ( #7526, #2237 ) ;
#5106 = CARTESIAN_POINT ( 'NONE',  ( 6.909333309708286700, -5.573961849795694900, 3.468147503381453900 ) ) ;
#5107 = CARTESIAN_POINT ( 'NONE',  ( 8.384458441792379100, -1.862412082470922300, -3.099533293948748100 ) ) ;
#5108 = ADVANCED_FACE ( 'NONE', ( #2882 ), #5810, .T. ) ;
#5109 = DIRECTION ( 'NONE',  ( -0.9749279121818227300, 0.2225209339563182800, 0.0000000000000000000 ) ) ;
#5110 = CARTESIAN_POINT ( 'NONE',  ( -6.931275761066067400, -5.591460370840216900, -3.437256629622304200 ) ) ;
#5111 = EDGE_CURVE ( 'NONE', #5497, #364, #4203, .T. ) ;
#5112 = DIRECTION ( 'NONE',  ( 1.000000000000000000, 0.0000000000000000000, 0.0000000000000000000 ) ) ;
#5113 = LINE ( 'NONE', #4417, #5704 ) ;
#5114 = DIRECTION ( 'NONE',  ( -1.000000000000000000, 1.224646799147353200E-016, 0.0000000000000000000 ) ) ;
#5115 = ORIENTED_EDGE ( 'NONE', *, *, #1344, .T. ) ;
#5116 = CARTESIAN_POINT ( 'NONE',  ( -6.754162845390077900, -5.322312732992252800, 3.114323832567765100 ) ) ;
#5117 = EDGE_CURVE ( 'NONE', #638, #9452, #382, .T. ) ;
#5118 = CARTESIAN_POINT ( 'NONE',  ( 8.763707349719831900, -2.051544857202210800, 3.272391413630715700 ) ) ;
#5119 = CARTESIAN_POINT ( 'NONE',  ( -3.879864310480461300, 7.941383012962196700, 3.456075294419946400 ) ) ;
#5120 = LINE ( 'NONE', #3109, #7276 ) ;
#5121 = CARTESIAN_POINT ( 'NONE',  ( 6.997047420489789900, -5.516006718204433700, -3.429674227117770700 ) ) ;
#5122 = CARTESIAN_POINT ( 'NONE',  ( 3.789767423690275200, -7.984771386873925200, 3.456075294419946000 ) ) ;
#5123 = ADVANCED_FACE ( 'NONE', ( #6266 ), #8534, .T. ) ;
#5124 = CARTESIAN_POINT ( 'NONE',  ( -3.254128043381738300, -6.757266509268117900, -3.092233167847068000E-016 ) ) ;
#5125 = ORIENTED_EDGE ( 'NONE', *, *, #2304, .F. ) ;
#5127 = CARTESIAN_POINT ( 'NONE',  ( -0.05000000000000004400, -8.599024861565366600, -3.114323832567764700 ) ) ;
#5126 = CARTESIAN_POINT ( 'NONE',  ( 0.0000000000000000000, 0.0000000000000000000, -3.500000000000000000 ) ) ;
#5128 = FACE_OUTER_BOUND ( 'NONE', #6360, .T. ) ;
#5129 = CARTESIAN_POINT ( 'NONE',  ( -6.940665282085137600, -5.471043463218286700, -3.454996609771464800 ) ) ;
#5130 = CARTESIAN_POINT ( 'NONE',  ( 0.0000000000000000000, 0.0000000000000000000, -3.193750000000000500 ) ) ;
#5131 = EDGE_CURVE ( 'NONE', #133, #642, #2646, .T. ) ;
#5132 = CARTESIAN_POINT ( 'NONE',  ( 0.0000000000000000000, 0.0000000000000000000, 3.500000000000000000 ) ) ;
#5133 = DIRECTION ( 'NONE',  ( 0.0000000000000000000, 0.0000000000000000000, -1.000000000000000000 ) ) ;
#5134 = CARTESIAN_POINT ( 'NONE',  ( 6.906425780025329300, -5.571643172246150600, 3.469378817057675600 ) ) ;
#5135 = VERTEX_POINT ( 'NONE', #5340 ) ;
#5136 = AXIS2_PLACEMENT_3D ( 'NONE', #5284, #3010, #4592 ) ;
#5137 = EDGE_CURVE ( 'NONE', #5965, #6646, #6496, .T. ) ;
#5138 = DIRECTION ( 'NONE',  ( 0.0000000000000000000, 0.0000000000000000000, 1.000000000000000000 ) ) ;
#5139 = LINE ( 'NONE', #6538, #967 ) ;
#5140 = DIRECTION ( 'NONE',  ( -0.0000000000000000000, -0.0000000000000000000, 1.000000000000000000 ) ) ;
#5141 = CARTESIAN_POINT ( 'NONE',  ( -8.392497227128132000, 1.966818569093144600, 3.143904910697431300 ) ) ;
#5142 = B_SPLINE_CURVE_WITH_KNOTS ( 'NONE', 3,
 ( #3303, #4134, #293, #6349, #8018, #7250, #325 ),
 .UNSPECIFIED., .F., .F.,
 ( 4, 3, 4 ),
 ( 0.001199429903413612700, 0.001225696219576499600, 0.001498119107920983800 ),
 .UNSPECIFIED. ) ;
#5143 = AXIS2_PLACEMENT_3D ( 'NONE', #5152, #5937, #8075 ) ;
#5144 = CARTESIAN_POINT ( 'NONE',  ( 3.904699512512413300, 7.992953841369454100, -3.453994494324953200 ) ) ;
#5145 = ORIENTED_EDGE ( 'NONE', *, *, #1442, .F. ) ;
#5146 = CARTESIAN_POINT ( 'NONE',  ( 6.888653535670937500, 5.557470280312730700, -3.466570807216844900 ) ) ;
#5147 = CIRCLE ( 'NONE', #6436, 9.621762239271875600 ) ;
#5148 = ORIENTED_EDGE ( 'NONE', *, *, #4141, .T. ) ;
#5149 = AXIS2_PLACEMENT_3D ( 'NONE', #2099, #5881, #5112 ) ;
#5150 = CARTESIAN_POINT ( 'NONE',  ( -9.498018552564230900, 0.0000000000000000000, 3.325000000000000600 ) ) ;
#5151 = EDGE_CURVE ( 'NONE', #2161, #8771, #9591, .T. ) ;
#5152 = CARTESIAN_POINT ( 'NONE',  ( 0.0000000000000000000, 0.0000000000000000000, 2.975000000000000100 ) ) ;
#5153 = CARTESIAN_POINT ( 'NONE',  ( -3.815021055286628800, 8.037211093225053600, 3.452421434499180400 ) ) ;
#5154 = VERTEX_POINT ( 'NONE', #2188 ) ;
#5155 = ADVANCED_FACE ( 'NONE', ( #5759 ), #8629, .T. ) ;
#5156 = CIRCLE ( 'NONE', #2114, 8.737285000697680100 ) ;
#5157 = ORIENTED_EDGE ( 'NONE', *, *, #252, .T. ) ;
#5158 = CARTESIAN_POINT ( 'NONE',  ( 7.068044516080801600, 5.572625012626129000, 3.272391413630715300 ) ) ;
#5159 = CARTESIAN_POINT ( 'NONE',  ( 0.0000000000000000000, 0.0000000000000000000, -3.376256313292342400 ) ) ;
#5160 = VERTEX_POINT ( 'NONE', #2146 ) ;
#5161 = LINE ( 'NONE', #6753, #6847 ) ;
#5162 = PLANE ( 'NONE',  #3057 ) ;
#5163 = EDGE_CURVE ( 'NONE', #8507, #7359, #1798, .T. ) ;
#5164 = AXIS2_PLACEMENT_3D ( 'NONE', #4663, #3252, #2472 ) ;
#5165 = ORIENTED_EDGE ( 'NONE', *, *, #9545, .T. ) ;
#5166 = CARTESIAN_POINT ( 'NONE',  ( 0.0000000000000000000, 0.0000000000000000000, 3.325000000000000600 ) ) ;
#5167 = FACE_BOUND ( 'NONE', #1179, .T. ) ;
#5168 = ORIENTED_EDGE ( 'NONE', *, *, #7440, .F. ) ;
#5169 = CARTESIAN_POINT ( 'NONE',  ( -6.990202061954318100, 5.510547726935121700, 3.444839032082839000 ) ) ;
#5170 = CIRCLE ( 'NONE', #3211, 9.046037105128458900 ) ;
#5171 = ORIENTED_EDGE ( 'NONE', *, *, #71, .F. ) ;
#5172 = VECTOR ( 'NONE', #4956, 1000.000000000000000 ) ;
#5173 = ORIENTED_EDGE ( 'NONE', *, *, #5194, .F. ) ;
#5174 = CARTESIAN_POINT ( 'NONE',  ( 8.807973303152696300, -2.061648272210920800, -3.094141646974374100 ) ) ;
#5175 = CARTESIAN_POINT ( 'NONE',  ( -6.970196991303297700, -5.622499016216973000, -3.351032822740168000 ) ) ;
#5176 = EDGE_CURVE ( 'NONE', #5581, #5615, #5282, .T. ) ;
#5177 = ORIENTED_EDGE ( 'NONE', *, *, #8030, .T. ) ;
#5178 = CIRCLE ( 'NONE', #562, 2.450000000000000600 ) ;
#5179 = VERTEX_POINT ( 'NONE', #6109 ) ;
#5180 = PLANE ( 'NONE',  #4762 ) ;
#5181 = DIRECTION ( 'NONE',  ( -1.000000000000000000, 0.0000000000000000000, 0.0000000000000000000 ) ) ;
#5182 = EDGE_CURVE ( 'NONE', #4005, #2962, #5601, .T. ) ;
#5183 = EDGE_LOOP ( 'NONE', ( #5125, #6630, #1716, #5305 ) ) ;
#5184 = ORIENTED_EDGE ( 'NONE', *, *, #3908, .T. ) ;
#5185 = DIRECTION ( 'NONE',  ( 0.0000000000000000000, 0.0000000000000000000, -1.000000000000000000 ) ) ;
#5186 = ORIENTED_EDGE ( 'NONE', *, *, #2135, .T. ) ;
#5187 = CARTESIAN_POINT ( 'NONE',  ( 8.631448984988409700, 1.918786062191432300, 3.460296783607140100 ) ) ;
#5188 = CARTESIAN_POINT ( 'NONE',  ( -8.830225396548316400, 1.964155480992796400, -3.193750000000000100 ) ) ;
#5189 = ORIENTED_EDGE ( 'NONE', *, *, #7987, .T. ) ;
#5190 = DIRECTION ( 'NONE',  ( -0.0000000000000000000, -0.0000000000000000000, 1.000000000000000000 ) ) ;
#5191 = CIRCLE ( 'NONE', #6984, 8.837711872106121200 ) ;
#5192 = VERTEX_POINT ( 'NONE', #9923 ) ;
#5193 = DIRECTION ( 'NONE',  ( -0.0000000000000000000, -0.0000000000000000000, 1.000000000000000000 ) ) ;
#5194 = EDGE_CURVE ( 'NONE', #901, #1813, #7919, .T. ) ;
#5195 = ORIENTED_EDGE ( 'NONE', *, *, #6220, .T. ) ;
#5196 = CARTESIAN_POINT ( 'NONE',  ( 7.041194074364121000, 5.679117300646331600, -3.500000000000000000 ) ) ;
#5197 = CARTESIAN_POINT ( 'NONE',  ( 0.0000000000000000000, 0.0000000000000000000, -3.193750000000000500 ) ) ;
#5198 = ORIENTED_EDGE ( 'NONE', *, *, #228, .F. ) ;
#5199 = AXIS2_PLACEMENT_3D ( 'NONE', #3302, #8712, #2484 ) ;
#5200 = VERTEX_POINT ( 'NONE', #7619 ) ;
#5201 = EDGE_CURVE ( 'NONE', #2324, #7775, #2754, .T. ) ;
#5202 = CARTESIAN_POINT ( 'NONE',  ( 8.644111698229581400, 2.024247930184058600, 3.468181098941469600 ) ) ;
#5203 = DIRECTION ( 'NONE',  ( 0.0000000000000000000, 0.0000000000000000000, -1.000000000000000000 ) ) ;
#5204 = VECTOR ( 'NONE', #7344, 1000.000000000000000 ) ;
#5205 = CARTESIAN_POINT ( 'NONE',  ( 3.902688815468162300, -7.988778585935187400, 3.459706444013471500 ) ) ;
#5206 = LINE ( 'NONE', #81, #3898 ) ;
#5207 = ORIENTED_EDGE ( 'NONE', *, *, #336, .F. ) ;
#5208 = CARTESIAN_POINT ( 'NONE',  ( 6.888348506065092600, -5.557227027319324700, 3.466377381984354400 ) ) ;
#5209 = B_SPLINE_CURVE_WITH_KNOTS ( 'NONE', 3,
 ( #4662, #3959, #6970, #9185, #111, #6212, #1553 ),
 .UNSPECIFIED., .F., .F.,
 ( 4, 3, 4 ),
 ( 0.001199429903413613600, 0.001225696219576499600, 0.001498119107920983600 ),
 .UNSPECIFIED. ) ;
#5210 = AXIS2_PLACEMENT_3D ( 'NONE', #3193, #6208, #8506 ) ;
#5211 = CARTESIAN_POINT ( 'NONE',  ( -8.830225396548355500, -1.964155480992619400, -3.094141646974374100 ) ) ;
#5212 = ADVANCED_FACE ( 'NONE', ( #8404 ), #9118, .T. ) ;
#5213 = CONICAL_SURFACE ( 'NONE', #732, 8.869223585189136100, 0.6108652381980126400 ) ;
#5214 = VECTOR ( 'NONE', #587, 1000.000000000000000 ) ;
#5215 = CARTESIAN_POINT ( 'NONE',  ( 0.05000000000000002400, -8.893122785882026100, 3.457544059217933600 ) ) ;
#5216 = DIRECTION ( 'NONE',  ( 0.0000000000000000000, 0.0000000000000000000, -1.000000000000000000 ) ) ;
#5217 = AXIS2_PLACEMENT_3D ( 'NONE', #7343, #3492, #8910 ) ;
#5218 = DIRECTION ( 'NONE',  ( 0.7071067811865104900, 0.0000000000000000000, 0.7071067811865846500 ) ) ;
#5219 = EDGE_CURVE ( 'NONE', #1498, #8393, #3230, .T. ) ;
#5220 = ORIENTED_EDGE ( 'NONE', *, *, #2442, .T. ) ;
#5221 = CARTESIAN_POINT ( 'NONE',  ( 6.897525128344004700, 5.564545139386506600, -3.469900311146004500 ) ) ;
#5222 = DIRECTION ( 'NONE',  ( 1.000000000000000000, 0.0000000000000000000, 0.0000000000000000000 ) ) ;
#5223 = PLANE ( 'NONE',  #2762 ) ;
#5224 = EDGE_CURVE ( 'NONE', #6867, #6633, #3007, .T. ) ;
#5225 = CARTESIAN_POINT ( 'NONE',  ( -3.969916891359540400, 8.128379123974170300, 3.500000000000000000 ) ) ;
#5226 = CARTESIAN_POINT ( 'NONE',  ( 8.662371385772228600, 2.028415584710071800, -3.452421434499180400 ) ) ;
#5227 = ORIENTED_EDGE ( 'NONE', *, *, #1997, .F. ) ;
#5228 = CARTESIAN_POINT ( 'NONE',  ( 6.993624741251902100, 5.513277222593461400, -3.437256629622303700 ) ) ;
#5229 = CARTESIAN_POINT ( 'NONE',  ( 3.950216688758900800, -8.087471231756987700, -3.272391413630715300 ) ) ;
#5230 = CARTESIAN_POINT ( 'NONE',  ( 8.837711872106121200, 0.0000000000000000000, 3.454996609771464400 ) ) ;
#5231 = APPROVAL_DATE_TIME ( #9187, #1880 ) ;
#5232 = DIRECTION ( 'NONE',  ( 0.0000000000000000000, 0.0000000000000000000, -1.000000000000000000 ) ) ;
#5233 = DIRECTION ( 'NONE',  ( 0.0000000000000000000, 0.0000000000000000000, 1.000000000000000000 ) ) ;
#5234 = DIRECTION ( 'NONE',  ( -0.0000000000000000000, -0.0000000000000000000, 1.000000000000000000 ) ) ;
#5235 = CARTESIAN_POINT ( 'NONE',  ( 6.923938465194141600, -5.585609072636152900, 3.453478796700601500 ) ) ;
#5236 = LINE ( 'NONE', #7831, #1884 ) ;
#5237 = CARTESIAN_POINT ( 'NONE',  ( -6.940665282085022100, 5.471043463218431500, -3.454996609771464800 ) ) ;
#5238 = CARTESIAN_POINT ( 'NONE',  ( 6.948416668875306200, -5.477224987910533500, 3.464471549642479200 ) ) ;
#5239 = ORIENTED_EDGE ( 'NONE', *, *, #5863, .T. ) ;
#5240 = CARTESIAN_POINT ( 'NONE',  ( -6.931275761065949200, 5.591460370840363400, 3.437256629622303700 ) ) ;
#5241 = EDGE_CURVE ( 'NONE', #8176, #4993, #5525, .T. ) ;
#5242 = PLANE ( 'NONE',  #9640 ) ;
#5243 = DIRECTION ( 'NONE',  ( 0.0000000000000000000, 0.0000000000000000000, 1.000000000000000000 ) ) ;
#5244 = CARTESIAN_POINT ( 'NONE',  ( 3.896739687710661000, 7.976425094855648500, -3.468147503381453900 ) ) ;
#5245 = CONICAL_SURFACE ( 'NONE', #8235, 9.046037105128458900, 0.5235987755983011500 ) ;
#5246 = EDGE_CURVE ( 'NONE', #8771, #7214, #4770, .T. ) ;
#5247 = CARTESIAN_POINT ( 'NONE',  ( 0.0000000000000000000, 0.0000000000000000000, 3.452421434499180400 ) ) ;
#5248 = CARTESIAN_POINT ( 'NONE',  ( 8.678939294432078500, 1.929625415418718500, 3.460240287494900500 ) ) ;
#5249 = EDGE_LOOP ( 'NONE', ( #2431, #7630, #8519, #7059, #8897, #6267 ) ) ;
#5250 = CARTESIAN_POINT ( 'NONE',  ( -6.746065712156426900, -5.315855484712181500, 3.094141646974374100 ) ) ;
#5251 = CARTESIAN_POINT ( 'NONE',  ( 6.934698440303916000, -5.594189866451236200, 3.429674227117769800 ) ) ;
#5252 = AXIS2_PLACEMENT_3D ( 'NONE', #1295, #7405, #8944 ) ;
#5253 = CIRCLE ( 'NONE', #8986, 8.588813778810038700 ) ;
#5254 = DIRECTION ( 'NONE',  ( 1.000000000000000000, 0.0000000000000000000, 0.0000000000000000000 ) ) ;
#5255 = ADVANCED_FACE ( 'NONE', ( #1466 ), #146, .F. ) ;
#5256 = CARTESIAN_POINT ( 'NONE',  ( 3.930516482760489700, -8.046563332484401700, -3.351032822740168400 ) ) ;
#5257 = CARTESIAN_POINT ( 'NONE',  ( 0.0000000000000000000, 0.0000000000000000000, -3.099533293948747700 ) ) ;
#5258 = VERTEX_POINT ( 'NONE', #1202 ) ;
#5259 = EDGE_LOOP ( 'NONE', ( #5498, #1028 ) ) ;
#5260 = CARTESIAN_POINT ( 'NONE',  ( 0.0000000000000000000, 0.0000000000000000000, -2.758752104430781200 ) ) ;
#5261 = CARTESIAN_POINT ( 'NONE',  ( 5.378237760728125300, 6.586441658729127800E-016, 3.376256313292342400 ) ) ;
#5262 = VECTOR ( 'NONE', #8432, 1000.000000000000000 ) ;
#5263 = CARTESIAN_POINT ( 'NONE',  ( -0.05000000000000002400, 8.838348897068080100, -3.456075294419946400 ) ) ;
#5264 = CARTESIAN_POINT ( 'NONE',  ( -3.808427779185307400, -8.023520014326720700, 3.466489319800472900 ) ) ;
#5265 = CARTESIAN_POINT ( 'NONE',  ( 0.0000000000000000000, 0.0000000000000000000, -3.452421434499180400 ) ) ;
#5266 = B_SPLINE_CURVE_WITH_KNOTS ( 'NONE', 3,
 ( #5022, #5900, #6574, #1317, #512, #2082, #8214, #4388, #2708, #448, #1982, #3531, #8875, #9648, #4284, #5059, #478, #5831, #9917, #2917, #2982, #1422 ),
 .UNSPECIFIED., .F., .F.,
 ( 4, 3, 3, 3, 3, 3, 3, 4 ),
 ( 0.0002168574548798311400, 0.0002188290334246855700, 0.0002305812013871249300, 0.0002423333607551974000, 0.0002540856419916163700, 0.0002658380091482364300, 0.0002775903405257875600, 0.0002867718163053197900 ),
 .UNSPECIFIED. ) ;
#5267 = EDGE_CURVE ( 'NONE', #158, #9271, #7145, .T. ) ;
#5268 = DIRECTION ( 'NONE',  ( 1.000000000000000000, 0.0000000000000000000, 0.0000000000000000000 ) ) ;
#5269 = VERTEX_POINT ( 'NONE', #4199 ) ;
#5270 = CARTESIAN_POINT ( 'NONE',  ( 0.0000000000000000000, 0.0000000000000000000, -3.094141646974374100 ) ) ;
#5271 = FACE_OUTER_BOUND ( 'NONE', #1500, .T. ) ;
#5272 = CARTESIAN_POINT ( 'NONE',  ( 0.0000000000000000000, 0.0000000000000000000, 3.325000000000000600 ) ) ;
#5273 = VERTEX_POINT ( 'NONE', #3414 ) ;
#5274 = DIRECTION ( 'NONE',  ( 0.0000000000000000000, 0.0000000000000000000, 1.000000000000000000 ) ) ;
#5275 = CARTESIAN_POINT ( 'NONE',  ( -6.708008130675836800, 5.413410377005411600, 3.143904910697431300 ) ) ;
#5276 = CARTESIAN_POINT ( 'NONE',  ( 8.414749320523791100, 1.869325777874848700, 3.143904910697431300 ) ) ;
#5277 = CARTESIAN_POINT ( 'NONE',  ( -6.997047420489864500, -5.516006718204339500, 3.429674227117769800 ) ) ;
#5278 = AXIS2_PLACEMENT_3D ( 'NONE', #4268, #1172, #9536 ) ;
#5279 = DIRECTION ( 'NONE',  ( 0.6234898018587431400, 0.7818314824680222500, 0.0000000000000000000 ) ) ;
#5280 = ORIENTED_EDGE ( 'NONE', *, *, #8484, .T. ) ;
#5281 = DIRECTION ( 'NONE',  ( -1.000000000000000000, 0.0000000000000000000, 0.0000000000000000000 ) ) ;
#5282 = CIRCLE ( 'NONE', #9741, 8.588813778810038700 ) ;
#5283 = VECTOR ( 'NONE', #3647, 1000.000000000000000 ) ;
#5284 = CARTESIAN_POINT ( 'NONE',  ( 0.0000000000000000000, 0.0000000000000000000, 3.325000000000000600 ) ) ;
#5285 = ORIENTED_EDGE ( 'NONE', *, *, #4483, .T. ) ;
#5286 = CARTESIAN_POINT ( 'NONE',  ( -3.890186641437256600, 7.962817554056483600, 3.469900311146004500 ) ) ;
#5287 = ORIENTED_EDGE ( 'NONE', *, *, #3850, .F. ) ;
#5288 = CARTESIAN_POINT ( 'NONE',  ( 0.0000000000000000000, 0.0000000000000000000, 3.454996609771464400 ) ) ;
#5289 = ORIENTED_EDGE ( 'NONE', *, *, #3330, .T. ) ;
#5290 = CARTESIAN_POINT ( 'NONE',  ( -0.05000000000000001000, -9.045898922017695300, -3.094141646974374100 ) ) ;
#5291 = ORIENTED_EDGE ( 'NONE', *, *, #5855, .T. ) ;
#5292 = B_SPLINE_CURVE_WITH_KNOTS ( 'NONE', 3,
 ( #1212, #1286, #2031, #375, #8867, #7397, #1186 ),
 .UNSPECIFIED., .F., .F.,
 ( 4, 3, 4 ),
 ( 0.0009532733312319687500, 0.001225696219576461700, 0.001251962535739347800 ),
 .UNSPECIFIED. ) ;
#5293 = CARTESIAN_POINT ( 'NONE',  ( 0.05000000000000000300, 9.146037105128458600, 3.094141646974374100 ) ) ;
#5294 = EDGE_LOOP ( 'NONE', ( #4714, #7044 ) ) ;
#5295 = VECTOR ( 'NONE', #1140, 1000.000000000000000 ) ;
#5296 = ORIENTED_EDGE ( 'NONE', *, *, #1781, .T. ) ;
#5297 = DIRECTION ( 'NONE',  ( -0.0000000000000000000, -0.0000000000000000000, 1.000000000000000000 ) ) ;
#5298 = CARTESIAN_POINT ( 'NONE',  ( -8.659349970517940400, 2.027725966394980700, -3.457279025203407600 ) ) ;
#5299 = DIRECTION ( 'NONE',  ( -0.0000000000000000000, -0.0000000000000000000, 1.000000000000000000 ) ) ;
#5300 = CARTESIAN_POINT ( 'NONE',  ( -5.863736118510165500, 4.676173513940574000, -3.092233167847068000E-016 ) ) ;
#5301 = CARTESIAN_POINT ( 'NONE',  ( -0.05000000000000002400, 8.850792249910227800, -3.466570807216844900 ) ) ;
#5302 = DIRECTION ( 'NONE',  ( -0.9009688679024248100, -0.4338837391175463500, 0.0000000000000000000 ) ) ;
#5303 = VERTEX_POINT ( 'NONE', #3370 ) ;
#5304 = ORIENTED_EDGE ( 'NONE', *, *, #4360, .F. ) ;
#5305 = ORIENTED_EDGE ( 'NONE', *, *, #4523, .T. ) ;
#5306 = CARTESIAN_POINT ( 'NONE',  ( 0.05000000000000002400, 8.837570431649497800, -3.454996609771464800 ) ) ;
#5308 = VECTOR ( 'NONE', #1719, 1000.000000000000000 ) ;
#5307 = CARTESIAN_POINT ( 'NONE',  ( 0.0000000000000000000, 0.0000000000000000000, -3.434921434499177600 ) ) ;
#5309 = ORIENTED_EDGE ( 'NONE', *, *, #8130, .T. ) ;
#5310 = ADVANCED_FACE ( 'NONE', ( #9360 ), #3250, .F. ) ;
#5311 = ORIENTED_EDGE ( 'NONE', *, *, #6226, .T. ) ;
#5312 = CARTESIAN_POINT ( 'NONE',  ( 7.103543054549956700, -5.600934152399576100, -3.500000000000000000 ) ) ;
#5313 = CARTESIAN_POINT ( 'NONE',  ( 0.05000000000000002400, -8.884889935907555300, 3.464797546056691800 ) ) ;
#5314 = ORIENTED_EDGE ( 'NONE', *, *, #5583, .T. ) ;
#5315 = CARTESIAN_POINT ( 'NONE',  ( 0.05000000000000002400, -8.837570431649497800, -3.454996609771464800 ) ) ;
#5316 = EDGE_CURVE ( 'NONE', #1120, #5777, #7808, .T. ) ;
#5317 = CARTESIAN_POINT ( 'NONE',  ( 0.0000000000000000000, 0.0000000000000000000, -3.454996609771464400 ) ) ;
#5318 = ORIENTED_EDGE ( 'NONE', *, *, #9222, .T. ) ;
#5319 = CARTESIAN_POINT ( 'NONE',  ( -3.930516482760433300, 8.046563332484430100, 3.351032822740168000 ) ) ;
#5320 = ORIENTED_EDGE ( 'NONE', *, *, #7557, .F. ) ;
#5321 = ORIENTED_EDGE ( 'NONE', *, *, #5014, .T. ) ;
#5322 = CARTESIAN_POINT ( 'NONE',  ( 8.625100849056945400, 2.019908827917789000, -3.469014143938407500 ) ) ;
#5323 = CARTESIAN_POINT ( 'NONE',  ( -0.05000000000000001000, 9.046037105128458900, -3.094141646974374100 ) ) ;
#5324 = CIRCLE ( 'NONE', #8563, 8.588813778810038700 ) ;
#5325 = ORIENTED_EDGE ( 'NONE', *, *, #9362, .T. ) ;
#5326 = EDGE_LOOP ( 'NONE', ( #5897, #6382, #2652, #9275, #1093, #6312 ) ) ;
#5327 = CARTESIAN_POINT ( 'NONE',  ( 8.658289197118433500, 1.924912165461357500, 3.469985047562923700 ) ) ;
#5328 = CARTESIAN_POINT ( 'NONE',  ( 0.05000000000000002400, 8.837570431649497800, 3.454996609771464800 ) ) ;
#5329 = CARTESIAN_POINT ( 'NONE',  ( -9.046037105128458900, 1.107820038576375800E-015, -3.500000000000000900 ) ) ;
#5330 = AXIS2_PLACEMENT_3D ( 'NONE', #8786, #8054, #4187 ) ;
#5331 = LINE ( 'NONE', #8754, #7612 ) ;
#5332 = VECTOR ( 'NONE', #3072, 1000.000000000000000 ) ;
#5333 = ADVANCED_FACE ( 'NONE', ( #3730 ), #6361, .F. ) ;
#5334 = DIRECTION ( 'NONE',  ( -0.0000000000000000000, -0.0000000000000000000, 1.000000000000000000 ) ) ;
#5335 = ORIENTED_EDGE ( 'NONE', *, *, #2135, .F. ) ;
#5336 = AXIS2_PLACEMENT_3D ( 'NONE', #3611, #686, #8958 ) ;
#5337 = EDGE_CURVE ( 'NONE', #9496, #5762, #7074, .T. ) ;
#5338 = CARTESIAN_POINT ( 'NONE',  ( 0.0000000000000000000, 0.0000000000000000000, 3.434921434499177600 ) ) ;
#5339 = DIRECTION ( 'NONE',  ( 0.0000000000000000000, 0.0000000000000000000, -1.000000000000000000 ) ) ;
#5340 = CARTESIAN_POINT ( 'NONE',  ( 8.830225396548341300, 1.964155480992677100, -3.094141646974374100 ) ) ;
#5341 = CARTESIAN_POINT ( 'NONE',  ( -0.05000000000000002400, 8.858323562023631600, -3.469014143938407500 ) ) ;
#5342 = LINE ( 'NONE', #5492, #3662 ) ;
#5343 = CARTESIAN_POINT ( 'NONE',  ( 0.0000000000000000000, 0.0000000000000000000, 3.094141646974374100 ) ) ;
#5344 = B_SPLINE_CURVE_WITH_KNOTS ( 'NONE', 3,
 ( #4072, #1065, #2689, #8150, #1168, #1231, #1959 ),
 .UNSPECIFIED., .F., .F.,
 ( 4, 3, 4 ),
 ( 0.0009532733312319677800, 0.001225696219576461300, 0.001251962535739347300 ),
 .UNSPECIFIED. ) ;
#5345 = ORIENTED_EDGE ( 'NONE', *, *, #8934, .T. ) ;
#5346 = CARTESIAN_POINT ( 'NONE',  ( -0.05000000000000003700, 8.588668239434865000, 3.500000000000000000 ) ) ;
#5347 = CARTESIAN_POINT ( 'NONE',  ( -8.382400267963321400, 1.964514004052592600, -3.129114371485063600 ) ) ;
#5348 = CARTESIAN_POINT ( 'NONE',  ( 0.05000000000000002400, -8.838348897068080100, 3.456075294419946400 ) ) ;
#5349 = CARTESIAN_POINT ( 'NONE',  ( -8.627491962581009600, 1.917882897649050300, 3.455541280135825000 ) ) ;
#5350 = CARTESIAN_POINT ( 'NONE',  ( 6.770357110861787000, 5.335227228758513200, -3.143904910697431300 ) ) ;
#5351 = AXIS2_PLACEMENT_3D ( 'NONE', #7049, #875, #8499 ) ;
#5352 = EDGE_CURVE ( 'NONE', #1303, #2199, #7080, .T. ) ;
#5353 = CARTESIAN_POINT ( 'NONE',  ( 0.0000000000000000000, 0.0000000000000000000, 3.193750000000000500 ) ) ;
#5354 = EDGE_CURVE ( 'NONE', #6858, #992, #7564, .T. ) ;
#5355 = CIRCLE ( 'NONE', #294, 8.588813778810038700 ) ;
#5356 = CARTESIAN_POINT ( 'NONE',  ( 7.041194074364121000, 5.679117300646331600, -3.094141646974374100 ) ) ;
#5357 = DIRECTION ( 'NONE',  ( -0.0000000000000000000, -0.0000000000000000000, 1.000000000000000000 ) ) ;
#5358 = ADVANCED_FACE ( 'NONE', ( #6131 ), #8871, .F. ) ;
#5359 = CLOSED_SHELL ( 'NONE', ( #3557, #9815 ) ) ;
#5360 = B_SPLINE_CURVE_WITH_KNOTS ( 'NONE', 3,
 ( #9095, #9820, #5319, #742, #1382, #708, #6854 ),
 .UNSPECIFIED., .F., .F.,
 ( 4, 3, 4 ),
 ( 0.0009532733312319682100, 0.001225696219576461900, 0.001251962535739348600 ),
 .UNSPECIFIED. ) ;
#5361 = DIRECTION ( 'NONE',  ( 0.9749279121818242900, 0.2225209339563114800, 0.0000000000000000000 ) ) ;
#5362 = DIRECTION ( 'NONE',  ( -1.000000000000000000, 0.0000000000000000000, 0.0000000000000000000 ) ) ;
#5363 = B_SPLINE_CURVE_WITH_KNOTS ( 'NONE', 3,
 ( #6105, #9078, #2950, #7573, #9109, #3794, #9884, #2983, #3092, #6040, #1530, #3863, #6834, #762, #3022, #8319, #9186, #8348, #6143, #692, #6876, #4634 ),
 .UNSPECIFIED., .F., .F.,
 ( 4, 3, 3, 3, 3, 3, 3, 4 ),
 ( 0.0002168574548798319800, 0.0002188290334246872000, 0.0002305812013871268300, 0.0002423333607551987300, 0.0002540856419916182100, 0.0002658380091482377300, 0.0002775903405257889100, 0.0002867718163053216300 ),
 .UNSPECIFIED. ) ;
#5364 = VECTOR ( 'NONE', #9491, 1000.000000000000200 ) ;
#5365 = CARTESIAN_POINT ( 'NONE',  ( 3.879820004569413300, 8.171767497885872100, -3.094141646974374100 ) ) ;
#5366 = CARTESIAN_POINT ( 'NONE',  ( 6.941273910857361800, 5.471528828467919300, -3.456075294419946400 ) ) ;
#5367 = DIRECTION ( 'NONE',  ( 1.000000000000000000, 0.0000000000000000000, 0.0000000000000000000 ) ) ;
#5368 = CARTESIAN_POINT ( 'NONE',  ( 9.046037105128458900, 0.0000000000000000000, 3.193750000000000500 ) ) ;
#5369 = CARTESIAN_POINT ( 'NONE',  ( 0.0000000000000000000, 0.0000000000000000000, 3.500000000000000000 ) ) ;
#5370 = CARTESIAN_POINT ( 'NONE',  ( 0.0000000000000000000, 0.0000000000000000000, -3.094141646974374100 ) ) ;
#5371 = ORIENTED_EDGE ( 'NONE', *, *, #3113, .F. ) ;
#5372 = CARTESIAN_POINT ( 'NONE',  ( -7.041194074364041100, 5.679117300646431900, 3.193750000000000100 ) ) ;
#5373 = VECTOR ( 'NONE', #7798, 1000.000000000000000 ) ;
#5374 = DIRECTION ( 'NONE',  ( 1.000000000000000000, 0.0000000000000000000, 0.0000000000000000000 ) ) ;
#5375 = DIRECTION ( 'NONE',  ( 1.000000000000000000, 0.0000000000000000000, 0.0000000000000000000 ) ) ;
#5376 = EDGE_CURVE ( 'NONE', #47, #9452, #4196, .T. ) ;
#5377 = DIRECTION ( 'NONE',  ( -0.0000000000000000000, -0.0000000000000000000, 1.000000000000000000 ) ) ;
#5378 = CARTESIAN_POINT ( 'NONE',  ( 0.0000000000000000000, 0.0000000000000000000, 3.094141646974374100 ) ) ;
#5379 = CARTESIAN_POINT ( 'NONE',  ( -8.741693482047987000, 1.943948649232828600, -3.351032822740168400 ) ) ;
#5380 = DIRECTION ( 'NONE',  ( -0.0000000000000000000, -0.0000000000000000000, 1.000000000000000000 ) ) ;
#5381 = ORIENTED_EDGE ( 'NONE', *, *, #1737, .F. ) ;
#5382 = CARTESIAN_POINT ( 'NONE',  ( -3.879820004569297400, 8.171767497885925400, -3.094141646974374100 ) ) ;
#5383 = CYLINDRICAL_SURFACE ( 'NONE', #4053, 9.046037105128460700 ) ;
#5384 = EDGE_CURVE ( 'NONE', #8929, #6797, #2280, .T. ) ;
#5385 = CARTESIAN_POINT ( 'NONE',  ( -0.05000000000000002400, -8.850402102400634500, -3.466377381984354400 ) ) ;
#5386 = DIRECTION ( 'NONE',  ( 1.000000000000000000, 0.0000000000000000000, 0.0000000000000000000 ) ) ;
#5387 = ORIENTED_EDGE ( 'NONE', *, *, #1304, .F. ) ;
#5388 = AXIS2_PLACEMENT_3D ( 'NONE', #3482, #2672, #4309 ) ;
#5389 = EDGE_CURVE ( 'NONE', #6633, #6867, #1699, .T. ) ;
#5390 = CIRCLE ( 'NONE', #9563, 8.380768779485729100 ) ;
#5391 = VERTEX_POINT ( 'NONE', #5922 ) ;
#5392 = CARTESIAN_POINT ( 'NONE',  ( -8.627120136385658000, 1.917798030746353800, -3.454996609771464800 ) ) ;
#5393 = DIRECTION ( 'NONE',  ( -1.000000000000000000, 0.0000000000000000000, 0.0000000000000000000 ) ) ;
#5394 = CARTESIAN_POINT ( 'NONE',  ( -8.837711872106121200, 0.0000000000000000000, -3.454996609771464400 ) ) ;
#5395 = DIRECTION ( 'NONE',  ( 0.0000000000000000000, 0.0000000000000000000, -1.000000000000000000 ) ) ;
#5396 = CARTESIAN_POINT ( 'NONE',  ( 0.0000000000000000000, 0.0000000000000000000, 3.500000000000000000 ) ) ;
#5397 = AXIS2_PLACEMENT_3D ( 'NONE', #9646, #5019, #7338 ) ;
#5398 = ORIENTED_EDGE ( 'NONE', *, *, #2852, .T. ) ;
#5399 = VECTOR ( 'NONE', #7553, 1000.000000000000000 ) ;
#5400 = DIRECTION ( 'NONE',  ( 1.000000000000000000, -5.329070518200751400E-015, 0.0000000000000000000 ) ) ;
#5401 = LINE ( 'NONE', #4655, #7430 ) ;
#5402 = VERTEX_POINT ( 'NONE', #4875 ) ;
#5403 = AXIS2_PLACEMENT_3D ( 'NONE', #2589, #8779, #8012 ) ;
#5404 = ORIENTED_EDGE ( 'NONE', *, *, #7383, .F. ) ;
#5405 = B_SPLINE_CURVE_WITH_KNOTS ( 'NONE', 3,
 ( #3574, #4436, #9786, #633, #27, #9233, #9932 ),
 .UNSPECIFIED., .F., .F.,
 ( 4, 3, 4 ),
 ( 0.0005204849250710216100, 0.0009002598162381899300, 0.0009544278593203505400 ),
 .UNSPECIFIED. ) ;
#5406 = EDGE_CURVE ( 'NONE', #1369, #7873, #489, .T. ) ;
#5407 = ORIENTED_EDGE ( 'NONE', *, *, #7125, .F. ) ;
#5408 = CIRCLE ( 'NONE', #144, 8.588813778810038700 ) ;
#5409 = CARTESIAN_POINT ( 'NONE',  ( 0.0000000000000000000, 0.0000000000000000000, -3.099533293948747700 ) ) ;
#5410 = ADVANCED_FACE ( 'NONE', ( #3489 ), #2098, .T. ) ;
#5411 = ORIENTED_EDGE ( 'NONE', *, *, #9177, .T. ) ;
#5412 = CARTESIAN_POINT ( 'NONE',  ( -8.608393747221361600, -2.016095540947787000, 3.459673052288552200 ) ) ;
#5413 = DIRECTION ( 'NONE',  ( -0.6234898018587268200, 0.7818314824680352400, 0.0000000000000000000 ) ) ;
#5414 = CIRCLE ( 'NONE', #8093, 8.837711872106121200 ) ;
#5415 = ORIENTED_EDGE ( 'NONE', *, *, #9305, .F. ) ;
#5416 = EDGE_CURVE ( 'NONE', #6646, #5418, #3356, .T. ) ;
#5417 = LINE ( 'NONE', #5684, #9606 ) ;
#5418 = VERTEX_POINT ( 'NONE', #6679 ) ;
#5419 = DIRECTION ( 'NONE',  ( -0.0000000000000000000, -0.0000000000000000000, 1.000000000000000000 ) ) ;
#5420 = VECTOR ( 'NONE', #1080, 1000.000000000000000 ) ;
#5421 = EDGE_LOOP ( 'NONE', ( #8446, #6996 ) ) ;
#5422 = VERTEX_POINT ( 'NONE', #533 ) ;
#5423 = CARTESIAN_POINT ( 'NONE',  ( -0.05000000000000002400, -8.843897948390175400, -3.461862008941933000 ) ) ;
#5424 = CARTESIAN_POINT ( 'NONE',  ( 3.815021055286684800, -8.037211093225025100, 3.452421434499180400 ) ) ;
#5425 = ORIENTED_EDGE ( 'NONE', *, *, #6763, .F. ) ;
#5426 = CARTESIAN_POINT ( 'NONE',  ( -3.840419595970190800, 8.089951706396185200, 3.351032822740167600 ) ) ;
#5427 = LINE ( 'NONE', #6067, #393 ) ;
#5428 = ORIENTED_EDGE ( 'NONE', *, *, #923, .F. ) ;
#5429 = EDGE_LOOP ( 'NONE', ( #8410, #8022, #2780, #9857, #6714, #4226 ) ) ;
#5430 = VERTEX_POINT ( 'NONE', #5845 ) ;
#5431 = B_SPLINE_CURVE_WITH_KNOTS ( 'NONE', 3,
 ( #4829, #9544, #2608, #376, #9478, #6410, #2587 ),
 .UNSPECIFIED., .F., .F.,
 ( 4, 3, 4 ),
 ( 0.0008460917731560552200, 0.0009002598162382144300, 0.001280034707405372100 ),
 .UNSPECIFIED. ) ;
#5432 = CARTESIAN_POINT ( 'NONE',  ( 3.816517286038998900, 7.809841561300022900, -3.247602129575368800 ) ) ;
#5433 = ORIENTED_EDGE ( 'NONE', *, *, #3573, .F. ) ;
#5434 = B_SPLINE_CURVE_WITH_KNOTS ( 'NONE', 3,
 ( #9601, #7366, #8234, #573, #2103, #4408, #3609 ),
 .UNSPECIFIED., .F., .F.,
 ( 4, 3, 4 ),
 ( 0.0008460917731560555500, 0.0009002598162382145400, 0.001280034707405372600 ),
 .UNSPECIFIED. ) ;
#5435 = ORIENTED_EDGE ( 'NONE', *, *, #9481, .F. ) ;
#5436 = VERTEX_POINT ( 'NONE', #1378 ) ;
#5437 = CARTESIAN_POINT ( 'NONE',  ( -8.661431183075016800, 2.028200989579952200, -3.453994494324953200 ) ) ;
#5438 = CARTESIAN_POINT ( 'NONE',  ( -3.681435046371154000, -7.759816887428941700, 3.099533293948748100 ) ) ;
#5439 = FACE_OUTER_BOUND ( 'NONE', #2319, .T. ) ;
#5440 = ORIENTED_EDGE ( 'NONE', *, *, #3149, .F. ) ;
#5441 = CARTESIAN_POINT ( 'NONE',  ( 3.905117942076983700, 7.993822719313241600, 3.452421434499180400 ) ) ;
#5442 = EDGE_CURVE ( 'NONE', #9149, #5930, #980, .T. ) ;
#5443 = ORIENTED_EDGE ( 'NONE', *, *, #5769, .T. ) ;
#5444 = CARTESIAN_POINT ( 'NONE',  ( 3.893398084003569300, 7.969486183259007800, 3.469985047562924100 ) ) ;
#5445 = AXIS2_PLACEMENT_3D ( 'NONE', #1075, #4148, #7188 ) ;
#5446 = ORIENTED_EDGE ( 'NONE', *, *, #4797, .T. ) ;
#5447 = CARTESIAN_POINT ( 'NONE',  ( -8.384458441792366700, 1.862412082470977300, 3.500000000000000000 ) ) ;
#5448 = VERTEX_POINT ( 'NONE', #9762 ) ;
#5449 = FACE_OUTER_BOUND ( 'NONE', #2903, .T. ) ;
#5450 = CIRCLE ( 'NONE', #8152, 9.046037105128458900 ) ;
#5451 = CARTESIAN_POINT ( 'NONE',  ( -8.659027583718769300, -2.027652383711656500, 3.457544059217933600 ) ) ;
#5452 = CARTESIAN_POINT ( 'NONE',  ( -3.816920499029686100, -8.041155328798666300, -3.444839032082838600 ) ) ;
#5453 = DIRECTION ( 'NONE',  ( 0.7818314824680310200, 0.6234898018587320400, 0.0000000000000000000 ) ) ;
#5454 = EDGE_CURVE ( 'NONE', #179, #4947, #7913, .T. ) ;
#5455 = CARTESIAN_POINT ( 'NONE',  ( 3.895310692329257800, -7.973457755370707100, -3.469286171371085200 ) ) ;
#5456 = VERTEX_POINT ( 'NONE', #5174 ) ;
#5457 = CARTESIAN_POINT ( 'NONE',  ( -3.905117942076870900, 7.993822719313299400, -3.452421434499180400 ) ) ;
#5458 = CARTESIAN_POINT ( 'NONE',  ( 3.681435046371045700, -7.759816887428994100, -3.099533293948748100 ) ) ;
#5459 = EDGE_CURVE ( 'NONE', #5200, #5615, #4079, .T. ) ;
#5460 = CYLINDRICAL_SURFACE ( 'NONE', #1567, 9.621762239271875600 ) ;
#5461 = CIRCLE ( 'NONE', #4372, 8.896693082788692300 ) ;
#5462 = CARTESIAN_POINT ( 'NONE',  ( -6.923233172288246500, -5.585046620312180500, 3.455073707654066100 ) ) ;
#5463 = CARTESIAN_POINT ( 'NONE',  ( 3.969916891359596800, -8.128379123974143600, 3.193750000000000100 ) ) ;
#5464 = CARTESIAN_POINT ( 'NONE',  ( 0.0000000000000000000, 0.0000000000000000000, -3.094141646974374100 ) ) ;
#5465 = ORIENTED_EDGE ( 'NONE', *, *, #1150, .T. ) ;
#5466 = PERSON_AND_ORGANIZATION_ROLE ( 'creator' ) ;
#5467 = ADVANCED_FACE ( 'NONE', ( #1924 ), #2964, .T. ) ;
#5468 = AXIS2_PLACEMENT_3D ( 'NONE', #4793, #214, #6408 ) ;
#5469 = MANIFOLD_SOLID_BREP ( 'CirPattern1[5]', #6026 ) ;
#5470 = DIRECTION ( 'NONE',  ( -0.0000000000000000000, -0.0000000000000000000, 1.000000000000000000 ) ) ;
#5471 = CARTESIAN_POINT ( 'NONE',  ( 0.0000000000000000000, 0.0000000000000000000, -2.758752104430781200 ) ) ;
#5472 = AXIS2_PLACEMENT_3D ( 'NONE', #9281, #921, #4725 ) ;
#5473 = CARTESIAN_POINT ( 'NONE',  ( 0.0000000000000000000, 0.0000000000000000000, 3.094141646974374100 ) ) ;
#5474 = EDGE_CURVE ( 'NONE', #9032, #5629, #7317, .T. ) ;
#5475 = CARTESIAN_POINT ( 'NONE',  ( 0.0000000000000000000, 0.0000000000000000000, 3.094141646974374100 ) ) ;
#5476 = CARTESIAN_POINT ( 'NONE',  ( 8.651073151173656900, -1.923265150063626000, 3.469900311146004500 ) ) ;
#5477 = CARTESIAN_POINT ( 'NONE',  ( 5.378237760728125300, 0.0000000000000000000, 3.500000000000000000 ) ) ;
#5478 = DIRECTION ( 'NONE',  ( -0.7071067811865429100, 8.659560562354876200E-017, 0.7071067811865522400 ) ) ;
#5479 = APPROVAL_DATE_TIME ( #5586, #3238 ) ;
#5480 = B_SPLINE_CURVE_WITH_KNOTS ( 'NONE', 3,
 ( #1169, #7312, #8889, #9681, #2718, #8151, #5107 ),
 .UNSPECIFIED., .F., .F.,
 ( 4, 3, 4 ),
 ( 0.0005204849250710206400, 0.0009002598162381901400, 0.0009544278593203504300 ),
 .UNSPECIFIED. ) ;
#5481 = DIRECTION ( 'NONE',  ( 1.000000000000000000, 0.0000000000000000000, 0.0000000000000000000 ) ) ;
#5482 = AXIS2_PLACEMENT_3D ( 'NONE', #5159, #9746, #8243 ) ;
#5483 = CARTESIAN_POINT ( 'NONE',  ( 0.05000000000000002400, -8.866160943272234400, -3.470139885832122400 ) ) ;
#5485 = CARTESIAN_POINT ( 'NONE',  ( -8.606028464958589200, -2.015555680706218000, -3.456597352396201500 ) ) ;
#5484 = AXIS2_PLACEMENT_3D ( 'NONE', #1786, #7174, #2592 ) ;
#5486 = CARTESIAN_POINT ( 'NONE',  ( 3.776025503095896200, -7.725759507633449100, -3.114323832567764700 ) ) ;
#5487 = EDGE_CURVE ( 'NONE', #3011, #9896, #5539, .T. ) ;
#5488 = SPHERICAL_SURFACE ( 'NONE', #1187, 2.450000000000000600 ) ;
#5489 = DIRECTION ( 'NONE',  ( -0.0000000000000000000, -0.0000000000000000000, 1.000000000000000000 ) ) ;
#5490 = ORIENTED_EDGE ( 'NONE', *, *, #8501, .T. ) ;
#5491 = CARTESIAN_POINT ( 'NONE',  ( -6.888653535670973900, -5.557470280312683600, 3.466570807216844900 ) ) ;
#5492 = CARTESIAN_POINT ( 'NONE',  ( 3.879820004569354700, -8.171767497885897000, -3.500000000000000000 ) ) ;
#5493 = CARTESIAN_POINT ( 'NONE',  ( 8.684623479167859400, 1.930922793491888400, -3.452421434499180400 ) ) ;
#5494 = CIRCLE ( 'NONE', #1935, 9.046037105128458900 ) ;
#5495 = CARTESIAN_POINT ( 'NONE',  ( 3.848021920683372800, 7.875261609230258300, -3.351299362948741800 ) ) ;
#5496 = CARTESIAN_POINT ( 'NONE',  ( 0.0000000000000000000, 0.0000000000000000000, -3.434921434499177600 ) ) ;
#5497 = VERTEX_POINT ( 'NONE', #1436 ) ;
#5498 = ORIENTED_EDGE ( 'NONE', *, *, #6790, .T. ) ;
#5499 = CARTESIAN_POINT ( 'NONE',  ( 0.05000000000000003100, 8.764959675655999800, 3.351299362948741800 ) ) ;
#5500 = CARTESIAN_POINT ( 'NONE',  ( 0.0000000000000000000, 0.0000000000000000000, -3.434921434499177600 ) ) ;
#5501 = CIRCLE ( 'NONE', #1056, 8.588813778810038700 ) ;
#5502 = CARTESIAN_POINT ( 'NONE',  ( -0.05000000000000002400, 8.844177403585215200, 3.462372291138045500 ) ) ;
#5503 = CARTESIAN_POINT ( 'NONE',  ( 3.898353220620494100, 7.979775630466988900, 3.466916208273112900 ) ) ;
#5504 = EDGE_CURVE ( 'NONE', #4993, #7837, #9829, .T. ) ;
#5505 = CARTESIAN_POINT ( 'NONE',  ( 3.860119801968660000, -8.130859605668742800, 3.272391413630715300 ) ) ;
#5506 = ORIENTED_EDGE ( 'NONE', *, *, #3713, .T. ) ;
#5507 = DIRECTION ( 'NONE',  ( 0.0000000000000000000, 0.0000000000000000000, 1.000000000000000000 ) ) ;
#5508 = ADVANCED_FACE ( 'NONE', ( #6841 ), #4803, .F. ) ;
#5509 = LINE ( 'NONE', #2331, #1906 ) ;
#5510 = CARTESIAN_POINT ( 'NONE',  ( 6.683716731970517500, 5.394038632959030200, 3.099533293948748100 ) ) ;
#5511 = CARTESIAN_POINT ( 'NONE',  ( 0.05000000000000002400, -8.862139442843751900, -3.469900311146004500 ) ) ;
#5512 = DIRECTION ( 'NONE',  ( -0.9009688679024158200, 0.4338837391175651700, 0.0000000000000000000 ) ) ;
#5513 = CARTESIAN_POINT ( 'NONE',  ( 0.0000000000000000000, 0.0000000000000000000, 3.500000000000000000 ) ) ;
#5514 = DIRECTION ( 'NONE',  ( 0.9749279121818212900, -0.2225209339563245500, 0.0000000000000000000 ) ) ;
#5515 = CARTESIAN_POINT ( 'NONE',  ( -8.485539612174493500, 1.885483199994417500, -3.247602129575368300 ) ) ;
#5516 = VERTEX_POINT ( 'NONE', #5980 ) ;
#5517 = EDGE_CURVE ( 'NONE', #1120, #8547, #9197, .T. ) ;
#5518 = FACE_OUTER_BOUND ( 'NONE', #7766, .T. ) ;
#5519 = CARTESIAN_POINT ( 'NONE',  ( -6.917884363807239400, -5.580781087886348900, 3.462472406546387200 ) ) ;
#5520 = ORIENTED_EDGE ( 'NONE', *, *, #1607, .F. ) ;
#5521 = CARTESIAN_POINT ( 'NONE',  ( 8.604868042990053900, 2.015290821964419900, -3.454996609771464800 ) ) ;
#5522 = AXIS2_PLACEMENT_3D ( 'NONE', #517, #9010, #559 ) ;
#5523 = EDGE_CURVE ( 'NONE', #6931, #9135, #2519, .T. ) ;
#5524 = ORIENTED_EDGE ( 'NONE', *, *, #9481, .T. ) ;
#5525 = CIRCLE ( 'NONE', #2492, 8.737285000697680100 ) ;
#5526 = CARTESIAN_POINT ( 'NONE',  ( 6.944136749132212600, 5.473811865808786900, 3.460296783607140100 ) ) ;
#5527 = DIRECTION ( 'NONE',  ( 0.0000000000000000000, 0.0000000000000000000, 1.000000000000000000 ) ) ;
#5528 = CIRCLE ( 'NONE', #5839, 8.588813778810038700 ) ;
#5529 = ORIENTED_EDGE ( 'NONE', *, *, #2233, .F. ) ;
#5530 = ORIENTED_EDGE ( 'NONE', *, *, #6569, .T. ) ;
#5531 = CARTESIAN_POINT ( 'NONE',  ( 0.05000000000000003100, 8.692348900455138900, 3.247602129575368800 ) ) ;
#5532 = DIRECTION ( 'NONE',  ( 1.000000000000000000, 0.0000000000000000000, 0.0000000000000000000 ) ) ;
#5534 = CYLINDRICAL_SURFACE ( 'NONE', #8718, 11.00000000000000000 ) ;
#5533 = AXIS2_PLACEMENT_3D ( 'NONE', #6991, #6200, #3108 ) ;
#5535 = CARTESIAN_POINT ( 'NONE',  ( -0.05000000000000002400, 8.862139442843751900, 3.469900311146004500 ) ) ;
#5536 = ORIENTED_EDGE ( 'NONE', *, *, #8312, .T. ) ;
#5537 = DIRECTION ( 'NONE',  ( 6.776263578034443400E-017, -1.000000000000000000, 0.0000000000000000000 ) ) ;
#5538 = AXIS2_PLACEMENT_3D ( 'NONE', #6321, #3229, #9329 ) ;
#5539 = B_SPLINE_CURVE_WITH_KNOTS ( 'NONE', 3,
 ( #7492, #9168, #2202, #8333, #2997, #3042, #3677 ),
 .UNSPECIFIED., .F., .F.,
 ( 4, 3, 4 ),
 ( 0.0008460917731560547900, 0.0009002598162382144300, 0.001280034707405372800 ),
 .UNSPECIFIED. ) ;
#5540 = ORIENTED_EDGE ( 'NONE', *, *, #4217, .T. ) ;
#5541 = EDGE_CURVE ( 'NONE', #2077, #5649, #9698, .T. ) ;
#5543 = DIRECTION ( 'NONE',  ( 0.0000000000000000000, 0.0000000000000000000, -1.000000000000000000 ) ) ;
#5542 = TOROIDAL_SURFACE ( 'NONE', #1585, 8.866382193656235700, 0.03500000000000000300 ) ;
#5544 = ORIENTED_EDGE ( 'NONE', *, *, #8998, .F. ) ;
#5545 = ORIENTED_EDGE ( 'NONE', *, *, #7086, .F. ) ;
#5546 = DIRECTION ( 'NONE',  ( 0.5000000000000016700, 6.123233995736787000E-017, -0.8660254037844377100 ) ) ;
#5547 = CARTESIAN_POINT ( 'NONE',  ( 0.0000000000000000000, 0.0000000000000000000, 3.193750000000000500 ) ) ;
#5548 = VERTEX_POINT ( 'NONE', #8253 ) ;
#5549 = CARTESIAN_POINT ( 'NONE',  ( 8.719441388652381200, 2.041441440450892500, -3.351032822740168400 ) ) ;
#5550 = EDGE_CURVE ( 'NONE', #2162, #3539, #4313, .T. ) ;
#5551 = EDGE_LOOP ( 'NONE', ( #6181, #1550, #6992, #4950, #3150, #9254 ) ) ;
#5552 = DIRECTION ( 'NONE',  ( -0.0000000000000000000, -0.0000000000000000000, 1.000000000000000000 ) ) ;
#5553 = CIRCLE ( 'NONE', #9224, 8.588813778810036900 ) ;
#5554 = ORIENTED_EDGE ( 'NONE', *, *, #4613, .F. ) ;
#5555 = CARTESIAN_POINT ( 'NONE',  ( -6.917447124507853900, 5.580432401180755300, -3.462633071500297100 ) ) ;
#5556 = ORIENTED_EDGE ( 'NONE', *, *, #4724, .T. ) ;
#5557 = CARTESIAN_POINT ( 'NONE',  ( 8.672891611396258000, 1.928245071230612700, -3.465025888964337500 ) ) ;
#5558 = VERTEX_POINT ( 'NONE', #3705 ) ;
#5559 = ADVANCED_FACE ( 'NONE', ( #8041 ), #5875, .F. ) ;
#5560 = ORIENTED_EDGE ( 'NONE', *, *, #4418, .T. ) ;
#5561 = TOROIDAL_SURFACE ( 'NONE', #7146, 8.866382193656235700, 0.03500000000000000300 ) ;
#5562 = CARTESIAN_POINT ( 'NONE',  ( 6.940963463542313900, 5.471281254995518300, 3.455541280135825400 ) ) ;
#5563 = ORIENTED_EDGE ( 'NONE', *, *, #8094, .F. ) ;
#5564 = CARTESIAN_POINT ( 'NONE',  ( -8.414749320523803500, -1.869325777874793400, -3.143904910697431300 ) ) ;
#5565 = CARTESIAN_POINT ( 'NONE',  ( -8.647171194634639200, 2.024946240273556100, 3.466916208273112900 ) ) ;
#5566 = DIRECTION ( 'NONE',  ( 1.000000000000000000, 0.0000000000000000000, 0.0000000000000000000 ) ) ;
#5567 = CARTESIAN_POINT ( 'NONE',  ( -0.05000000000000001000, 9.045898922017695300, -3.500000000000000000 ) ) ;
#5568 = CARTESIAN_POINT ( 'NONE',  ( -0.05000000000000002400, 8.837570431649497800, 3.454996609771464800 ) ) ;
#5569 = FACE_OUTER_BOUND ( 'NONE', #8777, .T. ) ;
#5570 = FACE_OUTER_BOUND ( 'NONE', #9391, .T. ) ;
#5571 = EDGE_CURVE ( 'NONE', #4030, #4846, #2035, .T. ) ;
#5572 = DIRECTION ( 'NONE',  ( 0.0000000000000000000, 0.0000000000000000000, 1.000000000000000000 ) ) ;
#5573 = ORIENTED_EDGE ( 'NONE', *, *, #7162, .T. ) ;
#5574 = CARTESIAN_POINT ( 'NONE',  ( -8.675175419594696200, 2.031338021876043500, -3.429674227117769800 ) ) ;
#5575 = CARTESIAN_POINT ( 'NONE',  ( 8.654993824190235300, -1.924160018094878100, -3.470139885832122400 ) ) ;
#5576 = CARTESIAN_POINT ( 'NONE',  ( -6.940665282085137600, -5.471043463218286700, -3.454996609771464800 ) ) ;
#5577 = DIRECTION ( 'NONE',  ( -1.000000000000000000, 0.0000000000000000000, 0.0000000000000000000 ) ) ;
#5578 = EDGE_CURVE ( 'NONE', #1001, #2123, #9810, .T. ) ;
#5579 = CARTESIAN_POINT ( 'NONE',  ( 0.0000000000000000000, 0.0000000000000000000, 3.193750000000000500 ) ) ;
#5580 = DIRECTION ( 'NONE',  ( 1.000000000000000000, 0.0000000000000000000, 0.0000000000000000000 ) ) ;
#5581 = VERTEX_POINT ( 'NONE', #5510 ) ;
#5582 = AXIS2_PLACEMENT_3D ( 'NONE', #1463, #9807, #5971 ) ;
#5583 = EDGE_CURVE ( 'NONE', #1726, #4487, #2410, .T. ) ;
#5584 = MANIFOLD_SOLID_BREP ( 'Mirror1', #3101 ) ;
#5585 = CARTESIAN_POINT ( 'NONE',  ( 0.0000000000000000000, 8.601156667459632000, -2.994533293948747700 ) ) ;
#5586 = DATE_AND_TIME ( #4983, #9065 ) ;
#5587 = CARTESIAN_POINT ( 'NONE',  ( 8.646792278083088600, 1.922288068715948000, -3.469100694293998800 ) ) ;
#5588 = ORIENTED_EDGE ( 'NONE', *, *, #6305, .T. ) ;
#5589 = AXIS2_PLACEMENT_3D ( 'NONE', #4850, #5613, #1041 ) ;
#5590 = CARTESIAN_POINT ( 'NONE',  ( 6.982221020360139400, 5.504183058648036900, 3.460240287494900500 ) ) ;
#5591 = CARTESIAN_POINT ( 'NONE',  ( -8.362206348396773200, -1.959904873688991500, 3.099533293948748100 ) ) ;
#5592 = AXIS2_PLACEMENT_3D ( 'NONE', #9238, #9283, #3981 ) ;
#5593 = CIRCLE ( 'NONE', #2521, 9.046037105128458900 ) ;
#5594 = CARTESIAN_POINT ( 'NONE',  ( 0.0000000000000000000, 0.0000000000000000000, 3.193750000000000500 ) ) ;
#5595 = EDGE_CURVE ( 'NONE', #4194, #9731, #14, .T. ) ;
#5596 = CARTESIAN_POINT ( 'NONE',  ( -0.05000000000000004400, -8.588668239434865000, -3.099533293948748100 ) ) ;
#5597 = PLANE ( 'NONE',  #2341 ) ;
#5598 = DIRECTION ( 'NONE',  ( 1.000000000000000000, 0.0000000000000000000, 0.0000000000000000000 ) ) ;
#5599 = DIRECTION ( 'NONE',  ( 0.0000000000000000000, 0.0000000000000000000, -1.000000000000000000 ) ) ;
#5600 = ORIENTED_EDGE ( 'NONE', *, *, #2397, .T. ) ;
#5601 = B_SPLINE_CURVE_WITH_KNOTS ( 'NONE', 3,
 ( #8353, #3770, #4503, #8282, #1426, #9849, #6838 ),
 .UNSPECIFIED., .F., .F.,
 ( 4, 3, 4 ),
 ( 0.0008460917731560547900, 0.0009002598162382144300, 0.001280034707405372800 ),
 .UNSPECIFIED. ) ;
#5602 = AXIS2_PLACEMENT_3D ( 'NONE', #8114, #2040, #3561 ) ;
#5603 = VECTOR ( 'NONE', #9361, 1000.000000000000000 ) ;
#5604 = CARTESIAN_POINT ( 'NONE',  ( -6.746065712156426900, -5.315855484712181500, -3.099533293948748100 ) ) ;
#5606 = CARTESIAN_POINT ( 'NONE',  ( 0.0000000000000000000, 0.0000000000000000000, -2.758752104430781200 ) ) ;
#5605 = AXIS2_PLACEMENT_3D ( 'NONE', #4324, #2742, #5770 ) ;
#5607 = DIRECTION ( 'NONE',  ( -0.4338837391175525700, 0.9009688679024218100, 0.0000000000000000000 ) ) ;
#5608 = VERTEX_POINT ( 'NONE', #6163 ) ;
#5609 = VECTOR ( 'NONE', #2820, 999.9999999999998900 ) ;
#5610 = CARTESIAN_POINT ( 'NONE',  ( 3.789946096564181600, 7.985142404919435500, 3.456597352396201500 ) ) ;
#5611 = ADVANCED_FACE ( 'NONE', ( #378 ), #1578, .F. ) ;
#5612 = CARTESIAN_POINT ( 'NONE',  ( 8.384458441792379100, -1.862412082470922300, -3.099533293948748100 ) ) ;
#5613 = DIRECTION ( 'NONE',  ( 0.0000000000000000000, 0.0000000000000000000, -1.000000000000000000 ) ) ;
#5614 = VERTEX_POINT ( 'NONE', #3138 ) ;
#5615 = VERTEX_POINT ( 'NONE', #6922 ) ;
#5616 = FACE_OUTER_BOUND ( 'NONE', #3665, .T. ) ;
#5617 = B_SPLINE_CURVE_WITH_KNOTS ( 'NONE', 3,
 ( #1285, #9644, #6637, #1979, #1309, #2833, #7333, #4384, #8132, #3553, #5016, #5092, #2770, #8960, #6690, #5796, #2731, #8935, #8170, #550, #503, #2106, #8108, #3523, #6665 ),
 .UNSPECIFIED., .F., .F.,
 ( 4, 3, 3, 3, 3, 3, 3, 3, 4 ),
 ( 0.0001509499138714748300, 0.0001527764003826867800, 0.0001645282963311839000, 0.0001762803579144514500, 0.0001880325997012799300, 0.0001997849575937750800, 0.0002115373162334721900, 0.0002188290956692535500, 0.0002208042975641505200 ),
 .UNSPECIFIED. ) ;
#5618 = CARTESIAN_POINT ( 'NONE',  ( -8.684623479167832700, 1.930922793492005900, -3.452421434499180400 ) ) ;
#5619 = CARTESIAN_POINT ( 'NONE',  ( 0.0000000000000000000, 0.0000000000000000000, -3.099533293948747700 ) ) ;
#5620 = EDGE_CURVE ( 'NONE', #6735, #9271, #3849, .T. ) ;
#5621 = DIRECTION ( 'NONE',  ( -0.0000000000000000000, -0.0000000000000000000, 1.000000000000000000 ) ) ;
#5622 = CARTESIAN_POINT ( 'NONE',  ( -6.986779382597083200, -5.507818231228810600, -3.452421434499180400 ) ) ;
#5623 = ORIENTED_EDGE ( 'NONE', *, *, #6378, .T. ) ;
#5624 = CARTESIAN_POINT ( 'NONE',  ( -8.807973303152723000, -2.061648272210801800, 3.193750000000000100 ) ) ;
#5625 = LINE ( 'NONE', #1729, #1679 ) ;
#5626 = ORIENTED_EDGE ( 'NONE', *, *, #7460, .F. ) ;
#5627 = EDGE_CURVE ( 'NONE', #3721, #3862, #6258, .T. ) ;
#5628 = PLANE ( 'NONE',  #5403 ) ;
#5629 = VERTEX_POINT ( 'NONE', #2427 ) ;
#5630 = AXIS2_PLACEMENT_3D ( 'NONE', #332, #8826, #5686 ) ;
#5631 = TOROIDAL_SURFACE ( 'NONE', #2814, 7.500000000000000000, 2.450000000000001100 ) ;
#5632 = CARTESIAN_POINT ( 'NONE',  ( 0.0000000000000000000, 0.0000000000000000000, 2.994533293948747700 ) ) ;
#5633 = CARTESIAN_POINT ( 'NONE',  ( -3.808256333830139200, 8.023164004378799100, 3.466916208273112900 ) ) ;
#5634 = VECTOR ( 'NONE', #9568, 1000.000000000000000 ) ;
#5635 = CARTESIAN_POINT ( 'NONE',  ( 8.670907408394962000, 2.030363876170957500, -3.437256629622304200 ) ) ;
#5636 = ORIENTED_EDGE ( 'NONE', *, *, #7185, .F. ) ;
#5637 = EDGE_LOOP ( 'NONE', ( #6593, #2768 ) ) ;
#5638 = CARTESIAN_POINT ( 'NONE',  ( -6.746065712156426900, -5.315855484712181500, -3.094141646974374100 ) ) ;
#5639 = CIRCLE ( 'NONE', #3930, 2.450000000000000600 ) ;
#5640 = AXIS2_PLACEMENT_3D ( 'NONE', #9180, #4593, #9912 ) ;
#5641 = VERTEX_POINT ( 'NONE', #3205 ) ;
#5642 = CARTESIAN_POINT ( 'NONE',  ( 0.0000000000000000000, 0.0000000000000000000, -3.454996609771464400 ) ) ;
#5643 = CIRCLE ( 'NONE', #5522, 4.000000000000000000 ) ;
#5644 = CARTESIAN_POINT ( 'NONE',  ( -5.863736118510165500, 4.676173513940574000, -3.092233167847068000E-016 ) ) ;
#5645 = ORIENTED_EDGE ( 'NONE', *, *, #7821, .F. ) ;
#5646 = CARTESIAN_POINT ( 'NONE',  ( -3.792296317891512100, -7.990022689792177800, -3.462372291138045900 ) ) ;
#5647 = AXIS2_PLACEMENT_3D ( 'NONE', #3787, #8504, #1549 ) ;
#5648 = LINE ( 'NONE', #7736, #6379 ) ;
#5649 = VERTEX_POINT ( 'NONE', #8568 ) ;
#5650 = EDGE_CURVE ( 'NONE', #8864, #2143, #748, .T. ) ;
#5651 = ORIENTED_EDGE ( 'NONE', *, *, #2329, .F. ) ;
#5652 = EDGE_LOOP ( 'NONE', ( #4089, #106, #4813, #9287 ) ) ;
#5653 = CARTESIAN_POINT ( 'NONE',  ( -8.683130557623538700, 1.930582043891743600, -3.455073707654065600 ) ) ;
#5654 = ORIENTED_EDGE ( 'NONE', *, *, #8246, .F. ) ;
#5655 = CARTESIAN_POINT ( 'NONE',  ( 6.827126517065100800, -5.380499319508385400, 3.247602129575368300 ) ) ;
#5656 = ORIENTED_EDGE ( 'NONE', *, *, #3850, .T. ) ;
#5657 = DIRECTION ( 'NONE',  ( 6.776263578034444600E-017, 1.000000000000000000, 0.0000000000000000000 ) ) ;
#5658 = CARTESIAN_POINT ( 'NONE',  ( -3.902588241884666700, -7.988569742736841800, 3.460240287494900500 ) ) ;
#5659 = AXIS2_PLACEMENT_3D ( 'NONE', #2891, #8228, #4401 ) ;
#5660 = VECTOR ( 'NONE', #3478, 1000.000000000000000 ) ;
#5661 = VERTEX_POINT ( 'NONE', #2461 ) ;
#5662 = CARTESIAN_POINT ( 'NONE',  ( -3.814602625722058000, 8.036342215281264200, -3.453994494324953200 ) ) ;
#5663 = ORIENTED_EDGE ( 'NONE', *, *, #6784, .F. ) ;
#5664 = ADVANCED_FACE ( 'NONE', ( #8154 ), #5631, .F. ) ;
#5665 = EDGE_LOOP ( 'NONE', ( #7068, #6271, #4690, #1008, #1453, #6483 ) ) ;
#5666 = AXIS2_PLACEMENT_3D ( 'NONE', #4845, #8021, #8788 ) ;
#5667 = ORIENTED_EDGE ( 'NONE', *, *, #4693, .F. ) ;
#5668 = EDGE_CURVE ( 'NONE', #6748, #2240, #3598, .T. ) ;
#5669 = ORIENTED_EDGE ( 'NONE', *, *, #816, .F. ) ;
#5670 = DIRECTION ( 'NONE',  ( 1.000000000000000000, 0.0000000000000000000, 0.0000000000000000000 ) ) ;
#5671 = CARTESIAN_POINT ( 'NONE',  ( -3.888281473680893700, -7.958861432445908200, -3.469100694293998800 ) ) ;
#5672 = CLOSED_SHELL ( 'NONE', ( #8837, #6119 ) ) ;
#5673 = FACE_OUTER_BOUND ( 'NONE', #4252, .T. ) ;
#5674 = ORIENTED_EDGE ( 'NONE', *, *, #2168, .T. ) ;
#5675 = CARTESIAN_POINT ( 'NONE',  ( 0.0000000000000000000, 0.0000000000000000000, -7.960204194457796500E-016 ) ) ;
#5676 = CARTESIAN_POINT ( 'NONE',  ( 3.879879959974195100, 8.171891996566738900, 3.094141646974374100 ) ) ;
#5677 = VERTEX_POINT ( 'NONE', #6448 ) ;
#5678 = ORIENTED_EDGE ( 'NONE', *, *, #5504, .F. ) ;
#5679 = ORIENTED_EDGE ( 'NONE', *, *, #3579, .F. ) ;
#5680 = EDGE_CURVE ( 'NONE', #2458, #1606, #3942, .T. ) ;
#5681 = AXIS2_PLACEMENT_3D ( 'NONE', #2377, #857, #5393 ) ;
#5682 = FACE_OUTER_BOUND ( 'NONE', #98, .T. ) ;
#5683 = LINE ( 'NONE', #7457, #3410 ) ;
#5684 = CARTESIAN_POINT ( 'NONE',  ( 6.746065712156391400, 5.315855484712227700, -3.500000000000000000 ) ) ;
#5685 = CARTESIAN_POINT ( 'NONE',  ( 0.05000000000000002400, 8.873523803643941200, 3.469378817057675600 ) ) ;
#5686 = DIRECTION ( 'NONE',  ( -1.000000000000000000, -8.881784197001252300E-016, 0.0000000000000000000 ) ) ;
#5687 = DIRECTION ( 'NONE',  ( 0.0000000000000000000, 0.0000000000000000000, -1.000000000000000000 ) ) ;
#5688 = ORIENTED_EDGE ( 'NONE', *, *, #4165, .T. ) ;
#5689 = ADVANCED_FACE ( 'NONE', ( #9467 ), #1330, .T. ) ;
#5690 = DIRECTION ( 'NONE',  ( 0.0000000000000000000, 0.0000000000000000000, -1.000000000000000000 ) ) ;
#5691 = FACE_OUTER_BOUND ( 'NONE', #3766, .T. ) ;
#5692 = EDGE_CURVE ( 'NONE', #1759, #7443, #1691, .T. ) ;
#5693 = DIRECTION ( 'NONE',  ( 0.7818314824680352400, 0.6234898018587267100, 0.0000000000000000000 ) ) ;
#5694 = ORIENTED_EDGE ( 'NONE', *, *, #3418, .F. ) ;
#5695 = CARTESIAN_POINT ( 'NONE',  ( -3.893398084003624400, -7.969486183258980300, 3.469985047562924100 ) ) ;
#5696 = CARTESIAN_POINT ( 'NONE',  ( 7.103651090456297700, -5.601020308159927000, -3.094141646974374100 ) ) ;
#5697 = DIRECTION ( 'NONE',  ( -0.0000000000000000000, -0.0000000000000000000, 1.000000000000000000 ) ) ;
#5698 = EDGE_CURVE ( 'NONE', #9377, #5154, #8284, .T. ) ;
#5699 = DIRECTION ( 'NONE',  ( -0.2225209339563114800, 0.9749279121818242900, 0.0000000000000000000 ) ) ;
#5700 = ORIENTED_EDGE ( 'NONE', *, *, #4083, .T. ) ;
#5701 = EDGE_CURVE ( 'NONE', #8874, #8455, #2294, .T. ) ;
#5702 = CARTESIAN_POINT ( 'NONE',  ( -0.05000000000000002400, -8.880961487660952600, 3.466916208273112900 ) ) ;
#5703 = DIRECTION ( 'NONE',  ( -0.4338837391175590600, -0.9009688679024187000, -0.0000000000000000000 ) ) ;
#5704 = VECTOR ( 'NONE', #5193, 1000.000000000000000 ) ;
#5705 = CARTESIAN_POINT ( 'NONE',  ( -6.886067688689508700, -5.555408136157241800, -3.464471549642479200 ) ) ;
#5706 = AXIS2_PLACEMENT_3D ( 'NONE', #780, #9817, #2890 ) ;
#5707 = EDGE_CURVE ( 'NONE', #7229, #510, #2867, .T. ) ;
#5708 = DIRECTION ( 'NONE',  ( -0.2225209339566548700, 0.9749279121817460100, 0.0000000000000000000 ) ) ;
#5709 = ADVANCED_FACE ( 'NONE', ( #7680 ), #2879, .T. ) ;
#5710 = CARTESIAN_POINT ( 'NONE',  ( 0.0000000000000000000, 0.0000000000000000000, -3.434921434499177600 ) ) ;
#5711 = CARTESIAN_POINT ( 'NONE',  ( 7.032545971489095200, -5.544315867970264700, 3.351032822740168400 ) ) ;
#5712 = CARTESIAN_POINT ( 'NONE',  ( 7.005695535894927800, 5.650808160872931500, 3.272391413630716200 ) ) ;
#5713 = CARTESIAN_POINT ( 'NONE',  ( -3.820719386415808200, 8.049043799739548500, -3.429674227117769800 ) ) ;
#5714 = FACE_OUTER_BOUND ( 'NONE', #3476, .T. ) ;
#5715 = AXIS2_PLACEMENT_3D ( 'NONE', #4657, #2405, #9147 ) ;
#5716 = ORIENTED_EDGE ( 'NONE', *, *, #1937, .F. ) ;
#5717 = DIRECTION ( 'NONE',  ( 0.0000000000000000000, 0.0000000000000000000, -1.000000000000000000 ) ) ;
#5718 = AXIS2_PLACEMENT_3D ( 'NONE', #5011, #8763, #4275 ) ;
#5719 = CARTESIAN_POINT ( 'NONE',  ( -8.684623479167871800, -1.930922793491831400, 3.452421434499180400 ) ) ;
#5720 = EDGE_CURVE ( 'NONE', #7953, #3263, #4328, .T. ) ;
#5721 = CARTESIAN_POINT ( 'NONE',  ( 3.793483400516447300, -7.992487692262637100, -3.464362763198132600 ) ) ;
#5722 = LINE ( 'NONE', #3592, #7770 ) ;
#5723 = CARTESIAN_POINT ( 'NONE',  ( -8.384458441792405700, -1.862412082470809000, 3.094141646974374100 ) ) ;
#5724 = CARTESIAN_POINT ( 'NONE',  ( -3.969976846764321700, 8.128503622655038900, -3.094141646974374100 ) ) ;
#5725 = ADVANCED_FACE ( 'NONE', ( #862 ), #4092, .T. ) ;
#5726 = DIRECTION ( 'NONE',  ( 0.6234898018585320900, 0.7818314824681904500, 0.0000000000000000000 ) ) ;
#5727 = ORIENTED_EDGE ( 'NONE', *, *, #7168, .F. ) ;
#5728 = EDGE_CURVE ( 'NONE', #7535, #5058, #8740, .T. ) ;
#5729 = EDGE_LOOP ( 'NONE', ( #2308, #1016, #1669, #8321 ) ) ;
#5730 = DIRECTION ( 'NONE',  ( 0.0000000000000000000, 0.0000000000000000000, -1.000000000000000000 ) ) ;
#5731 = CIRCLE ( 'NONE', #8440, 8.588813778810038700 ) ;
#5732 = DIRECTION ( 'NONE',  ( 1.000000000000000000, 0.0000000000000000000, 0.0000000000000000000 ) ) ;
#5733 = CARTESIAN_POINT ( 'NONE',  ( 6.917884363807200300, 5.580781087886396800, 3.462472406546387200 ) ) ;
#5734 = CARTESIAN_POINT ( 'NONE',  ( 0.0000000000000000000, 0.0000000000000000000, 2.975000000000005400 ) ) ;
#5735 = CARTESIAN_POINT ( 'NONE',  ( -6.970196991303178700, 5.622499016217120400, -3.351032822740167600 ) ) ;
#5736 = CARTESIAN_POINT ( 'NONE',  ( -6.897525128344042900, -5.564545139386458700, -3.469900311146004500 ) ) ;
#5737 = VERTEX_POINT ( 'NONE', #7959 ) ;
#5738 = CARTESIAN_POINT ( 'NONE',  ( 8.653663380659780900, -2.026428039368262500, -3.462633071500297100 ) ) ;
#5739 = FACE_OUTER_BOUND ( 'NONE', #3624, .T. ) ;
#5740 = CARTESIAN_POINT ( 'NONE',  ( 0.0000000000000000000, 0.0000000000000000000, 3.500000000000000000 ) ) ;
#5741 = CARTESIAN_POINT ( 'NONE',  ( 0.05000000000000002400, 8.843897948390175400, 3.461862008941933000 ) ) ;
#5742 = CARTESIAN_POINT ( 'NONE',  ( 0.0000000000000000000, 0.0000000000000000000, -3.500000000000000400 ) ) ;
#5743 = CARTESIAN_POINT ( 'NONE',  ( -3.801834618289955200, -8.009829174656479400, -3.470139885832122400 ) ) ;
#5744 = DIRECTION ( 'NONE',  ( 1.000000000000000000, 0.0000000000000000000, 0.0000000000000000000 ) ) ;
#5745 = ORIENTED_EDGE ( 'NONE', *, *, #6069, .T. ) ;
#5746 = CARTESIAN_POINT ( 'NONE',  ( 6.821546926897705800, 5.503954545597936800, -3.351299362948741800 ) ) ;
#5747 = FACE_OUTER_BOUND ( 'NONE', #113, .T. ) ;
#5748 = VERTEX_POINT ( 'NONE', #2591 ) ;
#5749 = EDGE_CURVE ( 'NONE', #276, #6527, #8980, .T. ) ;
#5750 = ORIENTED_EDGE ( 'NONE', *, *, #1872, .F. ) ;
#5751 = CARTESIAN_POINT ( 'NONE',  ( -8.662172082280136500, -1.925798408661262700, 3.469378817057676000 ) ) ;
#5752 = CARTESIAN_POINT ( 'NONE',  ( 3.799902305093663600, -8.005816684959784300, -3.469846945119945800 ) ) ;
#5753 = CARTESIAN_POINT ( 'NONE',  ( -8.688891490516550000, -1.931896939230790300, 3.444839032082838100 ) ) ;
#5754 = CONICAL_SURFACE ( 'NONE', #1796, 9.046037105128458900, 0.5235987755983011500 ) ;
#5755 = CARTESIAN_POINT ( 'NONE',  ( 8.362206348396748400, -1.959904873689104700, -3.099533293948748100 ) ) ;
#5756 = CARTESIAN_POINT ( 'NONE',  ( -8.905600812942541500, 2.083931114241475600, 3.500000000000000400 ) ) ;
#5757 = ORIENTED_EDGE ( 'NONE', *, *, #7460, .T. ) ;
#5758 = ADVANCED_FACE ( 'NONE', ( #4448 ), #6722, .F. ) ;
#5759 = FACE_OUTER_BOUND ( 'NONE', #9783, .T. ) ;
#5760 = EDGE_CURVE ( 'NONE', #1818, #6605, #4917, .T. ) ;
#5761 = CIRCLE ( 'NONE', #800, 8.588813778810038700 ) ;
#5762 = VERTEX_POINT ( 'NONE', #1955 ) ;
#5763 = DIRECTION ( 'NONE',  ( 0.0000000000000000000, 0.0000000000000000000, -1.000000000000000000 ) ) ;
#5764 = CARTESIAN_POINT ( 'NONE',  ( -0.05000000000000003100, -8.692348900455138900, -3.247602129575368800 ) ) ;
#5765 = EDGE_LOOP ( 'NONE', ( #3020, #8993, #6381, #3405, #6691, #4970 ) ) ;
#5766 = VERTEX_POINT ( 'NONE', #8880 ) ;
#5767 = AXIS2_PLACEMENT_3D ( 'NONE', #9684, #6587, #5819 ) ;
#5768 = DIRECTION ( 'NONE',  ( 1.000000000000000000, 0.0000000000000000000, 0.0000000000000000000 ) ) ;
#5769 = EDGE_CURVE ( 'NONE', #6605, #9190, #877, .T. ) ;
#5770 = DIRECTION ( 'NONE',  ( 0.7818314824680268100, -0.6234898018587372600, 0.0000000000000000000 ) ) ;
#5771 = DIRECTION ( 'NONE',  ( 0.0000000000000000000, 0.0000000000000000000, -1.000000000000000000 ) ) ;
#5772 = ORIENTED_EDGE ( 'NONE', *, *, #8162, .T. ) ;
#5773 = CARTESIAN_POINT ( 'NONE',  ( 0.0000000000000000000, 7.500000000000000000, -3.092233167847068000E-016 ) ) ;
#5774 = ORIENTED_EDGE ( 'NONE', *, *, #6662, .F. ) ;
#5775 = DIRECTION ( 'NONE',  ( 0.9749279121818226200, -0.2225209339563182500, 0.0000000000000000000 ) ) ;
#5776 = TOROIDAL_SURFACE ( 'NONE', #4554, 8.866382193656235700, 0.03500000000000000300 ) ;
#5777 = VERTEX_POINT ( 'NONE', #6477 ) ;
#5778 = VERTEX_POINT ( 'NONE', #1986 ) ;
#5779 = CARTESIAN_POINT ( 'NONE',  ( 8.650639518000613000, -2.025737862448855300, -3.465025888964337500 ) ) ;
#5780 = ORIENTED_EDGE ( 'NONE', *, *, #4379, .F. ) ;
#5781 = EDGE_LOOP ( 'NONE', ( #7218, #3741, #3221, #1961 ) ) ;
#5782 = DIRECTION ( 'NONE',  ( 1.000000000000000000, 0.0000000000000000000, 0.0000000000000000000 ) ) ;
#5783 = CARTESIAN_POINT ( 'NONE',  ( 3.815021055286684800, -8.037211093225025100, -3.452421434499180400 ) ) ;
#5784 = ADVANCED_FACE ( 'NONE', ( #2048 ), #8755, .T. ) ;
#5785 = AXIS2_PLACEMENT_3D ( 'NONE', #2263, #8401, #2300 ) ;
#5786 = B_SPLINE_CURVE_WITH_KNOTS ( 'NONE', 3,
 ( #3357, #8881, #5809, #481, #2044, #3563, #3588, #4288, #5102, #429, #386, #7351, #2013, #9616, #2711, #3460, #8086, #5733, #1164, #7378, #2784, #8116 ),
 .UNSPECIFIED., .F., .F.,
 ( 4, 3, 3, 3, 3, 3, 3, 4 ),
 ( 0.0002168574548798330600, 0.0002188290334246882800, 0.0002305812013871275400, 0.0002423333607551997600, 0.0002540856419916185900, 0.0002658380091482382800, 0.0002775903405257901100, 0.0002867718163053232600 ),
 .UNSPECIFIED. ) ;
#5787 = EDGE_LOOP ( 'NONE', ( #2278, #6467, #1486, #6001, #7240, #4178 ) ) ;
#5788 = EDGE_CURVE ( 'NONE', #5748, #4558, #730, .T. ) ;
#5789 = FACE_OUTER_BOUND ( 'NONE', #3480, .T. ) ;
#5790 = ORIENTED_EDGE ( 'NONE', *, *, #8494, .T. ) ;
#5791 = DIRECTION ( 'NONE',  ( 1.000000000000000000, 0.0000000000000000000, 0.0000000000000000000 ) ) ;
#5792 = CARTESIAN_POINT ( 'NONE',  ( 4.013365220676191400, 8.218600509445224100, 3.500000000000000400 ) ) ;
#5793 = ORIENTED_EDGE ( 'NONE', *, *, #1937, .T. ) ;
#5794 = DIRECTION ( 'NONE',  ( 1.000000000000000000, 0.0000000000000000000, 0.0000000000000000000 ) ) ;
#5795 = VERTEX_POINT ( 'NONE', #3533 ) ;
#5796 = CARTESIAN_POINT ( 'NONE',  ( 0.05000000000000002400, 8.854075290523239200, -3.467739038050325000 ) ) ;
#5797 = AXIS2_PLACEMENT_3D ( 'NONE', #6016, #2963, #9858 ) ;
#5798 = CARTESIAN_POINT ( 'NONE',  ( -8.741693482048026100, -1.943948649232653000, -3.351032822740168000 ) ) ;
#5799 = VERTEX_POINT ( 'NONE', #2650 ) ;
#5800 = CARTESIAN_POINT ( 'NONE',  ( 3.815021055286684800, -8.037211093225025100, 3.452421434499180400 ) ) ;
#5801 = FACE_OUTER_BOUND ( 'NONE', #3198, .T. ) ;
#5802 = FACE_OUTER_BOUND ( 'NONE', #2530, .T. ) ;
#5803 = AXIS2_PLACEMENT_3D ( 'NONE', #340, #6405, #4911 ) ;
#5804 = EDGE_LOOP ( 'NONE', ( #244, #7648, #4132, #5669 ) ) ;
#5805 = CARTESIAN_POINT ( 'NONE',  ( -0.05000000000000001700, 8.905308122385132900, -3.437256629622304200 ) ) ;
#5807 = CARTESIAN_POINT ( 'NONE',  ( 6.986538948050996300, 5.507626491076615900, -3.452954079042413600 ) ) ;
#5806 = CARTESIAN_POINT ( 'NONE',  ( -3.882271953616813800, -7.946382535449714600, -3.461862008941933000 ) ) ;
#5808 = CARTESIAN_POINT ( 'NONE',  ( 0.0000000000000000000, 0.0000000000000000000, 3.500000000000000000 ) ) ;
#5809 = CARTESIAN_POINT ( 'NONE',  ( 6.878924930671488800, 5.549711976714722700, 3.456075294419946400 ) ) ;
#5810 = PLANE ( 'NONE',  #5252 ) ;
#5811 = FACE_OUTER_BOUND ( 'NONE', #377, .T. ) ;
#5812 = CARTESIAN_POINT ( 'NONE',  ( -3.785012642412569800, 7.744421494718635800, -3.143904910697430800 ) ) ;
#5813 = CIRCLE ( 'NONE', #2498, 11.00000000000000000 ) ;
#5814 = ORIENTED_EDGE ( 'NONE', *, *, #9310, .F. ) ;
#5815 = CARTESIAN_POINT ( 'NONE',  ( 8.617377996965249300, -2.018146137324242900, -3.466377381984354400 ) ) ;
#5816 = CARTESIAN_POINT ( 'NONE',  ( 8.684623479167845200, -1.930922793491949100, 3.452421434499180400 ) ) ;
#5817 = ADVANCED_FACE ( 'NONE', ( #622 ), #263, .T. ) ;
#5818 = CARTESIAN_POINT ( 'NONE',  ( 0.05000000000000002400, 8.838348897068080100, 3.456075294419946400 ) ) ;
#5819 = DIRECTION ( 'NONE',  ( -0.2225209339563182200, -0.9749279121818227300, -0.0000000000000000000 ) ) ;
#5820 = CARTESIAN_POINT ( 'NONE',  ( -6.927853081768559700, -5.588730875181777700, -3.444839032082838600 ) ) ;
#5821 = CARTESIAN_POINT ( 'NONE',  ( 3.860119801968660000, -8.130859605668742800, -3.272391413630715300 ) ) ;
#5822 = EDGE_LOOP ( 'NONE', ( #5198, #9263 ) ) ;
#5823 = DIRECTION ( 'NONE',  ( -0.9749279121818212900, 0.2225209339563245500, 0.0000000000000000000 ) ) ;
#5824 = CARTESIAN_POINT ( 'NONE',  ( 6.878316301899227300, 5.549226611465136300, -3.454996609771464800 ) ) ;
#5825 = EDGE_CURVE ( 'NONE', #1320, #149, #6707, .T. ) ;
#5826 = DIRECTION ( 'NONE',  ( 1.000000000000000000, 0.0000000000000000000, 0.0000000000000000000 ) ) ;
#5827 = CARTESIAN_POINT ( 'NONE',  ( 0.0000000000000000000, 0.0000000000000000000, -3.376256313292342400 ) ) ;
#5828 = CARTESIAN_POINT ( 'NONE',  ( 3.814748050727637000, -8.036644193416801600, 3.453478796700601500 ) ) ;
#5829 = VERTEX_POINT ( 'NONE', #4157 ) ;
#5830 = ADVANCED_FACE ( 'NONE', ( #365 ), #2629, .F. ) ;
#5831 = CARTESIAN_POINT ( 'NONE',  ( 3.811388277930510600, 8.029667553315800200, -3.462472406546387200 ) ) ;
#5833 = CARTESIAN_POINT ( 'NONE',  ( -0.05000000000000002400, -8.837570431649497800, -3.454996609771464800 ) ) ;
#5832 = CARTESIAN_POINT ( 'NONE',  ( -0.05000000000000002400, 8.837570431649497800, -3.454996609771464800 ) ) ;
#5834 = DIRECTION ( 'NONE',  ( -0.0000000000000000000, -0.0000000000000000000, 1.000000000000000000 ) ) ;
#5835 = CARTESIAN_POINT ( 'NONE',  ( -6.990202061954433600, -5.510547726934975200, -3.444839032082838600 ) ) ;
#5836 = VERTEX_POINT ( 'NONE', #3436 ) ;
#5837 = EDGE_CURVE ( 'NONE', #9832, #1606, #7025, .T. ) ;
#5838 = CARTESIAN_POINT ( 'NONE',  ( 3.882393204681643200, -7.946634315880476000, 3.462372291138045900 ) ) ;
#5839 = AXIS2_PLACEMENT_3D ( 'NONE', #9909, #8451, #9286 ) ;
#5840 = CIRCLE ( 'NONE', #5149, 8.588813778810038700 ) ;
#5841 = EDGE_CURVE ( 'NONE', #1351, #7391, #5643, .T. ) ;
#5842 = CARTESIAN_POINT ( 'NONE',  ( 8.613976714791579800, -2.017369816863542600, -3.464362763198132600 ) ) ;
#5843 = DIRECTION ( 'NONE',  ( -0.0000000000000000000, -0.0000000000000000000, -1.000000000000000000 ) ) ;
#5844 = CARTESIAN_POINT ( 'NONE',  ( 7.041302110270462000, 5.679203456406682400, -3.500000000000000400 ) ) ;
#5845 = CARTESIAN_POINT ( 'NONE',  ( -4.524999999999999500, 0.0000000000000000000, -3.500000000000000900 ) ) ;
#5846 = CARTESIAN_POINT ( 'NONE',  ( -3.816920499029517800, 8.041155328798748100, -3.444839032082838600 ) ) ;
#5847 = ORIENTED_EDGE ( 'NONE', *, *, #2104, .F. ) ;
#5848 = B_SPLINE_CURVE_WITH_KNOTS ( 'NONE', 3,
 ( #4580, #6924, #1542, #5350, #9201, #4623, #6124 ),
 .UNSPECIFIED., .F., .F.,
 ( 4, 3, 4 ),
 ( 0.0008460917731560547900, 0.0009002598162382145400, 0.001280034707405371900 ),
 .UNSPECIFIED. ) ;
#5849 = AXIS2_PLACEMENT_3D ( 'NONE', #494, #1279, #1379 ) ;
#5850 = FACE_BOUND ( 'NONE', #3895, .T. ) ;
#5851 = CARTESIAN_POINT ( 'NONE',  ( 0.0000000000000000000, 0.0000000000000000000, 3.094141646974374100 ) ) ;
#5852 = DIRECTION ( 'NONE',  ( 0.9749279121818227300, -0.2225209339563181700, 0.0000000000000000000 ) ) ;
#5853 = AXIS2_PLACEMENT_3D ( 'NONE', #7870, #2393, #7761 ) ;
#5854 = CARTESIAN_POINT ( 'NONE',  ( -8.681602063913612000, -1.930233175176623500, 3.457279025203407600 ) ) ;
#5855 = EDGE_CURVE ( 'NONE', #5766, #9150, #7932, .T. ) ;
#5856 = DIRECTION ( 'NONE',  ( -0.0000000000000000000, -0.0000000000000000000, 1.000000000000000000 ) ) ;
#5857 = EDGE_LOOP ( 'NONE', ( #8671, #1608, #6404, #558 ) ) ;
#5858 = DIRECTION ( 'NONE',  ( 1.000000000000000000, 0.0000000000000000000, 0.0000000000000000000 ) ) ;
#5859 = CARTESIAN_POINT ( 'NONE',  ( -3.789595138428147900, 7.984413632840947600, -3.455541280135826300 ) ) ;
#5860 = VECTOR ( 'NONE', #7265, 1000.000000000000000 ) ;
#5861 = ADVANCED_FACE ( 'NONE', ( #5889 ), #2411, .T. ) ;
#5862 = CARTESIAN_POINT ( 'NONE',  ( 8.463287518778887600, 1.982975991212485800, -3.247602129575368800 ) ) ;
#5863 = EDGE_CURVE ( 'NONE', #1677, #4582, #8516, .T. ) ;
#5865 = DIRECTION ( 'NONE',  ( 0.6234898018587267100, -0.7818314824680352400, -0.0000000000000000000 ) ) ;
#5864 = DIRECTION ( 'NONE',  ( -0.0000000000000000000, -0.0000000000000000000, 1.000000000000000000 ) ) ;
#5866 = EDGE_LOOP ( 'NONE', ( #9048, #5989, #1836, #4111 ) ) ;
#5867 = CARTESIAN_POINT ( 'NONE',  ( 8.653663380659780900, -2.026428039368262500, 3.462633071500297100 ) ) ;
#5868 = DIRECTION ( 'NONE',  ( -0.4338837391175527400, 0.9009688679024217000, 0.0000000000000000000 ) ) ;
#5869 = LINE ( 'NONE', #5346, #5262 ) ;
#5870 = CARTESIAN_POINT ( 'NONE',  ( 3.880042983354367300, -7.941754031007707000, 3.456597352396201500 ) ) ;
#5871 = ORIENTED_EDGE ( 'NONE', *, *, #4208, .T. ) ;
#5872 = CARTESIAN_POINT ( 'NONE',  ( 6.903311947890373700, -5.569159973981077100, 3.469985047562923700 ) ) ;
#5873 = CARTESIAN_POINT ( 'NONE',  ( -8.654470594800006500, -1.924040594400825900, -3.469915996672631000 ) ) ;
#5874 = ORIENTED_EDGE ( 'NONE', *, *, #387, .F. ) ;
#5875 = CYLINDRICAL_SURFACE ( 'NONE', #7438, 5.378237760728125300 ) ;
#5876 = CARTESIAN_POINT ( 'NONE',  ( 0.05000000000000004400, -8.599024861565366600, -3.114323832567764200 ) ) ;
#5877 = VECTOR ( 'NONE', #5089, 1000.000000000000000 ) ;
#5878 = CARTESIAN_POINT ( 'NONE',  ( 6.878614483356402700, -5.549464403242367000, -3.455541280135825400 ) ) ;
#5879 = ORIENTED_EDGE ( 'NONE', *, *, #3983, .T. ) ;
#5880 = DIRECTION ( 'NONE',  ( 0.0000000000000000000, 0.0000000000000000000, -1.000000000000000000 ) ) ;
#5881 = DIRECTION ( 'NONE',  ( -0.0000000000000000000, -0.0000000000000000000, 1.000000000000000000 ) ) ;
#5882 = ADVANCED_FACE ( 'NONE', ( #9253 ), #583, .T. ) ;
#5883 = VERTEX_POINT ( 'NONE', #2815 ) ;
#5884 = VECTOR ( 'NONE', #5243, 1000.000000000000000 ) ;
#5885 = DIRECTION ( 'NONE',  ( 0.2225209339563114800, -0.9749279121818244000, 0.0000000000000000000 ) ) ;
#5886 = ORIENTED_EDGE ( 'NONE', *, *, #5048, .T. ) ;
#5887 = CARTESIAN_POINT ( 'NONE',  ( -3.681435046371154000, -7.759816887428941700, -3.500000000000000000 ) ) ;
#5888 = EDGE_CURVE ( 'NONE', #4673, #5986, #609, .T. ) ;
#5889 = FACE_OUTER_BOUND ( 'NONE', #2680, .T. ) ;
#5890 = PLANE ( 'NONE',  #2379 ) ;
#5891 = ORIENTED_EDGE ( 'NONE', *, *, #8792, .F. ) ;
#5892 = CARTESIAN_POINT ( 'NONE',  ( 0.0000000000000000000, 0.0000000000000000000, 3.452421434499180400 ) ) ;
#5893 = LINE ( 'NONE', #1991, #9714 ) ;
#5894 = CARTESIAN_POINT ( 'NONE',  ( 0.0000000000000000000, 0.0000000000000000000, -3.434921434499177600 ) ) ;
#5895 = ORIENTED_EDGE ( 'NONE', *, *, #102, .T. ) ;
#5896 = CARTESIAN_POINT ( 'NONE',  ( 5.378237760728125300, 0.0000000000000000000, -3.376256313292342400 ) ) ;
#5897 = ORIENTED_EDGE ( 'NONE', *, *, #7033, .T. ) ;
#5898 = EDGE_CURVE ( 'NONE', #4075, #3400, #936, .T. ) ;
#5899 = ORIENTED_EDGE ( 'NONE', *, *, #5627, .T. ) ;
#5900 = CARTESIAN_POINT ( 'NONE',  ( 3.789595138428261600, 7.984413632840895200, -3.455541280135826300 ) ) ;
#5901 = DIRECTION ( 'NONE',  ( -0.0000000000000000000, -0.0000000000000000000, 1.000000000000000000 ) ) ;
#5902 = ORIENTED_EDGE ( 'NONE', *, *, #3075, .F. ) ;
#5903 = AXIS2_PLACEMENT_3D ( 'NONE', #8350, #6043, #7542 ) ;
#5904 = VECTOR ( 'NONE', #1548, 1000.000000000000000 ) ;
#5905 = ORIENTED_EDGE ( 'NONE', *, *, #4217, .F. ) ;
#5906 = CARTESIAN_POINT ( 'NONE',  ( -8.534077790247378600, -1.999133408725416000, 3.351299362948740900 ) ) ;
#5907 = EDGE_CURVE ( 'NONE', #1001, #3972, #815, .T. ) ;
#5908 = VERTEX_POINT ( 'NONE', #6003 ) ;
#5909 = CARTESIAN_POINT ( 'NONE',  ( -0.05000000000000003700, -8.588668239434865000, -3.500000000000000000 ) ) ;
#5910 = DIRECTION ( 'NONE',  ( 1.000000000000000000, -3.552713678800500900E-015, 0.0000000000000000000 ) ) ;
#5911 = VERTEX_POINT ( 'NONE', #6608 ) ;
#5912 = ORIENTED_EDGE ( 'NONE', *, *, #1626, .T. ) ;
#5913 = PLANE ( 'NONE',  #1571 ) ;
#5914 = ORIENTED_EDGE ( 'NONE', *, *, #3936, .T. ) ;
#5915 = ORIENTED_EDGE ( 'NONE', *, *, #6427, .T. ) ;
#5916 = DIRECTION ( 'NONE',  ( -1.000000000000000000, 0.0000000000000000000, 0.0000000000000000000 ) ) ;
#5917 = AXIS2_PLACEMENT_3D ( 'NONE', #5756, #8077, #8175 ) ;
#5918 = VECTOR ( 'NONE', #9297, 1000.000000000000000 ) ;
#5919 = ORIENTED_EDGE ( 'NONE', *, *, #3908, .F. ) ;
#5920 = ADVANCED_FACE ( 'NONE', ( #6490 ), #6478, .T. ) ;
#5921 = DIRECTION ( 'NONE',  ( 0.4338837391175590100, 0.9009688679024187000, 0.0000000000000000000 ) ) ;
#5922 = CARTESIAN_POINT ( 'NONE',  ( 8.362206348396748400, -1.959904873689104700, -3.094141646974374100 ) ) ;
#5923 = DIRECTION ( 'NONE',  ( 1.000000000000000000, 0.0000000000000000000, 0.0000000000000000000 ) ) ;
#5924 = ORIENTED_EDGE ( 'NONE', *, *, #4294, .T. ) ;
#5925 = CARTESIAN_POINT ( 'NONE',  ( -6.770357110861710700, 5.335227228758609100, -3.143904910697430800 ) ) ;
#5926 = AXIS2_PLACEMENT_3D ( 'NONE', #9532, #328, #7893 ) ;
#5927 = EDGE_CURVE ( 'NONE', #1483, #6681, #8995, .T. ) ;
#5928 = ORIENTED_EDGE ( 'NONE', *, *, #8023, .F. ) ;
#5929 = CARTESIAN_POINT ( 'NONE',  ( -6.897187355920082500, 5.564275774867090800, 3.469846945119945800 ) ) ;
#5930 = VERTEX_POINT ( 'NONE', #5365 ) ;
#5931 = CARTESIAN_POINT ( 'NONE',  ( 7.103543054549994900, 5.600934152399529100, -3.500000000000000000 ) ) ;
#5932 = CARTESIAN_POINT ( 'NONE',  ( 6.883895907083541500, -5.425771397351178700, -3.351299362948741300 ) ) ;
#5933 = CIRCLE ( 'NONE', #4385, 2.450000000000000600 ) ;
#5934 = FACE_OUTER_BOUND ( 'NONE', #8307, .T. ) ;
#5935 = CARTESIAN_POINT ( 'NONE',  ( -8.556329883643011100, -1.901640617507234000, 3.351299362948741800 ) ) ;
#5936 = ORIENTED_EDGE ( 'NONE', *, *, #969, .T. ) ;
#5937 = DIRECTION ( 'NONE',  ( -0.0000000000000000000, -0.0000000000000000000, 1.000000000000000000 ) ) ;
#5938 = EDGE_CURVE ( 'NONE', #8003, #8402, #4683, .T. ) ;
#5939 = CARTESIAN_POINT ( 'NONE',  ( 7.032545971489095200, -5.544315867970264700, -3.351032822740168400 ) ) ;
#5940 = FACE_OUTER_BOUND ( 'NONE', #5729, .T. ) ;
#5941 = DIRECTION ( 'NONE',  ( -0.0000000000000000000, -0.0000000000000000000, 1.000000000000000000 ) ) ;
#5942 = DIRECTION ( 'NONE',  ( 1.000000000000000000, 0.0000000000000000000, 0.0000000000000000000 ) ) ;
#5943 = ORIENTED_EDGE ( 'NONE', *, *, #7760, .T. ) ;
#5944 = DIRECTION ( 'NONE',  ( -0.0000000000000000000, -0.0000000000000000000, 1.000000000000000000 ) ) ;
#5945 = DIRECTION ( 'NONE',  ( -1.000000000000000000, 0.0000000000000000000, 0.0000000000000000000 ) ) ;
#5946 = CARTESIAN_POINT ( 'NONE',  ( 3.888530992799052600, -7.959379564233903400, 3.469014143938407500 ) ) ;
#5947 = CARTESIAN_POINT ( 'NONE',  ( 6.912240795546477300, -5.576280492380205600, 3.466916208273112400 ) ) ;
#5948 = ORIENTED_EDGE ( 'NONE', *, *, #5680, .F. ) ;
#5949 = CARTESIAN_POINT ( 'NONE',  ( -3.815021055286796700, -8.037211093224973600, 3.452421434499180400 ) ) ;
#5950 = CARTESIAN_POINT ( 'NONE',  ( 0.0000000000000000000, 0.0000000000000000000, -3.193750000000000500 ) ) ;
#5951 = CARTESIAN_POINT ( 'NONE',  ( 6.912240795546477300, -5.576280492380205600, -3.466916208273112400 ) ) ;
#5952 = CARTESIAN_POINT ( 'NONE',  ( 5.378237760728125300, 0.0000000000000000000, -2.758752104430781200 ) ) ;
#5953 = EDGE_CURVE ( 'NONE', #6044, #4492, #8270, .T. ) ;
#5954 = LINE ( 'NONE', #6465, #7881 ) ;
#5955 = DIRECTION ( 'NONE',  ( -1.000000000000000000, 0.0000000000000000000, 0.0000000000000000000 ) ) ;
#5956 = CARTESIAN_POINT ( 'NONE',  ( 3.901242515215954700, 7.985775312515463600, -3.462633071500297100 ) ) ;
#5957 = CARTESIAN_POINT ( 'NONE',  ( 3.969916891359596800, -8.128379123974143600, 3.094141646974374100 ) ) ;
#5958 = CARTESIAN_POINT ( 'NONE',  ( 6.940665282085063800, -5.471043463218380000, -3.454996609771464800 ) ) ;
#5959 = EDGE_CURVE ( 'NONE', #6492, #1864, #3864, .T. ) ;
#5960 = CARTESIAN_POINT ( 'NONE',  ( -3.895310692329201800, 7.973457755370732900, 3.469286171371085200 ) ) ;
#5961 = CIRCLE ( 'NONE', #6374, 8.588813778810038700 ) ;
#5962 = CARTESIAN_POINT ( 'NONE',  ( 7.032545971489132500, 5.544315867970217600, -3.351032822740167600 ) ) ;
#5963 = ADVANCED_FACE ( 'NONE', ( #4430 ), #3131, .F. ) ;
#5964 = EDGE_CURVE ( 'NONE', #5737, #42, #7786, .T. ) ;
#5965 = VERTEX_POINT ( 'NONE', #1499 ) ;
#5966 = CARTESIAN_POINT ( 'NONE',  ( -8.807973303152723000, -2.061648272210801800, -3.094141646974374100 ) ) ;
#5967 = DIRECTION ( 'NONE',  ( 0.0000000000000000000, 0.0000000000000000000, -1.000000000000000000 ) ) ;
#5968 = VECTOR ( 'NONE', #2259, 1000.000000000000000 ) ;
#5969 = CARTESIAN_POINT ( 'NONE',  ( 8.656913187827482800, 2.027169786647253300, 3.459706444013471500 ) ) ;
#5970 = AXIS2_PLACEMENT_3D ( 'NONE', #4858, #1051, #8638 ) ;
#5971 = DIRECTION ( 'NONE',  ( 1.000000000000000000, 0.0000000000000000000, 0.0000000000000000000 ) ) ;
#5972 = VERTEX_POINT ( 'NONE', #5394 ) ;
#5973 = AXIS2_PLACEMENT_3D ( 'NONE', #1481, #5380, #6093 ) ;
#5974 = B_SPLINE_CURVE_WITH_KNOTS ( 'NONE', 3,
 ( #5392, #6185, #237, #9438, #2445, #8630, #9469, #4051, #1717, #1045, #2500, #7810, #7851, #1746, #981, #8601, #8697, #954, #7902, #8582, #5653, #5618 ),
 .UNSPECIFIED., .F., .F.,
 ( 4, 3, 3, 3, 3, 3, 3, 4 ),
 ( 0.0002168574548798324600, 0.0002188290334246886100, 0.0002305812013871287500, 0.0002423333607552018700, 0.0002540856419916204900, 0.0002658380091482393100, 0.0002775903405257921100, 0.0002867718163053248900 ),
 .UNSPECIFIED. ) ;
#5975 = EDGE_CURVE ( 'NONE', #701, #2283, #9711, .T. ) ;
#5976 = CARTESIAN_POINT ( 'NONE',  ( -6.948416668875264400, 5.477224987910585000, -3.464471549642479200 ) ) ;
#5977 = CARTESIAN_POINT ( 'NONE',  ( -8.372303308387680300, 1.962209438918271400, -3.114323832567764200 ) ) ;
#5978 = LINE ( 'NONE', #8447, #1778 ) ;
#5979 = CARTESIAN_POINT ( 'NONE',  ( -6.941273910857283600, 5.471528828468017900, 3.456075294419946400 ) ) ;
#5980 = CARTESIAN_POINT ( 'NONE',  ( 8.830225396548341300, 1.964155480992677100, 3.193750000000000100 ) ) ;
#5981 = DIRECTION ( 'NONE',  ( 0.2225209339563050900, -0.9749279121818257300, -0.0000000000000000000 ) ) ;
#5982 = CARTESIAN_POINT ( 'NONE',  ( 0.0000000000000000000, 0.0000000000000000000, -3.454996609771464400 ) ) ;
#5983 = ADVANCED_FACE ( 'NONE', ( #7187 ), #9080, .T. ) ;
#5984 = CARTESIAN_POINT ( 'NONE',  ( -7.103543054550032200, -5.600934152399481100, 3.193750000000000100 ) ) ;
#5985 = PRODUCT ( '5972K501_Ball Bearing', '5972K501_Ball Bearing', '', ( #4526 ) ) ;
#5986 = VERTEX_POINT ( 'NONE', #4636 ) ;
#5987 = AXIS2_PLACEMENT_3D ( 'NONE', #3694, #1358, #4389 ) ;
#5988 = DIRECTION ( 'NONE',  ( -0.0000000000000000000, -0.0000000000000000000, -1.000000000000000000 ) ) ;
#5989 = ORIENTED_EDGE ( 'NONE', *, *, #3345, .T. ) ;
#5990 = DIRECTION ( 'NONE',  ( -0.0000000000000000000, -0.0000000000000000000, 1.000000000000000000 ) ) ;
#5991 = DIRECTION ( 'NONE',  ( 1.000000000000000000, 0.0000000000000000000, 0.0000000000000000000 ) ) ;
#5992 = TOROIDAL_SURFACE ( 'NONE', #668, 8.866382193656235700, 0.03500000000000000300 ) ;
#5993 = EDGE_CURVE ( 'NONE', #9866, #3313, #1088, .T. ) ;
#5994 = CARTESIAN_POINT ( 'NONE',  ( -3.785012642412569800, 7.744421494718635800, 3.143904910697430800 ) ) ;
#5995 = DIRECTION ( 'NONE',  ( -0.7818314824680310200, -0.6234898018587320400, 0.0000000000000000000 ) ) ;
#5996 = VERTEX_POINT ( 'NONE', #693 ) ;
#5997 =( NAMED_UNIT ( * ) PLANE_ANGLE_UNIT ( ) SI_UNIT ( $, .RADIAN. ) );
#5998 = CIRCLE ( 'NONE', #8550, 5.378237760728125300 ) ;
#5999 = VERTEX_POINT ( 'NONE', #1558 ) ;
#6000 = CARTESIAN_POINT ( 'NONE',  ( 6.878316301899227300, 5.549226611465136300, 3.454996609771464800 ) ) ;
#6001 = ORIENTED_EDGE ( 'NONE', *, *, #7383, .T. ) ;
#6002 = VECTOR ( 'NONE', #9835, 1000.000000000000000 ) ;
#6003 = CARTESIAN_POINT ( 'NONE',  ( 3.969916891359655000, 8.128379123974113400, -3.193750000000000100 ) ) ;
#6004 = DIRECTION ( 'NONE',  ( 0.0000000000000000000, 0.0000000000000000000, -1.000000000000000000 ) ) ;
#6005 = VERTEX_POINT ( 'NONE', #6801 ) ;
#6006 = CARTESIAN_POINT ( 'NONE',  ( -0.05000000000000002400, 8.837951820048278500, -3.455541280135825800 ) ) ;
#6007 = VECTOR ( 'NONE', #437, 1000.000000000000000 ) ;
#6008 = FACE_OUTER_BOUND ( 'NONE', #67, .T. ) ;
#6009 = ORIENTED_EDGE ( 'NONE', *, *, #1344, .F. ) ;
#6010 = DIRECTION ( 'NONE',  ( 1.000000000000000000, 0.0000000000000000000, 0.0000000000000000000 ) ) ;
#6011 = ORIENTED_EDGE ( 'NONE', *, *, #4019, .F. ) ;
#6012 = CARTESIAN_POINT ( 'NONE',  ( -6.985582152474003200, 5.506863472065523600, -3.455073707654065600 ) ) ;
#6013 = ORIENTED_EDGE ( 'NONE', *, *, #9386, .F. ) ;
#6014 = DIRECTION ( 'NONE',  ( 1.000000000000000000, 0.0000000000000000000, 0.0000000000000000000 ) ) ;
#6015 = ADVANCED_FACE ( 'NONE', ( #8167, #5167 ), #3829, .F. ) ;
#6016 = CARTESIAN_POINT ( 'NONE',  ( 0.0000000000000000000, 0.0000000000000000000, -3.094141646974374100 ) ) ;
#6017 = ORIENTED_EDGE ( 'NONE', *, *, #6115, .T. ) ;
#6018 = CARTESIAN_POINT ( 'NONE',  ( 0.05000000000000002400, -8.837570431649497800, 3.454996609771464800 ) ) ;
#6019 = DIRECTION ( 'NONE',  ( 0.0000000000000000000, 0.0000000000000000000, 1.000000000000000000 ) ) ;
#6020 = DIRECTION ( 'NONE',  ( 0.0000000000000000000, 0.0000000000000000000, 1.000000000000000000 ) ) ;
#6021 = EDGE_CURVE ( 'NONE', #7245, #3391, #6375, .T. ) ;
#6022 = CARTESIAN_POINT ( 'NONE',  ( -6.990202061954433600, -5.510547726934975200, 3.444839032082838600 ) ) ;
#6023 = EDGE_LOOP ( 'NONE', ( #4326, #3426, #6276, #6269 ) ) ;
#6024 = CARTESIAN_POINT ( 'NONE',  ( 3.882271953616759100, 7.946382535449740400, -3.461862008941933000 ) ) ;
#6025 = LINE ( 'NONE', #2256, #6869 ) ;
#6026 = CLOSED_SHELL ( 'NONE', ( #9433, #8679 ) ) ;
#6027 = CARTESIAN_POINT ( 'NONE',  ( 8.660878464227932800, 2.028074835109809500, -3.455073707654066100 ) ) ;
#6028 = ORIENTED_EDGE ( 'NONE', *, *, #6896, .F. ) ;
#6029 = ORIENTED_EDGE ( 'NONE', *, *, #9492, .F. ) ;
#6030 = DIRECTION ( 'NONE',  ( -0.7818314824680352400, -0.6234898018587267100, 0.0000000000000000000 ) ) ;
#6031 = CARTESIAN_POINT ( 'NONE',  ( 8.643211183988315200, 1.921470707357639400, 3.467739038050325000 ) ) ;
#6032 = CARTESIAN_POINT ( 'NONE',  ( 7.068044516080762600, -5.572625012626176000, -3.272391413630715700 ) ) ;
#6033 = ORIENTED_EDGE ( 'NONE', *, *, #547, .F. ) ;
#6034 = CARTESIAN_POINT ( 'NONE',  ( -8.896693082788692300, 0.0000000000000000000, -3.452421434499180400 ) ) ;
#6035 = VECTOR ( 'NONE', #53, 1000.000000000000000 ) ;
#6036 = ORIENTED_EDGE ( 'NONE', *, *, #5176, .F. ) ;
#6037 = EDGE_CURVE ( 'NONE', #4944, #7096, #5156, .T. ) ;
#6038 = ORIENTED_EDGE ( 'NONE', *, *, #8398, .F. ) ;
#6039 = CARTESIAN_POINT ( 'NONE',  ( 0.05000000000000001700, 8.896552580035715300, -3.452421434499180400 ) ) ;
#6040 = CARTESIAN_POINT ( 'NONE',  ( 6.956890732771325000, -5.483982828363296300, -3.469014143938407500 ) ) ;
#6041 = VERTEX_POINT ( 'NONE', #3795 ) ;
#6042 = AXIS2_PLACEMENT_3D ( 'NONE', #8604, #958, #9384 ) ;
#6043 = DIRECTION ( 'NONE',  ( -0.0000000000000000000, -0.0000000000000000000, 1.000000000000000000 ) ) ;
#6044 = VERTEX_POINT ( 'NONE', #7855 ) ;
#6045 = EDGE_CURVE ( 'NONE', #2847, #9190, #9482, .T. ) ;
#6046 = DIRECTION ( 'NONE',  ( 0.4338837391175590600, 0.9009688679024187000, 0.0000000000000000000 ) ) ;
#6047 = DIRECTION ( 'NONE',  ( -0.9009688679024218100, -0.4338837391175525700, 0.0000000000000000000 ) ) ;
#6048 = CIRCLE ( 'NONE', #1693, 8.588813778810038700 ) ;
#6049 = CARTESIAN_POINT ( 'NONE',  ( -0.05000000000000002400, 8.870055045600164300, -3.469713030103804400 ) ) ;
#6050 = FACE_OUTER_BOUND ( 'NONE', #36, .T. ) ;
#6051 = CARTESIAN_POINT ( 'NONE',  ( -3.795166392148696200, -7.995982460396972700, 3.466570807216844900 ) ) ;
#6052 = ORIENTED_EDGE ( 'NONE', *, *, #7201, .T. ) ;
#6053 = B_SPLINE_CURVE_WITH_KNOTS ( 'NONE', 3,
 ( #3714, #643, #602, #9767, #2170, #3686, #9831 ),
 .UNSPECIFIED., .F., .F.,
 ( 4, 3, 4 ),
 ( 0.0005204849250710227000, 0.0009002598162381905800, 0.0009544278593203508700 ),
 .UNSPECIFIED. ) ;
#6054 = DIRECTION ( 'NONE',  ( -0.0000000000000000000, -0.0000000000000000000, -1.000000000000000000 ) ) ;
#6055 = AXIS2_PLACEMENT_3D ( 'NONE', #5892, #472, #3614 ) ;
#6056 = DIRECTION ( 'NONE',  ( -0.0000000000000000000, -0.0000000000000000000, 1.000000000000000000 ) ) ;
#6057 = DIRECTION ( 'NONE',  ( 0.7818314824680221400, -0.6234898018587431400, 0.0000000000000000000 ) ) ;
#6058 = CIRCLE ( 'NONE', #5797, 8.588813778810038700 ) ;
#6059 = CIRCLE ( 'NONE', #459, 8.588813778810038700 ) ;
#6060 = CARTESIAN_POINT ( 'NONE',  ( -8.627879084050903200, 1.917971255598349700, 3.456075294419946400 ) ) ;
#6061 = CARTESIAN_POINT ( 'NONE',  ( -6.699910998104694000, 5.406953129253672300, 3.129114371485063600 ) ) ;
#6063 = DIRECTION ( 'NONE',  ( -0.0000000000000000000, -0.0000000000000000000, -1.000000000000000000 ) ) ;
#6062 = AXIS2_PLACEMENT_3D ( 'NONE', #495, #5042, #8801 ) ;
#6064 = CARTESIAN_POINT ( 'NONE',  ( -6.993624741251939400, -5.513277222593413500, 3.437256629622303700 ) ) ;
#6065 = EDGE_CURVE ( 'NONE', #5911, #6772, #1812, .T. ) ;
#6066 = ORIENTED_EDGE ( 'NONE', *, *, #8650, .T. ) ;
#6067 = CARTESIAN_POINT ( 'NONE',  ( -7.119485258517184600, 5.741552436592656700, -3.094141646974374100 ) ) ;
#6068 = CARTESIAN_POINT ( 'NONE',  ( 11.00000000000000000, 0.0000000000000000000, -2.974999999999999600 ) ) ;
#6069 = EDGE_CURVE ( 'NONE', #9135, #510, #160, .T. ) ;
#6070 = DIRECTION ( 'NONE',  ( -6.776263578034444600E-017, -1.000000000000000000, -0.0000000000000000000 ) ) ;
#6071 = ORIENTED_EDGE ( 'NONE', *, *, #944, .T. ) ;
#6072 = CARTESIAN_POINT ( 'NONE',  ( 0.0000000000000000000, 0.0000000000000000000, -3.099533293948747700 ) ) ;
#6073 = ADVANCED_FACE ( 'NONE', ( #30 ), #6959, .T. ) ;
#6074 = B_SPLINE_CURVE_WITH_KNOTS ( 'NONE', 3,
 ( #9172, #6022, #6064, #5277, #3783, #1520, #5984 ),
 .UNSPECIFIED., .F., .F.,
 ( 4, 3, 4 ),
 ( 0.001199429903413613100, 0.001225696219576499400, 0.001498119107920983600 ),
 .UNSPECIFIED. ) ;
#6075 = DIRECTION ( 'NONE',  ( -1.000000000000000000, 7.105427357601001900E-015, 0.0000000000000000000 ) ) ;
#6076 = DIRECTION ( 'NONE',  ( 0.0000000000000000000, 0.0000000000000000000, -1.000000000000000000 ) ) ;
#6077 = CARTESIAN_POINT ( 'NONE',  ( 0.0000000000000000000, 0.0000000000000000000, 3.193750000000000500 ) ) ;
#6078 = CARTESIAN_POINT ( 'NONE',  ( 7.119485258517226400, -5.741552436592602500, 3.094141646974374100 ) ) ;
#6079 = CARTESIAN_POINT ( 'NONE',  ( -0.05000000000000002400, 8.884889935907555300, -3.464797546056691800 ) ) ;
#6080 = MANIFOLD_SOLID_BREP ( 'CirPattern1[6]', #9905 ) ;
#6081 = CARTESIAN_POINT ( 'NONE',  ( 9.046037105128458900, 0.0000000000000000000, -3.193750000000000500 ) ) ;
#6082 = APPROVAL_PERSON_ORGANIZATION ( #209, #2214, #854 ) ;
#6083 = DIRECTION ( 'NONE',  ( -6.776263578034444600E-017, 1.000000000000000000, 0.0000000000000000000 ) ) ;
#6084 = DIRECTION ( 'NONE',  ( -0.0000000000000000000, -0.0000000000000000000, 1.000000000000000000 ) ) ;
#6085 = VERTEX_POINT ( 'NONE', #4789 ) ;
#6086 = CARTESIAN_POINT ( 'NONE',  ( 0.05000000000000002400, -8.890954014360714200, 3.459706444013471500 ) ) ;
#6087 = DIRECTION ( 'NONE',  ( 1.000000000000000000, 0.0000000000000000000, 0.0000000000000000000 ) ) ;
#6088 = EDGE_CURVE ( 'NONE', #3391, #7431, #8561, .T. ) ;
#6089 = CARTESIAN_POINT ( 'NONE',  ( 0.0000000000000000000, 0.0000000000000000000, 3.454996609771464400 ) ) ;
#6090 = ADVANCED_FACE ( 'NONE', ( #1590 ), #1103, .T. ) ;
#6091 = CARTESIAN_POINT ( 'NONE',  ( 0.0000000000000000000, 0.0000000000000000000, 3.094141646974374100 ) ) ;
#6092 = CARTESIAN_POINT ( 'NONE',  ( -3.879879959974250600, -8.171891996566714100, 3.500000000000000400 ) ) ;
#6093 = DIRECTION ( 'NONE',  ( 1.000000000000000000, 0.0000000000000000000, 0.0000000000000000000 ) ) ;
#6094 = FACE_OUTER_BOUND ( 'NONE', #9614, .T. ) ;
#6095 = CARTESIAN_POINT ( 'NONE',  ( 8.614533864218010700, 2.017496982584323200, -3.464471549642479200 ) ) ;
#6096 = DIRECTION ( 'NONE',  ( 0.4338837391175651700, 0.9009688679024158200, 0.0000000000000000000 ) ) ;
#6097 = EDGE_CURVE ( 'NONE', #7096, #4944, #7445, .T. ) ;
#6098 = DIRECTION ( 'NONE',  ( -0.6234898018588669300, 0.7818314824679233300, 0.0000000000000000000 ) ) ;
#6099 = DIRECTION ( 'NONE',  ( 0.2225209339563114000, -0.9749279121818244000, 0.0000000000000000000 ) ) ;
#6100 = ORIENTED_EDGE ( 'NONE', *, *, #9093, .T. ) ;
#6101 = CARTESIAN_POINT ( 'NONE',  ( 0.0000000000000000000, 0.0000000000000000000, 3.500000000000000400 ) ) ;
#6102 = CARTESIAN_POINT ( 'NONE',  ( -0.05000000000000001700, 8.896552580035715300, -3.452421434499180400 ) ) ;
#6103 = AXIS2_PLACEMENT_3D ( 'NONE', #5644, #9464, #6534 ) ;
#6104 = CIRCLE ( 'NONE', #1508, 9.046037105128458900 ) ;
#6105 = CARTESIAN_POINT ( 'NONE',  ( 6.940665282085063800, -5.471043463218380000, -3.454996609771464800 ) ) ;
#6106 = ORIENTED_EDGE ( 'NONE', *, *, #9177, .F. ) ;
#6107 = CARTESIAN_POINT ( 'NONE',  ( -3.879526546994039600, -7.940681639855232500, -3.454996609771464800 ) ) ;
#6108 = AXIS2_PLACEMENT_3D ( 'NONE', #4077, #2496, #3247 ) ;
#6109 = CARTESIAN_POINT ( 'NONE',  ( 0.05000000000000001000, 9.045898922017695300, -3.094141646974374100 ) ) ;
#6110 = VECTOR ( 'NONE', #1932, 1000.000000000000000 ) ;
#6111 = CARTESIAN_POINT ( 'NONE',  ( 3.905117942076926400, -7.993822719313271800, 3.452421434499180400 ) ) ;
#6112 = DIRECTION ( 'NONE',  ( 0.9009688679024248100, 0.4338837391175463000, 0.0000000000000000000 ) ) ;
#6113 = AXIS2_PLACEMENT_3D ( 'NONE', #7232, #8727, #4948 ) ;
#6114 = B_SPLINE_CURVE_WITH_KNOTS ( 'NONE', 3,
 ( #1580, #9243, #711, #7607, #9941, #794, #6176, #7634, #3058, #8406, #6902, #6134, #7667, #3088, #3852, #40, #5385, #6929, #5423, #2402, #3244, #926, #976, #8660, #1709 ),
 .UNSPECIFIED., .F., .F.,
 ( 4, 3, 3, 3, 3, 3, 3, 3, 4 ),
 ( 0.0001509499138714748300, 0.0001527764003826867800, 0.0001645282963311839000, 0.0001762803579144514500, 0.0001880325997012799300, 0.0001997849575937750800, 0.0002115373162334721900, 0.0002188290956692535500, 0.0002208042975641505200 ),
 .UNSPECIFIED. ) ;
#6115 = EDGE_CURVE ( 'NONE', #9452, #2161, #3141, .T. ) ;
#6116 = CARTESIAN_POINT ( 'NONE',  ( 0.05000000000000004400, 8.588668239434865000, -3.099533293948748100 ) ) ;
#6117 = ORIENTED_EDGE ( 'NONE', *, *, #7033, .F. ) ;
#6118 = DIRECTION ( 'NONE',  ( 0.0000000000000000000, -0.0000000000000000000, 1.000000000000000000 ) ) ;
#6119 = ADVANCED_FACE ( 'NONE', ( #6972 ), #7695, .T. ) ;
#6120 = VECTOR ( 'NONE', #8643, 1000.000000000000000 ) ;
#6121 = CARTESIAN_POINT ( 'NONE',  ( 0.05000000000000002400, -8.838760696031124900, 3.456597352396201500 ) ) ;
#6122 = ORIENTED_EDGE ( 'NONE', *, *, #8529, .T. ) ;
#6123 = CARTESIAN_POINT ( 'NONE',  ( -8.640010456057838800, 1.920740162094332500, 3.466570807216844900 ) ) ;
#6124 = CARTESIAN_POINT ( 'NONE',  ( 6.940665282085101100, 5.471043463218333800, -3.454996609771464800 ) ) ;
#6125 = DIRECTION ( 'NONE',  ( 0.0000000000000000000, -0.0000000000000000000, 1.000000000000000000 ) ) ;
#6126 = CARTESIAN_POINT ( 'NONE',  ( 3.879526546993929100, -7.940681639855288400, -3.454996609771464800 ) ) ;
#6127 = AXIS2_PLACEMENT_3D ( 'NONE', #7790, #6948, #5507 ) ;
#6128 = CARTESIAN_POINT ( 'NONE',  ( -6.883263353692853100, 5.553171753624137200, 3.461862008941933000 ) ) ;
#6129 = CARTESIAN_POINT ( 'NONE',  ( 8.636538199847008100, 2.022519328599932600, -3.469713030103804400 ) ) ;
#6130 = EDGE_LOOP ( 'NONE', ( #123, #4909, #240, #5902 ) ) ;
#6131 = FACE_OUTER_BOUND ( 'NONE', #9239, .T. ) ;
#6132 = AXIS2_PLACEMENT_3D ( 'NONE', #5130, #560, #4502 ) ;
#6133 = FACE_OUTER_BOUND ( 'NONE', #2436, .T. ) ;
#6134 = CARTESIAN_POINT ( 'NONE',  ( -0.05000000000000002400, -8.869541062855445200, -3.469985047562924100 ) ) ;
#6135 = ORIENTED_EDGE ( 'NONE', *, *, #3687, .T. ) ;
#6136 = DIRECTION ( 'NONE',  ( 0.0000000000000000000, 0.0000000000000000000, -1.000000000000000000 ) ) ;
#6137 = ORIENTED_EDGE ( 'NONE', *, *, #9751, .T. ) ;
#6138 = CARTESIAN_POINT ( 'NONE',  ( 8.684623479167859400, 1.930922793491888400, -3.452421434499180400 ) ) ;
#6139 = SPHERICAL_SURFACE ( 'NONE', #9431, 2.450000000000000600 ) ;
#6140 = VERTEX_POINT ( 'NONE', #3998 ) ;
#6141 = B_SPLINE_CURVE_WITH_KNOTS ( 'NONE', 3,
 ( #7176, #4137, #1007, #254, #7963, #4102, #227 ),
 .UNSPECIFIED., .F., .F.,
 ( 4, 3, 4 ),
 ( 0.0009532733312319689700, 0.001225696219576461900, 0.001251962535739348600 ),
 .UNSPECIFIED. ) ;
#6142 = CARTESIAN_POINT ( 'NONE',  ( 3.789429660203743800, 7.984070013767017700, 3.454996609771464800 ) ) ;
#6143 = CARTESIAN_POINT ( 'NONE',  ( 6.982402247695627100, -5.504327582625504300, -3.459706444013471500 ) ) ;
#6144 = VECTOR ( 'NONE', #6879, 1000.000000000000000 ) ;
#6145 = EDGE_LOOP ( 'NONE', ( #7823, #1886, #3133, #2869, #2788, #7000 ) ) ;
#6146 = CIRCLE ( 'NONE', #8711, 8.588813778810038700 ) ;
#6147 = EDGE_LOOP ( 'NONE', ( #4632, #5871, #6726, #9415, #6689, #1843 ) ) ;
#6148 = CARTESIAN_POINT ( 'NONE',  ( 0.0000000000000000000, 0.0000000000000000000, -3.094141646974374100 ) ) ;
#6149 = CARTESIAN_POINT ( 'NONE',  ( 0.0000000000000000000, 0.0000000000000000000, 3.452421434499180400 ) ) ;
#6150 = CARTESIAN_POINT ( 'NONE',  ( -8.675175419594735300, -2.031338021875869400, -3.429674227117770700 ) ) ;
#6151 = DIRECTION ( 'NONE',  ( -0.6234898018587267100, 0.7818314824680352400, 0.0000000000000000000 ) ) ;
#6152 = ORIENTED_EDGE ( 'NONE', *, *, #3983, .F. ) ;
#6153 = CARTESIAN_POINT ( 'NONE',  ( 8.807973303152696300, -2.061648272210920800, -3.193750000000000100 ) ) ;
#6154 = ORIENTED_EDGE ( 'NONE', *, *, #3519, .F. ) ;
#6155 = EDGE_CURVE ( 'NONE', #56, #337, #1345, .T. ) ;
#6156 = AXIS2_PLACEMENT_3D ( 'NONE', #3316, #6337, #3380 ) ;
#6157 = EDGE_LOOP ( 'NONE', ( #7934, #8153, #5415, #8203 ) ) ;
#6158 = DIRECTION ( 'NONE',  ( -0.0000000000000000000, -0.0000000000000000000, 1.000000000000000000 ) ) ;
#6160 = CARTESIAN_POINT ( 'NONE',  ( 3.690422186055436300, -7.778478875277616400, 3.129114371485063600 ) ) ;
#6159 = LINE ( 'NONE', #5323, #7709 ) ;
#6161 = ORIENTED_EDGE ( 'NONE', *, *, #5825, .F. ) ;
#6162 = EDGE_LOOP ( 'NONE', ( #3601, #7010, #2414, #1833 ) ) ;
#6163 = CARTESIAN_POINT ( 'NONE',  ( -8.807973303152683900, 2.061648272210978600, -3.094141646974374100 ) ) ;
#6164 = VERTEX_POINT ( 'NONE', #4764 ) ;
#6165 = CARTESIAN_POINT ( 'NONE',  ( -3.908916829529605500, -8.001711190391642200, -3.437256629622303700 ) ) ;
#6166 = EDGE_CURVE ( 'NONE', #1160, #8157, #6261, .T. ) ;
#6167 = VERTEX_POINT ( 'NONE', #4700 ) ;
#6168 = CARTESIAN_POINT ( 'NONE',  ( 0.0000000000000000000, 0.0000000000000000000, -3.193750000000000500 ) ) ;
#6169 = EDGE_LOOP ( 'NONE', ( #7929, #3194, #9517, #1355 ) ) ;
#6170 = DIRECTION ( 'NONE',  ( -0.0000000000000000000, -0.0000000000000000000, 1.000000000000000000 ) ) ;
#6171 = ORIENTED_EDGE ( 'NONE', *, *, #1559, .F. ) ;
#6172 = DIRECTION ( 'NONE',  ( 0.0000000000000000000, -1.000000000000000000, 0.0000000000000000000 ) ) ;
#6173 = AXIS2_PLACEMENT_3D ( 'NONE', #5005, #4112, #1069 ) ;
#6174 = CIRCLE ( 'NONE', #4404, 8.588813778810038700 ) ;
#6175 = ORIENTED_EDGE ( 'NONE', *, *, #3594, .F. ) ;
#6176 = CARTESIAN_POINT ( 'NONE',  ( -0.05000000000000002400, -8.887620632346431300, -3.462633071500297100 ) ) ;
#6177 = ORIENTED_EDGE ( 'NONE', *, *, #4624, .T. ) ;
#6178 = VERTEX_POINT ( 'NONE', #8511 ) ;
#6179 = PERSON_AND_ORGANIZATION_ROLE ( 'creator' ) ;
#6180 = ADVANCED_FACE ( 'NONE', ( #3253 ), #1801, .F. ) ;
#6181 = ORIENTED_EDGE ( 'NONE', *, *, #4574, .F. ) ;
#6182 = AXIS2_PLACEMENT_3D ( 'NONE', #6341, #5052, #3486 ) ;
#6183 = CIRCLE ( 'NONE', #3232, 8.837711872106121200 ) ;
#6184 = CIRCLE ( 'NONE', #8667, 8.588813778810038700 ) ;
#6185 = CARTESIAN_POINT ( 'NONE',  ( -8.627491962581009600, 1.917882897649050300, -3.455541280135825000 ) ) ;
#6186 = DIRECTION ( 'NONE',  ( -1.000000000000000000, 0.0000000000000000000, 0.0000000000000000000 ) ) ;
#6187 = VERTEX_POINT ( 'NONE', #1876 ) ;
#6188 = AXIS2_PLACEMENT_3D ( 'NONE', #9533, #4680, #355 ) ;
#6189 = DIRECTION ( 'NONE',  ( -0.0000000000000000000, -0.0000000000000000000, 1.000000000000000000 ) ) ;
#6190 = EDGE_CURVE ( 'NONE', #4075, #5762, #5414, .T. ) ;
#6191 = CARTESIAN_POINT ( 'NONE',  ( -8.607508921307893200, 2.015893585207247700, -3.458522467003439300 ) ) ;
#6192 = CARTESIAN_POINT ( 'NONE',  ( -3.789429660203798500, -7.984070013766990200, 3.454996609771464800 ) ) ;
#6193 = VECTOR ( 'NONE', #5050, 1000.000000000000000 ) ;
#6194 = DIRECTION ( 'NONE',  ( -0.0000000000000000000, -0.0000000000000000000, 1.000000000000000000 ) ) ;
#6195 = B_SPLINE_CURVE_WITH_KNOTS ( 'NONE', 3,
 ( #4278, #2767, #8933, #8168, #471, #5118, #6502 ),
 .UNSPECIFIED., .F., .F.,
 ( 4, 3, 4 ),
 ( 0.001199429903413613100, 0.001225696219576499400, 0.001498119107920983800 ),
 .UNSPECIFIED. ) ;
#6196 = ORIENTED_EDGE ( 'NONE', *, *, #2976, .T. ) ;
#6197 = CARTESIAN_POINT ( 'NONE',  ( 0.05000000000000003100, 8.764959675655999800, -3.351299362948741800 ) ) ;
#6198 = AXIS2_PLACEMENT_3D ( 'NONE', #704, #5216, #9063 ) ;
#6199 = DIRECTION ( 'NONE',  ( -0.0000000000000000000, -0.0000000000000000000, 1.000000000000000000 ) ) ;
#6200 = DIRECTION ( 'NONE',  ( -0.0000000000000000000, -0.0000000000000000000, 1.000000000000000000 ) ) ;
#6201 = CARTESIAN_POINT ( 'NONE',  ( 3.901485164720695000, -7.986279179404071700, -3.462472406546387700 ) ) ;
#6202 = EDGE_CURVE ( 'NONE', #6497, #9866, #379, .T. ) ;
#6203 = DIRECTION ( 'NONE',  ( 0.0000000000000000000, 0.0000000000000000000, 1.000000000000000000 ) ) ;
#6204 = VERTEX_POINT ( 'NONE', #1805 ) ;
#6205 = DIRECTION ( 'NONE',  ( 0.0000000000000000000, 0.0000000000000000000, -1.000000000000000000 ) ) ;
#6206 = DIRECTION ( 'NONE',  ( 0.9009688679024249200, 0.4338837391175463000, 0.0000000000000000000 ) ) ;
#6207 = CIRCLE ( 'NONE', #3752, 8.588813778810038700 ) ;
#6208 = DIRECTION ( 'NONE',  ( -0.0000000000000000000, -0.0000000000000000000, -1.000000000000000000 ) ) ;
#6209 = EDGE_CURVE ( 'NONE', #7466, #3397, #7083, .T. ) ;
#6210 = AXIS2_PLACEMENT_3D ( 'NONE', #5126, #556, #5942 ) ;
#6211 = B_SPLINE_CURVE_WITH_KNOTS ( 'NONE', 3,
 ( #3716, #8962, #2835, #5994, #551, #3616, #577 ),
 .UNSPECIFIED., .F., .F.,
 ( 4, 3, 4 ),
 ( 0.0005204849250710216100, 0.0009002598162381901400, 0.0009544278593203507600 ),
 .UNSPECIFIED. ) ;
#6212 = CARTESIAN_POINT ( 'NONE',  ( 8.785959443115478600, 1.954052065983967700, -3.272391413630716200 ) ) ;
#6213 = LINE ( 'NONE', #968, #104 ) ;
#6214 = CARTESIAN_POINT ( 'NONE',  ( -3.254128043381738300, -6.757266509268117900, -3.092233167847068000E-016 ) ) ;
#6215 = CARTESIAN_POINT ( 'NONE',  ( -8.656687201036419300, 2.027118206637017900, -3.460240287494900500 ) ) ;
#6216 = CARTESIAN_POINT ( 'NONE',  ( 6.940963463542313900, 5.471281254995518300, -3.455541280135825400 ) ) ;
#6217 = CARTESIAN_POINT ( 'NONE',  ( -0.05000000000000002400, 8.837951820048278500, 3.455541280135825800 ) ) ;
#6218 = ORIENTED_EDGE ( 'NONE', *, *, #6512, .F. ) ;
#6219 = CARTESIAN_POINT ( 'NONE',  ( 3.879526546993985000, 7.940681639855260900, 3.454996609771464800 ) ) ;
#6220 = EDGE_CURVE ( 'NONE', #1641, #1648, #2282, .T. ) ;
#6221 = DIRECTION ( 'NONE',  ( 0.0000000000000000000, 0.0000000000000000000, -1.000000000000000000 ) ) ;
#6222 = CONICAL_SURFACE ( 'NONE', #2071, 4.000000000000000000, 0.7853981633974516100 ) ;
#6223 = ADVANCED_FACE ( 'NONE', ( #1926 ), #7980, .T. ) ;
#6224 = DIRECTION ( 'NONE',  ( -1.000000000000000000, 8.881784197001252300E-016, 0.0000000000000000000 ) ) ;
#6225 = CARTESIAN_POINT ( 'NONE',  ( -6.970196991303178700, 5.622499016217120400, 3.351032822740167600 ) ) ;
#6226 = EDGE_CURVE ( 'NONE', #3972, #5641, #5761, .T. ) ;
#6227 = CARTESIAN_POINT ( 'NONE',  ( 0.05000000000000002400, -8.890954014360714200, -3.459706444013471500 ) ) ;
#6228 = CARTESIAN_POINT ( 'NONE',  ( 3.879820004569413300, 8.171767497885872100, 3.193750000000000100 ) ) ;
#6229 = CARTESIAN_POINT ( 'NONE',  ( -8.688891490516510900, 1.931896939230964800, -3.444839032082838100 ) ) ;
#6230 = DIRECTION ( 'NONE',  ( 0.0000000000000000000, 0.0000000000000000000, 1.000000000000000000 ) ) ;
#6231 = ORIENTED_EDGE ( 'NONE', *, *, #835, .F. ) ;
#6232 = CARTESIAN_POINT ( 'NONE',  ( 3.685928616305710100, 7.769147881545177500, -3.114323832567764700 ) ) ;
#6233 = FACE_OUTER_BOUND ( 'NONE', #1711, .T. ) ;
#6234 = EDGE_CURVE ( 'NONE', #5795, #4673, #6600, .T. ) ;
#6235 = CARTESIAN_POINT ( 'NONE',  ( -6.924189967865045100, 5.585809639323517000, -3.452954079042413600 ) ) ;
#6236 = CARTESIAN_POINT ( 'NONE',  ( 3.907017385819814900, -7.997766954886966300, 3.444839032082839000 ) ) ;
#6237 = CARTESIAN_POINT ( 'NONE',  ( -4.013365220676247300, -8.218600509445195700, 3.094141646974374100 ) ) ;
#6238 = ORIENTED_EDGE ( 'NONE', *, *, #8957, .T. ) ;
#6239 = AXIS2_PLACEMENT_3D ( 'NONE', #8647, #7829, #7868 ) ;
#6240 = EDGE_CURVE ( 'NONE', #773, #4944, #4568, .T. ) ;
#6241 = FACE_OUTER_BOUND ( 'NONE', #2908, .T. ) ;
#6242 = DIRECTION ( 'NONE',  ( -0.0000000000000000000, -0.0000000000000000000, 1.000000000000000000 ) ) ;
#6243 = CARTESIAN_POINT ( 'NONE',  ( 3.969916891359596800, -8.128379123974143600, 3.500000000000000000 ) ) ;
#6244 = CARTESIAN_POINT ( 'NONE',  ( 0.0000000000000000000, 0.0000000000000000000, 2.758752104430781200 ) ) ;
#6245 = ORIENTED_EDGE ( 'NONE', *, *, #6413, .F. ) ;
#6246 = CARTESIAN_POINT ( 'NONE',  ( -0.05000000000000002400, 8.881356628892445900, 3.466489319800472900 ) ) ;
#6247 = CIRCLE ( 'NONE', #4243, 9.046037105128458900 ) ;
#6248 = ORIENTED_EDGE ( 'NONE', *, *, #4131, .T. ) ;
#6249 = CARTESIAN_POINT ( 'NONE',  ( 3.895126130468818300, 7.973074508718366500, 3.469378817057675600 ) ) ;
#6250 = AXIS2_PLACEMENT_3D ( 'NONE', #7247, #5763, #5726 ) ;
#6251 = ORIENTED_EDGE ( 'NONE', *, *, #5938, .F. ) ;
#6252 = B_SPLINE_CURVE_WITH_KNOTS ( 'NONE', 3,
 ( #6039, #8509, #3931, #9251, #9296, #4600, #6935 ),
 .UNSPECIFIED., .F., .F.,
 ( 4, 3, 4 ),
 ( 0.001199429903413612700, 0.001225696219576499600, 0.001498119107920983800 ),
 .UNSPECIFIED. ) ;
#6253 = EDGE_CURVE ( 'NONE', #1001, #7026, #1216, .T. ) ;
#6254 = DIRECTION ( 'NONE',  ( -0.9749279121818227300, 0.2225209339563181700, 0.0000000000000000000 ) ) ;
#6255 = CIRCLE ( 'NONE', #520, 9.046037105128458900 ) ;
#6256 = CARTESIAN_POINT ( 'NONE',  ( -7.103651090456256000, 5.601020308159980300, -3.094141646974374100 ) ) ;
#6257 = ORIENTED_EDGE ( 'NONE', *, *, #3667, .F. ) ;
#6258 = CIRCLE ( 'NONE', #9110, 8.588813778810038700 ) ;
#6259 = CARTESIAN_POINT ( 'NONE',  ( 0.05000000000000002400, -8.881356628892445900, -3.466489319800472900 ) ) ;
#6260 = DIRECTION ( 'NONE',  ( -1.000000000000000000, 0.0000000000000000000, 0.0000000000000000000 ) ) ;
#6261 = LINE ( 'NONE', #87, #1702 ) ;
#6262 = CARTESIAN_POINT ( 'NONE',  ( 3.881095632990732500, -7.943939880500714400, -3.459673052288552200 ) ) ;
#6263 = ORIENTED_EDGE ( 'NONE', *, *, #8359, .T. ) ;
#6264 = EDGE_CURVE ( 'NONE', #3158, #4569, #3009, .T. ) ;
#6265 = DIRECTION ( 'NONE',  ( -1.000000000000000000, -2.700062395888380200E-013, 0.0000000000000000000 ) ) ;
#6266 = FACE_OUTER_BOUND ( 'NONE', #4445, .T. ) ;
#6267 = ORIENTED_EDGE ( 'NONE', *, *, #2976, .F. ) ;
#6268 = CARTESIAN_POINT ( 'NONE',  ( 11.00000000000000000, 0.0000000000000000000, 3.500000000000000000 ) ) ;
#6269 = ORIENTED_EDGE ( 'NONE', *, *, #7914, .F. ) ;
#6270 = CARTESIAN_POINT ( 'NONE',  ( -6.903713795781715800, -5.569480436980646800, 3.469713030103804400 ) ) ;
#6271 = ORIENTED_EDGE ( 'NONE', *, *, #4409, .F. ) ;
#6272 = CARTESIAN_POINT ( 'NONE',  ( 8.636228808187224700, 1.919877025645300400, -3.464362763198132200 ) ) ;
#6273 = CONICAL_SURFACE ( 'NONE', #8457, 8.869223585189136100, 0.6108652381980126400 ) ;
#6274 = ORIENTED_EDGE ( 'NONE', *, *, #2679, .F. ) ;
#6275 = ADVANCED_FACE ( 'NONE', ( #8043 ), #253, .T. ) ;
#6276 = ORIENTED_EDGE ( 'NONE', *, *, #5504, .T. ) ;
#6277 = B_SPLINE_CURVE_WITH_KNOTS ( 'NONE', 3,
 ( #7425, #6032, #5939, #5121, #4386, #1451, #7567 ),
 .UNSPECIFIED., .F., .F.,
 ( 4, 3, 4 ),
 ( 0.0009532733312319689700, 0.001225696219576461900, 0.001251962535739348600 ),
 .UNSPECIFIED. ) ;
#6278 = CARTESIAN_POINT ( 'NONE',  ( 3.694915755622437000, 7.787809868630337600, 3.143904910697430800 ) ) ;
#6279 = ORIENTED_EDGE ( 'NONE', *, *, #4360, .T. ) ;
#6280 = CARTESIAN_POINT ( 'NONE',  ( 3.816920499029631500, 8.041155328798693000, -3.444839032082838600 ) ) ;
#6281 = B_SPLINE_CURVE_WITH_KNOTS ( 'NONE', 3,
 ( #9350, #4827, #239, #6367, #1777, #3961, #7141, #3167, #9300, #116, #5476, #4857, #1675, #7182, #6849, #6749, #2930, #9191, #6980, #1052, #1538, #819 ),
 .UNSPECIFIED., .F., .F.,
 ( 4, 3, 3, 3, 3, 3, 3, 4 ),
 ( 0.0002168574548798290000, 0.0002188290334246843500, 0.0002305812013871231700, 0.0002423333607551960700, 0.0002540856419916145800, 0.0002658380091482347000, 0.0002775903405257857100, 0.0002867718163053184900 ),
 .UNSPECIFIED. ) ;
#6282 = CARTESIAN_POINT ( 'NONE',  ( 0.0000000000000000000, 0.0000000000000000000, -3.094141646974374100 ) ) ;
#6283 = ORIENTED_EDGE ( 'NONE', *, *, #944, .F. ) ;
#6284 = DIRECTION ( 'NONE',  ( -0.2225209339563182000, -0.9749279121818227300, 0.0000000000000000000 ) ) ;
#6285 = VECTOR ( 'NONE', #311, 1000.000000000000000 ) ;
#6286 = VERTEX_POINT ( 'NONE', #9514 ) ;
#6287 = CARTESIAN_POINT ( 'NONE',  ( -0.05000000000000002400, 8.838760696031124900, 3.456597352396201500 ) ) ;
#6288 = EDGE_CURVE ( 'NONE', #1263, #3823, #3851, .T. ) ;
#6289 = ORIENTED_EDGE ( 'NONE', *, *, #1673, .T. ) ;
#6290 = CARTESIAN_POINT ( 'NONE',  ( 3.891698646094956100, 7.965957264079625200, 3.469915996672631000 ) ) ;
#6291 = ORIENTED_EDGE ( 'NONE', *, *, #9664, .T. ) ;
#6292 = CARTESIAN_POINT ( 'NONE',  ( 3.816920499029574200, -8.041155328798719600, 3.444839032082839000 ) ) ;
#6293 = CARTESIAN_POINT ( 'NONE',  ( 8.683130557623551100, -1.930582043891686700, -3.455073707654065600 ) ) ;
#6294 = ORIENTED_EDGE ( 'NONE', *, *, #8443, .F. ) ;
#6295 = CONICAL_SURFACE ( 'NONE', #473, 8.869223585189136100, 0.6108652381980126400 ) ;
#6296 = FACE_OUTER_BOUND ( 'NONE', #8883, .T. ) ;
#6297 = CARTESIAN_POINT ( 'NONE',  ( -8.605626990655311600, -2.015464046816359400, 3.456075294419946400 ) ) ;
#6298 = CARTESIAN_POINT ( 'NONE',  ( 0.05000000000000001700, -8.896552580035715300, -3.452421434499180400 ) ) ;
#6299 = EDGE_CURVE ( 'NONE', #1369, #7418, #4709, .T. ) ;
#6300 = CARTESIAN_POINT ( 'NONE',  ( 6.878316301899190000, -5.549226611465182500, -3.454996609771464800 ) ) ;
#6301 = CARTESIAN_POINT ( 'NONE',  ( 8.675175419594722800, 2.031338021875926300, -3.429674227117770700 ) ) ;
#6302 = VERTEX_POINT ( 'NONE', #3383 ) ;
#6303 = CARTESIAN_POINT ( 'NONE',  ( -9.046037105128458900, -1.107820038576375800E-015, -2.994533293948747700 ) ) ;
#6304 = AXIS2_PLACEMENT_3D ( 'NONE', #5378, #7762, #5413 ) ;
#6305 = EDGE_CURVE ( 'NONE', #7228, #790, #1639, .T. ) ;
#6306 = VECTOR ( 'NONE', #949, 1000.000000000000000 ) ;
#6307 = VECTOR ( 'NONE', #8813, 1000.000000000000000 ) ;
#6308 = CARTESIAN_POINT ( 'NONE',  ( 8.684623479167859400, 1.930922793491888400, 3.452421434499180400 ) ) ;
#6309 = DIRECTION ( 'NONE',  ( -1.000000000000000000, 0.0000000000000000000, 0.0000000000000000000 ) ) ;
#6310 = CARTESIAN_POINT ( 'NONE',  ( -3.771531933161395700, -7.716428513517186600, 3.094141646974374100 ) ) ;
#6311 = ORIENTED_EDGE ( 'NONE', *, *, #319, .T. ) ;
#6312 = ORIENTED_EDGE ( 'NONE', *, *, #2829, .F. ) ;
#6313 = AXIS2_PLACEMENT_3D ( 'NONE', #7037, #233, #4732 ) ;
#6314 = CARTESIAN_POINT ( 'NONE',  ( -3.905117942076870900, 7.993822719313299400, 3.452421434499180400 ) ) ;
#6315 = DIRECTION ( 'NONE',  ( -0.0000000000000000000, -0.0000000000000000000, -1.000000000000000000 ) ) ;
#6316 = AXIS2_PLACEMENT_3D ( 'NONE', #1219, #9670, #9611 ) ;
#6317 = CARTESIAN_POINT ( 'NONE',  ( 0.0000000000000000000, 0.0000000000000000000, -3.064533293948747500 ) ) ;
#6318 = EDGE_CURVE ( 'NONE', #4010, #5135, #1332, .T. ) ;
#6319 = CARTESIAN_POINT ( 'NONE',  ( -8.643545619096316900, 2.024118726316025600, 3.468147503381453900 ) ) ;
#6320 = VERTEX_POINT ( 'NONE', #6543 ) ;
#6321 = CARTESIAN_POINT ( 'NONE',  ( -0.05000000000000000300, -9.146037105128458600, 3.500000000000000400 ) ) ;
#6322 = B_SPLINE_CURVE_WITH_KNOTS ( 'NONE', 3,
 ( #4325, #9677, #9618, #5029, #6611, #2785, #5103 ),
 .UNSPECIFIED., .F., .F.,
 ( 4, 3, 4 ),
 ( 0.0005204849250710215100, 0.0009002598162381902500, 0.0009544278593203504300 ),
 .UNSPECIFIED. ) ;
#6323 = CARTESIAN_POINT ( 'NONE',  ( -8.763707349719817700, 2.051544857202268500, -3.272391413630714800 ) ) ;
#6324 = CARTESIAN_POINT ( 'NONE',  ( -3.901242515216009300, -7.985775312515437800, -3.462633071500297100 ) ) ;
#6325 = ADVANCED_FACE ( 'NONE', ( #6364 ), #2523, .T. ) ;
#6326 = DIRECTION ( 'NONE',  ( -0.0000000000000000000, -0.0000000000000000000, 1.000000000000000000 ) ) ;
#6328 = DIRECTION ( 'NONE',  ( -0.0000000000000000000, -0.0000000000000000000, 1.000000000000000000 ) ) ;
#6327 = CC_DESIGN_DATE_AND_TIME_ASSIGNMENT ( #9774, #3860, ( #9908 ) ) ;
#6329 = CARTESIAN_POINT ( 'NONE',  ( 0.05000000000000001000, -9.046037105128458900, 3.094141646974374100 ) ) ;
#6330 = CIRCLE ( 'NONE', #4257, 9.046037105128458900 ) ;
#6331 = CARTESIAN_POINT ( 'NONE',  ( 8.830225396548327100, -1.964155480992738600, -3.094141646974374100 ) ) ;
#6332 = ORIENTED_EDGE ( 'NONE', *, *, #4009, .T. ) ;
#6333 = CARTESIAN_POINT ( 'NONE',  ( -6.920053267509829600, -5.582510730872213500, 3.459706444013471500 ) ) ;
#6334 = DIRECTION ( 'NONE',  ( -0.0000000000000000000, -0.0000000000000000000, 1.000000000000000000 ) ) ;
#6335 = VECTOR ( 'NONE', #2759, 1000.000000000000000 ) ;
#6336 = CARTESIAN_POINT ( 'NONE',  ( 6.959536336106034500, 5.486092626620189700, 3.469846945119945800 ) ) ;
#6337 = DIRECTION ( 'NONE',  ( 0.0000000000000000000, 0.0000000000000000000, -1.000000000000000000 ) ) ;
#6338 = ORIENTED_EDGE ( 'NONE', *, *, #5907, .F. ) ;
#6339 = CARTESIAN_POINT ( 'NONE',  ( 0.0000000000000000000, 0.0000000000000000000, 3.064533293948747500 ) ) ;
#6340 = SPHERICAL_SURFACE ( 'NONE', #5666, 2.450000000000000600 ) ;
#6341 = CARTESIAN_POINT ( 'NONE',  ( 3.923268333885891600, -8.261988883357009400, -3.500000000000000400 ) ) ;
#6342 = CARTESIAN_POINT ( 'NONE',  ( 3.969916891359655000, 8.128379123974113400, 3.193750000000000100 ) ) ;
#6343 = DIRECTION ( 'NONE',  ( 0.0000000000000000000, 0.0000000000000000000, -1.000000000000000000 ) ) ;
#6344 = EDGE_CURVE ( 'NONE', #4801, #9622, #9120, .T. ) ;
#6345 = DIRECTION ( 'NONE',  ( 0.0000000000000000000, 0.0000000000000000000, -1.000000000000000000 ) ) ;
#6346 = VERTEX_POINT ( 'NONE', #7295 ) ;
#6347 = CARTESIAN_POINT ( 'NONE',  ( 0.0000000000000000000, 0.0000000000000000000, -3.434921434499177600 ) ) ;
#6348 = LINE ( 'NONE', #5196, #8016 ) ;
#6349 = CARTESIAN_POINT ( 'NONE',  ( -0.05000000000000001700, -8.909685893445361800, 3.429674227117769800 ) ) ;
#6350 = CARTESIAN_POINT ( 'NONE',  ( -8.625100849056956100, -2.019908827917732600, -3.469014143938407500 ) ) ;
#6351 = CARTESIAN_POINT ( 'NONE',  ( 8.662371385772228600, 2.028415584710071800, -3.452421434499180400 ) ) ;
#6352 = CARTESIAN_POINT ( 'NONE',  ( -6.746065712156315000, 5.315855484712322700, -3.094141646974374100 ) ) ;
#6353 = ORIENTED_EDGE ( 'NONE', *, *, #6445, .F. ) ;
#6354 = CIRCLE ( 'NONE', #5472, 8.588813778810036900 ) ;
#6355 = CARTESIAN_POINT ( 'NONE',  ( -6.883481840562392800, -5.553345991088175300, 3.462372291138045500 ) ) ;
#6356 = ORIENTED_EDGE ( 'NONE', *, *, #9792, .F. ) ;
#6357 = DIRECTION ( 'NONE',  ( 1.000000000000000000, 0.0000000000000000000, 0.0000000000000000000 ) ) ;
#6358 = AXIS2_PLACEMENT_3D ( 'NONE', #789, #8445, #3845 ) ;
#6359 = EDGE_CURVE ( 'NONE', #6392, #6178, #3599, .T. ) ;
#6360 = EDGE_LOOP ( 'NONE', ( #8064, #5556, #5651, #2533, #6843, #3146 ) ) ;
#6361 = CONICAL_SURFACE ( 'NONE', #3017, 8.869223585189136100, 0.6108652381980126400 ) ;
#6362 = CARTESIAN_POINT ( 'NONE',  ( 6.984356395689119700, 5.505885963648176500, 3.457279025203407600 ) ) ;
#6363 = DIRECTION ( 'NONE',  ( -6.776263578034443400E-017, -1.000000000000000000, -0.0000000000000000000 ) ) ;
#6364 = FACE_OUTER_BOUND ( 'NONE', #6641, .T. ) ;
#6365 = ORIENTED_EDGE ( 'NONE', *, *, #2355, .T. ) ;
#6366 = ORIENTED_EDGE ( 'NONE', *, *, #95, .T. ) ;
#6367 = CARTESIAN_POINT ( 'NONE',  ( 8.628280558354195100, -1.918062889488152000, 3.456597352396201500 ) ) ;
#6369 = LINE ( 'NONE', #605, #8412 ) ;
#6368 = AXIS2_PLACEMENT_3D ( 'NONE', #4452, #9100, #1416 ) ;
#6370 = CARTESIAN_POINT ( 'NONE',  ( 0.0000000000000000000, 0.0000000000000000000, 3.434921434499177600 ) ) ;
#6371 = CARTESIAN_POINT ( 'NONE',  ( -3.808256333830139200, 8.023164004378799100, -3.466916208273112900 ) ) ;
#6372 = EDGE_LOOP ( 'NONE', ( #4836, #3159, #32, #2543 ) ) ;
#6373 = CARTESIAN_POINT ( 'NONE',  ( -10.47500000000000500, 0.0000000000000000000, 3.500000000000000400 ) ) ;
#6374 = AXIS2_PLACEMENT_3D ( 'NONE', #2363, #3206, #6993 ) ;
#6375 = CIRCLE ( 'NONE', #3466, 8.588813778810038700 ) ;
#6376 = B_SPLINE_CURVE_WITH_KNOTS ( 'NONE', 3,
 ( #2152, #7519, #9165, #9060, #6812, #4476, #5238, #6780, #2197, #2229, #7550, #9855, #2993, #8361, #3776, #613, #9470, #1841, #1414, #6861, #4703, #212 ),
 .UNSPECIFIED., .F., .F.,
 ( 4, 3, 3, 3, 3, 3, 3, 4 ),
 ( 0.0002168574548798319800, 0.0002188290334246872000, 0.0002305812013871268300, 0.0002423333607551987300, 0.0002540856419916182100, 0.0002658380091482377300, 0.0002775903405257889100, 0.0002867718163053216300 ),
 .UNSPECIFIED. ) ;
#6377 = EDGE_LOOP ( 'NONE', ( #4216, #3847, #4843, #4190 ) ) ;
#6378 = EDGE_CURVE ( 'NONE', #7846, #8810, #5038, .T. ) ;
#6379 = VECTOR ( 'NONE', #9171, 1000.000000000000000 ) ;
#6380 = ORIENTED_EDGE ( 'NONE', *, *, #7760, .F. ) ;
#6381 = ORIENTED_EDGE ( 'NONE', *, *, #7501, .T. ) ;
#6382 = ORIENTED_EDGE ( 'NONE', *, *, #8831, .T. ) ;
#6383 = CARTESIAN_POINT ( 'NONE',  ( 8.741693482048010100, 1.943948649232710300, 3.351032822740168000 ) ) ;
#6384 = CARTESIAN_POINT ( 'NONE',  ( -6.821546926897742200, -5.503954545597889800, -3.351299362948741300 ) ) ;
#6385 = ORIENTED_EDGE ( 'NONE', *, *, #604, .T. ) ;
#6386 = CARTESIAN_POINT ( 'NONE',  ( 8.763707349719846100, 2.051544857202150000, -3.272391413630716200 ) ) ;
#6387 = EDGE_CURVE ( 'NONE', #1483, #8126, #4198, .T. ) ;
#6388 = ORIENTED_EDGE ( 'NONE', *, *, #2750, .F. ) ;
#6389 = CARTESIAN_POINT ( 'NONE',  ( -8.404652361358953900, 1.867021212834410100, -3.129114371485063100 ) ) ;
#6390 = VECTOR ( 'NONE', #4306, 1000.000000000000000 ) ;
#6391 = ORIENTED_EDGE ( 'NONE', *, *, #2907, .F. ) ;
#6392 = VERTEX_POINT ( 'NONE', #7330 ) ;
#6393 = CARTESIAN_POINT ( 'NONE',  ( -3.771531933161395700, -7.716428513517186600, 3.099533293948748100 ) ) ;
#6394 = EDGE_LOOP ( 'NONE', ( #6106, #7952, #3362, #8723 ) ) ;
#6395 = CARTESIAN_POINT ( 'NONE',  ( -7.032545971489053500, 5.544315867970317100, -3.351032822740168400 ) ) ;
#6396 = ORIENTED_EDGE ( 'NONE', *, *, #5595, .T. ) ;
#6397 = CARTESIAN_POINT ( 'NONE',  ( 8.628280558354209300, 1.918062889488092000, -3.456597352396201500 ) ) ;
#6398 = VERTEX_POINT ( 'NONE', #3521 ) ;
#6399 = ORIENTED_EDGE ( 'NONE', *, *, #5084, .F. ) ;
#6400 = CIRCLE ( 'NONE', #3428, 9.046037105128458900 ) ;
#6401 = VERTEX_POINT ( 'NONE', #2729 ) ;
#6402 = B_SPLINE_CURVE_WITH_KNOTS ( 'NONE', 3,
 ( #2437, #4167, #7998, #2694, #2720, #1832, #9558 ),
 .UNSPECIFIED., .F., .F.,
 ( 4, 3, 4 ),
 ( 0.001199429903413612700, 0.001225696219576499200, 0.001498119107920982900 ),
 .UNSPECIFIED. ) ;
#6403 = CARTESIAN_POINT ( 'NONE',  ( 6.977371155119528500, 5.500315420178984600, 3.465025888964337500 ) ) ;
#6404 = ORIENTED_EDGE ( 'NONE', *, *, #3449, .T. ) ;
#6405 = DIRECTION ( 'NONE',  ( -0.0000000000000000000, -0.0000000000000000000, 1.000000000000000000 ) ) ;
#6406 = ORIENTED_EDGE ( 'NONE', *, *, #9540, .F. ) ;
#6407 = CARTESIAN_POINT ( 'NONE',  ( -3.895126130468872900, -7.973074508718339900, 3.469378817057676000 ) ) ;
#6408 = DIRECTION ( 'NONE',  ( 1.000000000000000000, 0.0000000000000000000, 0.0000000000000000000 ) ) ;
#6409 = ORIENTED_EDGE ( 'NONE', *, *, #8144, .T. ) ;
#6410 = CARTESIAN_POINT ( 'NONE',  ( 6.821546926897668500, -5.503954545597981300, -3.351299362948741300 ) ) ;
#6411 = LINE ( 'NONE', #4076, #3409 ) ;
#6412 = LINE ( 'NONE', #1769, #7484 ) ;
#6413 = EDGE_CURVE ( 'NONE', #5076, #3351, #6195, .T. ) ;
#6414 = ORIENTED_EDGE ( 'NONE', *, *, #9799, .T. ) ;
#6415 = CARTESIAN_POINT ( 'NONE',  ( -3.903629810165064400, 7.990732581557509200, -3.457544059217933600 ) ) ;
#6416 = CARTESIAN_POINT ( 'NONE',  ( 8.633561457740803700, -1.919268220312056600, -3.462372291138045900 ) ) ;
#6417 = ADVANCED_FACE ( 'NONE', ( #749 ), #8832, .T. ) ;
#6418 = DIRECTION ( 'NONE',  ( -1.000000000000000000, 0.0000000000000000000, 0.0000000000000000000 ) ) ;
#6419 = CARTESIAN_POINT ( 'NONE',  ( 8.693159501790594500, 1.932871084952774600, 3.437256629622303700 ) ) ;
#6420 = EDGE_CURVE ( 'NONE', #2671, #6839, #8632, .T. ) ;
#6421 = DIRECTION ( 'NONE',  ( 1.000000000000000000, 0.0000000000000000000, 0.0000000000000000000 ) ) ;
#6422 = FACE_OUTER_BOUND ( 'NONE', #3541, .T. ) ;
#6423 = CARTESIAN_POINT ( 'NONE',  ( -8.380768779485729100, 0.0000000000000000000, 3.376256313292342400 ) ) ;
#6424 = ORIENTED_EDGE ( 'NONE', *, *, #7062, .T. ) ;
#6425 = DIRECTION ( 'NONE',  ( 0.0000000000000000000, -0.0000000000000000000, -1.000000000000000000 ) ) ;
#6426 = AXIS2_PLACEMENT_3D ( 'NONE', #3945, #1665, #6224 ) ;
#6427 = EDGE_CURVE ( 'NONE', #1597, #790, #94, .T. ) ;
#6428 = CARTESIAN_POINT ( 'NONE',  ( 0.05000000000000001000, -9.046037105128458900, -3.094141646974374100 ) ) ;
#6429 = ADVANCED_FACE ( 'NONE', ( #1579 ), #3654, .T. ) ;
#6430 = DIRECTION ( 'NONE',  ( 1.000000000000000000, 0.0000000000000000000, 0.0000000000000000000 ) ) ;
#6431 = CARTESIAN_POINT ( 'NONE',  ( 0.0000000000000000000, 0.0000000000000000000, -2.758752104430781200 ) ) ;
#6432 = DIRECTION ( 'NONE',  ( -1.000000000000000000, 0.0000000000000000000, 0.0000000000000000000 ) ) ;
#6433 = VERTEX_POINT ( 'NONE', #8263 ) ;
#6434 = AXIS2_PLACEMENT_3D ( 'NONE', #5166, #2819, #6701 ) ;
#6435 = CARTESIAN_POINT ( 'NONE',  ( 8.588813778810038700, 0.0000000000000000000, -3.099533293948747700 ) ) ;
#6436 = AXIS2_PLACEMENT_3D ( 'NONE', #3969, #8523, #5481 ) ;
#6437 = PERSON_AND_ORGANIZATION ( #7526, #2237 ) ;
#6438 = DIRECTION ( 'NONE',  ( 1.000000000000000000, 0.0000000000000000000, 0.0000000000000000000 ) ) ;
#6439 = EDGE_CURVE ( 'NONE', #9380, #5160, #6053, .T. ) ;
#6440 = DIRECTION ( 'NONE',  ( 0.0000000000000000000, 0.0000000000000000000, -1.000000000000000000 ) ) ;
#6441 = DIRECTION ( 'NONE',  ( 0.0000000000000000000, 0.0000000000000000000, -1.000000000000000000 ) ) ;
#6442 = CARTESIAN_POINT ( 'NONE',  ( -3.813676398998133300, 8.034418885670955700, -3.457279025203407600 ) ) ;
#6443 = ORIENTED_EDGE ( 'NONE', *, *, #1336, .T. ) ;
#6444 = ADVANCED_FACE ( 'NONE', ( #4314 ), #6842, .T. ) ;
#6445 = EDGE_CURVE ( 'NONE', #5972, #7431, #3731, .T. ) ;
#6446 = DIRECTION ( 'NONE',  ( 0.0000000000000000000, 0.0000000000000000000, 1.000000000000000000 ) ) ;
#6447 = LINE ( 'NONE', #6802, #1770 ) ;
#6448 = CARTESIAN_POINT ( 'NONE',  ( -7.041194074364160100, -5.679117300646283600, -3.094141646974374100 ) ) ;
#6449 = CARTESIAN_POINT ( 'NONE',  ( 8.659349970517954600, -2.027725966394923900, 3.457279025203408000 ) ) ;
#6450 = CARTESIAN_POINT ( 'NONE',  ( -3.814602625722058000, 8.036342215281264200, 3.453994494324953200 ) ) ;
#6451 = CARTESIAN_POINT ( 'NONE',  ( -3.969976846764321700, 8.128503622655038900, 3.500000000000000400 ) ) ;
#6452 = VECTOR ( 'NONE', #4831, 1000.000000000000000 ) ;
#6453 = CARTESIAN_POINT ( 'NONE',  ( -8.905600812942541500, 2.083931114241475600, -3.500000000000000400 ) ) ;
#6454 = CARTESIAN_POINT ( 'NONE',  ( -3.785012642412731900, -7.744421494718556800, 3.143904910697431300 ) ) ;
#6455 = DIRECTION ( 'NONE',  ( -0.9749279121818257300, -0.2225209339563049800, 0.0000000000000000000 ) ) ;
#6456 = CARTESIAN_POINT ( 'NONE',  ( 6.764777536879226000, -5.458682467755188000, 3.247602129575368800 ) ) ;
#6457 = CARTESIAN_POINT ( 'NONE',  ( -3.789767423690386700, -7.984771386873872800, -3.456075294419946000 ) ) ;
#6458 = CARTESIAN_POINT ( 'NONE',  ( 3.879820004569354700, -8.171767497885897000, -3.193750000000000100 ) ) ;
#6459 = ORIENTED_EDGE ( 'NONE', *, *, #9687, .T. ) ;
#6460 = FACE_OUTER_BOUND ( 'NONE', #4809, .T. ) ;
#6461 = CARTESIAN_POINT ( 'NONE',  ( 0.0000000000000000000, 0.0000000000000000000, -1.224999999999999900 ) ) ;
#6462 = EDGE_CURVE ( 'NONE', #6858, #992, #9700, .T. ) ;
#6463 = AXIS2_PLACEMENT_3D ( 'NONE', #8862, #2669, #4276 ) ;
#6464 = DIRECTION ( 'NONE',  ( 0.6234898018587267100, -0.7818314824680352400, 0.0000000000000000000 ) ) ;
#6465 = CARTESIAN_POINT ( 'NONE',  ( -3.771531933161234000, 7.716428513517264800, 3.500000000000000000 ) ) ;
#6466 = CARTESIAN_POINT ( 'NONE',  ( -3.889999191884016700, -7.962428311047974100, 3.469846945119945400 ) ) ;
#6467 = ORIENTED_EDGE ( 'NONE', *, *, #3323, .T. ) ;
#6468 = DIRECTION ( 'NONE',  ( -0.0000000000000000000, -0.0000000000000000000, 1.000000000000000000 ) ) ;
#6469 = DIRECTION ( 'NONE',  ( 0.0000000000000000000, 0.0000000000000000000, 1.000000000000000000 ) ) ;
#6470 = LINE ( 'NONE', #1328, #7672 ) ;
#6471 = ADVANCED_FACE ( 'NONE', ( #6133 ), #5890, .T. ) ;
#6472 = EDGE_CURVE ( 'NONE', #4052, #7707, #983, .T. ) ;
#6473 = CARTESIAN_POINT ( 'NONE',  ( -3.879692025218391300, 7.941025258929193400, -3.455541280135826300 ) ) ;
#6474 = CARTESIAN_POINT ( 'NONE',  ( -6.986025398574907000, -5.507216949035483600, 3.453994494324953200 ) ) ;
#6475 = ORIENTED_EDGE ( 'NONE', *, *, #5668, .T. ) ;
#6476 = AXIS2_PLACEMENT_3D ( 'NONE', #5317, #2338, #6925 ) ;
#6477 = CARTESIAN_POINT ( 'NONE',  ( 3.789429660203687000, -7.984070013767042600, 3.454996609771464800 ) ) ;
#6478 = CONICAL_SURFACE ( 'NONE', #7257, 8.737285000697680100, 0.5235987755983008100 ) ;
#6479 = CARTESIAN_POINT ( 'NONE',  ( 0.0000000000000000000, 0.0000000000000000000, 3.094141646974374100 ) ) ;
#6480 = CARTESIAN_POINT ( 'NONE',  ( 8.737285000697680100, 0.0000000000000000000, -2.758752104430781200 ) ) ;
#6481 = CONICAL_SURFACE ( 'NONE', #3933, 9.621762239271875600, 0.7853981633974378400 ) ;
#6482 = ORIENTED_EDGE ( 'NONE', *, *, #313, .T. ) ;
#6483 = ORIENTED_EDGE ( 'NONE', *, *, #6299, .T. ) ;
#6484 = FACE_OUTER_BOUND ( 'NONE', #7099, .T. ) ;
#6485 = CARTESIAN_POINT ( 'NONE',  ( -8.658289197118445900, -1.924912165461300600, -3.469985047562924100 ) ) ;
#6486 = AXIS2_PLACEMENT_3D ( 'NONE', #1441, #3814, #679 ) ;
#6487 = EDGE_LOOP ( 'NONE', ( #5727, #3272, #7947, #297 ) ) ;
#6488 = CARTESIAN_POINT ( 'NONE',  ( 0.05000000000000001000, -9.045898922017695300, -3.500000000000000000 ) ) ;
#6489 = CARTESIAN_POINT ( 'NONE',  ( 0.05000000000000002400, 8.837951820048278500, 3.455541280135825800 ) ) ;
#6490 = FACE_OUTER_BOUND ( 'NONE', #9103, .T. ) ;
#6491 = DIRECTION ( 'NONE',  ( 1.000000000000000000, 0.0000000000000000000, 0.0000000000000000000 ) ) ;
#6492 = VERTEX_POINT ( 'NONE', #9099 ) ;
#6493 = CARTESIAN_POINT ( 'NONE',  ( 0.0000000000000000000, 0.0000000000000000000, 3.500000000000000000 ) ) ;
#6494 = ADVANCED_FACE ( 'NONE', ( #4081 ), #2036, .F. ) ;
#6495 = AXIS2_PLACEMENT_3D ( 'NONE', #7588, #9811, #8947 ) ;
#6496 = LINE ( 'NONE', #769, #1215 ) ;
#6497 = VERTEX_POINT ( 'NONE', #6664 ) ;
#6498 = EDGE_CURVE ( 'NONE', #8429, #1813, #4806, .T. ) ;
#6499 = EDGE_LOOP ( 'NONE', ( #6877, #657 ) ) ;
#6500 = CARTESIAN_POINT ( 'NONE',  ( 3.923268333885891600, -8.261988883357009400, 3.094141646974374100 ) ) ;
#6501 = ORIENTED_EDGE ( 'NONE', *, *, #6264, .T. ) ;
#6502 = CARTESIAN_POINT ( 'NONE',  ( 8.807973303152696300, -2.061648272210920800, 3.193750000000000100 ) ) ;
#6503 = ORIENTED_EDGE ( 'NONE', *, *, #6318, .T. ) ;
#6504 = CARTESIAN_POINT ( 'NONE',  ( -3.904984510970473700, -7.993545646765465300, 3.452954079042413600 ) ) ;
#6505 = AXIS2_PLACEMENT_3D ( 'NONE', #4937, #1925, #6455 ) ;
#6506 = LINE ( 'NONE', #3819, #5904 ) ;
#6507 = CARTESIAN_POINT ( 'NONE',  ( 8.837711872106121200, 0.0000000000000000000, -3.454996609771464400 ) ) ;
#6508 = ORIENTED_EDGE ( 'NONE', *, *, #3330, .F. ) ;
#6509 = CARTESIAN_POINT ( 'NONE',  ( -3.815021055286628800, 8.037211093225053600, -3.452421434499180400 ) ) ;
#6510 = ORIENTED_EDGE ( 'NONE', *, *, #860, .F. ) ;
#6511 = ORIENTED_EDGE ( 'NONE', *, *, #2948, .F. ) ;
#6512 = EDGE_CURVE ( 'NONE', #3056, #8456, #7922, .T. ) ;
#6513 = ORIENTED_EDGE ( 'NONE', *, *, #9258, .T. ) ;
#6514 = CARTESIAN_POINT ( 'NONE',  ( 6.990202061954396300, 5.510547726935022300, 3.444839032082838600 ) ) ;
#6515 = DIRECTION ( 'NONE',  ( 0.7818314824680352400, 0.6234898018587267100, -0.0000000000000000000 ) ) ;
#6516 = ORIENTED_EDGE ( 'NONE', *, *, #9105, .T. ) ;
#6517 = CIRCLE ( 'NONE', #6906, 9.046037105128460700 ) ;
#6518 = ORIENTED_EDGE ( 'NONE', *, *, #8073, .F. ) ;
#6519 = DIRECTION ( 'NONE',  ( -0.0000000000000000000, -0.0000000000000000000, 1.000000000000000000 ) ) ;
#6520 = ORIENTED_EDGE ( 'NONE', *, *, #2554, .F. ) ;
#6521 = CARTESIAN_POINT ( 'NONE',  ( 0.0000000000000000000, 0.0000000000000000000, -3.500000000000000000 ) ) ;
#6522 = CARTESIAN_POINT ( 'NONE',  ( -0.05000000000000002400, -8.837951820048278500, 3.455541280135825800 ) ) ;
#6523 = DIRECTION ( 'NONE',  ( 1.224646799147353200E-016, 0.0000000000000000000, -1.000000000000000000 ) ) ;
#6524 = EDGE_LOOP ( 'NONE', ( #5195, #9845, #9744, #8739, #8522 ) ) ;
#6525 = CARTESIAN_POINT ( 'NONE',  ( -6.921748881363472000, -5.583862937798313600, -3.457544059217933600 ) ) ;
#6526 = ORIENTED_EDGE ( 'NONE', *, *, #8707, .F. ) ;
#6527 = VERTEX_POINT ( 'NONE', #1489 ) ;
#6528 = CARTESIAN_POINT ( 'NONE',  ( 8.609196891592764800, -2.016278853409674700, -3.460296783607140100 ) ) ;
#6529 = FACE_OUTER_BOUND ( 'NONE', #7117, .T. ) ;
#6530 = CIRCLE ( 'NONE', #407, 8.837711872106121200 ) ;
#6531 = CARTESIAN_POINT ( 'NONE',  ( -3.776025503096005000, -7.725759507633395800, 3.114323832567765100 ) ) ;
#6532 = ADVANCED_FACE ( 'NONE', ( #9593 ), #3359, .T. ) ;
#6533 = CARTESIAN_POINT ( 'NONE',  ( 0.05000000000000002400, 8.857748479125211500, 3.469100694293998800 ) ) ;
#6534 = DIRECTION ( 'NONE',  ( -0.7818314824680220300, 0.6234898018587432500, 0.0000000000000000000 ) ) ;
#6535 = CARTESIAN_POINT ( 'NONE',  ( -3.813532923374990200, -8.034120955469184400, -3.457544059217933600 ) ) ;
#6536 = ORIENTED_EDGE ( 'NONE', *, *, #1209, .T. ) ;
#6537 = CARTESIAN_POINT ( 'NONE',  ( 8.404652361358978800, 1.867021212834296900, -3.129114371485063600 ) ) ;
#6538 = CARTESIAN_POINT ( 'NONE',  ( -8.905600812942541500, 2.083931114241475600, 3.094141646974374100 ) ) ;
#6539 = CARTESIAN_POINT ( 'NONE',  ( 8.534077790247366100, 1.999133408725472800, 3.351299362948742200 ) ) ;
#6540 = VECTOR ( 'NONE', #6826, 1000.000000000000000 ) ;
#6541 = CIRCLE ( 'NONE', #7646, 10.47500000000000500 ) ;
#6542 = EDGE_CURVE ( 'NONE', #1916, #8429, #8873, .T. ) ;
#6543 = CARTESIAN_POINT ( 'NONE',  ( 9.498018552564230900, 0.0000000000000000000, -3.325000000000001100 ) ) ;
#6544 = ORIENTED_EDGE ( 'NONE', *, *, #4556, .T. ) ;
#6545 = DIRECTION ( 'NONE',  ( 1.000000000000000000, 0.0000000000000000000, 0.0000000000000000000 ) ) ;
#6546 = CARTESIAN_POINT ( 'NONE',  ( 0.0000000000000000000, 0.0000000000000000000, -3.454996609771464400 ) ) ;
#6547 = ADVANCED_FACE ( 'NONE', ( #3976 ), #148, .T. ) ;
#6548 = CARTESIAN_POINT ( 'NONE',  ( -3.883828242128073000, 7.949614201843012000, -3.464471549642479200 ) ) ;
#6550 = CARTESIAN_POINT ( 'NONE',  ( -0.05000000000000003100, -8.764959675655999800, -3.351299362948741800 ) ) ;
#6549 = CARTESIAN_POINT ( 'NONE',  ( -6.959536336106070900, -5.486092626620142600, 3.469846945119945800 ) ) ;
#6551 = ORIENTED_EDGE ( 'NONE', *, *, #5523, .T. ) ;
#6552 = CARTESIAN_POINT ( 'NONE',  ( 8.636037103722788500, -2.022404956679600300, 3.469985047562923700 ) ) ;
#6553 = EDGE_CURVE ( 'NONE', #285, #8929, #8405, .T. ) ;
#6554 = CARTESIAN_POINT ( 'NONE',  ( -3.793483400516391300, 7.992487692262663800, 3.464362763198132600 ) ) ;
#6555 = CARTESIAN_POINT ( 'NONE',  ( -6.900669263985788500, -5.567052503891789100, -3.470139885832122400 ) ) ;
#6556 = AXIS2_PLACEMENT_3D ( 'NONE', #7209, #8115, #9551 ) ;
#6557 = EDGE_CURVE ( 'NONE', #3823, #9032, #5528, .T. ) ;
#6558 = CARTESIAN_POINT ( 'NONE',  ( 0.0000000000000000000, 0.0000000000000000000, -3.452421434499180400 ) ) ;
#6559 = CARTESIAN_POINT ( 'NONE',  ( 3.809960823644417800, 8.026703413948101900, 3.464797546056691800 ) ) ;
#6560 = CARTESIAN_POINT ( 'NONE',  ( 7.041194074364121000, 5.679117300646331600, -3.193750000000000100 ) ) ;
#6561 = CARTESIAN_POINT ( 'NONE',  ( -8.662371385772200200, 2.028415584710187700, 3.452421434499180400 ) ) ;
#6562 = B_SPLINE_CURVE_WITH_KNOTS ( 'NONE', 3,
 ( #2475, #7857, #4056, #7193, #8036, #9569, #4123, #1182, #3451, #4985, #3424, #415, #9516, #5752, #3484, #2582, #9475, #5721, #4952, #7269, #1877, #8833, #4881, #8704, #4176 ),
 .UNSPECIFIED., .F., .F.,
 ( 4, 3, 3, 3, 3, 3, 3, 3, 4 ),
 ( 0.0001509499138714756700, 0.0001527764003826867800, 0.0001645282963311840000, 0.0001762803579144511800, 0.0001880325997012805300, 0.0001997849575937743500, 0.0002115373162334719500, 0.0002188290956692535300, 0.0002208042975641515800 ),
 .UNSPECIFIED. ) ;
#6563 = AXIS2_PLACEMENT_3D ( 'NONE', #5353, #830, #2346 ) ;
#6564 = ORIENTED_EDGE ( 'NONE', *, *, #4039, .T. ) ;
#6565 = CARTESIAN_POINT ( 'NONE',  ( 0.0000000000000000000, 0.0000000000000000000, -3.094141646974374100 ) ) ;
#6566 = DIRECTION ( 'NONE',  ( 1.000000000000000000, 7.105427357601001900E-015, 0.0000000000000000000 ) ) ;
#6567 = AXIS2_PLACEMENT_3D ( 'NONE', #3474, #8098, #5744 ) ;
#6568 = CARTESIAN_POINT ( 'NONE',  ( -8.669423288030310800, -1.927453449055200000, 3.466916208273112400 ) ) ;
#6569 = EDGE_CURVE ( 'NONE', #2575, #5058, #5401, .T. ) ;
#6570 = CIRCLE ( 'NONE', #8104, 8.588813778810038700 ) ;
#6571 = CARTESIAN_POINT ( 'NONE',  ( 3.785012642412678700, 7.744421494718581700, 3.143904910697431300 ) ) ;
#6572 = CARTESIAN_POINT ( 'NONE',  ( 9.046037105128460700, 0.0000000000000000000, -3.325000000000001100 ) ) ;
#6573 = ADVANCED_FACE ( 'NONE', ( #6008 ), #7812, .F. ) ;
#6574 = CARTESIAN_POINT ( 'NONE',  ( 3.789767423690332000, 7.984771386873899400, -3.456075294419946400 ) ) ;
#6575 = EDGE_CURVE ( 'NONE', #3455, #6873, #2756, .T. ) ;
#6576 = EDGE_LOOP ( 'NONE', ( #4003, #8890, #3699, #2081, #2664, #174 ) ) ;
#6577 = CARTESIAN_POINT ( 'NONE',  ( 0.0000000000000000000, 0.0000000000000000000, -3.454996609771464400 ) ) ;
#6578 = CIRCLE ( 'NONE', #4649, 8.588813778810038700 ) ;
#6579 = DIRECTION ( 'NONE',  ( -1.000000000000000000, 0.0000000000000000000, 0.0000000000000000000 ) ) ;
#6580 = CARTESIAN_POINT ( 'NONE',  ( -6.934698440303874300, 5.594189866451288600, -3.429674227117769800 ) ) ;
#6581 = CARTESIAN_POINT ( 'NONE',  ( 8.830360115120004800, -1.964186229627602700, 3.500000000000000400 ) ) ;
#6582 = ORIENTED_EDGE ( 'NONE', *, *, #6712, .F. ) ;
#6583 = CARTESIAN_POINT ( 'NONE',  ( 8.605626990655284900, -2.015464046816475300, -3.456075294419946900 ) ) ;
#6584 = LINE ( 'NONE', #8861, #4549 ) ;
#6585 = CARTESIAN_POINT ( 'NONE',  ( 0.05000000000000004400, -8.599024861565366600, 3.114323832567764200 ) ) ;
#6586 = CARTESIAN_POINT ( 'NONE',  ( -6.951002515856730600, 5.479287132066026800, 3.466570807216844900 ) ) ;
#6587 = DIRECTION ( 'NONE',  ( 0.0000000000000000000, 0.0000000000000000000, -1.000000000000000000 ) ) ;
#6588 = ADVANCED_FACE ( 'NONE', ( #7565 ), #3118, .T. ) ;
#6589 = VERTEX_POINT ( 'NONE', #6068 ) ;
#6590 = DIRECTION ( 'NONE',  ( 1.000000000000000000, 0.0000000000000000000, 0.0000000000000000000 ) ) ;
#6591 = DIRECTION ( 'NONE',  ( 1.000000000000000000, 0.0000000000000000000, 0.0000000000000000000 ) ) ;
#6592 = CIRCLE ( 'NONE', #6674, 8.588813778810038700 ) ;
#6593 = ORIENTED_EDGE ( 'NONE', *, *, #5769, .F. ) ;
#6594 = EDGE_CURVE ( 'NONE', #1131, #3068, #6114, .T. ) ;
#6595 = PLANE ( 'NONE',  #8803 ) ;
#6596 = CARTESIAN_POINT ( 'NONE',  ( 7.779223250556908600, 6.203723528494385200, -1.592040838891560100E-016 ) ) ;
#6597 = ORIENTED_EDGE ( 'NONE', *, *, #7018, .F. ) ;
#6598 = VECTOR ( 'NONE', #4423, 999.9999999999998900 ) ;
#6599 = EDGE_CURVE ( 'NONE', #2053, #4558, #2456, .T. ) ;
#6600 = LINE ( 'NONE', #4054, #7319 ) ;
#6601 = ORIENTED_EDGE ( 'NONE', *, *, #1763, .T. ) ;
#6602 = CARTESIAN_POINT ( 'NONE',  ( 8.392497227128158600, 1.966818569093031300, -3.143904910697430800 ) ) ;
#6604 = CARTESIAN_POINT ( 'NONE',  ( -3.681435046370991500, 7.759816887429019000, -3.099533293948748100 ) ) ;
#6603 = CARTESIAN_POINT ( 'NONE',  ( -3.879820004569297400, 8.171767497885925400, -3.500000000000000000 ) ) ;
#6605 = VERTEX_POINT ( 'NONE', #8374 ) ;
#6606 = FACE_OUTER_BOUND ( 'NONE', #7200, .T. ) ;
#6607 = AXIS2_PLACEMENT_3D ( 'NONE', #8195, #2125, #2796 ) ;
#6608 = CARTESIAN_POINT ( 'NONE',  ( -7.041194074364041100, 5.679117300646431900, -3.094141646974374100 ) ) ;
#6609 = EDGE_CURVE ( 'NONE', #1252, #8428, #2385, .T. ) ;
#6610 = CARTESIAN_POINT ( 'NONE',  ( 6.683716731970482000, -5.394038632959075500, 3.099533293948748100 ) ) ;
#6611 = CARTESIAN_POINT ( 'NONE',  ( -8.382400267963360500, -1.964514004052424300, -3.129114371485063100 ) ) ;
#6612 = VERTEX_POINT ( 'NONE', #3276 ) ;
#6613 = CARTESIAN_POINT ( 'NONE',  ( 3.879692025218445500, -7.941025258929165000, 3.455541280135825800 ) ) ;
#6614 = ORIENTED_EDGE ( 'NONE', *, *, #1872, .T. ) ;
#6615 = CARTESIAN_POINT ( 'NONE',  ( 0.0000000000000000000, 0.0000000000000000000, 3.064533293948747500 ) ) ;
#6616 = LINE ( 'NONE', #2793, #1233 ) ;
#6617 = ORIENTED_EDGE ( 'NONE', *, *, #5224, .T. ) ;
#6618 = VERTEX_POINT ( 'NONE', #7801 ) ;
#6619 = AXIS2_PLACEMENT_3D ( 'NONE', #5773, #8884, #6523 ) ;
#6620 = CARTESIAN_POINT ( 'NONE',  ( 0.05000000000000001700, -8.905308122385132900, 3.437256629622304200 ) ) ;
#6621 = ORIENTED_EDGE ( 'NONE', *, *, #1758, .F. ) ;
#6622 = ADVANCED_FACE ( 'NONE', ( #9364 ), #1207, .F. ) ;
#6623 = EDGE_LOOP ( 'NONE', ( #7944, #4821, #7834, #2086 ) ) ;
#6624 = CARTESIAN_POINT ( 'NONE',  ( -6.941595868251037700, 5.471785580921891600, 3.456597352396201500 ) ) ;
#6625 = ORIENTED_EDGE ( 'NONE', *, *, #5953, .F. ) ;
#6626 = CARTESIAN_POINT ( 'NONE',  ( -8.372303308387680300, 1.962209438918271400, 3.114323832567764200 ) ) ;
#6627 = ORIENTED_EDGE ( 'NONE', *, *, #9170, .T. ) ;
#6628 = EDGE_CURVE ( 'NONE', #8764, #4251, #3490, .T. ) ;
#6629 = LINE ( 'NONE', #1899, #4596 ) ;
#6630 = ORIENTED_EDGE ( 'NONE', *, *, #9437, .T. ) ;
#6631 = ORIENTED_EDGE ( 'NONE', *, *, #95, .F. ) ;
#6632 = CARTESIAN_POINT ( 'NONE',  ( 6.879246888065242900, 5.549968729168595500, -3.456597352396201500 ) ) ;
#6633 = VERTEX_POINT ( 'NONE', #1701 ) ;
#6634 = ORIENTED_EDGE ( 'NONE', *, *, #6994, .T. ) ;
#6635 = CARTESIAN_POINT ( 'NONE',  ( -8.672891611396272200, -1.928245071230555700, 3.465025888964337500 ) ) ;
#6636 = EDGE_LOOP ( 'NONE', ( #1952, #6625, #1915, #4625 ) ) ;
#6637 = CARTESIAN_POINT ( 'NONE',  ( 0.05000000000000002400, 8.895923368718410300, -3.453478796700601500 ) ) ;
#6638 = AXIS2_PLACEMENT_3D ( 'NONE', #3178, #5543, #2590 ) ;
#6639 = ORIENTED_EDGE ( 'NONE', *, *, #1647, .F. ) ;
#6640 = FACE_OUTER_BOUND ( 'NONE', #186, .T. ) ;
#6641 = EDGE_LOOP ( 'NONE', ( #4429, #6639, #6311, #5750 ) ) ;
#6642 = CC_DESIGN_APPROVAL ( #1880, ( #2005 ) ) ;
#6643 = VERTEX_POINT ( 'NONE', #6308 ) ;
#6644 = ADVANCED_FACE ( 'NONE', ( #1914 ), #8272, .F. ) ;
#6645 = CARTESIAN_POINT ( 'NONE',  ( -0.05000000000000001000, 9.045898922017695300, 3.500000000000000000 ) ) ;
#6646 = VERTEX_POINT ( 'NONE', #9722 ) ;
#6647 = CARTESIAN_POINT ( 'NONE',  ( -6.941273910857398200, -5.471528828467872300, -3.456075294419946400 ) ) ;
#6648 = CARTESIAN_POINT ( 'NONE',  ( 8.650639518000613000, -2.025737862448855300, 3.465025888964337500 ) ) ;
#6649 = CARTESIAN_POINT ( 'NONE',  ( 0.0000000000000000000, 0.0000000000000000000, 2.975000000000000100 ) ) ;
#6650 = LINE ( 'NONE', #7972, #543 ) ;
#6651 = LINE ( 'NONE', #1166, #9167 ) ;
#6652 = ORIENTED_EDGE ( 'NONE', *, *, #2954, .F. ) ;
#6653 = CARTESIAN_POINT ( 'NONE',  ( 6.878316301899190000, -5.549226611465182500, 3.454996609771464800 ) ) ;
#6654 = CARTESIAN_POINT ( 'NONE',  ( -6.940665282085137600, -5.471043463218286700, 3.454996609771464800 ) ) ;
#6655 = PLANE ( 'NONE',  #7334 ) ;
#6656 = VECTOR ( 'NONE', #1598, 1000.000000000000000 ) ;
#6657 = DIRECTION ( 'NONE',  ( 0.0000000000000000000, 0.0000000000000000000, -1.000000000000000000 ) ) ;
#6658 = EDGE_CURVE ( 'NONE', #9190, #6605, #2996, .T. ) ;
#6659 = AXIS2_PLACEMENT_3D ( 'NONE', #5257, #5334, #7642 ) ;
#6660 = VERTEX_POINT ( 'NONE', #7842 ) ;
#6661 = CARTESIAN_POINT ( 'NONE',  ( -6.919872040174186400, 5.582366206894939800, 3.460240287494900500 ) ) ;
#6662 = EDGE_CURVE ( 'NONE', #6748, #4833, #8291, .T. ) ;
#6663 = COORDINATED_UNIVERSAL_TIME_OFFSET ( 6, 0, .BEHIND. ) ;
#6664 = CARTESIAN_POINT ( 'NONE',  ( -0.05000000000000001000, -9.045898922017695300, -3.193750000000000100 ) ) ;
#6665 = CARTESIAN_POINT ( 'NONE',  ( 0.05000000000000002400, 8.837570431649497800, -3.454996609771464800 ) ) ;
#6666 = CARTESIAN_POINT ( 'NONE',  ( -8.362206348396773200, -1.959904873688991500, -3.099533293948748100 ) ) ;
#6667 = AXIS2_PLACEMENT_3D ( 'NONE', #8124, #3641, #3544 ) ;
#6668 = ADVANCED_FACE ( 'NONE', ( #9583 ), #6960, .T. ) ;
#6669 = APPROVAL_DATE_TIME ( #8702, #2214 ) ;
#6670 = DIRECTION ( 'NONE',  ( -0.0000000000000000000, -0.0000000000000000000, 1.000000000000000000 ) ) ;
#6671 = CARTESIAN_POINT ( 'NONE',  ( 8.659027583718755100, 2.027652383711713700, 3.457544059217933600 ) ) ;
#6672 = CARTESIAN_POINT ( 'NONE',  ( 3.898524665975438000, -7.980131640415018900, 3.466489319800472900 ) ) ;
#6673 = CARTESIAN_POINT ( 'NONE',  ( -6.993624741251824000, 5.513277222593560000, 3.437256629622304200 ) ) ;
#6674 = AXIS2_PLACEMENT_3D ( 'NONE', #3240, #8749, #5708 ) ;
#6675 = TOROIDAL_SURFACE ( 'NONE', #2838, 8.866382193656235700, 0.03500000000000000300 ) ;
#6676 = EDGE_CURVE ( 'NONE', #364, #2782, #491, .T. ) ;
#6677 = CARTESIAN_POINT ( 'NONE',  ( -6.984097861549227700, 5.505679789551656700, -3.457544059217933600 ) ) ;
#6678 = CARTESIAN_POINT ( 'NONE',  ( -6.972136250112514600, 5.496140722742725700, 3.468181098941469600 ) ) ;
#6679 = CARTESIAN_POINT ( 'NONE',  ( 3.879820004569354700, -8.171767497885897000, 3.193750000000000100 ) ) ;
#6680 = CARTESIAN_POINT ( 'NONE',  ( -6.827126517065059900, 5.380499319508437800, -3.247602129575368300 ) ) ;
#6681 = VERTEX_POINT ( 'NONE', #9789 ) ;
#6682 = AXIS2_PLACEMENT_3D ( 'NONE', #3743, #5274, #8365 ) ;
#6683 = CARTESIAN_POINT ( 'NONE',  ( 3.881453065862053200, 7.944682097505703300, -3.460296783607140100 ) ) ;
#6684 = CYLINDRICAL_SURFACE ( 'NONE', #2766, 8.588813778810038700 ) ;
#6685 = CARTESIAN_POINT ( 'NONE',  ( -3.879526546994039600, -7.940681639855232500, 3.454996609771464800 ) ) ;
#6686 = DIRECTION ( 'NONE',  ( 1.000000000000000000, -3.552713678800500900E-015, 0.0000000000000000000 ) ) ;
#6687 = DIRECTION ( 'NONE',  ( 0.0000000000000000000, 0.0000000000000000000, -1.000000000000000000 ) ) ;
#6688 = EDGE_CURVE ( 'NONE', #6832, #3798, #8032, .T. ) ;
#6689 = ORIENTED_EDGE ( 'NONE', *, *, #4671, .T. ) ;
#6690 = CARTESIAN_POINT ( 'NONE',  ( 0.05000000000000002400, 8.857748479125211500, -3.469100694293998800 ) ) ;
#6691 = ORIENTED_EDGE ( 'NONE', *, *, #9545, .F. ) ;
#6692 = CARTESIAN_POINT ( 'NONE',  ( -6.827126517065059900, 5.380499319508437800, 3.247602129575368300 ) ) ;
#6693 = CYLINDRICAL_SURFACE ( 'NONE', #7136, 9.046037105128460700 ) ;
#6694 = VERTEX_POINT ( 'NONE', #7461 ) ;
#6695 = CARTESIAN_POINT ( 'NONE',  ( 3.780519072845678800, -7.735090501365860400, 3.129114371485063100 ) ) ;
#6696 = CARTESIAN_POINT ( 'NONE',  ( 0.0000000000000000000, 0.0000000000000000000, 3.094141646974374100 ) ) ;
#6697 = EDGE_CURVE ( 'NONE', #9854, #9739, #975, .T. ) ;
#6699 = AXIS2_PLACEMENT_3D ( 'NONE', #7664, #4548, #5281 ) ;
#6698 = DIRECTION ( 'NONE',  ( 0.9009688679024218100, 0.4338837391175526200, -0.0000000000000000000 ) ) ;
#6700 = FACE_OUTER_BOUND ( 'NONE', #4124, .T. ) ;
#6701 = DIRECTION ( 'NONE',  ( 1.000000000000000000, 0.0000000000000000000, 0.0000000000000000000 ) ) ;
#6702 = CARTESIAN_POINT ( 'NONE',  ( 6.900249666593185600, -5.566717886137296600, 3.469915996672631000 ) ) ;
#6703 = CARTESIAN_POINT ( 'NONE',  ( -6.940963463542236600, 5.471281254995616900, -3.455541280135824500 ) ) ;
#6704 = ORIENTED_EDGE ( 'NONE', *, *, #8137, .F. ) ;
#6705 = CARTESIAN_POINT ( 'NONE',  ( -0.05000000000000001000, -9.045898922017695300, 3.193750000000000100 ) ) ;
#6706 = ADVANCED_FACE ( 'NONE', ( #2745 ), #6481, .F. ) ;
#6707 = LINE ( 'NONE', #1858, #4697 ) ;
#6708 = CARTESIAN_POINT ( 'NONE',  ( -6.945830820748149400, 5.475162842841518400, 3.462372291138045500 ) ) ;
#6709 = VECTOR ( 'NONE', #458, 1000.000000000000000 ) ;
#6710 = ORIENTED_EDGE ( 'NONE', *, *, #3528, .T. ) ;
#6711 = DIRECTION ( 'NONE',  ( 0.0000000000000000000, -1.000000000000000000, 0.0000000000000000000 ) ) ;
#6712 = EDGE_CURVE ( 'NONE', #518, #5661, #6810, .T. ) ;
#6713 = DIRECTION ( 'NONE',  ( 0.0000000000000000000, 0.0000000000000000000, 1.000000000000000000 ) ) ;
#6714 = ORIENTED_EDGE ( 'NONE', *, *, #3298, .F. ) ;
#6715 = ORIENTED_EDGE ( 'NONE', *, *, #6318, .F. ) ;
#6716 = VECTOR ( 'NONE', #4354, 1000.000000000000000 ) ;
#6717 = DIRECTION ( 'NONE',  ( 1.224646799147353200E-016, 1.000000000000000000, 0.0000000000000000000 ) ) ;
#6718 = CARTESIAN_POINT ( 'NONE',  ( -6.770357110861822600, -5.335227228758467900, 3.143904910697431300 ) ) ;
#6719 = ORIENTED_EDGE ( 'NONE', *, *, #3726, .T. ) ;
#6720 = CARTESIAN_POINT ( 'NONE',  ( -5.686989865158905900, 6.964553935150292200E-016, 3.500000000000000000 ) ) ;
#6721 = EDGE_CURVE ( 'NONE', #1726, #2311, #610, .T. ) ;
#6722 = CONICAL_SURFACE ( 'NONE', #392, 8.869223585189136100, 0.6108652381980126400 ) ;
#6723 = CARTESIAN_POINT ( 'NONE',  ( -8.384458441792405700, -1.862412082470809000, 3.099533293948748100 ) ) ;
#6724 = VERTEX_POINT ( 'NONE', #3144 ) ;
#6725 = DIRECTION ( 'NONE',  ( 0.9749279121818244000, 0.2225209339563114000, 0.0000000000000000000 ) ) ;
#6726 = ORIENTED_EDGE ( 'NONE', *, *, #4982, .F. ) ;
#6727 = DIRECTION ( 'NONE',  ( -0.9749279121818257300, -0.2225209339563050900, -0.0000000000000000000 ) ) ;
#6728 = VERTEX_POINT ( 'NONE', #9174 ) ;
#6729 = EDGE_CURVE ( 'NONE', #60, #3340, #6247, .T. ) ;
#6730 = ORIENTED_EDGE ( 'NONE', *, *, #3262, .T. ) ;
#6731 = DIRECTION ( 'NONE',  ( -0.0000000000000000000, -0.0000000000000000000, 1.000000000000000000 ) ) ;
#6732 = ORIENTED_EDGE ( 'NONE', *, *, #8966, .F. ) ;
#6733 = AXIS2_PLACEMENT_3D ( 'NONE', #1087, #292, #6418 ) ;
#6734 = VECTOR ( 'NONE', #470, 1000.000000000000000 ) ;
#6735 = VERTEX_POINT ( 'NONE', #7740 ) ;
#6736 = CARTESIAN_POINT ( 'NONE',  ( -6.968774760211276800, -5.493460023999253900, -3.469378817057675600 ) ) ;
#6737 = EDGE_CURVE ( 'NONE', #5058, #3617, #4307, .T. ) ;
#6738 = CARTESIAN_POINT ( 'NONE',  ( -7.779223250556819700, 6.203723528494495400, -1.592040838891560100E-016 ) ) ;
#6739 = ORIENTED_EDGE ( 'NONE', *, *, #923, .T. ) ;
#6740 = ORIENTED_EDGE ( 'NONE', *, *, #8473, .F. ) ;
#6741 = CARTESIAN_POINT ( 'NONE',  ( -7.103543054549914100, 5.600934152399629400, 3.193750000000000100 ) ) ;
#6742 = ORIENTED_EDGE ( 'NONE', *, *, #7841, .F. ) ;
#6743 = B_SPLINE_CURVE_WITH_KNOTS ( 'NONE', 3,
 ( #9662, #5116, #2102, #6718, #541, #2132, #8259 ),
 .UNSPECIFIED., .F., .F.,
 ( 4, 3, 4 ),
 ( 0.0008460917731560553300, 0.0009002598162382148600, 0.001280034707405372300 ),
 .UNSPECIFIED. ) ;
#6744 = EDGE_LOOP ( 'NONE', ( #7700, #6998, #1774, #7679, #5062, #1392 ) ) ;
#6745 = DIRECTION ( 'NONE',  ( 0.9749279121818257300, 0.2225209339563050900, 0.0000000000000000000 ) ) ;
#6747 = LINE ( 'NONE', #4877, #6285 ) ;
#6746 = DIRECTION ( 'NONE',  ( -1.000000000000000000, 0.0000000000000000000, 0.0000000000000000000 ) ) ;
#6748 = VERTEX_POINT ( 'NONE', #4518 ) ;
#6749 = CARTESIAN_POINT ( 'NONE',  ( 8.669808522246119900, -1.927541376251193900, 3.466489319800472900 ) ) ;
#6750 = CARTESIAN_POINT ( 'NONE',  ( -8.658790293242614000, 1.925026537381866700, 3.469713030103804400 ) ) ;
#6751 = VERTEX_POINT ( 'NONE', #9936 ) ;
#6752 = AXIS2_PLACEMENT_3D ( 'NONE', #366, #3517, #2726 ) ;
#6753 = CARTESIAN_POINT ( 'NONE',  ( 7.119485258517226400, -5.741552436592602500, -3.094141646974374100 ) ) ;
#6754 = EDGE_CURVE ( 'NONE', #8436, #773, #6831, .T. ) ;
#6755 = ORIENTED_EDGE ( 'NONE', *, *, #2769, .F. ) ;
#6756 = DIRECTION ( 'NONE',  ( -0.0000000000000000000, -0.0000000000000000000, 1.000000000000000000 ) ) ;
#6757 = ORIENTED_EDGE ( 'NONE', *, *, #425, .F. ) ;
#6758 = VECTOR ( 'NONE', #4037, 1000.000000000000000 ) ;
#6759 = VECTOR ( 'NONE', #3090, 1000.000000000000000 ) ;
#6760 = CARTESIAN_POINT ( 'NONE',  ( 0.0000000000000000000, 7.500000000000000000, -3.092233167847068000E-016 ) ) ;
#6761 = ORIENTED_EDGE ( 'NONE', *, *, #7086, .T. ) ;
#6762 = PLANE ( 'NONE',  #8231 ) ;
#6763 = EDGE_CURVE ( 'NONE', #6772, #3940, #7310, .T. ) ;
#6764 = CARTESIAN_POINT ( 'NONE',  ( 3.879820004569413300, 8.171767497885872100, 3.193750000000000100 ) ) ;
#6765 = CARTESIAN_POINT ( 'NONE',  ( -3.879820004569297400, 8.171767497885925400, 3.500000000000000000 ) ) ;
#6766 = APPLICATION_CONTEXT ( 'configuration controlled 3d designs of mechanical parts and assemblies' ) ;
#6767 = ADVANCED_FACE ( 'NONE', ( #5747 ), #744, .T. ) ;
#6768 = LINE ( 'NONE', #2281, #6656 ) ;
#6769 = LINE ( 'NONE', #5724, #4743 ) ;
#6770 = CARTESIAN_POINT ( 'NONE',  ( 6.708008130675913200, 5.413410377005316600, 3.143904910697430800 ) ) ;
#6771 = CARTESIAN_POINT ( 'NONE',  ( 0.0000000000000000000, 5.686989865158905900, 3.376256313292342400 ) ) ;
#6772 = VERTEX_POINT ( 'NONE', #9867 ) ;
#6773 = DIRECTION ( 'NONE',  ( 1.000000000000000000, 0.0000000000000000000, 0.0000000000000000000 ) ) ;
#6774 = CARTESIAN_POINT ( 'NONE',  ( 8.384458441792379100, -1.862412082470922300, -3.094141646974374100 ) ) ;
#6775 = DIRECTION ( 'NONE',  ( 0.7818314824680268100, -0.6234898018587372600, 0.0000000000000000000 ) ) ;
#6776 = CARTESIAN_POINT ( 'NONE',  ( -0.05000000000000002400, 8.881356628892445900, -3.466489319800472900 ) ) ;
#6777 = CARTESIAN_POINT ( 'NONE',  ( 6.885620889539906000, -5.555051825725412200, 3.464362763198132200 ) ) ;
#6778 = ORIENTED_EDGE ( 'NONE', *, *, #6240, .T. ) ;
#6779 = CARTESIAN_POINT ( 'NONE',  ( -6.972136250112514600, 5.496140722742725700, -3.468181098941469600 ) ) ;
#6780 = CARTESIAN_POINT ( 'NONE',  ( 6.951002515856772300, -5.479287132065974400, 3.466570807216844900 ) ) ;
#6781 = CARTESIAN_POINT ( 'NONE',  ( -3.789429660203631000, 7.984070013767070200, 3.454996609771464800 ) ) ;
#6782 = DIRECTION ( 'NONE',  ( -0.9009688679024218100, -0.4338837391175525700, 0.0000000000000000000 ) ) ;
#6783 = CARTESIAN_POINT ( 'NONE',  ( -8.627120136385658000, 1.917798030746353800, 3.454996609771464800 ) ) ;
#6784 = EDGE_CURVE ( 'NONE', #3876, #2962, #4432, .T. ) ;
#6785 = ADVANCED_FACE ( 'NONE', ( #8863 ), #9816, .T. ) ;
#6786 = DIRECTION ( 'NONE',  ( 1.000000000000000000, 0.0000000000000000000, 0.0000000000000000000 ) ) ;
#6787 = CARTESIAN_POINT ( 'NONE',  ( 3.904844937517935900, 7.993255819505019000, -3.453478796700601500 ) ) ;
#6788 = CARTESIAN_POINT ( 'NONE',  ( -0.05000000000000001700, -8.905308122385132900, -3.437256629622304200 ) ) ;
#6789 = CARTESIAN_POINT ( 'NONE',  ( 6.827126517065100800, -5.380499319508385400, -3.247602129575368300 ) ) ;
#6790 = EDGE_CURVE ( 'NONE', #1818, #2847, #5998, .T. ) ;
#6791 = CARTESIAN_POINT ( 'NONE',  ( 0.0000000000000000000, 0.0000000000000000000, 3.094141646974374100 ) ) ;
#6792 = CARTESIAN_POINT ( 'NONE',  ( -3.888530992798996200, 7.959379564233929100, 3.469014143938407500 ) ) ;
#6793 = FACE_OUTER_BOUND ( 'NONE', #4214, .T. ) ;
#6794 = CARTESIAN_POINT ( 'NONE',  ( 8.807973303152696300, -2.061648272210920800, 3.094141646974374100 ) ) ;
#6795 = AXIS2_PLACEMENT_3D ( 'NONE', #6091, #6125, #3046 ) ;
#6796 = DIRECTION ( 'NONE',  ( -0.0000000000000000000, -0.0000000000000000000, 1.000000000000000000 ) ) ;
#6797 = VERTEX_POINT ( 'NONE', #1545 ) ;
#6798 = CARTESIAN_POINT ( 'NONE',  ( 3.969916891359596800, -8.128379123974143600, -3.193750000000000100 ) ) ;
#6799 = CARTESIAN_POINT ( 'NONE',  ( -7.311959341363692700, -1.668907004672287800, -3.092233167847068000E-016 ) ) ;
#6800 = LINE ( 'NONE', #4536, #4999 ) ;
#6801 = CARTESIAN_POINT ( 'NONE',  ( 8.830225396548327100, -1.964155480992738600, 3.193750000000000100 ) ) ;
#6802 = CARTESIAN_POINT ( 'NONE',  ( -3.969916891359540400, 8.128379123974170300, -3.500000000000000000 ) ) ;
#6803 = AXIS2_PLACEMENT_3D ( 'NONE', #8733, #5697, #8705 ) ;
#6804 = CARTESIAN_POINT ( 'NONE',  ( 0.0000000000000000000, 0.0000000000000000000, -3.094141646974374100 ) ) ;
#6805 = CARTESIAN_POINT ( 'NONE',  ( -0.05000000000000002400, 8.837570431649497800, -3.454996609771464800 ) ) ;
#6806 = CARTESIAN_POINT ( 'NONE',  ( -3.801834618289955200, -8.009829174656479400, 3.470139885832122400 ) ) ;
#6807 = DIRECTION ( 'NONE',  ( 1.000000000000000000, 0.0000000000000000000, 0.0000000000000000000 ) ) ;
#6808 = EDGE_LOOP ( 'NONE', ( #5070, #1383, #3564, #6937, #9531, #8058 ) ) ;
#6809 = AXIS2_PLACEMENT_3D ( 'NONE', #3219, #7064, #9411 ) ;
#6810 = B_SPLINE_CURVE_WITH_KNOTS ( 'NONE', 3,
 ( #8339, #2101, #2939, #9688, #3606, #6661, #2065, #7417, #2897, #2830, #8990, #8953, #9728, #5929, #4443, #34, #9204, #1575, #6128, #6898, #8370, #3003, #6926, #7661, #2366 ),
 .UNSPECIFIED., .F., .F.,
 ( 4, 3, 3, 3, 3, 3, 3, 3, 4 ),
 ( 0.0001509499138714759900, 0.0001527764003826877800, 0.0001645282963311849500, 0.0001762803579144524800, 0.0001880325997012811000, 0.0001997849575937758900, 0.0002115373162334736800, 0.0002188290956692552600, 0.0002208042975641528200 ),
 .UNSPECIFIED. ) ;
#6811 = EDGE_CURVE ( 'NONE', #6832, #60, #2401, .T. ) ;
#6812 = CARTESIAN_POINT ( 'NONE',  ( 6.943492677353427600, -5.473298235704751500, 3.459673052288552200 ) ) ;
#6813 = CONICAL_SURFACE ( 'NONE', #9195, 4.000000000000000000, 0.7853981633974516100 ) ;
#6814 = ADVANCED_FACE ( 'NONE', ( #5518 ), #4685, .T. ) ;
#6815 = DIRECTION ( 'NONE',  ( -0.0000000000000000000, -0.0000000000000000000, 1.000000000000000000 ) ) ;
#6816 = CARTESIAN_POINT ( 'NONE',  ( 0.05000000000000002400, -8.870055045600164300, 3.469713030103804400 ) ) ;
#6817 = PLANE ( 'NONE',  #1756 ) ;
#6818 = CARTESIAN_POINT ( 'NONE',  ( 0.05000000000000001700, -8.909685893445361800, 3.429674227117770700 ) ) ;
#6819 = AXIS2_PLACEMENT_3D ( 'NONE', #8877, #2842, #9673 ) ;
#6820 = ORIENTED_EDGE ( 'NONE', *, *, #5384, .T. ) ;
#6821 = CARTESIAN_POINT ( 'NONE',  ( 8.656913187827482800, 2.027169786647253300, -3.459706444013471500 ) ) ;
#6822 = DIRECTION ( 'NONE',  ( 1.000000000000000000, 0.0000000000000000000, 0.0000000000000000000 ) ) ;
#6823 = CIRCLE ( 'NONE', #8160, 9.046037105128458900 ) ;
#6824 = CC_DESIGN_APPROVAL ( #3238, ( #2394 ) ) ;
#6825 = DIRECTION ( 'NONE',  ( -0.0000000000000000000, -0.0000000000000000000, 1.000000000000000000 ) ) ;
#6826 = DIRECTION ( 'NONE',  ( -0.0000000000000000000, -0.0000000000000000000, 1.000000000000000000 ) ) ;
#6827 = DIRECTION ( 'NONE',  ( -1.000000000000000000, 6.776263578034444600E-017, 0.0000000000000000000 ) ) ;
#6828 = DIRECTION ( 'NONE',  ( -0.2225209339559683900, -0.9749279121819025600, 0.0000000000000000000 ) ) ;
#6829 = ORIENTED_EDGE ( 'NONE', *, *, #8335, .T. ) ;
#6830 = CARTESIAN_POINT ( 'NONE',  ( 0.0000000000000000000, 0.0000000000000000000, -3.500000000000000400 ) ) ;
#6831 = CIRCLE ( 'NONE', #1743, 8.380768779485729100 ) ;
#6832 = VERTEX_POINT ( 'NONE', #3921 ) ;
#6833 = B_SPLINE_CURVE_WITH_KNOTS ( 'NONE', 3,
 ( #4282, #9041, #8315, #5251, #3690, #9797, #9002 ),
 .UNSPECIFIED., .F., .F.,
 ( 4, 3, 4 ),
 ( 0.001199429903413613100, 0.001225696219576499600, 0.001498119107920984000 ),
 .UNSPECIFIED. ) ;
#6834 = CARTESIAN_POINT ( 'NONE',  ( 6.966062775967514200, -5.491297288733937500, -3.469713030103804400 ) ) ;
#6835 = CARTESIAN_POINT ( 'NONE',  ( 0.05000000000000001700, -8.909685893445361800, -3.429674227117770700 ) ) ;
#6836 = DIRECTION ( 'NONE',  ( -0.0000000000000000000, -0.0000000000000000000, 1.000000000000000000 ) ) ;
#6837 = DIRECTION ( 'NONE',  ( 1.000000000000000000, 0.0000000000000000000, 0.0000000000000000000 ) ) ;
#6838 = CARTESIAN_POINT ( 'NONE',  ( -3.789429660203631000, 7.984070013767070200, 3.454996609771464800 ) ) ;
#6839 = VERTEX_POINT ( 'NONE', #6999 ) ;
#6840 = CARTESIAN_POINT ( 'NONE',  ( -0.05000000000000002400, 8.854507720150186500, -3.468127985775450100 ) ) ;
#6841 = FACE_OUTER_BOUND ( 'NONE', #9306, .T. ) ;
#6842 = TOROIDAL_SURFACE ( 'NONE', #6878, 8.866382193656235700, 0.03500000000000000300 ) ;
#6843 = ORIENTED_EDGE ( 'NONE', *, *, #3493, .T. ) ;
#6844 = DIRECTION ( 'NONE',  ( -0.2225209339563050700, 0.9749279121818257300, 0.0000000000000000000 ) ) ;
#6845 = ORIENTED_EDGE ( 'NONE', *, *, #5389, .T. ) ;
#6846 = CARTESIAN_POINT ( 'NONE',  ( 0.05000000000000003700, 8.588668239434865000, -3.500000000000000000 ) ) ;
#6847 = VECTOR ( 'NONE', #9865, 1000.000000000000000 ) ;
#6848 = DIRECTION ( 'NONE',  ( 1.000000000000000000, 0.0000000000000000000, 0.0000000000000000000 ) ) ;
#6849 = CARTESIAN_POINT ( 'NONE',  ( 8.666363791625199700, -1.926755138965936500, 3.468181098941469600 ) ) ;
#6850 = VERTEX_POINT ( 'NONE', #1614 ) ;
#6851 = CARTESIAN_POINT ( 'NONE',  ( 8.737285000697680100, 0.0000000000000000000, 3.500000000000000000 ) ) ;
#6852 = CARTESIAN_POINT ( 'NONE',  ( -8.633561457740791300, 1.919268220312113200, 3.462372291138045500 ) ) ;
#6853 = EDGE_CURVE ( 'NONE', #484, #1568, #6354, .T. ) ;
#6854 = CARTESIAN_POINT ( 'NONE',  ( -3.905117942076870900, 7.993822719313299400, 3.452421434499180400 ) ) ;
#6855 = ORIENTED_EDGE ( 'NONE', *, *, #6945, .T. ) ;
#6856 = DIRECTION ( 'NONE',  ( -1.000000000000000000, 0.0000000000000000000, 0.0000000000000000000 ) ) ;
#6857 = VECTOR ( 'NONE', #5077, 1000.000000000000100 ) ;
#6858 = VERTEX_POINT ( 'NONE', #7051 ) ;
#6859 = VERTEX_POINT ( 'NONE', #9237 ) ;
#6860 = PLANE ( 'NONE',  #7266 ) ;
#6861 = CARTESIAN_POINT ( 'NONE',  ( 6.984097861549269500, -5.505679789551604300, 3.457544059217933600 ) ) ;
#6862 = EDGE_LOOP ( 'NONE', ( #3249, #6761, #4241, #380 ) ) ;
#6863 = ORIENTED_EDGE ( 'NONE', *, *, #9184, .F. ) ;
#6864 = DIRECTION ( 'NONE',  ( 0.0000000000000000000, 0.0000000000000000000, 1.000000000000000000 ) ) ;
#6865 = CARTESIAN_POINT ( 'NONE',  ( 8.672891611396258000, 1.928245071230612700, 3.465025888964337500 ) ) ;
#6866 = CARTESIAN_POINT ( 'NONE',  ( 0.0000000000000000000, 0.0000000000000000000, -3.094141646974374100 ) ) ;
#6867 = VERTEX_POINT ( 'NONE', #709 ) ;
#6868 = DIRECTION ( 'NONE',  ( -0.7071067811865499000, 0.0000000000000000000, -0.7071067811865452400 ) ) ;
#6869 = VECTOR ( 'NONE', #4510, 1000.000000000000000 ) ;
#6870 = ORIENTED_EDGE ( 'NONE', *, *, #7767, .F. ) ;
#6871 = ADVANCED_FACE ( 'NONE', ( #5271 ), #8982, .T. ) ;
#6872 = AXIS2_PLACEMENT_3D ( 'NONE', #7669, #3013, #797 ) ;
#6873 = VERTEX_POINT ( 'NONE', #7996 ) ;
#6874 = CARTESIAN_POINT ( 'NONE',  ( 0.0000000000000000000, 0.0000000000000000000, 2.758752104430781700 ) ) ;
#6875 = ORIENTED_EDGE ( 'NONE', *, *, #6945, .F. ) ;
#6876 = CARTESIAN_POINT ( 'NONE',  ( 6.985582152474043100, -5.506863472065471200, -3.455073707654066100 ) ) ;
#6877 = ORIENTED_EDGE ( 'NONE', *, *, #4427, .F. ) ;
#6878 = AXIS2_PLACEMENT_3D ( 'NONE', #9793, #5185, #1390 ) ;
#6879 = DIRECTION ( 'NONE',  ( -0.0000000000000000000, -0.0000000000000000000, 1.000000000000000000 ) ) ;
#6880 = ORIENTED_EDGE ( 'NONE', *, *, #1881, .F. ) ;
#6881 = EDGE_CURVE ( 'NONE', #899, #7205, #8518, .T. ) ;
#6882 = CARTESIAN_POINT ( 'NONE',  ( -8.611036915675310200, 2.016698826899296000, -3.461862008941933000 ) ) ;
#6883 = CONICAL_SURFACE ( 'NONE', #6638, 8.588813778810038700, 0.1745329251994453500 ) ;
#6884 = CARTESIAN_POINT ( 'NONE',  ( -0.05000000000000003700, 8.609381483269881800, 3.129114371485063100 ) ) ;
#6885 = EDGE_LOOP ( 'NONE', ( #3496, #8202, #5936, #4335 ) ) ;
#6886 = EDGE_LOOP ( 'NONE', ( #4706, #3283, #1521, #4463 ) ) ;
#6887 = DIRECTION ( 'NONE',  ( 0.0000000000000000000, 0.0000000000000000000, -1.000000000000000000 ) ) ;
#6888 = B_SPLINE_CURVE_WITH_KNOTS ( 'NONE', 3,
 ( #9419, #7911, #7144, #3324, #2553, #8680, #4090, #9447, #284, #4862, #1055, #6485, #5873, #5098, #2140, #7133, #271, #2668, #3448, #2700, #2764, #172, #3309, #810, #7655 ),
 .UNSPECIFIED., .F., .F.,
 ( 4, 3, 3, 3, 3, 3, 3, 3, 4 ),
 ( 0.0001509499138714748300, 0.0001527764003826861300, 0.0001645282963311828400, 0.0001762803579144498300, 0.0001880325997012791200, 0.0001997849575937735900, 0.0002115373162334717000, 0.0002188290956692522300, 0.0002208042975641490600 ),
 .UNSPECIFIED. ) ;
#6889 = AXIS2_PLACEMENT_3D ( 'NONE', #4047, #1014, #6357 ) ;
#6890 = CARTESIAN_POINT ( 'NONE',  ( -5.378237760728125300, 0.0000000000000000000, 3.376256313292342400 ) ) ;
#6891 = LINE ( 'NONE', #7413, #4847 ) ;
#6892 = CONICAL_SURFACE ( 'NONE', #90, 8.869223585189136100, 0.6108652381980126400 ) ;
#6893 = CARTESIAN_POINT ( 'NONE',  ( -7.103543054550032200, -5.600934152399481100, 3.094141646974374100 ) ) ;
#6895 = CARTESIAN_POINT ( 'NONE',  ( 8.688891490516525100, -1.931896939230908200, 3.444839032082839000 ) ) ;
#6894 = AXIS2_PLACEMENT_3D ( 'NONE', #9311, #4719, #3975 ) ;
#6896 = EDGE_CURVE ( 'NONE', #5836, #4251, #8623, .T. ) ;
#6897 = ORIENTED_EDGE ( 'NONE', *, *, #4550, .T. ) ;
#6898 = CARTESIAN_POINT ( 'NONE',  ( -6.881787768946260500, 5.551995014055688800, 3.460296783607140100 ) ) ;
#6899 = CARTESIAN_POINT ( 'NONE',  ( 8.606028464958576800, 2.015555680706274400, -3.456597352396201500 ) ) ;
#6900 = CARTESIAN_POINT ( 'NONE',  ( 0.0000000000000000000, 0.0000000000000000000, 3.094141646974374100 ) ) ;
#6901 = CIRCLE ( 'NONE', #9268, 9.046037105128458900 ) ;
#6902 = CARTESIAN_POINT ( 'NONE',  ( -0.05000000000000002400, -8.873523803643941200, -3.469378817057675600 ) ) ;
#6903 = CARTESIAN_POINT ( 'NONE',  ( 7.041194074364082800, -5.679117300646379500, -3.094141646974374100 ) ) ;
#6904 = CARTESIAN_POINT ( 'NONE',  ( 7.041194074364121000, 5.679117300646331600, 3.500000000000000000 ) ) ;
#6905 = ORIENTED_EDGE ( 'NONE', *, *, #5550, .T. ) ;
#6906 = AXIS2_PLACEMENT_3D ( 'NONE', #86, #1681, #8602 ) ;
#6907 = B_SPLINE_CURVE_WITH_KNOTS ( 'NONE', 3,
 ( #3977, #6386, #5549, #6301, #5635, #8653, #6351 ),
 .UNSPECIFIED., .F., .F.,
 ( 4, 3, 4 ),
 ( 0.0009532733312319694000, 0.001225696219576462100, 0.001251962535739348000 ),
 .UNSPECIFIED. ) ;
#6908 = DIRECTION ( 'NONE',  ( -1.000000000000000000, 0.0000000000000000000, 0.0000000000000000000 ) ) ;
#6909 = DIRECTION ( 'NONE',  ( -1.000000000000000000, -2.700062395888380200E-013, 0.0000000000000000000 ) ) ;
#6910 = CARTESIAN_POINT ( 'NONE',  ( -6.746065712156315000, 5.315855484712322700, -3.500000000000000000 ) ) ;
#6911 = DIRECTION ( 'NONE',  ( -1.000000000000000000, 0.0000000000000000000, 0.0000000000000000000 ) ) ;
#6912 = ORIENTED_EDGE ( 'NONE', *, *, #6934, .T. ) ;
#6913 = CARTESIAN_POINT ( 'NONE',  ( 0.0000000000000000000, 0.0000000000000000000, -3.193750000000000500 ) ) ;
#6914 = CARTESIAN_POINT ( 'NONE',  ( 0.0000000000000000000, 0.0000000000000000000, 1.225000000000002100 ) ) ;
#6915 = CARTESIAN_POINT ( 'NONE',  ( 0.0000000000000000000, 0.0000000000000000000, 3.500000000000000400 ) ) ;
#6916 = DIRECTION ( 'NONE',  ( 1.000000000000000000, 0.0000000000000000000, 0.0000000000000000000 ) ) ;
#6917 = DIRECTION ( 'NONE',  ( -0.0000000000000000000, -0.0000000000000000000, 1.000000000000000000 ) ) ;
#6918 = CONICAL_SURFACE ( 'NONE', #8688, 8.869223585189136100, 0.6108652381980126400 ) ;
#6919 = CARTESIAN_POINT ( 'NONE',  ( 6.986779382597008600, -5.507818231228904800, 3.452421434499180400 ) ) ;
#6920 = DIRECTION ( 'NONE',  ( -0.0000000000000000000, -0.0000000000000000000, 1.000000000000000000 ) ) ;
#6921 = ADVANCED_FACE ( 'NONE', ( #7070 ), #2465, .T. ) ;
#6922 = CARTESIAN_POINT ( 'NONE',  ( 3.771531933161343300, 7.716428513517212400, 3.099533293948748100 ) ) ;
#6923 = EDGE_CURVE ( 'NONE', #5996, #6398, #5030, .T. ) ;
#6924 = CARTESIAN_POINT ( 'NONE',  ( 6.754162845390041500, 5.322312732992298100, -3.114323832567764700 ) ) ;
#6925 = DIRECTION ( 'NONE',  ( -1.000000000000000000, 0.0000000000000000000, 0.0000000000000000000 ) ) ;
#6926 = CARTESIAN_POINT ( 'NONE',  ( -6.878924930671409800, 5.549711976714819500, 3.456075294419946400 ) ) ;
#6927 = VECTOR ( 'NONE', #7960, 1000.000000000000100 ) ;
#6928 = EDGE_CURVE ( 'NONE', #8997, #7212, #1688, .T. ) ;
#6929 = CARTESIAN_POINT ( 'NONE',  ( -0.05000000000000002400, -8.846913349918352800, -3.464362763198132600 ) ) ;
#6930 = DIRECTION ( 'NONE',  ( -0.0000000000000000000, -0.0000000000000000000, -1.000000000000000000 ) ) ;
#6931 = VERTEX_POINT ( 'NONE', #3188 ) ;
#6932 = AXIS2_PLACEMENT_3D ( 'NONE', #9273, #6199, #873 ) ;
#6933 = FACE_OUTER_BOUND ( 'NONE', #8249, .T. ) ;
#6934 = EDGE_CURVE ( 'NONE', #1443, #5081, #4186, .T. ) ;
#6935 = CARTESIAN_POINT ( 'NONE',  ( 0.05000000000000001000, 9.045898922017695300, -3.193750000000000100 ) ) ;
#6936 = CARTESIAN_POINT ( 'NONE',  ( 3.840419595970304900, 8.089951706396130100, -3.351032822740168000 ) ) ;
#6937 = ORIENTED_EDGE ( 'NONE', *, *, #892, .F. ) ;
#6938 = DIRECTION ( 'NONE',  ( 1.000000000000000000, 0.0000000000000000000, 0.0000000000000000000 ) ) ;
#6939 = DIRECTION ( 'NONE',  ( -1.000000000000000000, 0.0000000000000000000, 0.0000000000000000000 ) ) ;
#6940 = LINE ( 'NONE', #3066, #350 ) ;
#6941 = CARTESIAN_POINT ( 'NONE',  ( -3.790998746200601400, -7.987328254412416200, 3.459673052288552200 ) ) ;
#6942 = DESIGN_CONTEXT ( 'detailed design', #2238, 'design' ) ;
#6943 = AXIS2_PLACEMENT_3D ( 'NONE', #2901, #7499, #599 ) ;
#6944 = B_SPLINE_CURVE_WITH_KNOTS ( 'NONE', 3,
 ( #105, #9315, #5515, #1576, #6389, #4810, #9404 ),
 .UNSPECIFIED., .F., .F.,
 ( 4, 3, 4 ),
 ( 0.0005204849250710227000, 0.0009002598162381905800, 0.0009544278593203508700 ),
 .UNSPECIFIED. ) ;
#6945 = EDGE_CURVE ( 'NONE', #6527, #7463, #3964, .T. ) ;
#6946 = CARTESIAN_POINT ( 'NONE',  ( 0.0000000000000000000, 0.0000000000000000000, 3.193750000000000500 ) ) ;
#6947 = EDGE_LOOP ( 'NONE', ( #3612, #7052, #5895, #3041 ) ) ;
#6948 = DIRECTION ( 'NONE',  ( 0.0000000000000000000, 1.000000000000000000, -0.0000000000000000000 ) ) ;
#6949 = LINE ( 'NONE', #65, #3958 ) ;
#6950 = CARTESIAN_POINT ( 'NONE',  ( 0.0000000000000000000, 0.0000000000000000000, -3.454996609771464400 ) ) ;
#6951 = ORIENTED_EDGE ( 'NONE', *, *, #3815, .F. ) ;
#6952 = DIRECTION ( 'NONE',  ( -0.0000000000000000000, -0.0000000000000000000, 1.000000000000000000 ) ) ;
#6953 = CARTESIAN_POINT ( 'NONE',  ( 0.05000000000000002400, -8.850792249910227800, -3.466570807216844900 ) ) ;
#6954 = DIRECTION ( 'NONE',  ( -0.4338837391175652300, -0.9009688679024158200, -0.0000000000000000000 ) ) ;
#6955 = EDGE_CURVE ( 'NONE', #3397, #60, #4794, .T. ) ;
#6956 = CARTESIAN_POINT ( 'NONE',  ( 0.0000000000000000000, 0.0000000000000000000, 3.376256313292342400 ) ) ;
#6957 = CARTESIAN_POINT ( 'NONE',  ( 3.757925033893131200, 7.918649983142013400, -3.351299362948742200 ) ) ;
#6958 = EDGE_LOOP ( 'NONE', ( #8290, #5656, #2194, #8040 ) ) ;
#6959 = TOROIDAL_SURFACE ( 'NONE', #6042, 8.866382193656235700, 0.03500000000000000300 ) ;
#6960 = CONICAL_SURFACE ( 'NONE', #7, 8.380768779485729100, 0.5235987755983008100 ) ;
#6961 = ORIENTED_EDGE ( 'NONE', *, *, #7369, .F. ) ;
#6962 = CARTESIAN_POINT ( 'NONE',  ( -6.746065712156426900, -5.315855484712181500, -3.099533293948748100 ) ) ;
#6963 = ORIENTED_EDGE ( 'NONE', *, *, #8553, .F. ) ;
#6964 = DIRECTION ( 'NONE',  ( -0.0000000000000000000, -0.0000000000000000000, 1.000000000000000000 ) ) ;
#6965 = VERTEX_POINT ( 'NONE', #5457 ) ;
#6966 = TOROIDAL_SURFACE ( 'NONE', #2627, 8.866382193656235700, 0.03500000000000000300 ) ;
#6967 = ADVANCED_FACE ( 'NONE', ( #135 ), #243, .T. ) ;
#6968 = EDGE_LOOP ( 'NONE', ( #2765, #7574, #7231, #2632 ) ) ;
#6969 = B_SPLINE_CURVE_WITH_KNOTS ( 'NONE', 3,
 ( #8722, #5712, #1143, #1070, #404, #8065, #1968 ),
 .UNSPECIFIED., .F., .F.,
 ( 4, 3, 4 ),
 ( 0.0009532733312319683200, 0.001225696219576461900, 0.001251962535739348200 ),
 .UNSPECIFIED. ) ;
#6970 = CARTESIAN_POINT ( 'NONE',  ( 8.693159501790594500, 1.932871084952774600, -3.437256629622303700 ) ) ;
#6971 = DIRECTION ( 'NONE',  ( 1.000000000000000000, 0.0000000000000000000, 0.0000000000000000000 ) ) ;
#6972 = FACE_OUTER_BOUND ( 'NONE', #390, .T. ) ;
#6973 = ORIENTED_EDGE ( 'NONE', *, *, #9799, .F. ) ;
#6974 = CIRCLE ( 'NONE', #4415, 8.588813778810038700 ) ;
#6975 = VERTEX_POINT ( 'NONE', #945 ) ;
#6976 = DIRECTION ( 'NONE',  ( 0.4338837391175652800, 0.9009688679024157000, 0.0000000000000000000 ) ) ;
#6977 = CARTESIAN_POINT ( 'NONE',  ( -8.639919988884464900, 2.023291199879618600, -3.469378817057675600 ) ) ;
#6978 = CARTESIAN_POINT ( 'NONE',  ( 0.05000000000000001700, 8.905308122385132900, 3.437256629622304200 ) ) ;
#6979 = ORIENTED_EDGE ( 'NONE', *, *, #3082, .T. ) ;
#6980 = CARTESIAN_POINT ( 'NONE',  ( 8.679165281223101000, -1.929676995429131500, 3.459706444013471500 ) ) ;
#6981 = EDGE_LOOP ( 'NONE', ( #5679, #8969, #267, #7298 ) ) ;
#6982 = EDGE_CURVE ( 'NONE', #2883, #3580, #6592, .T. ) ;
#6983 = CARTESIAN_POINT ( 'NONE',  ( 6.770357110861787000, 5.335227228758513200, 3.143904910697431300 ) ) ;
#6984 = AXIS2_PLACEMENT_3D ( 'NONE', #720, #9154, #6075 ) ;
#6985 = EDGE_LOOP ( 'NONE', ( #2420, #7910, #272, #7034, #7805, #8276 ) ) ;
#6986 = DIRECTION ( 'NONE',  ( -1.000000000000000000, 0.0000000000000000000, 0.0000000000000000000 ) ) ;
#6988 = PLANE ( 'NONE',  #9904 ) ;
#6987 = CYLINDRICAL_SURFACE ( 'NONE', #4469, 8.737285000697680100 ) ;
#6989 = ORIENTED_EDGE ( 'NONE', *, *, #3661, .F. ) ;
#6990 = CARTESIAN_POINT ( 'NONE',  ( -8.651001148481851600, -2.025820402246215400, 3.464797546056691800 ) ) ;
#6991 = CARTESIAN_POINT ( 'NONE',  ( 0.0000000000000000000, 0.0000000000000000000, 3.500000000000000000 ) ) ;
#6992 = ORIENTED_EDGE ( 'NONE', *, *, #8112, .F. ) ;
#6993 = DIRECTION ( 'NONE',  ( 1.000000000000000000, 0.0000000000000000000, 0.0000000000000000000 ) ) ;
#6994 = EDGE_CURVE ( 'NONE', #2556, #8547, #3720, .T. ) ;
#6995 = CARTESIAN_POINT ( 'NONE',  ( 0.0000000000000000000, 0.0000000000000000000, 3.099533293948747700 ) ) ;
#6996 = ORIENTED_EDGE ( 'NONE', *, *, #6542, .F. ) ;
#6997 = CARTESIAN_POINT ( 'NONE',  ( 3.816517286038943800, -7.809841561300049600, -3.247602129575368300 ) ) ;
#6998 = ORIENTED_EDGE ( 'NONE', *, *, #3284, .T. ) ;
#6999 = CARTESIAN_POINT ( 'NONE',  ( 0.05000000000000003700, 8.588668239434865000, -3.094141646974374100 ) ) ;
#7000 = ORIENTED_EDGE ( 'NONE', *, *, #346, .T. ) ;
#7001 = DIRECTION ( 'NONE',  ( -0.0000000000000000000, -0.0000000000000000000, 1.000000000000000000 ) ) ;
#7002 = AXIS2_PLACEMENT_3D ( 'NONE', #7921, #6328, #9427 ) ;
#7003 = FACE_OUTER_BOUND ( 'NONE', #3511, .T. ) ;
#7004 = ORIENTED_EDGE ( 'NONE', *, *, #5692, .F. ) ;
#7005 = EDGE_CURVE ( 'NONE', #9836, #8961, #482, .T. ) ;
#7006 = CARTESIAN_POINT ( 'NONE',  ( -6.881143697167629200, -5.551481383951460700, 3.459673052288552200 ) ) ;
#7007 = ORIENTED_EDGE ( 'NONE', *, *, #4684, .F. ) ;
#7008 = CARTESIAN_POINT ( 'NONE',  ( 3.908916829529494500, -8.001711190391697300, 3.437256629622304200 ) ) ;
#7009 = VERTEX_POINT ( 'NONE', #2751 ) ;
#7010 = ORIENTED_EDGE ( 'NONE', *, *, #5163, .T. ) ;
#7011 = AXIS2_PLACEMENT_3D ( 'NONE', #2218, #2978, #1418 ) ;
#7012 = CIRCLE ( 'NONE', #5482, 5.686989865158905900 ) ;
#7013 = CONICAL_SURFACE ( 'NONE', #8730, 9.046037105128458900, 0.5235987755983011500 ) ;
#7014 = DIRECTION ( 'NONE',  ( 1.000000000000000000, 0.0000000000000000000, 0.0000000000000000000 ) ) ;
#7015 = CARTESIAN_POINT ( 'NONE',  ( -0.05000000000000001000, 9.046037105128458900, 3.094141646974374100 ) ) ;
#7016 = ORIENTED_EDGE ( 'NONE', *, *, #6784, .T. ) ;
#7017 = DIRECTION ( 'NONE',  ( 0.9009688679024157000, -0.4338837391175651700, 0.0000000000000000000 ) ) ;
#7018 = EDGE_CURVE ( 'NONE', #7337, #4582, #864, .T. ) ;
#7019 = DIRECTION ( 'NONE',  ( 0.2225209339563114200, -0.9749279121818244000, 0.0000000000000000000 ) ) ;
#7020 = CARTESIAN_POINT ( 'NONE',  ( -3.776025503096005000, -7.725759507633395800, -3.114323832567765100 ) ) ;
#7021 = CARTESIAN_POINT ( 'NONE',  ( 3.910816273206163500, 8.005655425827738400, 3.429674227117769800 ) ) ;
#7022 = VECTOR ( 'NONE', #3073, 1000.000000000000000 ) ;
#7023 = LINE ( 'NONE', #2979, #8806 ) ;
#7024 = CARTESIAN_POINT ( 'NONE',  ( 3.888281473680839100, 7.958861432445933900, 3.469100694293998800 ) ) ;
#7025 = B_SPLINE_CURVE_WITH_KNOTS ( 'NONE', 3,
 ( #1268, #8050, #8085, #4925, #4991, #8844, #4262, #9615, #7349, #1224, #6736, #8913, #2043, #5101, #2144, #3587, #2783, #7403, #7508, #9804, #658, #2920, #6647, #3666, #5129 ),
 .UNSPECIFIED., .F., .F.,
 ( 4, 3, 3, 3, 3, 3, 3, 3, 4 ),
 ( 0.0001509499138714732800, 0.0001527764003826850400, 0.0001645282963311817000, 0.0001762803579144487200, 0.0001880325997012767900, 0.0001997849575937713900, 0.0002115373162334678000, 0.0002188290956692490300, 0.0002208042975641461800 ),
 .UNSPECIFIED. ) ;
#7026 = VERTEX_POINT ( 'NONE', #6654 ) ;
#7027 = AXIS2_PLACEMENT_3D ( 'NONE', #1435, #2153, #7522 ) ;
#7028 = DIRECTION ( 'NONE',  ( 1.000000000000000000, 0.0000000000000000000, 0.0000000000000000000 ) ) ;
#7029 = ADVANCED_FACE ( 'NONE', ( #3479 ), #2271, .F. ) ;
#7030 = CARTESIAN_POINT ( 'NONE',  ( -8.647556428850514000, -2.025034167469259100, 3.466489319800472900 ) ) ;
#7031 = CARTESIAN_POINT ( 'NONE',  ( -8.644111698229593800, -2.024247930184001700, -3.468181098941469200 ) ) ;
#7032 = CARTESIAN_POINT ( 'NONE',  ( 3.900057710434603000, -7.983315040036372600, -3.464797546056691800 ) ) ;
#7033 = EDGE_CURVE ( 'NONE', #5799, #3862, #2631, .T. ) ;
#7034 = ORIENTED_EDGE ( 'NONE', *, *, #2541, .T. ) ;
#7035 = CARTESIAN_POINT ( 'NONE',  ( 0.0000000000000000000, 0.0000000000000000000, -7.960204194457796500E-016 ) ) ;
#7036 = CARTESIAN_POINT ( 'NONE',  ( -6.897525128344042900, -5.564545139386458700, 3.469900311146004500 ) ) ;
#7037 = CARTESIAN_POINT ( 'NONE',  ( 0.0000000000000000000, 0.0000000000000000000, -3.500000000000000000 ) ) ;
#7038 = CARTESIAN_POINT ( 'NONE',  ( 6.986538948050996300, 5.507626491076615900, 3.452954079042413600 ) ) ;
#7039 = B_SPLINE_CURVE_WITH_KNOTS ( 'NONE', 3,
 ( #3301, #7955, #4799, #3265, #1783, #6416, #3354, #2516, #8614, #8709, #321, #5575, #8591, #4012, #4065, #9398, #1000, #7171, #7888, #939, #6293, #1695 ),
 .UNSPECIFIED., .F., .F.,
 ( 4, 3, 3, 3, 3, 3, 3, 4 ),
 ( 0.0002168574548798290000, 0.0002188290334246843500, 0.0002305812013871231700, 0.0002423333607551960700, 0.0002540856419916145800, 0.0002658380091482347000, 0.0002775903405257857100, 0.0002867718163053184900 ),
 .UNSPECIFIED. ) ;
#7040 = LINE ( 'NONE', #88, #3817 ) ;
#7041 = CARTESIAN_POINT ( 'NONE',  ( 0.05000000000000002400, 8.837570431649497800, 3.454996609771464800 ) ) ;
#7042 = CARTESIAN_POINT ( 'NONE',  ( -8.656687201036419300, 2.027118206637017900, 3.460240287494900500 ) ) ;
#7043 = CARTESIAN_POINT ( 'NONE',  ( -0.05000000000000002400, 8.841186805934450300, 3.459673052288552200 ) ) ;
#7044 = ORIENTED_EDGE ( 'NONE', *, *, #9602, .T. ) ;
#7045 = DIRECTION ( 'NONE',  ( -0.7071067811865104900, 8.659560562354479300E-017, 0.7071067811865846500 ) ) ;
#7046 = EDGE_CURVE ( 'NONE', #1568, #3603, #1456, .T. ) ;
#7047 = CARTESIAN_POINT ( 'NONE',  ( -3.969916891359710500, -8.128379123974086800, 3.193750000000000100 ) ) ;
#7048 = VECTOR ( 'NONE', #5478, 1000.000000000000000 ) ;
#7049 = CARTESIAN_POINT ( 'NONE',  ( 3.254128043381644600, -6.757266509268164100, -3.092233167847068000E-016 ) ) ;
#7050 = DIRECTION ( 'NONE',  ( -0.0000000000000000000, -0.0000000000000000000, 1.000000000000000000 ) ) ;
#7051 = CARTESIAN_POINT ( 'NONE',  ( -3.948248986463511300, 3.148623499386652200, -1.592040838891560100E-016 ) ) ;
#7052 = ORIENTED_EDGE ( 'NONE', *, *, #5927, .T. ) ;
#7053 = DIRECTION ( 'NONE',  ( -0.0000000000000000000, -0.0000000000000000000, 1.000000000000000000 ) ) ;
#7054 = LINE ( 'NONE', #588, #5010 ) ;
#7055 = EDGE_CURVE ( 'NONE', #8634, #2667, #5480, .T. ) ;
#7056 = CARTESIAN_POINT ( 'NONE',  ( -6.924430402411094800, 5.586001379475759700, -3.452421434499180400 ) ) ;
#7057 = DIRECTION ( 'NONE',  ( 1.000000000000000000, 0.0000000000000000000, 0.0000000000000000000 ) ) ;
#7058 = CARTESIAN_POINT ( 'NONE',  ( -8.384458441792405700, -1.862412082470809000, 3.099533293948748100 ) ) ;
#7059 = ORIENTED_EDGE ( 'NONE', *, *, #8162, .F. ) ;
#7060 = AXIS2_PLACEMENT_3D ( 'NONE', #6214, #7017, #6976 ) ;
#7061 = ADVANCED_FACE ( 'NONE', ( #7189 ), #7800, .T. ) ;
#7062 = EDGE_CURVE ( 'NONE', #6187, #9271, #3036, .T. ) ;
#7063 = CONICAL_SURFACE ( 'NONE', #4708, 5.378237760728125300, 0.7853981633973957700 ) ;
#7064 = DIRECTION ( 'NONE',  ( -0.0000000000000000000, -0.0000000000000000000, 1.000000000000000000 ) ) ;
#7065 = DIRECTION ( 'NONE',  ( 1.000000000000000000, 0.0000000000000000000, 0.0000000000000000000 ) ) ;
#7066 = DIRECTION ( 'NONE',  ( -0.9749279121818227300, 0.2225209339563181700, 0.0000000000000000000 ) ) ;
#7067 = AXIS2_PLACEMENT_3D ( 'NONE', #962, #8639, #1687 ) ;
#7068 = ORIENTED_EDGE ( 'NONE', *, *, #4678, .T. ) ;
#7069 = CARTESIAN_POINT ( 'NONE',  ( 3.930516482760546100, 8.046563332484373300, 3.351032822740167600 ) ) ;
#7070 = FACE_OUTER_BOUND ( 'NONE', #9624, .T. ) ;
#7071 = ORIENTED_EDGE ( 'NONE', *, *, #6928, .F. ) ;
#7072 = CARTESIAN_POINT ( 'NONE',  ( 3.879864310480573200, 7.941383012962141700, 3.456075294419946900 ) ) ;
#7073 = AXIS2_PLACEMENT_3D ( 'NONE', #1869, #5007, #3513 ) ;
#7074 = B_SPLINE_CURVE_WITH_KNOTS ( 'NONE', 3,
 ( #403, #8756, #4939, #8027, #6456, #2600, #8721 ),
 .UNSPECIFIED., .F., .F.,
 ( 4, 3, 4 ),
 ( 0.0008460917731560552200, 0.0009002598162382144300, 0.001280034707405372100 ),
 .UNSPECIFIED. ) ;
#7075 = EDGE_CURVE ( 'NONE', #6346, #7521, #4905, .T. ) ;
#7076 = CARTESIAN_POINT ( 'NONE',  ( -6.683716731970554800, -5.394038632958984000, 3.500000000000000000 ) ) ;
#7077 = CARTESIAN_POINT ( 'NONE',  ( -3.904844937517990600, -7.993255819504991400, -3.453478796700601500 ) ) ;
#7078 = VERTEX_POINT ( 'NONE', #2018 ) ;
#7079 = CARTESIAN_POINT ( 'NONE',  ( -3.694915755622490300, -7.787809868630312800, -3.143904910697430800 ) ) ;
#7080 = CIRCLE ( 'NONE', #6173, 9.046037105128458900 ) ;
#7081 = CARTESIAN_POINT ( 'NONE',  ( 0.05000000000000002400, -8.858323562023631600, -3.469014143938407500 ) ) ;
#7082 = CARTESIAN_POINT ( 'NONE',  ( -8.636538199847022300, -2.022519328599875700, -3.469713030103804400 ) ) ;
#7083 = CIRCLE ( 'NONE', #4163, 9.046037105128458900 ) ;
#7084 = PLANE ( 'NONE',  #2045 ) ;
#7085 = ORIENTED_EDGE ( 'NONE', *, *, #1421, .T. ) ;
#7086 = EDGE_CURVE ( 'NONE', #9827, #1507, #2868, .T. ) ;
#7087 = ORIENTED_EDGE ( 'NONE', *, *, #7055, .F. ) ;
#7088 = CARTESIAN_POINT ( 'NONE',  ( 0.0000000000000000000, 0.0000000000000000000, -3.193750000000000500 ) ) ;
#7089 = ORIENTED_EDGE ( 'NONE', *, *, #7055, .T. ) ;
#7090 = ORIENTED_EDGE ( 'NONE', *, *, #6209, .T. ) ;
#7091 = CARTESIAN_POINT ( 'NONE',  ( -6.915022174933576500, 5.578498568425886500, -3.465025888964337500 ) ) ;
#7092 = DIRECTION ( 'NONE',  ( -0.0000000000000000000, -0.0000000000000000000, 1.000000000000000000 ) ) ;
#7093 = ORIENTED_EDGE ( 'NONE', *, *, #4693, .T. ) ;
#7094 = CIRCLE ( 'NONE', #7305, 8.837711872106121200 ) ;
#7095 = ORIENTED_EDGE ( 'NONE', *, *, #670, .T. ) ;
#7096 = VERTEX_POINT ( 'NONE', #8327 ) ;
#7097 = B_SPLINE_CURVE_WITH_KNOTS ( 'NONE', 3,
 ( #8265, #4454, #715, #3789, #9101, #1526, #3089 ),
 .UNSPECIFIED., .F., .F.,
 ( 4, 3, 4 ),
 ( 0.001199429903413613100, 0.001225696219576499600, 0.001498119107920984000 ),
 .UNSPECIFIED. ) ;
#7098 = CARTESIAN_POINT ( 'NONE',  ( 8.807973303152710500, 2.061648272210859600, 3.094141646974374100 ) ) ;
#7099 = EDGE_LOOP ( 'NONE', ( #9459, #755, #3550, #4688 ) ) ;
#7100 = CARTESIAN_POINT ( 'NONE',  ( -9.621762239271875600, 1.178326032848117100E-015, 1.224999999999999900 ) ) ;
#7101 = CARTESIAN_POINT ( 'NONE',  ( 6.770357110861750600, -5.335227228758557600, 3.143904910697430800 ) ) ;
#7102 = VERTEX_POINT ( 'NONE', #3700 ) ;
#7103 = CARTESIAN_POINT ( 'NONE',  ( -5.378237760728124400, 6.586441658729126800E-016, -1.224999999999999900 ) ) ;
#7104 = DIRECTION ( 'NONE',  ( -0.0000000000000000000, -0.0000000000000000000, 1.000000000000000000 ) ) ;
#7105 = CONICAL_SURFACE ( 'NONE', #6156, 8.869223585189136100, 0.6108652381980126400 ) ;
#7106 = DIRECTION ( 'NONE',  ( -0.0000000000000000000, -0.0000000000000000000, 1.000000000000000000 ) ) ;
#7107 = VERTEX_POINT ( 'NONE', #9086 ) ;
#7108 = EDGE_CURVE ( 'NONE', #1197, #7878, #9331, .T. ) ;
#7109 = ORIENTED_EDGE ( 'NONE', *, *, #7005, .F. ) ;
#7110 = CARTESIAN_POINT ( 'NONE',  ( 3.881453065862053200, 7.944682097505703300, 3.460296783607140100 ) ) ;
#7111 = ORIENTED_EDGE ( 'NONE', *, *, #119, .F. ) ;
#7112 = ORIENTED_EDGE ( 'NONE', *, *, #1853, .F. ) ;
#7113 = CARTESIAN_POINT ( 'NONE',  ( 0.05000000000000000300, 9.146037105128458600, -3.094141646974374100 ) ) ;
#7114 = DIRECTION ( 'NONE',  ( 0.7071067811865412400, 8.659560562354855200E-017, -0.7071067811865536800 ) ) ;
#7115 = ORIENTED_EDGE ( 'NONE', *, *, #6737, .T. ) ;
#7116 = LINE ( 'NONE', #4155, #2560 ) ;
#7117 = EDGE_LOOP ( 'NONE', ( #4358, #2426, #3258, #9553, #6503, #4808, #5177, #5912, #2378, #1862, #8306, #4450, #9763, #286, #5049, #7717, #5446, #4218, #4865, #2412, #6135, #9277, #5165, #7989, #9096, #4349, #7328, #6564, #1630, #5560, #9430, #7956 ) ) ;
#7118 = CARTESIAN_POINT ( 'NONE',  ( 3.879820004569413300, 8.171767497885872100, -3.193750000000000100 ) ) ;
#7119 = EDGE_CURVE ( 'NONE', #1002, #6751, #5390, .T. ) ;
#7120 = CARTESIAN_POINT ( 'NONE',  ( -8.640334695620662600, -2.023385853985758800, -3.469286171371085200 ) ) ;
#7121 = DIRECTION ( 'NONE',  ( -0.0000000000000000000, -0.0000000000000000000, 1.000000000000000000 ) ) ;
#7122 = ORIENTED_EDGE ( 'NONE', *, *, #9515, .T. ) ;
#7123 = DIRECTION ( 'NONE',  ( -1.000000000000000000, 0.0000000000000000000, -0.0000000000000000000 ) ) ;
#7124 = AXIS2_PLACEMENT_3D ( 'NONE', #5132, #2845, #586 ) ;
#7125 = EDGE_CURVE ( 'NONE', #2524, #1697, #8974, .T. ) ;
#7126 = LINE ( 'NONE', #359, #3777 ) ;
#7127 = CONICAL_SURFACE ( 'NONE', #8489, 9.046037105128458900, 0.5235987755983011500 ) ;
#7128 = CARTESIAN_POINT ( 'NONE',  ( -6.906758349006422800, -5.571908387158386800, 3.469286171371085200 ) ) ;
#7129 = CARTESIAN_POINT ( 'NONE',  ( 0.0000000000000000000, 0.0000000000000000000, 3.434921434499177600 ) ) ;
#7130 = CARTESIAN_POINT ( 'NONE',  ( 0.0000000000000000000, 0.0000000000000000000, -1.096058885236881200E-015 ) ) ;
#7131 = EDGE_LOOP ( 'NONE', ( #4412, #8090, #786, #6989 ) ) ;
#7132 = AXIS2_PLACEMENT_3D ( 'NONE', #2988, #4504, #695 ) ;
#7133 = CARTESIAN_POINT ( 'NONE',  ( -8.643211183988329400, -1.921470707357582700, -3.467739038050325000 ) ) ;
#7134 = DIRECTION ( 'NONE',  ( 0.4338837391175462400, -0.9009688679024249200, -0.0000000000000000000 ) ) ;
#7135 = FACE_OUTER_BOUND ( 'NONE', #4103, .T. ) ;
#7136 = AXIS2_PLACEMENT_3D ( 'NONE', #896, #6242, #7014 ) ;
#7137 = DIRECTION ( 'NONE',  ( 1.000000000000000000, 0.0000000000000000000, 0.0000000000000000000 ) ) ;
#7138 = EDGE_CURVE ( 'NONE', #6398, #7078, #601, .T. ) ;
#7139 = CARTESIAN_POINT ( 'NONE',  ( -8.632218501404334900, 2.021533385619181700, 3.469915996672631000 ) ) ;
#7140 = ORIENTED_EDGE ( 'NONE', *, *, #930, .F. ) ;
#7141 = CARTESIAN_POINT ( 'NONE',  ( 8.636785957613629000, -1.920004191366200500, 3.464471549642479200 ) ) ;
#7142 = CARTESIAN_POINT ( 'NONE',  ( -8.662371385772239300, -2.028415584710014000, 3.452421434499180400 ) ) ;
#7143 = CARTESIAN_POINT ( 'NONE',  ( -3.812491355094256700, 8.031958116648677800, -3.460240287494900500 ) ) ;
#7144 = CARTESIAN_POINT ( 'NONE',  ( -8.684010043491969800, -1.930782780801848300, -3.453478796700601500 ) ) ;
#7145 = B_SPLINE_CURVE_WITH_KNOTS ( 'NONE', 3,
 ( #4144, #4975, #3472, #7933, #1142, #7183, #2624 ),
 .UNSPECIFIED., .F., .F.,
 ( 4, 3, 4 ),
 ( 0.0008460917731560551200, 0.0009002598162382143200, 0.001280034707405372300 ),
 .UNSPECIFIED. ) ;
#7146 = AXIS2_PLACEMENT_3D ( 'NONE', #6347, #966, #222 ) ;
#7147 = CARTESIAN_POINT ( 'NONE',  ( -3.898353220620548700, -7.979775630466963100, -3.466916208273112400 ) ) ;
#7148 = ORIENTED_EDGE ( 'NONE', *, *, #500, .T. ) ;
#7149 = DIRECTION ( 'NONE',  ( -1.000000000000000000, 0.0000000000000000000, 0.0000000000000000000 ) ) ;
#7150 = CARTESIAN_POINT ( 'NONE',  ( -8.737285000697680100, 1.070008810934259400E-015, 2.449999999999999700 ) ) ;
#7152 = CARTESIAN_POINT ( 'NONE',  ( 0.0000000000000000000, 0.0000000000000000000, -1.224999999999999900 ) ) ;
#7151 = AXIS2_PLACEMENT_3D ( 'NONE', #807, #4561, #3797 ) ;
#7153 = CARTESIAN_POINT ( 'NONE',  ( 0.0000000000000000000, 0.0000000000000000000, -3.099533293948747700 ) ) ;
#7154 = LINE ( 'NONE', #1048, #3317 ) ;
#7155 = DIRECTION ( 'NONE',  ( -0.0000000000000000000, -0.0000000000000000000, 1.000000000000000000 ) ) ;
#7156 = CARTESIAN_POINT ( 'NONE',  ( 0.05000000000000001700, 8.896552580035715300, 3.452421434499180400 ) ) ;
#7157 = DIRECTION ( 'NONE',  ( -0.0000000000000000000, -0.0000000000000000000, 1.000000000000000000 ) ) ;
#7158 = FACE_OUTER_BOUND ( 'NONE', #6130, .T. ) ;
#7159 = ADVANCED_FACE ( 'NONE', ( #6241 ), #2885, .T. ) ;
#7160 = B_SPLINE_CURVE_WITH_KNOTS ( 'NONE', 3,
 ( #2372, #3893, #3953, #7668, #851, #3119, #2306 ),
 .UNSPECIFIED., .F., .F.,
 ( 4, 3, 4 ),
 ( 0.0009532733312319690800, 0.001225696219576461900, 0.001251962535739348200 ),
 .UNSPECIFIED. ) ;
#7161 = CARTESIAN_POINT ( 'NONE',  ( 0.0000000000000000000, 0.0000000000000000000, -3.193750000000000500 ) ) ;
#7162 = EDGE_CURVE ( 'NONE', #3351, #1303, #7300, .T. ) ;
#7163 = AXIS2_PLACEMENT_3D ( 'NONE', #3765, #1554, #6909 ) ;
#7164 = ORIENTED_EDGE ( 'NONE', *, *, #9105, .F. ) ;
#7165 = CARTESIAN_POINT ( 'NONE',  ( -3.899896769729861700, -7.982980843219111800, 3.465025888964337500 ) ) ;
#7166 = CARTESIAN_POINT ( 'NONE',  ( -3.796590850085376400, 7.998940377781432100, -3.467739038050325000 ) ) ;
#7167 = ADVANCED_FACE ( 'NONE', ( #4896 ), #5992, .T. ) ;
#7168 = EDGE_CURVE ( 'NONE', #2283, #701, #1569, .T. ) ;
#7169 = CARTESIAN_POINT ( 'NONE',  ( 8.392497227128144400, -1.966818569093089500, 3.143904910697431300 ) ) ;
#7170 = ORIENTED_EDGE ( 'NONE', *, *, #6811, .T. ) ;
#7171 = CARTESIAN_POINT ( 'NONE',  ( 8.676460702543543800, -1.929059692994547600, -3.462472406546387200 ) ) ;
#7172 = VECTOR ( 'NONE', #5361, 1000.000000000000000 ) ;
#7173 = DIRECTION ( 'NONE',  ( -0.0000000000000000000, -0.0000000000000000000, -1.000000000000000000 ) ) ;
#7174 = DIRECTION ( 'NONE',  ( -0.0000000000000000000, -0.0000000000000000000, 1.000000000000000000 ) ) ;
#7175 = CARTESIAN_POINT ( 'NONE',  ( -0.05000000000000002400, -8.869541062855445200, 3.469985047562924100 ) ) ;
#7176 = CARTESIAN_POINT ( 'NONE',  ( -3.879820004569468800, -8.171767497885843700, 3.193750000000000100 ) ) ;
#7177 = CLOSED_SHELL ( 'NONE', ( #700, #6573, #5830, #4715, #1175, #6706, #1971, #5817, #9423, #8965, #5055, #97, #4297, #7432, #7570, #8437, #8938, #6622, #5664, #2034, #5508, #4459, #7827, #7930 ) ) ;
#7178 = AXIS2_PLACEMENT_3D ( 'NONE', #4311, #4281, #9666 ) ;
#7179 = FACE_OUTER_BOUND ( 'NONE', #1750, .T. ) ;
#7180 = DIRECTION ( 'NONE',  ( -0.0000000000000000000, -0.0000000000000000000, 1.000000000000000000 ) ) ;
#7181 = EDGE_LOOP ( 'NONE', ( #3635, #651, #7853, #7356 ) ) ;
#7182 = CARTESIAN_POINT ( 'NONE',  ( 8.662586789016266700, -1.925893062767693800, 3.469286171371085200 ) ) ;
#7183 = CARTESIAN_POINT ( 'NONE',  ( 8.534077790247353700, -1.999133408725531900, -3.351299362948741300 ) ) ;
#7184 = AXIS2_PLACEMENT_3D ( 'NONE', #4551, #3925, #6098 ) ;
#7185 = EDGE_CURVE ( 'NONE', #6527, #2846, #6470, .T. ) ;
#7186 = VERTEX_POINT ( 'NONE', #5949 ) ;
#7187 = FACE_OUTER_BOUND ( 'NONE', #2752, .T. ) ;
#7188 = DIRECTION ( 'NONE',  ( 1.000000000000000000, 0.0000000000000000000, 0.0000000000000000000 ) ) ;
#7189 = FACE_OUTER_BOUND ( 'NONE', #4885, .T. ) ;
#7190 = VERTEX_POINT ( 'NONE', #2286 ) ;
#7191 = ORIENTED_EDGE ( 'NONE', *, *, #1574, .F. ) ;
#7192 = VERTEX_POINT ( 'NONE', #7450 ) ;
#7193 = CARTESIAN_POINT ( 'NONE',  ( 3.814602625722114400, -8.036342215281237600, -3.453994494324953200 ) ) ;
#7194 = CARTESIAN_POINT ( 'NONE',  ( -8.697427512990367800, -1.933845230657686800, 3.429674227117769800 ) ) ;
#7196 = VECTOR ( 'NONE', #5218, 999.9999999999998900 ) ;
#7195 = AXIS2_PLACEMENT_3D ( 'NONE', #3833, #3099, #7681 ) ;
#7197 = ORIENTED_EDGE ( 'NONE', *, *, #4678, .F. ) ;
#7198 = AXIS2_PLACEMENT_3D ( 'NONE', #4068, #1061, #251 ) ;
#7199 = VECTOR ( 'NONE', #5944, 1000.000000000000000 ) ;
#7200 = EDGE_LOOP ( 'NONE', ( #2058, #7549, #2937, #4527 ) ) ;
#7201 = EDGE_CURVE ( 'NONE', #2619, #790, #1324, .T. ) ;
#7202 = DIRECTION ( 'NONE',  ( -0.0000000000000000000, -0.0000000000000000000, -1.000000000000000000 ) ) ;
#7204 = CARTESIAN_POINT ( 'NONE',  ( -6.986287445380088300, -5.507425924389257200, 3.453478796700601500 ) ) ;
#7203 = CIRCLE ( 'NONE', #3398, 4.000000000000000000 ) ;
#7205 = VERTEX_POINT ( 'NONE', #4672 ) ;
#7206 = ORIENTED_EDGE ( 'NONE', *, *, #5578, .T. ) ;
#7207 = LINE ( 'NONE', #2003, #385 ) ;
#7208 = ORIENTED_EDGE ( 'NONE', *, *, #9449, .F. ) ;
#7209 = CARTESIAN_POINT ( 'NONE',  ( 0.0000000000000000000, 0.0000000000000000000, -2.449999999999999300 ) ) ;
#7210 = CARTESIAN_POINT ( 'NONE',  ( 0.0000000000000000000, 0.0000000000000000000, 3.094141646974374100 ) ) ;
#7211 = CARTESIAN_POINT ( 'NONE',  ( -0.05000000000000002400, -8.861707415697983600, 3.469846945119945800 ) ) ;
#7212 = VERTEX_POINT ( 'NONE', #4475 ) ;
#7213 = CARTESIAN_POINT ( 'NONE',  ( 8.807973303152710500, 2.061648272210859600, -3.193750000000000100 ) ) ;
#7214 = VERTEX_POINT ( 'NONE', #6919 ) ;
#7215 = PLANE ( 'NONE',  #4879 ) ;
#7216 = FACE_OUTER_BOUND ( 'NONE', #1109, .T. ) ;
#7217 = ORIENTED_EDGE ( 'NONE', *, *, #7600, .F. ) ;
#7218 = ORIENTED_EDGE ( 'NONE', *, *, #5111, .F. ) ;
#7219 = EDGE_CURVE ( 'NONE', #9440, #4944, #5509, .T. ) ;
#7220 = AXIS2_PLACEMENT_3D ( 'NONE', #1374, #8394, #6014 ) ;
#7221 = CARTESIAN_POINT ( 'NONE',  ( -8.684623479167832700, 1.930922793492005900, -3.452421434499180400 ) ) ;
#7222 = ADVANCED_FACE ( 'NONE', ( #3837 ), #8734, .F. ) ;
#7223 = VERTEX_POINT ( 'NONE', #7652 ) ;
#7224 = CARTESIAN_POINT ( 'NONE',  ( 0.05000000000000002400, 8.846913349918352800, 3.464362763198132600 ) ) ;
#7225 = ORIENTED_EDGE ( 'NONE', *, *, #8312, .F. ) ;
#7226 = CARTESIAN_POINT ( 'NONE',  ( -7.181834238703176600, -5.663369288345704100, -3.094141646974374100 ) ) ;
#7227 = CARTESIAN_POINT ( 'NONE',  ( 8.830225396548341300, 1.964155480992677100, 3.094141646974374100 ) ) ;
#7228 = VERTEX_POINT ( 'NONE', #3077 ) ;
#7229 = VERTEX_POINT ( 'NONE', #869 ) ;
#7230 = TOROIDAL_SURFACE ( 'NONE', #893, 8.866382193656235700, 0.03500000000000000300 ) ;
#7231 = ORIENTED_EDGE ( 'NONE', *, *, #2292, .T. ) ;
#7232 = CARTESIAN_POINT ( 'NONE',  ( 0.0000000000000000000, 0.0000000000000000000, -3.500000000000000400 ) ) ;
#7233 = PLANE ( 'NONE',  #3122 ) ;
#7234 = ORIENTED_EDGE ( 'NONE', *, *, #2292, .F. ) ;
#7235 = EDGE_CURVE ( 'NONE', #6839, #2628, #7421, .T. ) ;
#7236 = CARTESIAN_POINT ( 'NONE',  ( 0.0000000000000000000, 0.0000000000000000000, 3.099533293948747700 ) ) ;
#7237 = CLOSED_SHELL ( 'NONE', ( #8483, #9228 ) ) ;
#7238 = DIRECTION ( 'NONE',  ( -0.0000000000000000000, -0.0000000000000000000, 1.000000000000000000 ) ) ;
#7239 = DIRECTION ( 'NONE',  ( 1.000000000000000000, 0.0000000000000000000, 0.0000000000000000000 ) ) ;
#7240 = ORIENTED_EDGE ( 'NONE', *, *, #7440, .T. ) ;
#7241 = DIRECTION ( 'NONE',  ( 0.0000000000000000000, 0.0000000000000000000, -1.000000000000000000 ) ) ;
#7242 = CONICAL_SURFACE ( 'NONE', #1815, 9.046037105128458900, 0.5235987755983011500 ) ;
#7243 = CIRCLE ( 'NONE', #5589, 8.896693082788692300 ) ;
#7244 = EDGE_CURVE ( 'NONE', #6041, #9852, #5869, .T. ) ;
#7245 = VERTEX_POINT ( 'NONE', #2254 ) ;
#7246 = ADVANCED_FACE ( 'NONE', ( #9098 ), #8024, .F. ) ;
#7247 = CARTESIAN_POINT ( 'NONE',  ( 0.0000000000000000000, 0.0000000000000000000, -3.094141646974374100 ) ) ;
#7248 = CARTESIAN_POINT ( 'NONE',  ( -6.942783102063903500, -5.472732368293795200, 3.458522467003439300 ) ) ;
#7249 = DIRECTION ( 'NONE',  ( -0.0000000000000000000, -0.0000000000000000000, 1.000000000000000000 ) ) ;
#7250 = CARTESIAN_POINT ( 'NONE',  ( -0.05000000000000001000, -9.000494587112768800, 3.272391413630715700 ) ) ;
#7251 = EDGE_CURVE ( 'NONE', #7892, #979, #9229, .T. ) ;
#7252 = LINE ( 'NONE', #7424, #431 ) ;
#7253 = DIRECTION ( 'NONE',  ( -0.4338837391175463500, 0.9009688679024248100, 0.0000000000000000000 ) ) ;
#7254 = CIRCLE ( 'NONE', #5397, 8.837711872106121200 ) ;
#7255 = ORIENTED_EDGE ( 'NONE', *, *, #7258, .T. ) ;
#7256 = CARTESIAN_POINT ( 'NONE',  ( -6.920053267509829600, -5.582510730872213500, -3.459706444013471500 ) ) ;
#7257 = AXIS2_PLACEMENT_3D ( 'NONE', #7439, #5232, #617 ) ;
#7258 = EDGE_CURVE ( 'NONE', #2628, #4923, #4506, .T. ) ;
#7259 = DIRECTION ( 'NONE',  ( -1.000000000000000000, 0.0000000000000000000, 0.0000000000000000000 ) ) ;
#7260 = DIRECTION ( 'NONE',  ( 0.6234898018590124800, -0.7818314824678073100, 0.0000000000000000000 ) ) ;
#7261 = CARTESIAN_POINT ( 'NONE',  ( 0.05000000000000002400, 8.842010604659869000, 3.460296783607140100 ) ) ;
#7262 = DIRECTION ( 'NONE',  ( -0.0000000000000000000, -0.0000000000000000000, 1.000000000000000000 ) ) ;
#7263 = CARTESIAN_POINT ( 'NONE',  ( -3.879820004569297400, 8.171767497885925400, -3.193750000000000100 ) ) ;
#7264 = AXIS2_PLACEMENT_3D ( 'NONE', #3857, #9211, #43 ) ;
#7265 = DIRECTION ( 'NONE',  ( -0.0000000000000000000, -0.0000000000000000000, 1.000000000000000000 ) ) ;
#7266 = AXIS2_PLACEMENT_3D ( 'NONE', #1484, #3053, #9906 ) ;
#7267 = CALENDAR_DATE ( 2023, 11, 7 ) ;
#7268 = EDGE_CURVE ( 'NONE', #6005, #1064, #4424, .T. ) ;
#7269 = CARTESIAN_POINT ( 'NONE',  ( 3.791356179071754700, -7.988070471417486800, -3.460296783607140100 ) ) ;
#7270 = CARTESIAN_POINT ( 'NONE',  ( -8.830225396548355500, -1.964155480992619400, 3.193750000000000100 ) ) ;
#7271 = CARTESIAN_POINT ( 'NONE',  ( 3.816517286038998900, 7.809841561300022900, 3.247602129575368800 ) ) ;
#7272 = ADVANCED_FACE ( 'NONE', ( #3469 ), #9267, .T. ) ;
#7273 = CARTESIAN_POINT ( 'NONE',  ( -3.881095632990676500, 7.943939880500739300, -3.459673052288552200 ) ) ;
#7274 = EDGE_CURVE ( 'NONE', #5192, #5135, #6949, .T. ) ;
#7275 = CARTESIAN_POINT ( 'NONE',  ( -6.965660928076322200, -5.490976825734180400, 3.469985047562924100 ) ) ;
#7276 = VECTOR ( 'NONE', #4515, 1000.000000000000000 ) ;
#7277 = DIRECTION ( 'NONE',  ( -0.0000000000000000000, -0.0000000000000000000, 1.000000000000000000 ) ) ;
#7278 = CARTESIAN_POINT ( 'NONE',  ( 8.647171194634651700, -2.024946240273499700, 3.466916208273112900 ) ) ;
#7279 = ORIENTED_EDGE ( 'NONE', *, *, #7301, .F. ) ;
#7280 = CARTESIAN_POINT ( 'NONE',  ( -0.05000000000000002400, -8.837570431649497800, 3.454996609771464800 ) ) ;
#7281 = CARTESIAN_POINT ( 'NONE',  ( -3.879526546993873100, 7.940681639855315900, -3.454996609771464800 ) ) ;
#7282 = CARTESIAN_POINT ( 'NONE',  ( 0.0000000000000000000, 0.0000000000000000000, -3.099533293948747700 ) ) ;
#7283 = FACE_OUTER_BOUND ( 'NONE', #8345, .T. ) ;
#7284 = CARTESIAN_POINT ( 'NONE',  ( 3.800089754647127700, 8.006205927968185400, 3.469900311146004500 ) ) ;
#7285 = CARTESIAN_POINT ( 'NONE',  ( -0.05000000000000003700, 8.609381483269881800, -3.129114371485063100 ) ) ;
#7286 = CARTESIAN_POINT ( 'NONE',  ( 0.05000000000000001000, 9.045898922017695300, 3.500000000000000000 ) ) ;
#7287 = DIRECTION ( 'NONE',  ( 1.000000000000000000, 0.0000000000000000000, 0.0000000000000000000 ) ) ;
#7288 = DIRECTION ( 'NONE',  ( -0.0000000000000000000, -0.0000000000000000000, 1.000000000000000000 ) ) ;
#7289 = ADVANCED_FACE ( 'NONE', ( #4675 ), #2390, .F. ) ;
#7290 = ORIENTED_EDGE ( 'NONE', *, *, #8845, .T. ) ;
#7291 = CIRCLE ( 'NONE', #4378, 8.588813778810038700 ) ;
#7292 = CARTESIAN_POINT ( 'NONE',  ( 3.905117942076926400, -7.993822719313271800, -3.452421434499180400 ) ) ;
#7293 = DIRECTION ( 'NONE',  ( -0.9749279121818226200, 0.2225209339563182500, 0.0000000000000000000 ) ) ;
#7294 = EDGE_CURVE ( 'NONE', #8074, #2162, #8508, .T. ) ;
#7295 = CARTESIAN_POINT ( 'NONE',  ( 0.05000000000000001700, 8.896552580035715300, -3.452421434499180400 ) ) ;
#7296 = CARTESIAN_POINT ( 'NONE',  ( 0.0000000000000000000, 0.0000000000000000000, 3.193750000000000500 ) ) ;
#7297 = CARTESIAN_POINT ( 'NONE',  ( -3.885094000278668200, -7.952242575725181300, 3.466377381984354000 ) ) ;
#7298 = ORIENTED_EDGE ( 'NONE', *, *, #1949, .F. ) ;
#7299 = PLANE ( 'NONE',  #5917 ) ;
#7300 = LINE ( 'NONE', #4428, #125 ) ;
#7301 = EDGE_CURVE ( 'NONE', #2536, #9739, #7791, .T. ) ;
#7303 = CARTESIAN_POINT ( 'NONE',  ( 6.944136749132212600, 5.473811865808786900, -3.460296783607140100 ) ) ;
#7302 = CARTESIAN_POINT ( 'NONE',  ( -3.879526546994039600, -7.940681639855232500, -3.454996609771464800 ) ) ;
#7304 = VERTEX_POINT ( 'NONE', #4645 ) ;
#7305 = AXIS2_PLACEMENT_3D ( 'NONE', #5642, #261, #2573 ) ;
#7306 = CARTESIAN_POINT ( 'NONE',  ( -6.699910998104694000, 5.406953129253672300, -3.129114371485063600 ) ) ;
#7307 = EDGE_CURVE ( 'NONE', #6839, #5179, #3235, .T. ) ;
#7308 = CARTESIAN_POINT ( 'NONE',  ( 8.606028464958562600, -2.015555680706334400, 3.456597352396201500 ) ) ;
#7309 = CARTESIAN_POINT ( 'NONE',  ( -0.05000000000000002400, -8.893453463458474300, 3.457279025203407600 ) ) ;
#7310 = LINE ( 'NONE', #9137, #3243 ) ;
#7311 = ORIENTED_EDGE ( 'NONE', *, *, #5964, .F. ) ;
#7312 = CARTESIAN_POINT ( 'NONE',  ( 8.556329883642984400, -1.901640617507349500, -3.351299362948742200 ) ) ;
#7313 = AXIS2_PLACEMENT_3D ( 'NONE', #7130, #3988, #950 ) ;
#7314 = ORIENTED_EDGE ( 'NONE', *, *, #1401, .T. ) ;
#7315 = CARTESIAN_POINT ( 'NONE',  ( -8.588813778810038700, 1.051826330269239700E-015, 3.099533293948747700 ) ) ;
#7316 = ADVANCED_FACE ( 'NONE', ( #3712, #2026 ), #2514, .F. ) ;
#7317 = LINE ( 'NONE', #4479, #3974 ) ;
#7318 = CARTESIAN_POINT ( 'NONE',  ( 0.05000000000000002400, 8.890722215898270200, 3.460240287494900500 ) ) ;
#7319 = VECTOR ( 'NONE', #1775, 1000.000000000000000 ) ;
#7320 = CARTESIAN_POINT ( 'NONE',  ( 6.990202061954359000, -5.510547726935069300, 3.444839032082839000 ) ) ;
#7321 = ORIENTED_EDGE ( 'NONE', *, *, #9834, .T. ) ;
#7322 = DIRECTION ( 'NONE',  ( -0.0000000000000000000, -0.0000000000000000000, 1.000000000000000000 ) ) ;
#7323 = CARTESIAN_POINT ( 'NONE',  ( -8.763707349719817700, 2.051544857202268500, 3.272391413630714800 ) ) ;
#7324 = AXIS2_PLACEMENT_3D ( 'NONE', #8829, #1146, #3419 ) ;
#7325 = ORIENTED_EDGE ( 'NONE', *, *, #6553, .T. ) ;
#7326 = EDGE_CURVE ( 'NONE', #7391, #9261, #5625, .T. ) ;
#7327 = LINE ( 'NONE', #1257, #6002 ) ;
#7328 = ORIENTED_EDGE ( 'NONE', *, *, #6763, .T. ) ;
#7329 = DIRECTION ( 'NONE',  ( -0.0000000000000000000, -0.0000000000000000000, 1.000000000000000000 ) ) ;
#7330 = CARTESIAN_POINT ( 'NONE',  ( 6.683716731970482000, -5.394038632959075500, -3.094141646974374100 ) ) ;
#7331 = ORIENTED_EDGE ( 'NONE', *, *, #6575, .F. ) ;
#7332 = CARTESIAN_POINT ( 'NONE',  ( -3.969916891359540400, 8.128379123974170300, -3.193750000000000100 ) ) ;
#7333 = CARTESIAN_POINT ( 'NONE',  ( 0.05000000000000002400, 8.887620632346431300, -3.462633071500297100 ) ) ;
#7334 = AXIS2_PLACEMENT_3D ( 'NONE', #5844, #8123, #3570 ) ;
#7335 = LINE ( 'NONE', #1039, #5295 ) ;
#7336 = DIRECTION ( 'NONE',  ( -0.7818314824680221400, 0.6234898018587431400, 0.0000000000000000000 ) ) ;
#7337 = VERTEX_POINT ( 'NONE', #2480 ) ;
#7338 = DIRECTION ( 'NONE',  ( -1.000000000000000000, 1.776356839400250500E-015, 0.0000000000000000000 ) ) ;
#7339 = ORIENTED_EDGE ( 'NONE', *, *, #5406, .T. ) ;
#7340 = AXIS2_PLACEMENT_3D ( 'NONE', #9848, #3697, #6046 ) ;
#7341 = ORIENTED_EDGE ( 'NONE', *, *, #7506, .F. ) ;
#7342 = ADVANCED_FACE ( 'NONE', ( #5739 ), #856, .T. ) ;
#7343 = CARTESIAN_POINT ( 'NONE',  ( 0.0000000000000000000, 0.0000000000000000000, 3.193750000000000500 ) ) ;
#7345 = DIRECTION ( 'NONE',  ( 0.0000000000000000000, 0.0000000000000000000, 1.000000000000000000 ) ) ;
#7344 = DIRECTION ( 'NONE',  ( -0.0000000000000000000, -0.0000000000000000000, 1.000000000000000000 ) ) ;
#7346 = ORIENTED_EDGE ( 'NONE', *, *, #706, .T. ) ;
#7347 = LINE ( 'NONE', #7811, #5918 ) ;
#7348 = ORIENTED_EDGE ( 'NONE', *, *, #6557, .F. ) ;
#7349 = CARTESIAN_POINT ( 'NONE',  ( -6.974589775732425800, -5.498097344133308100, -3.466916208273112900 ) ) ;
#7350 = ORIENTED_EDGE ( 'NONE', *, *, #8589, .T. ) ;
#7351 = CARTESIAN_POINT ( 'NONE',  ( 6.900669263985750300, 5.567052503891835300, 3.470139885832122400 ) ) ;
#7352 = DIRECTION ( 'NONE',  ( -0.0000000000000000000, -0.0000000000000000000, -1.000000000000000000 ) ) ;
#7353 = CARTESIAN_POINT ( 'NONE',  ( 0.0000000000000000000, 0.0000000000000000000, -3.500000000000000400 ) ) ;
#7354 = ORIENTED_EDGE ( 'NONE', *, *, #9617, .F. ) ;
#7355 = CARTESIAN_POINT ( 'NONE',  ( -6.906758349006422800, -5.571908387158386800, -3.469286171371085200 ) ) ;
#7356 = ORIENTED_EDGE ( 'NONE', *, *, #5316, .T. ) ;
#7357 = ORIENTED_EDGE ( 'NONE', *, *, #1510, .F. ) ;
#7358 = CYLINDRICAL_SURFACE ( 'NONE', #3746, 5.378237760728125300 ) ;
#7359 = VERTEX_POINT ( 'NONE', #4062 ) ;
#7360 = CARTESIAN_POINT ( 'NONE',  ( 3.808427779185252800, 8.023520014326749100, 3.466489319800472900 ) ) ;
#7361 = CARTESIAN_POINT ( 'NONE',  ( -6.985582152474003200, 5.506863472065523600, 3.455073707654065600 ) ) ;
#7362 = CARTESIAN_POINT ( 'NONE',  ( 6.900249666593185600, -5.566717886137296600, -3.469915996672631000 ) ) ;
#7363 = ORIENTED_EDGE ( 'NONE', *, *, #5760, .T. ) ;
#7364 = DIRECTION ( 'NONE',  ( 1.000000000000000000, 0.0000000000000000000, 0.0000000000000000000 ) ) ;
#7365 = CARTESIAN_POINT ( 'NONE',  ( 0.0000000000000000000, 0.0000000000000000000, 3.094141646974374100 ) ) ;
#7366 = CARTESIAN_POINT ( 'NONE',  ( -0.05000000000000004400, -8.599024861565366600, 3.114323832567764700 ) ) ;
#7367 = VECTOR ( 'NONE', #4782, 1000.000000000000000 ) ;
#7368 = FACE_OUTER_BOUND ( 'NONE', #7958, .T. ) ;
#7369 = EDGE_CURVE ( 'NONE', #8295, #6167, #1509, .T. ) ;
#7370 = CARTESIAN_POINT ( 'NONE',  ( -8.631448984988422200, -1.918786062191375700, 3.460296783607140100 ) ) ;
#7371 = ORIENTED_EDGE ( 'NONE', *, *, #9234, .F. ) ;
#7372 = CARTESIAN_POINT ( 'NONE',  ( -3.879692025218391300, 7.941025258929193400, 3.455541280135826300 ) ) ;
#7373 = DIRECTION ( 'NONE',  ( -0.2225209339563049800, 0.9749279121818257300, 0.0000000000000000000 ) ) ;
#7374 = ADVANCED_FACE ( 'NONE', ( #3350 ), #1791, .F. ) ;
#7375 = VECTOR ( 'NONE', #7743, 1000.000000000000000 ) ;
#7376 = DIRECTION ( 'NONE',  ( -0.0000000000000000000, -0.0000000000000000000, 1.000000000000000000 ) ) ;
#7377 = ORIENTED_EDGE ( 'NONE', *, *, #3493, .F. ) ;
#7378 = CARTESIAN_POINT ( 'NONE',  ( 6.921748881363432900, 5.583862937798360600, 3.457544059217933600 ) ) ;
#7379 = EDGE_CURVE ( 'NONE', #4370, #199, #3590, .T. ) ;
#7380 = CARTESIAN_POINT ( 'NONE',  ( 8.662371385772212700, -2.028415584710130800, 3.452421434499180400 ) ) ;
#7381 = CARTESIAN_POINT ( 'NONE',  ( 3.905117942076926400, -7.993822719313271800, 3.452421434499180400 ) ) ;
#7382 = CARTESIAN_POINT ( 'NONE',  ( -6.903713795781715800, -5.569480436980646800, -3.469713030103804400 ) ) ;
#7383 = EDGE_CURVE ( 'NONE', #2556, #5418, #3672, .T. ) ;
#7384 = ORIENTED_EDGE ( 'NONE', *, *, #9340, .F. ) ;
#7385 = CARTESIAN_POINT ( 'NONE',  ( 0.05000000000000002400, -8.837570431649497800, 3.454996609771464800 ) ) ;
#7386 = CARTESIAN_POINT ( 'NONE',  ( -6.943492677353385800, 5.473298235704803900, 3.459673052288552200 ) ) ;
#7387 = DIRECTION ( 'NONE',  ( -0.0000000000000000000, -0.0000000000000000000, 1.000000000000000000 ) ) ;
#7388 = DIRECTION ( 'NONE',  ( 6.776263578034444600E-017, -1.000000000000000000, 0.0000000000000000000 ) ) ;
#7389 = CARTESIAN_POINT ( 'NONE',  ( 8.414749320523791100, 1.869325777874848700, -3.143904910697431300 ) ) ;
#7390 = ADVANCED_FACE ( 'NONE', ( #7179 ), #3231, .T. ) ;
#7391 = VERTEX_POINT ( 'NONE', #9356 ) ;
#7392 = CARTESIAN_POINT ( 'NONE',  ( 6.921748881363432900, 5.583862937798360600, -3.457544059217933600 ) ) ;
#7393 = CARTESIAN_POINT ( 'NONE',  ( -3.879526546993873100, 7.940681639855315900, -3.454996609771464800 ) ) ;
#7394 = CARTESIAN_POINT ( 'NONE',  ( 6.683716731970482000, -5.394038632959075500, -3.500000000000000000 ) ) ;
#7395 = EDGE_CURVE ( 'NONE', #2688, #6398, #5147, .T. ) ;
#7396 = CONICAL_SURFACE ( 'NONE', #6132, 9.046037105128458900, 0.5235987755983011500 ) ;
#7397 = CARTESIAN_POINT ( 'NONE',  ( 8.688891490516525100, -1.931896939230908200, -3.444839032082839000 ) ) ;
#7398 = PLANE ( 'NONE',  #3675 ) ;
#7399 = CARTESIAN_POINT ( 'NONE',  ( -0.05000000000000001700, 8.909685893445361800, -3.429674227117770700 ) ) ;
#7400 = ORIENTED_EDGE ( 'NONE', *, *, #9316, .F. ) ;
#7401 = CARTESIAN_POINT ( 'NONE',  ( 6.986025398574870600, 5.507216949035530700, -3.453994494324953200 ) ) ;
#7402 = CIRCLE ( 'NONE', #5926, 8.837711872106121200 ) ;
#7403 = CARTESIAN_POINT ( 'NONE',  ( -6.947969869725853600, -5.476868677478516500, -3.464362763198132200 ) ) ;
#7404 = CARTESIAN_POINT ( 'NONE',  ( -7.032545971489169800, -5.544315867970169600, -3.351032822740168000 ) ) ;
#7406 = AXIS2_PLACEMENT_3D ( 'NONE', #6461, #9439, #4853 ) ;
#7405 = DIRECTION ( 'NONE',  ( 0.6234898018587372600, 0.7818314824680268100, 0.0000000000000000000 ) ) ;
#7407 = CARTESIAN_POINT ( 'NONE',  ( 3.900057710434603000, -7.983315040036372600, 3.464797546056691800 ) ) ;
#7408 = CARTESIAN_POINT ( 'NONE',  ( 6.919872040174228200, -5.582366206894886500, 3.460240287494900500 ) ) ;
#7409 = ORIENTED_EDGE ( 'NONE', *, *, #441, .T. ) ;
#7410 = CARTESIAN_POINT ( 'NONE',  ( 8.632218501404349100, -2.021533385619125300, -3.469915996672631000 ) ) ;
#7411 = FACE_OUTER_BOUND ( 'NONE', #4746, .T. ) ;
#7412 = ADVANCED_FACE ( 'NONE', ( #2859 ), #3123, .T. ) ;
#7413 = CARTESIAN_POINT ( 'NONE',  ( 7.181834238703138400, 5.663369288345752000, 3.094141646974374100 ) ) ;
#7414 = CARTESIAN_POINT ( 'NONE',  ( 6.888348506065092600, -5.557227027319324700, -3.466377381984354400 ) ) ;
#7415 = DIRECTION ( 'NONE',  ( -1.000000000000000000, -6.776263578034444600E-017, 0.0000000000000000000 ) ) ;
#7416 = CARTESIAN_POINT ( 'NONE',  ( 8.485539612174520100, 1.885483199994303100, -3.247602129575368300 ) ) ;
#7417 = CARTESIAN_POINT ( 'NONE',  ( -6.915022174933576500, 5.578498568425886500, 3.465025888964337500 ) ) ;
#7418 = VERTEX_POINT ( 'NONE', #7887 ) ;
#7419 = DIRECTION ( 'NONE',  ( -0.0000000000000000000, -0.0000000000000000000, 1.000000000000000000 ) ) ;
#7420 = CARTESIAN_POINT ( 'NONE',  ( 6.746065712156355900, -5.315855484712272100, -3.099533293948748100 ) ) ;
#7421 = LINE ( 'NONE', #6846, #1199 ) ;
#7422 = ORIENTED_EDGE ( 'NONE', *, *, #3336, .T. ) ;
#7423 = EDGE_CURVE ( 'NONE', #4210, #2889, #3, .T. ) ;
#7424 = CARTESIAN_POINT ( 'NONE',  ( 0.05000000000000003700, -8.588668239434865000, -3.500000000000000000 ) ) ;
#7425 = CARTESIAN_POINT ( 'NONE',  ( 7.103543054549956700, -5.600934152399576100, -3.193750000000000100 ) ) ;
#7426 = CARTESIAN_POINT ( 'NONE',  ( -3.791356179071698800, 7.988070471417512600, -3.460296783607140100 ) ) ;
#7427 = ORIENTED_EDGE ( 'NONE', *, *, #4517, .T. ) ;
#7428 = VECTOR ( 'NONE', #3727, 1000.000000000000000 ) ;
#7429 = EDGE_CURVE ( 'NONE', #6728, #7873, #1565, .T. ) ;
#7430 = VECTOR ( 'NONE', #829, 999.9999999999998900 ) ;
#7431 = VERTEX_POINT ( 'NONE', #4712 ) ;
#7432 = ADVANCED_FACE ( 'NONE', ( #6700, #9574 ), #5628, .F. ) ;
#7433 = CARTESIAN_POINT ( 'NONE',  ( 0.0000000000000000000, 0.0000000000000000000, 3.500000000000000000 ) ) ;
#7435 = CARTESIAN_POINT ( 'NONE',  ( 6.962598646779096800, 5.488534737890447000, -3.469915996672631000 ) ) ;
#7434 = DIRECTION ( 'NONE',  ( -0.0000000000000000000, -0.0000000000000000000, 1.000000000000000000 ) ) ;
#7436 = ORIENTED_EDGE ( 'NONE', *, *, #1842, .F. ) ;
#7437 = CIRCLE ( 'NONE', #7895, 2.450000000000000600 ) ;
#7438 = AXIS2_PLACEMENT_3D ( 'NONE', #2155, #7593, #70 ) ;
#7439 = CARTESIAN_POINT ( 'NONE',  ( 0.0000000000000000000, 0.0000000000000000000, 2.758752104430781200 ) ) ;
#7440 = EDGE_CURVE ( 'NONE', #5418, #2184, #9808, .T. ) ;
#7441 = DIRECTION ( 'NONE',  ( 0.0000000000000000000, 0.0000000000000000000, -1.000000000000000000 ) ) ;
#7442 = DIRECTION ( 'NONE',  ( -0.9009688679024187000, 0.4338837391175590100, 0.0000000000000000000 ) ) ;
#7443 = VERTEX_POINT ( 'NONE', #1158 ) ;
#7444 = CARTESIAN_POINT ( 'NONE',  ( 0.0000000000000000000, 0.0000000000000000000, -3.452421434499180400 ) ) ;
#7445 = CIRCLE ( 'NONE', #581, 8.737285000697680100 ) ;
#7446 = ORIENTED_EDGE ( 'NONE', *, *, #2486, .F. ) ;
#7447 = DIRECTION ( 'NONE',  ( -0.0000000000000000000, -0.0000000000000000000, 1.000000000000000000 ) ) ;
#7448 = TOROIDAL_SURFACE ( 'NONE', #9878, 8.866382193656235700, 0.03500000000000000300 ) ;
#7449 = ORIENTED_EDGE ( 'NONE', *, *, #584, .F. ) ;
#7450 = CARTESIAN_POINT ( 'NONE',  ( 6.683716731970517500, 5.394038632959030200, -3.094141646974374100 ) ) ;
#7452 = LINE ( 'NONE', #5567, #5420 ) ;
#7451 = AXIS2_PLACEMENT_3D ( 'NONE', #716, #7504, #2912 ) ;
#7453 = ORIENTED_EDGE ( 'NONE', *, *, #6472, .T. ) ;
#7454 = CARTESIAN_POINT ( 'NONE',  ( -6.982402247695585400, 5.504327582625556700, 3.459706444013471500 ) ) ;
#7455 = ORIENTED_EDGE ( 'NONE', *, *, #7258, .F. ) ;
#7456 = DIRECTION ( 'NONE',  ( -1.000000000000000000, -2.664535259100375700E-015, 0.0000000000000000000 ) ) ;
#7457 = CARTESIAN_POINT ( 'NONE',  ( 3.771531933161288200, -7.716428513517238100, -3.500000000000000000 ) ) ;
#7458 = CARTESIAN_POINT ( 'NONE',  ( 4.000000000000000000, 0.0000000000000000000, 2.975000000000005400 ) ) ;
#7459 = ORIENTED_EDGE ( 'NONE', *, *, #9625, .F. ) ;
#7460 = EDGE_CURVE ( 'NONE', #434, #7192, #1082, .T. ) ;
#7461 = CARTESIAN_POINT ( 'NONE',  ( 7.103543054549956700, -5.600934152399576100, -3.193750000000000100 ) ) ;
#7462 = CIRCLE ( 'NONE', #8247, 9.621762239271875600 ) ;
#7463 = VERTEX_POINT ( 'NONE', #4133 ) ;
#7464 = CARTESIAN_POINT ( 'NONE',  ( 0.0000000000000000000, 0.0000000000000000000, 3.434921434499177600 ) ) ;
#7465 = ORIENTED_EDGE ( 'NONE', *, *, #319, .F. ) ;
#7466 = VERTEX_POINT ( 'NONE', #2557 ) ;
#7467 = ORIENTED_EDGE ( 'NONE', *, *, #6115, .F. ) ;
#7468 = CARTESIAN_POINT ( 'NONE',  ( 8.636228808187224700, 1.919877025645300400, 3.464362763198132200 ) ) ;
#7469 = EDGE_CURVE ( 'NONE', #8402, #7587, #2622, .T. ) ;
#7470 = ORIENTED_EDGE ( 'NONE', *, *, #8735, .F. ) ;
#7471 = CARTESIAN_POINT ( 'NONE',  ( 0.0000000000000000000, 0.0000000000000000000, 1.224999999999999900 ) ) ;
#7472 = LINE ( 'NONE', #7015, #408 ) ;
#7473 = ORIENTED_EDGE ( 'NONE', *, *, #2028, .F. ) ;
#7474 = ADVANCED_FACE ( 'NONE', ( #358 ), #7063, .T. ) ;
#7475 = ORIENTED_EDGE ( 'NONE', *, *, #1372, .F. ) ;
#7476 = CARTESIAN_POINT ( 'NONE',  ( -8.830225396548355500, -1.964155480992619400, 3.193750000000000100 ) ) ;
#7477 = EDGE_LOOP ( 'NONE', ( #5905, #8407, #4589, #666 ) ) ;
#7478 = CARTESIAN_POINT ( 'NONE',  ( 8.362206348396760800, 1.959904873689046100, -3.500000000000000000 ) ) ;
#7479 = ORIENTED_EDGE ( 'NONE', *, *, #1949, .T. ) ;
#7480 = DIRECTION ( 'NONE',  ( -0.0000000000000000000, -0.0000000000000000000, -1.000000000000000000 ) ) ;
#7481 = DIRECTION ( 'NONE',  ( 0.0000000000000000000, 0.0000000000000000000, 1.000000000000000000 ) ) ;
#7482 = FACE_OUTER_BOUND ( 'NONE', #1217, .T. ) ;
#7483 = CARTESIAN_POINT ( 'NONE',  ( 3.896991616625447000, -7.976948230637761500, 3.468181098941469200 ) ) ;
#7484 = VECTOR ( 'NONE', #7157, 1000.000000000000000 ) ;
#7485 = EDGE_LOOP ( 'NONE', ( #1831, #9021, #3491, #5044, #2216, #4737, #5311, #4639, #8652, #2985, #7085, #2434, #3735, #5919, #4778, #9366, #3049, #3033, #5314, #8869, #8661, #3853, #3255, #7112, #2313, #7197, #5321, #8595, #3086, #1661, #9483, #3281 ) ) ;
#7486 = CARTESIAN_POINT ( 'NONE',  ( 8.807973303152710500, 2.061648272210859600, 3.193750000000000100 ) ) ;
#7487 = CARTESIAN_POINT ( 'NONE',  ( 0.0000000000000000000, 0.0000000000000000000, -3.434921434499177600 ) ) ;
#7488 = CARTESIAN_POINT ( 'NONE',  ( -8.604868042990025500, 2.015290821964536200, -3.454996609771464800 ) ) ;
#7489 = DIRECTION ( 'NONE',  ( 0.2225209339563182200, 0.9749279121818227300, -0.0000000000000000000 ) ) ;
#7490 = FACE_OUTER_BOUND ( 'NONE', #283, .T. ) ;
#7491 = FACE_OUTER_BOUND ( 'NONE', #8757, .T. ) ;
#7492 = CARTESIAN_POINT ( 'NONE',  ( -3.681435046370991500, 7.759816887429019000, -3.099533293948748100 ) ) ;
#7493 = DIRECTION ( 'NONE',  ( -0.0000000000000000000, -0.0000000000000000000, 1.000000000000000000 ) ) ;
#7494 = EDGE_CURVE ( 'NONE', #5160, #4728, #1448, .T. ) ;
#7495 = PLANE ( 'NONE',  #545 ) ;
#7496 = AXIS2_PLACEMENT_3D ( 'NONE', #5471, #9252, #1589 ) ;
#7497 = CARTESIAN_POINT ( 'NONE',  ( 0.0000000000000000000, 0.0000000000000000000, -3.500000000000000000 ) ) ;
#7498 = ORIENTED_EDGE ( 'NONE', *, *, #395, .F. ) ;
#7499 = DIRECTION ( 'NONE',  ( -0.0000000000000000000, -0.0000000000000000000, 1.000000000000000000 ) ) ;
#7500 = DIRECTION ( 'NONE',  ( 0.0000000000000000000, 0.0000000000000000000, -1.000000000000000000 ) ) ;
#7501 = EDGE_CURVE ( 'NONE', #4114, #6965, #3736, .T. ) ;
#7502 = CARTESIAN_POINT ( 'NONE',  ( -3.893621092758578200, 7.969949265710693200, 3.469713030103804400 ) ) ;
#7503 = DIRECTION ( 'NONE',  ( -0.9009688679024218100, -0.4338837391175526200, 1.224646799147353200E-016 ) ) ;
#7504 = DIRECTION ( 'NONE',  ( -0.6234898018587431400, -0.7818314824680221400, 0.0000000000000000000 ) ) ;
#7505 = CLOSED_SHELL ( 'NONE', ( #1407, #4272, #4256, #1156, #8269, #5689, #5709, #8122, #7246, #5358, #7316, #2994, #7289, #8894, #6015, #1552, #7877, #2693, #5784, #7474 ) ) ;
#7506 = EDGE_CURVE ( 'NONE', #1577, #1677, #2960, .T. ) ;
#7507 = DIRECTION ( 'NONE',  ( 1.000000000000000000, 0.0000000000000000000, 0.0000000000000000000 ) ) ;
#7508 = CARTESIAN_POINT ( 'NONE',  ( -6.945612333878842500, -5.474988605377188100, -3.461862008941933000 ) ) ;
#7509 = CARTESIAN_POINT ( 'NONE',  ( 8.632741730794617000, 2.021652809313000200, 3.470139885832122400 ) ) ;
#7510 = AXIS2_PLACEMENT_3D ( 'NONE', #1753, #7106, #5598 ) ;
#7511 = CARTESIAN_POINT ( 'NONE',  ( -8.807973303152723000, -2.061648272210801800, -3.193750000000000100 ) ) ;
#7512 = DIRECTION ( 'NONE',  ( 1.000000000000000000, 0.0000000000000000000, 0.0000000000000000000 ) ) ;
#7513 = CARTESIAN_POINT ( 'NONE',  ( 6.878924930671451500, -5.549711976714768000, 3.456075294419946400 ) ) ;
#7514 = AXIS2_PLACEMENT_3D ( 'NONE', #7629, #6170, #3747 ) ;
#7515 = VECTOR ( 'NONE', #5453, 1000.000000000000000 ) ;
#7516 = B_SPLINE_CURVE_WITH_KNOTS ( 'NONE', 3,
 ( #4265, #9586, #3566, #1988, #1274, #5071, #5705, #2748, #8091, #1889, #5736, #6555, #7382, #7355, #9621, #3540, #4291, #3503, #7256, #6525, #5033, #456 ),
 .UNSPECIFIED., .F., .F.,
 ( 4, 3, 3, 3, 3, 3, 3, 4 ),
 ( 0.0002168574548798349600, 0.0002188290334246902100, 0.0002305812013871298400, 0.0002423333607552016800, 0.0002540856419916210300, 0.0002658380091482406100, 0.0002775903405257925400, 0.0002867718163053248900 ),
 .UNSPECIFIED. ) ;
#7517 = EDGE_CURVE ( 'NONE', #8507, #2290, #7586, .T. ) ;
#7518 = CARTESIAN_POINT ( 'NONE',  ( -6.982402247695585400, 5.504327582625556700, -3.459706444013471500 ) ) ;
#7519 = CARTESIAN_POINT ( 'NONE',  ( 6.940963463542276600, -5.471281254995565400, 3.455541280135825400 ) ) ;
#7520 = ADVANCED_FACE ( 'NONE', ( #2147 ), #5020, .T. ) ;
#7521 = VERTEX_POINT ( 'NONE', #3584 ) ;
#7522 = DIRECTION ( 'NONE',  ( 1.000000000000000000, 0.0000000000000000000, 0.0000000000000000000 ) ) ;
#7523 = CARTESIAN_POINT ( 'NONE',  ( -0.05000000000000001000, 9.045898922017695300, -3.193750000000000100 ) ) ;
#7524 = CARTESIAN_POINT ( 'NONE',  ( -8.362206348396735900, 1.959904873689159300, 3.099533293948748100 ) ) ;
#7525 = DIRECTION ( 'NONE',  ( 1.000000000000000000, 0.0000000000000000000, -0.0000000000000000000 ) ) ;
#7526 = PERSON ( 'UNSPECIFIED', 'UNSPECIFIED', 'UNSPECIFIED', ('UNSPECIFIED'), ('UNSPECIFIED'), ('UNSPECIFIED') ) ;
#7527 = AXIS2_PLACEMENT_3D ( 'NONE', #3105, #2360, #3914 ) ;
#7528 = CARTESIAN_POINT ( 'NONE',  ( 3.880701848413498300, 7.943122178400300500, -3.458522467003439300 ) ) ;
#7529 = CIRCLE ( 'NONE', #345, 8.737285000697680100 ) ;
#7530 = CARTESIAN_POINT ( 'NONE',  ( 8.605239869185405500, 2.015375688867116800, -3.455541280135825000 ) ) ;
#7531 = DIRECTION ( 'NONE',  ( 0.0000000000000000000, 0.0000000000000000000, -1.000000000000000000 ) ) ;
#7532 = AXIS2_PLACEMENT_3D ( 'NONE', #1462, #9806, #4422 ) ;
#7533 = ORIENTED_EDGE ( 'NONE', *, *, #1900, .T. ) ;
#7534 = CARTESIAN_POINT ( 'NONE',  ( 8.681602063913597800, 1.930233175176680600, 3.457279025203407600 ) ) ;
#7535 = VERTEX_POINT ( 'NONE', #579 ) ;
#7536 = CARTESIAN_POINT ( 'NONE',  ( -3.818819942739195600, 8.045099564303479100, 3.437256629622303700 ) ) ;
#7537 = FACE_OUTER_BOUND ( 'NONE', #3155, .T. ) ;
#7538 = CARTESIAN_POINT ( 'NONE',  ( 0.0000000000000000000, 0.0000000000000000000, 0.0000000000000000000 ) ) ;
#7539 = CARTESIAN_POINT ( 'NONE',  ( 6.683716731970517500, 5.394038632959030200, 3.099533293948748100 ) ) ;
#7540 = DIRECTION ( 'NONE',  ( 0.6234898018587320400, -0.7818314824680310200, 0.0000000000000000000 ) ) ;
#7541 = ORIENTED_EDGE ( 'NONE', *, *, #5927, .F. ) ;
#7542 = DIRECTION ( 'NONE',  ( 1.000000000000000000, 0.0000000000000000000, 0.0000000000000000000 ) ) ;
#7543 = CARTESIAN_POINT ( 'NONE',  ( 8.625100849056945400, 2.019908827917789000, 3.469014143938407500 ) ) ;
#7544 = CARTESIAN_POINT ( 'NONE',  ( 0.0000000000000000000, 0.0000000000000000000, 3.434921434499177600 ) ) ;
#7545 = VECTOR ( 'NONE', #7202, 1000.000000000000000 ) ;
#7546 = CARTESIAN_POINT ( 'NONE',  ( -0.05000000000000001700, 8.896552580035715300, -3.452421434499180400 ) ) ;
#7547 = MANIFOLD_SOLID_BREP ( 'CirPattern1[3]', #7237 ) ;
#7548 = DIRECTION ( 'NONE',  ( -0.0000000000000000000, -0.0000000000000000000, 1.000000000000000000 ) ) ;
#7549 = ORIENTED_EDGE ( 'NONE', *, *, #8775, .T. ) ;
#7550 = CARTESIAN_POINT ( 'NONE',  ( 6.959874108529841200, -5.486361991139749400, 3.469900311146004500 ) ) ;
#7551 = CARTESIAN_POINT ( 'NONE',  ( -6.683716731970554800, -5.394038632958984000, 3.094141646974374100 ) ) ;
#7552 = VECTOR ( 'NONE', #7560, 1000.000000000000000 ) ;
#7553 = DIRECTION ( 'NONE',  ( 0.0000000000000000000, 0.0000000000000000000, 1.000000000000000000 ) ) ;
#7554 = ORIENTED_EDGE ( 'NONE', *, *, #2435, .F. ) ;
#7555 = CARTESIAN_POINT ( 'NONE',  ( -8.684623479167832700, 1.930922793492005900, 3.452421434499180400 ) ) ;
#7556 = DIRECTION ( 'NONE',  ( -1.000000000000000000, 0.0000000000000000000, -0.0000000000000000000 ) ) ;
#7557 = EDGE_CURVE ( 'NONE', #4932, #9285, #7909, .T. ) ;
#7558 = DIRECTION ( 'NONE',  ( -1.000000000000000000, 0.0000000000000000000, 0.0000000000000000000 ) ) ;
#7559 = CARTESIAN_POINT ( 'NONE',  ( -8.785959443115452000, 1.954052065984086300, -3.272391413630716200 ) ) ;
#7560 = DIRECTION ( 'NONE',  ( 0.0000000000000000000, 0.0000000000000000000, 1.000000000000000000 ) ) ;
#7561 = CARTESIAN_POINT ( 'NONE',  ( 0.0000000000000000000, 0.0000000000000000000, -2.994533293948747700 ) ) ;
#7562 = ORIENTED_EDGE ( 'NONE', *, *, #7633, .T. ) ;
#7563 = CARTESIAN_POINT ( 'NONE',  ( 3.681435046371045700, -7.759816887428994100, -3.500000000000000000 ) ) ;
#7564 = CIRCLE ( 'NONE', #6103, 2.450000000000000600 ) ;
#7565 = FACE_OUTER_BOUND ( 'NONE', #6576, .T. ) ;
#7566 = ORIENTED_EDGE ( 'NONE', *, *, #414, .F. ) ;
#7567 = CARTESIAN_POINT ( 'NONE',  ( 6.986779382597008600, -5.507818231228904800, -3.452421434499180400 ) ) ;
#7568 = VERTEX_POINT ( 'NONE', #3559 ) ;
#7569 = VECTOR ( 'NONE', #1847, 1000.000000000000000 ) ;
#7570 = ADVANCED_FACE ( 'NONE', ( #476 ), #5383, .F. ) ;
#7571 = EDGE_CURVE ( 'NONE', #1936, #1494, #4426, .T. ) ;
#7572 = ORIENTED_EDGE ( 'NONE', *, *, #974, .T. ) ;
#7573 = CARTESIAN_POINT ( 'NONE',  ( 6.941595868251079400, -5.471785580921839200, -3.456597352396201500 ) ) ;
#7574 = ORIENTED_EDGE ( 'NONE', *, *, #4245, .T. ) ;
#7575 = AXIS2_PLACEMENT_3D ( 'NONE', #5260, #5297, #6773 ) ;
#7576 = FACE_OUTER_BOUND ( 'NONE', #6985, .T. ) ;
#7577 = ORIENTED_EDGE ( 'NONE', *, *, #8725, .T. ) ;
#7578 = DIRECTION ( 'NONE',  ( -1.000000000000000000, 0.0000000000000000000, 0.0000000000000000000 ) ) ;
#7579 = EDGE_CURVE ( 'NONE', #3266, #6832, #9219, .T. ) ;
#7580 = CARTESIAN_POINT ( 'NONE',  ( 8.660878464227932800, 2.028074835109809500, 3.455073707654066100 ) ) ;
#7581 = DIRECTION ( 'NONE',  ( 1.000000000000000000, 0.0000000000000000000, 0.0000000000000000000 ) ) ;
#7582 = DIRECTION ( 'NONE',  ( -0.9749279121818257300, -0.2225209339563050900, 0.0000000000000000000 ) ) ;
#7583 = ORIENTED_EDGE ( 'NONE', *, *, #2364, .T. ) ;
#7584 = ORIENTED_EDGE ( 'NONE', *, *, #5707, .F. ) ;
#7585 = DIRECTION ( 'NONE',  ( -0.0000000000000000000, -0.0000000000000000000, 1.000000000000000000 ) ) ;
#7586 = B_SPLINE_CURVE_WITH_KNOTS ( 'NONE', 3,
 ( #3434, #6514, #2038, #8967, #555, #5158, #1289 ),
 .UNSPECIFIED., .F., .F.,
 ( 4, 3, 4 ),
 ( 0.001199429903413613100, 0.001225696219576499400, 0.001498119107920983800 ),
 .UNSPECIFIED. ) ;
#7587 = VERTEX_POINT ( 'NONE', #8180 ) ;
#7588 = CARTESIAN_POINT ( 'NONE',  ( 0.0000000000000000000, 0.0000000000000000000, -3.064533293948747500 ) ) ;
#7589 = AXIS2_PLACEMENT_3D ( 'NONE', #4145, #4113, #1868 ) ;
#7590 = LINE ( 'NONE', #6603, #8556 ) ;
#7591 = ORIENTED_EDGE ( 'NONE', *, *, #6881, .T. ) ;
#7592 = PLANE ( 'NONE',  #825 ) ;
#7593 = DIRECTION ( 'NONE',  ( -0.0000000000000000000, -0.0000000000000000000, 1.000000000000000000 ) ) ;
#7594 = VERTEX_POINT ( 'NONE', #8139 ) ;
#7595 = CARTESIAN_POINT ( 'NONE',  ( -3.907017385819927700, -7.997766954886910400, -3.444839032082838600 ) ) ;
#7597 = CARTESIAN_POINT ( 'NONE',  ( 8.627120136385686400, 1.917798030746237700, 3.454996609771464800 ) ) ;
#7596 = AXIS2_PLACEMENT_3D ( 'NONE', #5982, #8159, #8928 ) ;
#7598 = PLANE ( 'NONE',  #6486 ) ;
#7599 = B_SPLINE_CURVE_WITH_KNOTS ( 'NONE', 3,
 ( #9863, #7595, #6165, #705, #7657, #7692, #9902 ),
 .UNSPECIFIED., .F., .F.,
 ( 4, 3, 4 ),
 ( 0.001199429903413612700, 0.001225696219576499200, 0.001498119107920982900 ),
 .UNSPECIFIED. ) ;
#7600 = EDGE_CURVE ( 'NONE', #9836, #5608, #3832, .T. ) ;
#7601 = ORIENTED_EDGE ( 'NONE', *, *, #8011, .T. ) ;
#7602 = CARTESIAN_POINT ( 'NONE',  ( 0.0000000000000000000, 0.0000000000000000000, -2.758752104430781200 ) ) ;
#7603 = ORIENTED_EDGE ( 'NONE', *, *, #5182, .F. ) ;
#7604 = CARTESIAN_POINT ( 'NONE',  ( -0.05000000000000001700, -8.896552580035715300, -3.452421434499180400 ) ) ;
#7605 = CIRCLE ( 'NONE', #681, 9.046037105128458900 ) ;
#7606 = CIRCLE ( 'NONE', #3542, 5.686989865158905900 ) ;
#7607 = CARTESIAN_POINT ( 'NONE',  ( -0.05000000000000002400, -8.895588198274321500, -3.453994494324953200 ) ) ;
#7608 = EDGE_LOOP ( 'NONE', ( #1114, #7475 ) ) ;
#7609 = CARTESIAN_POINT ( 'NONE',  ( 0.0000000000000000000, 0.0000000000000000000, 3.452421434499180400 ) ) ;
#7610 = EDGE_CURVE ( 'NONE', #8565, #7521, #5266, .T. ) ;
#7611 = APPLICATION_PROTOCOL_DEFINITION ( 'international standard', 'config_control_design', 1994, #2238 ) ;
#7612 = VECTOR ( 'NONE', #5004, 1000.000000000000000 ) ;
#7613 = CIRCLE ( 'NONE', #6434, 9.498018552564230900 ) ;
#7614 = B_SPLINE_CURVE_WITH_KNOTS ( 'NONE', 3,
 ( #6138, #265, #9375, #178, #1676, #8577, #4783, #5557, #928, #4048, #1741, #4816, #9409, #1712, #5587, #3216, #3954, #6272, #4757, #204, #3312, #6397, #2531, #8598, #7876 ),
 .UNSPECIFIED., .F., .F.,
 ( 4, 3, 3, 3, 3, 3, 3, 3, 4 ),
 ( 0.0001509499138714706500, 0.0001527764003826827100, 0.0001645282963311793400, 0.0001762803579144461700, 0.0001880325997012732400, 0.0001997849575937690900, 0.0002115373162334654400, 0.0002188290956692469400, 0.0002208042975641437700 ),
 .UNSPECIFIED. ) ;
#7615 = CARTESIAN_POINT ( 'NONE',  ( -6.683716731970441100, 5.394038632959125200, 3.099533293948748100 ) ) ;
#7616 = ORIENTED_EDGE ( 'NONE', *, *, #8998, .T. ) ;
#7617 = VERTEX_POINT ( 'NONE', #8383 ) ;
#7618 = CARTESIAN_POINT ( 'NONE',  ( 0.0000000000000000000, 0.0000000000000000000, -3.094141646974374100 ) ) ;
#7619 = CARTESIAN_POINT ( 'NONE',  ( 3.771531933161342800, 7.716428513517212400, 3.094141646974374100 ) ) ;
#7620 = CARTESIAN_POINT ( 'NONE',  ( -3.789595138428315700, -7.984413632840869500, 3.455541280135824500 ) ) ;
#7621 = CARTESIAN_POINT ( 'NONE',  ( -7.500000000000000000, 9.184850993605147900E-016, -7.960204194457796500E-016 ) ) ;
#7622 = ORIENTED_EDGE ( 'NONE', *, *, #6045, .T. ) ;
#7623 = ADVANCED_FACE ( 'NONE', ( #6233 ), #117, .T. ) ;
#7624 = DIRECTION ( 'NONE',  ( 0.0000000000000000000, 0.0000000000000000000, -1.000000000000000000 ) ) ;
#7625 = EDGE_CURVE ( 'NONE', #4105, #3266, #2735, .T. ) ;
#7626 = CARTESIAN_POINT ( 'NONE',  ( -6.683716731970441100, 5.394038632959125200, 3.099533293948748100 ) ) ;
#7627 = DIRECTION ( 'NONE',  ( 1.000000000000000000, 0.0000000000000000000, 0.0000000000000000000 ) ) ;
#7628 = DIRECTION ( 'NONE',  ( 1.000000000000000000, 0.0000000000000000000, 0.0000000000000000000 ) ) ;
#7629 = CARTESIAN_POINT ( 'NONE',  ( 0.0000000000000000000, 0.0000000000000000000, 3.193750000000000500 ) ) ;
#7630 = ORIENTED_EDGE ( 'NONE', *, *, #8596, .T. ) ;
#7631 = CARTESIAN_POINT ( 'NONE',  ( 8.621380678306049800, 2.019059723220280000, -3.468127985775449700 ) ) ;
#7632 = CARTESIAN_POINT ( 'NONE',  ( 0.0000000000000000000, 0.0000000000000000000, -3.376256313292342400 ) ) ;
#7633 = EDGE_CURVE ( 'NONE', #6850, #7223, #849, .T. ) ;
#7634 = CARTESIAN_POINT ( 'NONE',  ( -0.05000000000000002400, -8.884519005424703400, -3.465025888964337500 ) ) ;
#7635 = DIRECTION ( 'NONE',  ( -1.000000000000000000, 0.0000000000000000000, 0.0000000000000000000 ) ) ;
#7636 = PERSON_AND_ORGANIZATION ( #7526, #2237 ) ;
#7637 = DIRECTION ( 'NONE',  ( 1.000000000000000000, 0.0000000000000000000, 0.0000000000000000000 ) ) ;
#7638 = CARTESIAN_POINT ( 'NONE',  ( -3.820719386415808200, 8.049043799739548500, 3.429674227117769800 ) ) ;
#7639 = ORIENTED_EDGE ( 'NONE', *, *, #8520, .F. ) ;
#7640 = ADVANCED_FACE ( 'NONE', ( #7411 ), #4668, .F. ) ;
#7641 = CARTESIAN_POINT ( 'NONE',  ( 3.681435046371100700, 7.759816887428968400, 3.099533293948748100 ) ) ;
#7642 = DIRECTION ( 'NONE',  ( 1.000000000000000000, 0.0000000000000000000, 0.0000000000000000000 ) ) ;
#7643 = FACE_OUTER_BOUND ( 'NONE', #1363, .T. ) ;
#7644 = CARTESIAN_POINT ( 'NONE',  ( -8.653663380659768500, 2.026428039368319400, -3.462633071500297100 ) ) ;
#7645 = DIRECTION ( 'NONE',  ( 0.0000000000000000000, 0.0000000000000000000, -1.000000000000000000 ) ) ;
#7646 = AXIS2_PLACEMENT_3D ( 'NONE', #6915, #5234, #1504 ) ;
#7647 = CARTESIAN_POINT ( 'NONE',  ( 7.103543054549994900, 5.600934152399529100, -3.094141646974374100 ) ) ;
#7648 = ORIENTED_EDGE ( 'NONE', *, *, #6923, .T. ) ;
#7649 = AXIS2_PLACEMENT_3D ( 'NONE', #2949, #8242, #8274 ) ;
#7650 = B_SPLINE_CURVE_WITH_KNOTS ( 'NONE', 3,
 ( #2696, #5846, #1896, #5713, #1204, #8066, #7263 ),
 .UNSPECIFIED., .F., .F.,
 ( 4, 3, 4 ),
 ( 0.001199429903413613100, 0.001225696219576499600, 0.001498119107920984200 ),
 .UNSPECIFIED. ) ;
#7651 = EDGE_CURVE ( 'NONE', #434, #2747, #6348, .T. ) ;
#7652 = CARTESIAN_POINT ( 'NONE',  ( 4.524999999999999500, 0.0000000000000000000, 3.500000000000000400 ) ) ;
#7653 = CARTESIAN_POINT ( 'NONE',  ( -8.384458441792405700, -1.862412082470809000, -3.099533293948748100 ) ) ;
#7654 = FACE_OUTER_BOUND ( 'NONE', #5429, .T. ) ;
#7655 = CARTESIAN_POINT ( 'NONE',  ( -8.627120136385698900, -1.917798030746181000, -3.454996609771464800 ) ) ;
#7656 = CARTESIAN_POINT ( 'NONE',  ( -8.662586789016254200, 1.925893062767750200, 3.469286171371085200 ) ) ;
#7657 = CARTESIAN_POINT ( 'NONE',  ( -3.930516482760601600, -8.046563332484346600, -3.351032822740167600 ) ) ;
#7658 = DIRECTION ( 'NONE',  ( 0.4338837391175525700, -0.9009688679024218100, 0.0000000000000000000 ) ) ;
#7659 = DIRECTION ( 'NONE',  ( 1.000000000000000000, 0.0000000000000000000, 0.0000000000000000000 ) ) ;
#7660 = AXIS2_PLACEMENT_3D ( 'NONE', #4562, #3831, #6939 ) ;
#7661 = CARTESIAN_POINT ( 'NONE',  ( -6.878614483356360900, 5.549464403242418500, 3.455541280135825800 ) ) ;
#7662 = ORIENTED_EDGE ( 'NONE', *, *, #574, .F. ) ;
#7663 = CARTESIAN_POINT ( 'NONE',  ( 8.611309364345185500, 2.016761011530178800, -3.462372291138045900 ) ) ;
#7664 = CARTESIAN_POINT ( 'NONE',  ( 0.0000000000000000000, 0.0000000000000000000, 3.454996609771464400 ) ) ;
#7665 = FACE_OUTER_BOUND ( 'NONE', #45, .T. ) ;
#7666 = AXIS2_PLACEMENT_3D ( 'NONE', #724, #3027, #8464 ) ;
#7667 = CARTESIAN_POINT ( 'NONE',  ( -0.05000000000000002400, -8.865624258063290200, -3.469915996672631000 ) ) ;
#7668 = CARTESIAN_POINT ( 'NONE',  ( -0.05000000000000001700, 8.909685893445361800, 3.429674227117770700 ) ) ;
#7669 = CARTESIAN_POINT ( 'NONE',  ( 0.0000000000000000000, 0.0000000000000000000, -3.452421434499180400 ) ) ;
#7670 = ORIENTED_EDGE ( 'NONE', *, *, #8707, .T. ) ;
#7671 = ADVANCED_FACE ( 'NONE', ( #2138 ), #4888, .F. ) ;
#7672 = VECTOR ( 'NONE', #1373, 999.9999999999998900 ) ;
#7673 = ORIENTED_EDGE ( 'NONE', *, *, #7625, .F. ) ;
#7674 = MANIFOLD_SOLID_BREP ( 'Revolve2', #164 ) ;
#7675 = B_SPLINE_CURVE_WITH_KNOTS ( 'NONE', 3,
 ( #6509, #4859, #1024, #5662, #6442, #7143, #3389, #4914, #6371, #7908, #8676, #1810, #1121, #343, #4088, #7166, #3349, #4255, #1287, #7426, #5095, #8211, #8835, #5859, #2032 ),
 .UNSPECIFIED., .F., .F.,
 ( 4, 3, 3, 3, 3, 3, 3, 3, 4 ),
 ( 0.0001509499138714756700, 0.0001527764003826872400, 0.0001645282963311849300, 0.0001762803579144521900, 0.0001880325997012802000, 0.0001997849575937758600, 0.0002115373162334736000, 0.0002188290956692542300, 0.0002208042975641510600 ),
 .UNSPECIFIED. ) ;
#7676 = CARTESIAN_POINT ( 'NONE',  ( 0.0000000000000000000, 4.524999999999999500, -3.500000000000000400 ) ) ;
#7677 = DIRECTION ( 'NONE',  ( 1.000000000000000000, 0.0000000000000000000, 0.0000000000000000000 ) ) ;
#7678 = CARTESIAN_POINT ( 'NONE',  ( -8.666639397120919200, -2.029389730448973000, -3.444839032082838600 ) ) ;
#7679 = ORIENTED_EDGE ( 'NONE', *, *, #8957, .F. ) ;
#7680 = FACE_OUTER_BOUND ( 'NONE', #3059, .T. ) ;
#7681 = DIRECTION ( 'NONE',  ( 1.000000000000000000, 0.0000000000000000000, 0.0000000000000000000 ) ) ;
#7682 = VECTOR ( 'NONE', #8808, 1000.000000000000000 ) ;
#7683 = ORIENTED_EDGE ( 'NONE', *, *, #3661, .T. ) ;
#7684 = EDGE_CURVE ( 'NONE', #3400, #2162, #4785, .T. ) ;
#7685 = CARTESIAN_POINT ( 'NONE',  ( 7.103543054549956700, -5.600934152399576100, 3.193750000000000100 ) ) ;
#7686 = AXIS2_PLACEMENT_3D ( 'NONE', #3723, #9215, #7540 ) ;
#7687 = EDGE_LOOP ( 'NONE', ( #897, #9862, #721, #493 ) ) ;
#7688 = VECTOR ( 'NONE', #8240, 1000.000000000000000 ) ;
#7689 = ORIENTED_EDGE ( 'NONE', *, *, #2636, .T. ) ;
#7690 = DIRECTION ( 'NONE',  ( -0.9009688679022659400, -0.4338837391178758700, 0.0000000000000000000 ) ) ;
#7691 = CARTESIAN_POINT ( 'NONE',  ( -3.820719386415977000, -8.049043799739470400, -3.429674227117770700 ) ) ;
#7692 = CARTESIAN_POINT ( 'NONE',  ( -3.950216688759014400, -8.087471231756932600, -3.272391413630715700 ) ) ;
#7693 = EDGE_CURVE ( 'NONE', #4420, #5581, #2253, .T. ) ;
#7694 = CARTESIAN_POINT ( 'NONE',  ( 3.860119801968718200, 8.130859605668716100, 3.272391413630714800 ) ) ;
#7695 = SPHERICAL_SURFACE ( 'NONE', #4499, 2.450000000000000600 ) ;
#7696 = CARTESIAN_POINT ( 'NONE',  ( 3.893621092758634100, -7.969949265710667400, -3.469713030103804400 ) ) ;
#7697 = ORIENTED_EDGE ( 'NONE', *, *, #7950, .T. ) ;
#7698 = DIRECTION ( 'NONE',  ( 1.000000000000000000, 0.0000000000000000000, 0.0000000000000000000 ) ) ;
#7699 = CIRCLE ( 'NONE', #848, 9.046037105128458900 ) ;
#7700 = ORIENTED_EDGE ( 'NONE', *, *, #4236, .F. ) ;
#7701 = DIRECTION ( 'NONE',  ( -0.0000000000000000000, -0.0000000000000000000, 1.000000000000000000 ) ) ;
#7702 = FACE_OUTER_BOUND ( 'NONE', #9367, .T. ) ;
#7703 = AXIS2_PLACEMENT_3D ( 'NONE', #5272, #7624, #4433 ) ;
#7704 = VERTEX_POINT ( 'NONE', #5966 ) ;
#7705 = EDGE_LOOP ( 'NONE', ( #2228, #7093, #9918, #7847, #9633, #913 ) ) ;
#7706 = CARTESIAN_POINT ( 'NONE',  ( 8.629761014703552400, 1.918400793988949100, 3.458522467003439300 ) ) ;
#7707 = VERTEX_POINT ( 'NONE', #1397 ) ;
#7708 = CARTESIAN_POINT ( 'NONE',  ( 4.524999999999999500, 0.0000000000000000000, 3.500000000000000400 ) ) ;
#7709 = VECTOR ( 'NONE', #9176, 1000.000000000000000 ) ;
#7710 = EDGE_LOOP ( 'NONE', ( #8625, #3274, #4438, #5626 ) ) ;
#7711 = APPROVAL_STATUS ( 'not_yet_approved' ) ;
#7712 = AXIS2_PLACEMENT_3D ( 'NONE', #6101, #9876, #7637 ) ;
#7713 = ORIENTED_EDGE ( 'NONE', *, *, #2948, .T. ) ;
#7714 = CARTESIAN_POINT ( 'NONE',  ( 0.0000000000000000000, 0.0000000000000000000, -3.325000000000001100 ) ) ;
#7715 = ORIENTED_EDGE ( 'NONE', *, *, #3139, .T. ) ;
#7716 = CARTESIAN_POINT ( 'NONE',  ( 3.879820004569413300, 8.171767497885872100, -3.193750000000000100 ) ) ;
#7717 = ORIENTED_EDGE ( 'NONE', *, *, #5698, .T. ) ;
#7718 = VERTEX_POINT ( 'NONE', #612 ) ;
#7719 = EDGE_CURVE ( 'NONE', #8126, #1483, #6823, .T. ) ;
#7720 = DIRECTION ( 'NONE',  ( 1.000000000000000000, 0.0000000000000000000, 0.0000000000000000000 ) ) ;
#7721 = CARTESIAN_POINT ( 'NONE',  ( 8.588813778810038700, 0.0000000000000000000, 3.099533293948747700 ) ) ;
#7722 = LINE ( 'NONE', #5293, #9742 ) ;
#7723 = ORIENTED_EDGE ( 'NONE', *, *, #3549, .T. ) ;
#7724 = CARTESIAN_POINT ( 'NONE',  ( -3.796778474268989600, -7.999329983412793300, 3.468127985775450100 ) ) ;
#7725 = EDGE_LOOP ( 'NONE', ( #4979, #9291, #630, #5008, #7208, #1208 ) ) ;
#7726 = CARTESIAN_POINT ( 'NONE',  ( 8.719441388652381200, 2.041441440450892500, 3.351032822740168400 ) ) ;
#7727 = B_SPLINE_CURVE_WITH_KNOTS ( 'NONE', 3,
 ( #6561, #9561, #1970, #3417, #4941, #7323, #4977 ),
 .UNSPECIFIED., .F., .F.,
 ( 4, 3, 4 ),
 ( 0.001199429903413613800, 0.001225696219576499900, 0.001498119107920984200 ),
 .UNSPECIFIED. ) ;
#7728 = ORIENTED_EDGE ( 'NONE', *, *, #2073, .F. ) ;
#7729 = CARTESIAN_POINT ( 'NONE',  ( -0.05000000000000001000, 9.045898922017695300, -3.094141646974374100 ) ) ;
#7730 = ADVANCED_FACE ( 'NONE', ( #1072 ), #8726, .F. ) ;
#7731 = ORIENTED_EDGE ( 'NONE', *, *, #1115, .T. ) ;
#7732 = CIRCLE ( 'NONE', #4002, 8.737285000697680100 ) ;
#7733 = LINE ( 'NONE', #798, #6759 ) ;
#7734 = CARTESIAN_POINT ( 'NONE',  ( -3.860119801968772800, -8.130859605668689500, -3.272391413630715700 ) ) ;
#7736 = CARTESIAN_POINT ( 'NONE',  ( 8.384458441792379100, -1.862412082470922300, 3.500000000000000000 ) ) ;
#7735 = AXIS2_PLACEMENT_3D ( 'NONE', #7991, #9455, #5577 ) ;
#7737 = CARTESIAN_POINT ( 'NONE',  ( 3.879692025218445500, -7.941025258929165000, -3.455541280135825800 ) ) ;
#7738 = EDGE_CURVE ( 'NONE', #2782, #8013, #8430, .T. ) ;
#7739 = VERTEX_POINT ( 'NONE', #2111 ) ;
#7740 = CARTESIAN_POINT ( 'NONE',  ( 6.940665282085063800, -5.471043463218380000, -3.454996609771464800 ) ) ;
#7741 = VECTOR ( 'NONE', #886, 1000.000000000000200 ) ;
#7742 = CARTESIAN_POINT ( 'NONE',  ( 0.05000000000000001000, -9.046037105128458900, 3.500000000000000400 ) ) ;
#7743 = DIRECTION ( 'NONE',  ( -0.0000000000000000000, -0.0000000000000000000, 1.000000000000000000 ) ) ;
#7744 = ORIENTED_EDGE ( 'NONE', *, *, #1662, .T. ) ;
#7745 = DATE_TIME_ROLE ( 'classification_date' ) ;
#7746 = EDGE_CURVE ( 'NONE', #5996, #6320, #8388, .T. ) ;
#7747 = AXIS2_PLACEMENT_3D ( 'NONE', #8260, #3685, #9034 ) ;
#7748 = B_SPLINE_CURVE_WITH_KNOTS ( 'NONE', 3,
 ( #3079, #7734, #2392, #7691, #9274, #5452, #8528 ),
 .UNSPECIFIED., .F., .F.,
 ( 4, 3, 4 ),
 ( 0.0009532733312319689700, 0.001225696219576461900, 0.001251962535739348600 ),
 .UNSPECIFIED. ) ;
#7749 = CARTESIAN_POINT ( 'NONE',  ( 3.879526546993985000, 7.940681639855260900, -3.454996609771464800 ) ) ;
#7750 = CARTESIAN_POINT ( 'NONE',  ( 5.863736118510232100, 4.676173513940490500, -3.092233167847068000E-016 ) ) ;
#7751 = CARTESIAN_POINT ( 'NONE',  ( -8.632218501404334900, 2.021533385619181700, -3.469915996672631000 ) ) ;
#7752 = CARTESIAN_POINT ( 'NONE',  ( -3.789429660203798500, -7.984070013766990200, 3.454996609771464800 ) ) ;
#7753 = CARTESIAN_POINT ( 'NONE',  ( -11.00000000000000000, 0.0000000000000000000, 2.975000000000000100 ) ) ;
#7754 = CARTESIAN_POINT ( 'NONE',  ( 3.904699512512413300, 7.992953841369454100, 3.453994494324953200 ) ) ;
#7755 = EDGE_CURVE ( 'NONE', #6346, #5154, #6252, .T. ) ;
#7756 = CIRCLE ( 'NONE', #8042, 9.046037105128458900 ) ;
#7757 = CARTESIAN_POINT ( 'NONE',  ( 0.0000000000000000000, 4.524999999999999500, 3.500000000000000400 ) ) ;
#7758 = CARTESIAN_POINT ( 'NONE',  ( -8.621380678306064000, -2.019059723220224100, 3.468127985775450100 ) ) ;
#7759 = CARTESIAN_POINT ( 'NONE',  ( 5.686989865158905900, 0.0000000000000000000, 3.500000000000000000 ) ) ;
#7760 = EDGE_CURVE ( 'NONE', #5986, #4673, #2613, .T. ) ;
#7761 = DIRECTION ( 'NONE',  ( -0.2225209339559683900, -0.9749279121819025600, 0.0000000000000000000 ) ) ;
#7762 = DIRECTION ( 'NONE',  ( 0.0000000000000000000, 0.0000000000000000000, 1.000000000000000000 ) ) ;
#7763 = CARTESIAN_POINT ( 'NONE',  ( 3.888530992799052600, -7.959379564233903400, -3.469014143938407500 ) ) ;
#7764 = CARTESIAN_POINT ( 'NONE',  ( 0.0000000000000000000, 0.0000000000000000000, -3.094141646974374100 ) ) ;
#7765 = CIRCLE ( 'NONE', #6894, 8.896693082788692300 ) ;
#7766 = EDGE_LOOP ( 'NONE', ( #5914, #3134, #75, #4471 ) ) ;
#7767 = EDGE_CURVE ( 'NONE', #1641, #4010, #5209, .T. ) ;
#7768 = CARTESIAN_POINT ( 'NONE',  ( -6.900249666593143900, 5.566717886137349000, -3.469915996672631000 ) ) ;
#7769 = CARTESIAN_POINT ( 'NONE',  ( 0.0000000000000000000, 0.0000000000000000000, -3.094141646974374100 ) ) ;
#7770 = VECTOR ( 'NONE', #7447, 1000.000000000000000 ) ;
#7771 = ADVANCED_FACE ( 'NONE', ( #4416 ), #2849, .T. ) ;
#7772 = EDGE_CURVE ( 'NONE', #5629, #4833, #8358, .T. ) ;
#7773 = DIRECTION ( 'NONE',  ( -0.0000000000000000000, -0.0000000000000000000, 1.000000000000000000 ) ) ;
#7774 = CARTESIAN_POINT ( 'NONE',  ( 3.860119801968718200, 8.130859605668716100, -3.272391413630714800 ) ) ;
#7775 = VERTEX_POINT ( 'NONE', #3125 ) ;
#7776 = ORIENTED_EDGE ( 'NONE', *, *, #4318, .T. ) ;
#7777 = CARTESIAN_POINT ( 'NONE',  ( 0.0000000000000000000, 0.0000000000000000000, 2.758752104430781200 ) ) ;
#7778 = CARTESIAN_POINT ( 'NONE',  ( 0.0000000000000000000, 0.0000000000000000000, -3.193750000000000500 ) ) ;
#7779 = CARTESIAN_POINT ( 'NONE',  ( 3.879820004569354700, -8.171767497885897000, -3.193750000000000100 ) ) ;
#7780 = DIRECTION ( 'NONE',  ( 0.4338837391175526200, -0.9009688679024217000, 0.0000000000000000000 ) ) ;
#7781 = AXIS2_PLACEMENT_3D ( 'NONE', #9446, #6469, #2676 ) ;
#7782 = CIRCLE ( 'NONE', #7979, 5.378237760728125300 ) ;
#7783 = CARTESIAN_POINT ( 'NONE',  ( -0.05000000000000002400, 8.884889935907555300, 3.464797546056691800 ) ) ;
#7784 = CARTESIAN_POINT ( 'NONE',  ( 3.886687736875731300, 7.955552003869622800, 3.467739038050325000 ) ) ;
#7785 = AXIS2_PLACEMENT_3D ( 'NONE', #5343, #697, #8491 ) ;
#7786 = B_SPLINE_CURVE_WITH_KNOTS ( 'NONE', 3,
 ( #4604, #2185, #8463, #6835, #2245, #2274, #2318 ),
 .UNSPECIFIED., .F., .F.,
 ( 4, 3, 4 ),
 ( 0.0009532733312319690800, 0.001225696219576461900, 0.001251962535739348200 ),
 .UNSPECIFIED. ) ;
#7787 = EDGE_CURVE ( 'NONE', #7212, #8997, #7901, .T. ) ;
#7788 = CARTESIAN_POINT ( 'NONE',  ( -8.807973303152683900, 2.061648272210978600, -3.193750000000000100 ) ) ;
#7789 = ORIENTED_EDGE ( 'NONE', *, *, #3682, .F. ) ;
#7790 = CARTESIAN_POINT ( 'NONE',  ( -8.866382193656235700, 0.0000000000000000000, -3.434921434499177600 ) ) ;
#7791 = LINE ( 'NONE', #1537, #6120 ) ;
#7792 = DIRECTION ( 'NONE',  ( 0.0000000000000000000, 0.0000000000000000000, 1.000000000000000000 ) ) ;
#7793 = CARTESIAN_POINT ( 'NONE',  ( 4.524999999999999500, 5.541526766141772000E-016, -3.500000000000000900 ) ) ;
#7794 = CARTESIAN_POINT ( 'NONE',  ( -6.878316301899265500, -5.549226611465089200, -3.454996609771464800 ) ) ;
#7795 = DIRECTION ( 'NONE',  ( -0.0000000000000000000, -0.0000000000000000000, 1.000000000000000000 ) ) ;
#7796 = EDGE_CURVE ( 'NONE', #7229, #6931, #868, .T. ) ;
#7797 = CARTESIAN_POINT ( 'NONE',  ( -8.362206348396735900, 1.959904873689159300, -3.500000000000000000 ) ) ;
#7798 = DIRECTION ( 'NONE',  ( -0.0000000000000000000, -0.0000000000000000000, 1.000000000000000000 ) ) ;
#7799 = ORIENTED_EDGE ( 'NONE', *, *, #1442, .T. ) ;
#7800 = CONICAL_SURFACE ( 'NONE', #8724, 9.046037105128458900, 0.5235987755983011500 ) ;
#7801 = CARTESIAN_POINT ( 'NONE',  ( -8.384458441792366700, 1.862412082470977300, 3.094141646974374100 ) ) ;
#7802 = ORIENTED_EDGE ( 'NONE', *, *, #71, .T. ) ;
#7803 = CARTESIAN_POINT ( 'NONE',  ( 0.05000000000000002400, 8.895923368718410300, 3.453478796700601500 ) ) ;
#7804 = VECTOR ( 'NONE', #3320, 1000.000000000000000 ) ;
#7805 = ORIENTED_EDGE ( 'NONE', *, *, #1044, .F. ) ;
#7806 = CIRCLE ( 'NONE', #6619, 2.450000000000000600 ) ;
#7807 = ORIENTED_EDGE ( 'NONE', *, *, #2022, .F. ) ;
#7808 = CIRCLE ( 'NONE', #5630, 8.837711872106121200 ) ;
#7809 = B_SPLINE_CURVE_WITH_KNOTS ( 'NONE', 3,
 ( #5153, #2108, #7536, #7638, #5426, #2373, #3824 ),
 .UNSPECIFIED., .F., .F.,
 ( 4, 3, 4 ),
 ( 0.001199429903413613100, 0.001225696219576499600, 0.001498119107920984200 ),
 .UNSPECIFIED. ) ;
#7810 = CARTESIAN_POINT ( 'NONE',  ( -8.654993824190224700, 1.924160018094934500, -3.470139885832122400 ) ) ;
#7811 = CARTESIAN_POINT ( 'NONE',  ( 11.00000000000000000, 1.347111479062088400E-015, 2.975000000000000100 ) ) ;
#7812 = CONICAL_SURFACE ( 'NONE', #1871, 9.498018552564230900, 0.7853981633974394000 ) ;
#7813 = ORIENTED_EDGE ( 'NONE', *, *, #9861, .T. ) ;
#7814 = ORIENTED_EDGE ( 'NONE', *, *, #1487, .T. ) ;
#7815 = CARTESIAN_POINT ( 'NONE',  ( 0.05000000000000003700, 8.619738104553002600, 3.143904910697431300 ) ) ;
#7816 = CARTESIAN_POINT ( 'NONE',  ( -8.611036915675310200, 2.016698826899296000, 3.461862008941933000 ) ) ;
#7817 = DIRECTION ( 'NONE',  ( -0.0000000000000000000, -0.0000000000000000000, -1.000000000000000000 ) ) ;
#7818 = ORIENTED_EDGE ( 'NONE', *, *, #3796, .T. ) ;
#7819 = CARTESIAN_POINT ( 'NONE',  ( 3.950216688758959800, 8.087471231756959300, 3.272391413630716200 ) ) ;
#7820 = ORIENTED_EDGE ( 'NONE', *, *, #2969, .T. ) ;
#7821 = EDGE_CURVE ( 'NONE', #2283, #7975, #6940, .T. ) ;
#7822 = CARTESIAN_POINT ( 'NONE',  ( 6.883895907083578800, 5.425771397351133500, 3.351299362948741800 ) ) ;
#7823 = ORIENTED_EDGE ( 'NONE', *, *, #9822, .T. ) ;
#7824 = CARTESIAN_POINT ( 'NONE',  ( 3.840419595970247600, -8.089951706396156800, 3.351032822740167600 ) ) ;
#7825 = CONICAL_SURFACE ( 'NONE', #3923, 9.046037105128458900, 0.5235987755983011500 ) ;
#7826 = ORIENTED_EDGE ( 'NONE', *, *, #6037, .F. ) ;
#7827 = ADVANCED_FACE ( 'NONE', ( #8503 ), #6693, .F. ) ;
#7828 = ORIENTED_EDGE ( 'NONE', *, *, #8262, .F. ) ;
#7829 = DIRECTION ( 'NONE',  ( -0.0000000000000000000, -0.0000000000000000000, 1.000000000000000000 ) ) ;
#7830 = ORIENTED_EDGE ( 'NONE', *, *, #2679, .T. ) ;
#7831 = CARTESIAN_POINT ( 'NONE',  ( 8.737285000697680100, 1.070008810934259400E-015, 2.758752104430781200 ) ) ;
#7832 = EDGE_CURVE ( 'NONE', #4801, #8919, #8251, .T. ) ;
#7833 = CARTESIAN_POINT ( 'NONE',  ( 0.0000000000000000000, 0.0000000000000000000, -3.434921434499177600 ) ) ;
#7834 = ORIENTED_EDGE ( 'NONE', *, *, #6881, .F. ) ;
#7835 = DIRECTION ( 'NONE',  ( 0.0000000000000000000, 0.0000000000000000000, -1.000000000000000000 ) ) ;
#7836 = CARTESIAN_POINT ( 'NONE',  ( 0.0000000000000000000, 0.0000000000000000000, -2.994533293948747700 ) ) ;
#7837 = VERTEX_POINT ( 'NONE', #51 ) ;
#7838 = CARTESIAN_POINT ( 'NONE',  ( 7.500000000000000000, 0.0000000000000000000, -7.960204194457796500E-016 ) ) ;
#7839 = CIRCLE ( 'NONE', #7163, 8.588813778810038700 ) ;
#7840 = ORIENTED_EDGE ( 'NONE', *, *, #2054, .F. ) ;
#7841 = EDGE_CURVE ( 'NONE', #4026, #4601, #5974, .T. ) ;
#7842 = CARTESIAN_POINT ( 'NONE',  ( -3.969916891359710500, -8.128379123974086800, -3.193750000000000100 ) ) ;
#7843 = ORIENTED_EDGE ( 'NONE', *, *, #467, .T. ) ;
#7844 = CARTESIAN_POINT ( 'NONE',  ( -9.046037105128460700, 1.107820038576375800E-015, 3.325000000000000600 ) ) ;
#7845 = CARTESIAN_POINT ( 'NONE',  ( 0.0000000000000000000, 0.0000000000000000000, -3.376256313292342400 ) ) ;
#7846 = VERTEX_POINT ( 'NONE', #7098 ) ;
#7847 = ORIENTED_EDGE ( 'NONE', *, *, #9386, .T. ) ;
#7848 = AXIS2_PLACEMENT_3D ( 'NONE', #3894, #9247, #852 ) ;
#7849 = LINE ( 'NONE', #6256, #3055 ) ;
#7850 = FACE_OUTER_BOUND ( 'NONE', #2175, .T. ) ;
#7851 = CARTESIAN_POINT ( 'NONE',  ( -8.658790293242614000, 1.925026537381866700, -3.469713030103804400 ) ) ;
#7852 = CARTESIAN_POINT ( 'NONE',  ( 6.746065712156391400, 5.315855484712227700, 3.099533293948748100 ) ) ;
#7853 = ORIENTED_EDGE ( 'NONE', *, *, #4711, .F. ) ;
#7854 = AXIS2_PLACEMENT_3D ( 'NONE', #8590, #4011, #6254 ) ;
#7855 = CARTESIAN_POINT ( 'NONE',  ( -3.681435046371154000, -7.759816887428941700, 3.099533293948748100 ) ) ;
#7856 = EDGE_CURVE ( 'NONE', #6401, #5766, #4295, .T. ) ;
#7857 = CARTESIAN_POINT ( 'NONE',  ( 3.814887624180119700, -8.036934020677275500, -3.452954079042413100 ) ) ;
#7858 = DIRECTION ( 'NONE',  ( -0.2225209339566548700, 0.9749279121817460100, 0.0000000000000000000 ) ) ;
#7859 = CARTESIAN_POINT ( 'NONE',  ( 7.103543054549956700, -5.600934152399576100, 3.094141646974374100 ) ) ;
#7860 = LINE ( 'NONE', #4024, #6306 ) ;
#7861 = CONICAL_SURFACE ( 'NONE', #8352, 8.869223585189136100, 0.6108652381980126400 ) ;
#7862 = DIRECTION ( 'NONE',  ( 1.000000000000000000, 0.0000000000000000000, 0.0000000000000000000 ) ) ;
#7863 = B_SPLINE_CURVE_WITH_KNOTS ( 'NONE', 3,
 ( #6393, #6531, #1100, #6454, #330, #8753, #4935 ),
 .UNSPECIFIED., .F., .F.,
 ( 4, 3, 4 ),
 ( 0.0008460917731560551200, 0.0009002598162382147600, 0.001280034707405371900 ),
 .UNSPECIFIED. ) ;
#7864 = VERTEX_POINT ( 'NONE', #6314 ) ;
#7865 = CARTESIAN_POINT ( 'NONE',  ( 3.820719386415864600, -8.049043799739521900, 3.429674227117769800 ) ) ;
#7866 = AXIS2_PLACEMENT_3D ( 'NONE', #8841, #5865, #5061 ) ;
#7867 = PLANE ( 'NONE',  #4441 ) ;
#7868 = DIRECTION ( 'NONE',  ( 1.000000000000000000, 0.0000000000000000000, 0.0000000000000000000 ) ) ;
#7869 = MANIFOLD_SOLID_BREP ( 'CirPattern1[4]', #3047 ) ;
#7870 = CARTESIAN_POINT ( 'NONE',  ( 0.0000000000000000000, 0.0000000000000000000, -3.094141646974374100 ) ) ;
#7872 = CARTESIAN_POINT ( 'NONE',  ( -8.656913187827497000, -2.027169786647196500, -3.459706444013471500 ) ) ;
#7871 = AXIS2_PLACEMENT_3D ( 'NONE', #5338, #5395, #6911 ) ;
#7873 = VERTEX_POINT ( 'NONE', #310 ) ;
#7874 = DIRECTION ( 'NONE',  ( 1.000000000000000000, 2.700062395888380200E-013, 0.0000000000000000000 ) ) ;
#7875 = CARTESIAN_POINT ( 'NONE',  ( -6.903311947890332900, 5.569159973981128600, -3.469985047562923700 ) ) ;
#7876 = CARTESIAN_POINT ( 'NONE',  ( 8.627120136385686400, 1.917798030746237700, -3.454996609771464800 ) ) ;
#7877 = ADVANCED_FACE ( 'NONE', ( #6460 ), #8616, .T. ) ;
#7878 = VERTEX_POINT ( 'NONE', #3315 ) ;
#7879 = B_SPLINE_CURVE_WITH_KNOTS ( 'NONE', 3,
 ( #6126, #844, #6997, #1612, #130, #5486, #1544 ),
 .UNSPECIFIED., .F., .F.,
 ( 4, 3, 4 ),
 ( 0.0005204849250710219400, 0.0009002598162381904700, 0.0009544278593203510800 ),
 .UNSPECIFIED. ) ;
#7880 = DIRECTION ( 'NONE',  ( 1.000000000000000000, 0.0000000000000000000, 0.0000000000000000000 ) ) ;
#7881 = VECTOR ( 'NONE', #278, 1000.000000000000000 ) ;
#7882 = CARTESIAN_POINT ( 'NONE',  ( -8.605626990655270700, 2.015464046816531700, 3.456075294419946400 ) ) ;
#7883 = DIRECTION ( 'NONE',  ( -0.6234898018588669300, 0.7818314824679233300, 0.0000000000000000000 ) ) ;
#7884 = ORIENTED_EDGE ( 'NONE', *, *, #9676, .T. ) ;
#7885 = CARTESIAN_POINT ( 'NONE',  ( 6.746065712156391400, 5.315855484712227700, 3.099533293948748100 ) ) ;
#7886 = EDGE_CURVE ( 'NONE', #9121, #47, #3583, .T. ) ;
#7887 = CARTESIAN_POINT ( 'NONE',  ( 6.746065712156355900, -5.315855484712272100, 3.099533293948748100 ) ) ;
#7888 = CARTESIAN_POINT ( 'NONE',  ( 8.679165281223101000, -1.929676995429131500, -3.459706444013471500 ) ) ;
#7889 = CIRCLE ( 'NONE', #7596, 8.837711872106121200 ) ;
#7890 = CARTESIAN_POINT ( 'NONE',  ( -8.830225396548316400, 1.964155480992796400, -3.094141646974374100 ) ) ;
#7891 = CARTESIAN_POINT ( 'NONE',  ( -8.659027583718769300, -2.027652383711656500, -3.457544059217933600 ) ) ;
#7892 = VERTEX_POINT ( 'NONE', #9214 ) ;
#7893 = DIRECTION ( 'NONE',  ( -1.000000000000000000, 6.217248937900876600E-015, 0.0000000000000000000 ) ) ;
#7894 = VECTOR ( 'NONE', #5419, 1000.000000000000000 ) ;
#7895 = AXIS2_PLACEMENT_3D ( 'NONE', #2174, #7503, #9796 ) ;
#7896 = CARTESIAN_POINT ( 'NONE',  ( -6.921748881363472000, -5.583862937798313600, 3.457544059217933600 ) ) ;
#7897 = DIRECTION ( 'NONE',  ( 0.0000000000000000000, 0.0000000000000000000, -1.000000000000000000 ) ) ;
#7898 = EDGE_LOOP ( 'NONE', ( #4957, #6755, #9139, #7966, #2507, #7776 ) ) ;
#7899 = AXIS2_PLACEMENT_3D ( 'NONE', #750, #3214, #8575 ) ;
#7900 = EDGE_CURVE ( 'NONE', #8507, #3268, #9124, .T. ) ;
#7901 = CIRCLE ( 'NONE', #4173, 8.601156667459632000 ) ;
#7902 = CARTESIAN_POINT ( 'NONE',  ( -8.679165281223088600, 1.929676995429188400, -3.459706444013471500 ) ) ;
#7903 = DIRECTION ( 'NONE',  ( 0.9749279121818212900, -0.2225209339563246600, -0.0000000000000000000 ) ) ;
#7904 = CARTESIAN_POINT ( 'NONE',  ( 6.883895907083541500, -5.425771397351178700, 3.351299362948741300 ) ) ;
#7905 = CARTESIAN_POINT ( 'NONE',  ( -8.624540184687427700, 2.019780859934247300, 3.469100694293998800 ) ) ;
#7906 = AXIS2_PLACEMENT_3D ( 'NONE', #5585, #2495, #7057 ) ;
#7907 = ORIENTED_EDGE ( 'NONE', *, *, #6021, .T. ) ;
#7908 = CARTESIAN_POINT ( 'NONE',  ( -3.806642800920306600, 8.019813468767457800, -3.468147503381453900 ) ) ;
#7909 = LINE ( 'NONE', #6645, #591 ) ;
#7910 = ORIENTED_EDGE ( 'NONE', *, *, #7294, .F. ) ;
#7911 = CARTESIAN_POINT ( 'NONE',  ( -8.684323662192918300, -1.930854362223786800, -3.452954079042413600 ) ) ;
#7912 = AXIS2_PLACEMENT_3D ( 'NONE', #7210, #4158, #4926 ) ;
#7913 = B_SPLINE_CURVE_WITH_KNOTS ( 'NONE', 3,
 ( #4299, #1278, #2059, #3571, #5079, #4400, #593, #8096, #5951, #492, #1333, #2721, #7362, #3512, #8854, #4269, #7414, #9631, #8927, #462, #1994, #8949, #2757, #5878, #1301 ),
 .UNSPECIFIED., .F., .F.,
 ( 4, 3, 3, 3, 3, 3, 3, 3, 4 ),
 ( 0.0001509499138714739900, 0.0001527764003826857500, 0.0001645282963311824300, 0.0001762803579144501500, 0.0001880325997012777900, 0.0001997849575937732100, 0.0002115373162334694300, 0.0002188290956692512000, 0.0002208042975641487600 ),
 .UNSPECIFIED. ) ;
#7914 = EDGE_CURVE ( 'NONE', #1599, #7837, #2987, .T. ) ;
#7915 = CARTESIAN_POINT ( 'NONE',  ( 0.0000000000000000000, 0.0000000000000000000, 3.099533293948747700 ) ) ;
#7916 = CARTESIAN_POINT ( 'NONE',  ( -3.896739687710715700, -7.976425094855621900, -3.468147503381453900 ) ) ;
#7917 = ORIENTED_EDGE ( 'NONE', *, *, #5541, .T. ) ;
#7918 = CARTESIAN_POINT ( 'NONE',  ( -3.681435046371154000, -7.759816887428941700, -3.099533293948748100 ) ) ;
#7919 = CIRCLE ( 'NONE', #1985, 9.621762239271875600 ) ;
#7920 = DIRECTION ( 'NONE',  ( -0.2225209339563050700, 0.9749279121818257300, 0.0000000000000000000 ) ) ;
#7921 = CARTESIAN_POINT ( 'NONE',  ( 0.0000000000000000000, 0.0000000000000000000, 1.224999999999999900 ) ) ;
#7922 = CIRCLE ( 'NONE', #7184, 8.588813778810038700 ) ;
#7923 = CARTESIAN_POINT ( 'NONE',  ( -8.627120136385698900, -1.917798030746181000, 3.454996609771464800 ) ) ;
#7924 = ORIENTED_EDGE ( 'NONE', *, *, #7379, .T. ) ;
#7925 = ORIENTED_EDGE ( 'NONE', *, *, #1787, .F. ) ;
#7926 = DIRECTION ( 'NONE',  ( 0.9009688679024249200, 0.4338837391175462400, 0.0000000000000000000 ) ) ;
#7927 = CIRCLE ( 'NONE', #3792, 8.837711872106121200 ) ;
#7928 = AXIS2_PLACEMENT_3D ( 'NONE', #982, #1747, #6566 ) ;
#7929 = ORIENTED_EDGE ( 'NONE', *, *, #6065, .F. ) ;
#7930 = ADVANCED_FACE ( 'NONE', ( #2383, #1314 ), #469, .F. ) ;
#7931 = CARTESIAN_POINT ( 'NONE',  ( 0.0000000000000000000, 0.0000000000000000000, 2.449999999999999700 ) ) ;
#7932 = LINE ( 'NONE', #4421, #8531 ) ;
#7933 = CARTESIAN_POINT ( 'NONE',  ( 8.392497227128144400, -1.966818569093089500, -3.143904910697431300 ) ) ;
#7934 = ORIENTED_EDGE ( 'NONE', *, *, #3224, .F. ) ;
#7935 = LINE ( 'NONE', #672, #9485 ) ;
#7936 = EDGE_LOOP ( 'NONE', ( #6508, #9076, #8552, #1367 ) ) ;
#7937 = ORIENTED_EDGE ( 'NONE', *, *, #8809, .F. ) ;
#7938 = B_SPLINE_CURVE_WITH_KNOTS ( 'NONE', 3,
 ( #1040, #8576, #6395, #2574, #3986, #4110, #9463 ),
 .UNSPECIFIED., .F., .F.,
 ( 4, 3, 4 ),
 ( 0.0009532733312319686400, 0.001225696219576461900, 0.001251962535739348000 ),
 .UNSPECIFIED. ) ;
#7939 = CARTESIAN_POINT ( 'NONE',  ( 6.968774760211240400, 5.493460023999301000, 3.469378817057675600 ) ) ;
#7940 = EDGE_LOOP ( 'NONE', ( #1092, #3176, #1015, #3161 ) ) ;
#7941 = CARTESIAN_POINT ( 'NONE',  ( 3.969916891359655000, 8.128379123974113400, 3.094141646974374100 ) ) ;
#7942 = B_SPLINE_CURVE_WITH_KNOTS ( 'NONE', 3,
 ( #7716, #7774, #6936, #4696, #8510, #6280, #8583 ),
 .UNSPECIFIED., .F., .F.,
 ( 4, 3, 4 ),
 ( 0.0009532733312319681000, 0.001225696219576462100, 0.001251962535739348800 ),
 .UNSPECIFIED. ) ;
#7943 = CARTESIAN_POINT ( 'NONE',  ( 0.0000000000000000000, 0.0000000000000000000, 3.454996609771464400 ) ) ;
#7944 = ORIENTED_EDGE ( 'NONE', *, *, #5993, .F. ) ;
#7945 = DIRECTION ( 'NONE',  ( 0.0000000000000000000, 0.0000000000000000000, 1.000000000000000000 ) ) ;
#7946 = FACE_OUTER_BOUND ( 'NONE', #5294, .T. ) ;
#7947 = ORIENTED_EDGE ( 'NONE', *, *, #6928, .T. ) ;
#7948 = CARTESIAN_POINT ( 'NONE',  ( -3.879820004569297400, 8.171767497885925400, 3.193750000000000100 ) ) ;
#7949 = ORIENTED_EDGE ( 'NONE', *, *, #5267, .F. ) ;
#7950 = EDGE_CURVE ( 'NONE', #3950, #3263, #5139, .T. ) ;
#7951 = ORIENTED_EDGE ( 'NONE', *, *, #7767, .T. ) ;
#7952 = ORIENTED_EDGE ( 'NONE', *, *, #467, .F. ) ;
#7953 = VERTEX_POINT ( 'NONE', #9599 ) ;
#7954 = CARTESIAN_POINT ( 'NONE',  ( 3.879820004569354700, -8.171767497885897000, 3.500000000000000000 ) ) ;
#7955 = CARTESIAN_POINT ( 'NONE',  ( 8.627491962581022000, -1.917882897648993700, -3.455541280135825400 ) ) ;
#7956 = ORIENTED_EDGE ( 'NONE', *, *, #641, .T. ) ;
#7957 = CIRCLE ( 'NONE', #8751, 11.00000000000000000 ) ;
#7958 = EDGE_LOOP ( 'NONE', ( #5694, #3435, #6218, #2497 ) ) ;
#7959 = CARTESIAN_POINT ( 'NONE',  ( 0.05000000000000001000, -9.045898922017695300, -3.193750000000000100 ) ) ;
#7960 = DIRECTION ( 'NONE',  ( -0.7071067811865504600, 8.659560562354967400E-017, 0.7071067811865445800 ) ) ;
#7961 = EDGE_CURVE ( 'NONE', #3539, #2184, #9940, .T. ) ;
#7962 = CARTESIAN_POINT ( 'NONE',  ( -3.814887624180063800, 8.036934020677302100, 3.452954079042414000 ) ) ;
#7963 = CARTESIAN_POINT ( 'NONE',  ( -3.818819942739364300, -8.045099564303399100, 3.437256629622304600 ) ) ;
#7964 = EDGE_LOOP ( 'NONE', ( #1258, #7689, #1854, #525 ) ) ;
#7965 = DIRECTION ( 'NONE',  ( 1.000000000000000000, 0.0000000000000000000, 0.0000000000000000000 ) ) ;
#7966 = ORIENTED_EDGE ( 'NONE', *, *, #7571, .F. ) ;
#7967 = AXIS2_PLACEMENT_3D ( 'NONE', #4249, #9665, #5826 ) ;
#7968 = ORIENTED_EDGE ( 'NONE', *, *, #2195, .F. ) ;
#7969 = EDGE_CURVE ( 'NONE', #7009, #4457, #2265, .T. ) ;
#7970 = VECTOR ( 'NONE', #5099, 1000.000000000000000 ) ;
#7971 = CIRCLE ( 'NONE', #1752, 8.588813778810038700 ) ;
#7972 = CARTESIAN_POINT ( 'NONE',  ( -8.808108021724400800, -2.061679020845665900, -3.094141646974374100 ) ) ;
#7973 = DIRECTION ( 'NONE',  ( -0.0000000000000000000, -0.0000000000000000000, 1.000000000000000000 ) ) ;
#7974 = CARTESIAN_POINT ( 'NONE',  ( -5.686989865158905900, 6.964553935150292200E-016, 2.758752104430781700 ) ) ;
#7975 = VERTEX_POINT ( 'NONE', #6435 ) ;
#7976 = AXIS2_PLACEMENT_3D ( 'NONE', #4929, #8089, #9584 ) ;
#7977 = CARTESIAN_POINT ( 'NONE',  ( -6.746065712156315000, 5.315855484712322700, -3.099533293948748100 ) ) ;
#7978 = LINE ( 'NONE', #9875, #6540 ) ;
#7979 = AXIS2_PLACEMENT_3D ( 'NONE', #3333, #5552, #1765 ) ;
#7980 = PLANE ( 'NONE',  #259 ) ;
#7981 = EDGE_CURVE ( 'NONE', #6859, #6728, #6584, .T. ) ;
#7982 = DIRECTION ( 'NONE',  ( 0.0000000000000000000, 0.0000000000000000000, 1.000000000000000000 ) ) ;
#7983 = ORIENTED_EDGE ( 'NONE', *, *, #3175, .T. ) ;
#7984 = CARTESIAN_POINT ( 'NONE',  ( -3.901242515216009300, -7.985775312515437800, 3.462633071500297100 ) ) ;
#7985 = ADVANCED_FACE ( 'NONE', ( #2499 ), #4904, .T. ) ;
#7986 = CARTESIAN_POINT ( 'NONE',  ( -3.879864310480461300, 7.941383012962196700, -3.456075294419946400 ) ) ;
#7987 = EDGE_CURVE ( 'NONE', #8771, #3351, #1562, .T. ) ;
#7988 = CARTESIAN_POINT ( 'NONE',  ( -6.953569300366319300, -5.481334074407181200, 3.467739038050325000 ) ) ;
#7989 = ORIENTED_EDGE ( 'NONE', *, *, #3653, .T. ) ;
#7990 = DIRECTION ( 'NONE',  ( 0.0000000000000000000, 0.0000000000000000000, -1.000000000000000000 ) ) ;
#7991 = CARTESIAN_POINT ( 'NONE',  ( 0.0000000000000000000, 0.0000000000000000000, -3.434921434499177600 ) ) ;
#7992 = CARTESIAN_POINT ( 'NONE',  ( -0.05000000000000001700, -8.896552580035715300, 3.452421434499180400 ) ) ;
#7993 = CARTESIAN_POINT ( 'NONE',  ( -7.041194074364041100, 5.679117300646431900, -3.193750000000000100 ) ) ;
#7994 = LINE ( 'NONE', #3346, #1536 ) ;
#7995 = DIRECTION ( 'NONE',  ( -0.4338837391175462400, 0.9009688679024249200, 0.0000000000000000000 ) ) ;
#7996 = CARTESIAN_POINT ( 'NONE',  ( -3.969916891359710500, -8.128379123974086800, 3.094141646974374100 ) ) ;
#7997 = CARTESIAN_POINT ( 'NONE',  ( -6.878316301899149100, 5.549226611465234000, -3.454996609771464800 ) ) ;
#7998 = CARTESIAN_POINT ( 'NONE',  ( -3.908916829529605500, -8.001711190391642200, 3.437256629622303700 ) ) ;
#7999 = DIRECTION ( 'NONE',  ( 1.000000000000000000, 0.0000000000000000000, 0.0000000000000000000 ) ) ;
#8000 = CARTESIAN_POINT ( 'NONE',  ( 0.05000000000000004400, -8.588668239434865000, 3.099533293948748100 ) ) ;
#8001 = ADVANCED_FACE ( 'NONE', ( #8136 ), #4066, .F. ) ;
#8002 = FACE_OUTER_BOUND ( 'NONE', #7898, .T. ) ;
#8003 = VERTEX_POINT ( 'NONE', #7977 ) ;
#8004 = CARTESIAN_POINT ( 'NONE',  ( 0.0000000000000000000, 0.0000000000000000000, -2.994533293948747700 ) ) ;
#8005 = EDGE_CURVE ( 'NONE', #2661, #409, #235, .T. ) ;
#8006 = AXIS2_PLACEMENT_3D ( 'NONE', #2870, #5864, #8275 ) ;
#8007 = DIRECTION ( 'NONE',  ( 1.000000000000000000, 0.0000000000000000000, 0.0000000000000000000 ) ) ;
#8008 = CARTESIAN_POINT ( 'NONE',  ( -0.05000000000000001000, 9.046037105128458900, 3.500000000000000400 ) ) ;
#8009 = CARTESIAN_POINT ( 'NONE',  ( 8.588813778810038700, 0.0000000000000000000, -3.064533293948747500 ) ) ;
#8010 = VECTOR ( 'NONE', #5377, 1000.000000000000000 ) ;
#8011 = EDGE_CURVE ( 'NONE', #6797, #4932, #3117, .T. ) ;
#8012 = DIRECTION ( 'NONE',  ( 1.000000000000000000, 0.0000000000000000000, 0.0000000000000000000 ) ) ;
#8013 = VERTEX_POINT ( 'NONE', #7292 ) ;
#8014 = DIRECTION ( 'NONE',  ( -0.9749279121818242900, -0.2225209339563114800, -0.0000000000000000000 ) ) ;
#8015 = AXIS2_PLACEMENT_3D ( 'NONE', #8220, #6698, #5868 ) ;
#8016 = VECTOR ( 'NONE', #761, 1000.000000000000000 ) ;
#8017 = CARTESIAN_POINT ( 'NONE',  ( 0.0000000000000000000, 0.0000000000000000000, 3.500000000000000000 ) ) ;
#8018 = CARTESIAN_POINT ( 'NONE',  ( -0.05000000000000001700, -8.955090244376902900, 3.351032822740167600 ) ) ;
#8019 = CARTESIAN_POINT ( 'NONE',  ( -3.805029243678463400, 8.016462882630175800, 3.469378817057675600 ) ) ;
#8020 = CARTESIAN_POINT ( 'NONE',  ( -3.848021920683262200, 7.875261609230313400, -3.351299362948741300 ) ) ;
#8021 = DIRECTION ( 'NONE',  ( -0.9009688679024217000, -0.4338837391175526200, 0.0000000000000000000 ) ) ;
#8022 = ORIENTED_EDGE ( 'NONE', *, *, #4749, .F. ) ;
#8023 = EDGE_CURVE ( 'NONE', #8210, #5558, #9454, .T. ) ;
#8024 = CYLINDRICAL_SURFACE ( 'NONE', #3282, 4.000000000000000000 ) ;
#8025 = ADVANCED_FACE ( 'NONE', ( #2019 ), #3335, .F. ) ;
#8026 = CARTESIAN_POINT ( 'NONE',  ( 0.05000000000000002400, 8.854075290523239200, 3.467739038050325000 ) ) ;
#8027 = CARTESIAN_POINT ( 'NONE',  ( 6.708008130675876800, -5.413410377005360100, 3.143904910697431300 ) ) ;
#8028 = CARTESIAN_POINT ( 'NONE',  ( -3.795166392148696200, -7.995982460396972700, -3.466570807216844900 ) ) ;
#8029 = CARTESIAN_POINT ( 'NONE',  ( -8.362206348396735900, 1.959904873689159300, -3.099533293948748100 ) ) ;
#8030 = EDGE_CURVE ( 'NONE', #7337, #894, #9682, .T. ) ;
#8031 = ORIENTED_EDGE ( 'NONE', *, *, #6498, .T. ) ;
#8032 = LINE ( 'NONE', #1305, #7552 ) ;
#8033 = ORIENTED_EDGE ( 'NONE', *, *, #3298, .T. ) ;
#8034 = VERTEX_POINT ( 'NONE', #8128 ) ;
#8035 = DIRECTION ( 'NONE',  ( -0.6234898018587267100, 0.7818314824680352400, 0.0000000000000000000 ) ) ;
#8036 = CARTESIAN_POINT ( 'NONE',  ( 3.813676398998189700, -8.034418885670930900, -3.457279025203407600 ) ) ;
#8037 = VECTOR ( 'NONE', #7253, 1000.000000000000000 ) ;
#8038 = CARTESIAN_POINT ( 'NONE',  ( 0.0000000000000000000, 0.0000000000000000000, 3.376256313292342400 ) ) ;
#8039 = CARTESIAN_POINT ( 'NONE',  ( 0.0000000000000000000, 0.0000000000000000000, -3.500000000000000400 ) ) ;
#8040 = ORIENTED_EDGE ( 'NONE', *, *, #2364, .F. ) ;
#8041 = FACE_OUTER_BOUND ( 'NONE', #2269, .T. ) ;
#8042 = AXIS2_PLACEMENT_3D ( 'NONE', #4739, #1658, #7065 ) ;
#8043 = FACE_OUTER_BOUND ( 'NONE', #1380, .T. ) ;
#8044 = ORIENTED_EDGE ( 'NONE', *, *, #7326, .T. ) ;
#8045 = ADVANCED_FACE ( 'NONE', ( #7665 ), #8843, .F. ) ;
#8046 = CARTESIAN_POINT ( 'NONE',  ( -3.882393204681587200, 7.946634315880501700, -3.462372291138045900 ) ) ;
#8047 = CARTESIAN_POINT ( 'NONE',  ( -3.880042983354477800, -7.941754031007652000, -3.456597352396201500 ) ) ;
#8048 = ORIENTED_EDGE ( 'NONE', *, *, #4009, .F. ) ;
#8049 = VERTEX_POINT ( 'NONE', #6685 ) ;
#8050 = CARTESIAN_POINT ( 'NONE',  ( -6.986538948051034500, -5.507626491076568900, -3.452954079042414000 ) ) ;
#8051 = CARTESIAN_POINT ( 'NONE',  ( 8.605626990655284900, -2.015464046816475300, 3.456075294419946900 ) ) ;
#8052 = CARTESIAN_POINT ( 'NONE',  ( -0.05000000000000002400, -8.865624258063290200, 3.469915996672631000 ) ) ;
#8053 = ORIENTED_EDGE ( 'NONE', *, *, #2554, .T. ) ;
#8054 = DIRECTION ( 'NONE',  ( -0.0000000000000000000, -0.0000000000000000000, 1.000000000000000000 ) ) ;
#8055 = ORIENTED_EDGE ( 'NONE', *, *, #313, .F. ) ;
#8056 = DIRECTION ( 'NONE',  ( -0.0000000000000000000, -0.0000000000000000000, 1.000000000000000000 ) ) ;
#8057 = VECTOR ( 'NONE', #7500, 1000.000000000000000 ) ;
#8058 = ORIENTED_EDGE ( 'NONE', *, *, #5788, .F. ) ;
#8059 = ORIENTED_EDGE ( 'NONE', *, *, #1057, .F. ) ;
#8060 = CARTESIAN_POINT ( 'NONE',  ( 8.604868042990039700, -2.015290821964479800, -3.454996609771464800 ) ) ;
#8061 = CARTESIAN_POINT ( 'NONE',  ( 3.803524205968448900, 8.013337639622395900, 3.469713030103804400 ) ) ;
#8062 = ORIENTED_EDGE ( 'NONE', *, *, #4517, .F. ) ;
#8063 = PLANE ( 'NONE',  #6505 ) ;
#8064 = ORIENTED_EDGE ( 'NONE', *, *, #6628, .F. ) ;
#8065 = CARTESIAN_POINT ( 'NONE',  ( 6.927853081768522400, 5.588730875181825700, 3.444839032082839000 ) ) ;
#8066 = CARTESIAN_POINT ( 'NONE',  ( -3.860119801968602300, 8.130859605668769400, -3.272391413630714800 ) ) ;
#8067 = ORIENTED_EDGE ( 'NONE', *, *, #743, .T. ) ;
#8068 = FACE_OUTER_BOUND ( 'NONE', #6162, .T. ) ;
#8069 = ORIENTED_EDGE ( 'NONE', *, *, #4765, .F. ) ;
#8070 = DIRECTION ( 'NONE',  ( 0.0000000000000000000, 0.0000000000000000000, -1.000000000000000000 ) ) ;
#8071 = CARTESIAN_POINT ( 'NONE',  ( 0.0000000000000000000, 5.049999999999998900, -1.592040838891560100E-016 ) ) ;
#8072 = EDGE_LOOP ( 'NONE', ( #7473, #7225, #4093, #7449, #6175, #7884 ) ) ;
#8073 = EDGE_CURVE ( 'NONE', #2285, #2123, #4058, .T. ) ;
#8074 = VERTEX_POINT ( 'NONE', #5957 ) ;
#8075 = DIRECTION ( 'NONE',  ( 1.000000000000000000, 0.0000000000000000000, 0.0000000000000000000 ) ) ;
#8076 = ORIENTED_EDGE ( 'NONE', *, *, #5841, .T. ) ;
#8077 = DIRECTION ( 'NONE',  ( -0.2225209339563245500, -0.9749279121818212900, 0.0000000000000000000 ) ) ;
#8078 = FACE_OUTER_BOUND ( 'NONE', #8546, .T. ) ;
#8079 = FACE_OUTER_BOUND ( 'NONE', #9107, .T. ) ;
#8080 = ADVANCED_FACE ( 'NONE', ( #5616 ), #5180, .T. ) ;
#8081 = ORIENTED_EDGE ( 'NONE', *, *, #8484, .F. ) ;
#8082 = CARTESIAN_POINT ( 'NONE',  ( 8.382400267963348000, 1.964514004052479300, -3.129114371485063100 ) ) ;
#8084 = DIRECTION ( 'NONE',  ( 0.0000000000000000000, 0.0000000000000000000, 1.000000000000000000 ) ) ;
#8083 = CARTESIAN_POINT ( 'NONE',  ( -6.944136749132249000, -5.473811865808739800, 3.460296783607140100 ) ) ;
#8085 = CARTESIAN_POINT ( 'NONE',  ( -6.986287445380088300, -5.507425924389257200, -3.453478796700601500 ) ) ;
#8086 = CARTESIAN_POINT ( 'NONE',  ( 6.915312180062955800, 5.578729839799044600, 3.464797546056691800 ) ) ;
#8087 = EDGE_CURVE ( 'NONE', #5641, #7026, #6743, .T. ) ;
#8088 = CARTESIAN_POINT ( 'NONE',  ( -0.05000000000000002400, -8.838760696031124900, 3.456597352396201500 ) ) ;
#8089 = DIRECTION ( 'NONE',  ( 0.0000000000000000000, 0.0000000000000000000, -1.000000000000000000 ) ) ;
#8090 = ORIENTED_EDGE ( 'NONE', *, *, #7301, .T. ) ;
#8091 = CARTESIAN_POINT ( 'NONE',  ( -6.891558407276748200, -5.559786838116406400, -3.468127985775450100 ) ) ;
#8092 = ORIENTED_EDGE ( 'NONE', *, *, #7501, .F. ) ;
#8093 = AXIS2_PLACEMENT_3D ( 'NONE', #7943, #4174, #3344 ) ;
#8094 = EDGE_CURVE ( 'NONE', #6140, #2240, #9894, .T. ) ;
#8095 = CARTESIAN_POINT ( 'NONE',  ( -0.05000000000000003100, 8.764959675655999800, -3.351299362948741300 ) ) ;
#8096 = CARTESIAN_POINT ( 'NONE',  ( 6.915022174933617400, -5.578498568425834100, -3.465025888964337500 ) ) ;
#8097 = CARTESIAN_POINT ( 'NONE',  ( -3.815021055286796700, -8.037211093224973600, -3.452421434499180400 ) ) ;
#8098 = DIRECTION ( 'NONE',  ( -0.0000000000000000000, -0.0000000000000000000, 1.000000000000000000 ) ) ;
#8099 = ADVANCED_FACE ( 'NONE', ( #9798 ), #3825, .F. ) ;
#8100 = ORIENTED_EDGE ( 'NONE', *, *, #3936, .F. ) ;
#8101 = AXIS2_PLACEMENT_3D ( 'NONE', #3906, #2250, #4004 ) ;
#8102 = DIRECTION ( 'NONE',  ( 0.0000000000000000000, 0.0000000000000000000, -1.000000000000000000 ) ) ;
#8103 = CARTESIAN_POINT ( 'NONE',  ( 8.372303308387707000, 1.962209438918158400, 3.114323832567764200 ) ) ;
#8104 = AXIS2_PLACEMENT_3D ( 'NONE', #9223, #8468, #9926 ) ;
#8105 = APPROVAL_PERSON_ORGANIZATION ( #5105, #1880, #3929 ) ;
#8106 = EDGE_CURVE ( 'NONE', #8919, #7846, #6104, .T. ) ;
#8107 = CARTESIAN_POINT ( 'NONE',  ( -3.910816273206050700, 8.005655425827795200, -3.429674227117770700 ) ) ;
#8108 = CARTESIAN_POINT ( 'NONE',  ( 0.05000000000000002400, 8.838348897068080100, -3.456075294419946400 ) ) ;
#8109 = CARTESIAN_POINT ( 'NONE',  ( -3.969916891359710500, -8.128379123974086800, -3.094141646974374100 ) ) ;
#8110 = EDGE_LOOP ( 'NONE', ( #7357, #6399, #792, #522, #2223, #620 ) ) ;
#8111 = CARTESIAN_POINT ( 'NONE',  ( -0.05000000000000001700, 8.955090244376902900, -3.351032822740168400 ) ) ;
#8112 = EDGE_CURVE ( 'NONE', #9840, #2072, #1066, .T. ) ;
#8114 = CARTESIAN_POINT ( 'NONE',  ( 0.0000000000000000000, 0.0000000000000000000, -3.094141646974374100 ) ) ;
#8113 = CARTESIAN_POINT ( 'NONE',  ( -6.956441114856384700, -5.483624270040814400, 3.469100694293998800 ) ) ;
#8115 = DIRECTION ( 'NONE',  ( -0.0000000000000000000, -0.0000000000000000000, 1.000000000000000000 ) ) ;
#8116 = CARTESIAN_POINT ( 'NONE',  ( 6.924430402411174700, 5.586001379475661100, 3.452421434499180400 ) ) ;
#8117 = ORIENTED_EDGE ( 'NONE', *, *, #8600, .F. ) ;
#8118 = DIRECTION ( 'NONE',  ( 0.9009688679024187000, -0.4338837391175590600, 0.0000000000000000000 ) ) ;
#8119 = CARTESIAN_POINT ( 'NONE',  ( 6.924189967865086900, -5.585809639323464600, 3.452954079042413600 ) ) ;
#8120 = CYLINDRICAL_SURFACE ( 'NONE', #8299, 8.737285000697680100 ) ;
#8121 = DIRECTION ( 'NONE',  ( 0.0000000000000000000, 0.0000000000000000000, -1.000000000000000000 ) ) ;
#8122 = ADVANCED_FACE ( 'NONE', ( #7537 ), #6813, .F. ) ;
#8123 = DIRECTION ( 'NONE',  ( 0.6234898018587320400, -0.7818314824680310200, 0.0000000000000000000 ) ) ;
#8124 = CARTESIAN_POINT ( 'NONE',  ( 0.0000000000000000000, 0.0000000000000000000, 1.225000000000002100 ) ) ;
#8125 = CARTESIAN_POINT ( 'NONE',  ( -7.005695535894966900, -5.650808160872883500, -3.272391413630715700 ) ) ;
#8126 = VERTEX_POINT ( 'NONE', #9869 ) ;
#8127 = LINE ( 'NONE', #1094, #2725 ) ;
#8128 = CARTESIAN_POINT ( 'NONE',  ( -0.05000000000000004400, 8.588668239434865000, -3.099533293948748100 ) ) ;
#8129 = CARTESIAN_POINT ( 'NONE',  ( 6.699910998104770400, 5.406953129253576400, -3.129114371485063100 ) ) ;
#8130 = EDGE_CURVE ( 'NONE', #1577, #1368, #3804, .T. ) ;
#8131 = CARTESIAN_POINT ( 'NONE',  ( -8.636228808187237100, -1.919877025645243800, 3.464362763198132600 ) ) ;
#8132 = CARTESIAN_POINT ( 'NONE',  ( 0.05000000000000002400, 8.880961487660952600, -3.466916208273112900 ) ) ;
#8133 = ORIENTED_EDGE ( 'NONE', *, *, #4091, .T. ) ;
#8134 = PLANE ( 'NONE',  #1865 ) ;
#8135 = CARTESIAN_POINT ( 'NONE',  ( 3.811145628425655700, -8.029163686427248000, 3.462633071500297100 ) ) ;
#8136 = FACE_OUTER_BOUND ( 'NONE', #8572, .T. ) ;
#8137 = EDGE_CURVE ( 'NONE', #56, #337, #2257, .T. ) ;
#8138 = ADVANCED_FACE ( 'NONE', ( #9930 ), #3818, .T. ) ;
#8139 = CARTESIAN_POINT ( 'NONE',  ( 6.746065712156355900, -5.315855484712272100, 3.094141646974374100 ) ) ;
#8140 = CARTESIAN_POINT ( 'NONE',  ( 8.807973303152696300, -2.061648272210920800, -3.193750000000000100 ) ) ;
#8141 = ORIENTED_EDGE ( 'NONE', *, *, #860, .T. ) ;
#8142 = AXIS2_PLACEMENT_3D ( 'NONE', #7544, #9115, #9157 ) ;
#8143 = CARTESIAN_POINT ( 'NONE',  ( 0.0000000000000000000, 0.0000000000000000000, 3.193750000000000500 ) ) ;
#8144 = EDGE_CURVE ( 'NONE', #5558, #8210, #8954, .T. ) ;
#8145 = CARTESIAN_POINT ( 'NONE',  ( -6.986779382597083200, -5.507818231228810600, -3.452421434499180400 ) ) ;
#8146 = CARTESIAN_POINT ( 'NONE',  ( -9.046037105128458900, 1.107820038576375800E-015, 3.193750000000000500 ) ) ;
#8147 = VECTOR ( 'NONE', #776, 1000.000000000000000 ) ;
#8148 = CARTESIAN_POINT ( 'NONE',  ( 8.588813778810038700, 0.0000000000000000000, 3.500000000000000000 ) ) ;
#8149 = EDGE_LOOP ( 'NONE', ( #2033, #9462, #1429, #5874, #2566, #2659 ) ) ;
#8150 = CARTESIAN_POINT ( 'NONE',  ( -8.697427512990328700, 1.933845230657861300, 3.429674227117770700 ) ) ;
#8151 = CARTESIAN_POINT ( 'NONE',  ( 8.394555401783325300, -1.864716647700033600, -3.114323832567764200 ) ) ;
#8152 = AXIS2_PLACEMENT_3D ( 'NONE', #4201, #7322, #4940 ) ;
#8153 = ORIENTED_EDGE ( 'NONE', *, *, #8197, .F. ) ;
#8154 = FACE_OUTER_BOUND ( 'NONE', #368, .T. ) ;
#8155 = DIRECTION ( 'NONE',  ( 0.9749279121818257300, 0.2225209339563049800, 0.0000000000000000000 ) ) ;
#8156 = VECTOR ( 'NONE', #1181, 1000.000000000000000 ) ;
#8157 = VERTEX_POINT ( 'NONE', #5382 ) ;
#8158 = DIRECTION ( 'NONE',  ( -0.0000000000000000000, -0.0000000000000000000, 1.000000000000000000 ) ) ;
#8159 = DIRECTION ( 'NONE',  ( 0.0000000000000000000, 0.0000000000000000000, 1.000000000000000000 ) ) ;
#8160 = AXIS2_PLACEMENT_3D ( 'NONE', #3793, #4419, #9047 ) ;
#8161 = ORIENTED_EDGE ( 'NONE', *, *, #9316, .T. ) ;
#8162 = EDGE_CURVE ( 'NONE', #1131, #6497, #4573, .T. ) ;
#8163 = LINE ( 'NONE', #6329, #374 ) ;
#8164 = CARTESIAN_POINT ( 'NONE',  ( 0.0000000000000000000, 0.0000000000000000000, -3.500000000000000400 ) ) ;
#8165 = ORIENTED_EDGE ( 'NONE', *, *, #9724, .F. ) ;
#8166 = CARTESIAN_POINT ( 'NONE',  ( -6.683716731970554800, -5.394038632958984000, -3.500000000000000000 ) ) ;
#8167 = FACE_OUTER_BOUND ( 'NONE', #3968, .T. ) ;
#8168 = CARTESIAN_POINT ( 'NONE',  ( 8.675175419594708600, -2.031338021875986200, 3.429674227117769800 ) ) ;
#8169 = EDGE_LOOP ( 'NONE', ( #6730, #270, #1904, #502 ) ) ;
#8170 = CARTESIAN_POINT ( 'NONE',  ( 0.05000000000000002400, 8.843897948390175400, -3.461862008941933000 ) ) ;
#8171 = AXIS2_PLACEMENT_3D ( 'NONE', #383, #5699, #8014 ) ;
#8172 = FACE_OUTER_BOUND ( 'NONE', #2190, .T. ) ;
#8173 = CARTESIAN_POINT ( 'NONE',  ( -8.785959443115489300, -1.954052065983909800, -3.272391413630715300 ) ) ;
#8174 = ORIENTED_EDGE ( 'NONE', *, *, #7235, .T. ) ;
#8175 = DIRECTION ( 'NONE',  ( 0.9749279121818212900, -0.2225209339563245500, 0.0000000000000000000 ) ) ;
#8176 = VERTEX_POINT ( 'NONE', #4627 ) ;
#8177 = ADVANCED_FACE ( 'NONE', ( #9343 ), #3702, .T. ) ;
#8178 = AXIS2_PLACEMENT_3D ( 'NONE', #1116, #2702, #7982 ) ;
#8179 = VERTEX_POINT ( 'NONE', #4519 ) ;
#8180 = CARTESIAN_POINT ( 'NONE',  ( -6.683716731970441100, 5.394038632959125200, -3.094141646974374100 ) ) ;
#8181 = CARTESIAN_POINT ( 'NONE',  ( 6.986287445380051900, 5.507425924389303300, -3.453478796700601500 ) ) ;
#8182 = ORIENTED_EDGE ( 'NONE', *, *, #2621, .F. ) ;
#8183 = FACE_OUTER_BOUND ( 'NONE', #9385, .T. ) ;
#8184 = EDGE_LOOP ( 'NONE', ( #3576, #1944, #2432, #7697 ) ) ;
#8185 = CARTESIAN_POINT ( 'NONE',  ( 8.607508921307905700, -2.015893585207191300, 3.458522467003439300 ) ) ;
#8186 = EDGE_LOOP ( 'NONE', ( #4352, #2490 ) ) ;
#8187 = EDGE_LOOP ( 'NONE', ( #4752, #647, #5663, #5186 ) ) ;
#8188 = DIRECTION ( 'NONE',  ( 6.776263578034443400E-017, -1.000000000000000000, 0.0000000000000000000 ) ) ;
#8189 = EDGE_LOOP ( 'NONE', ( #1205, #8092, #7820, #867 ) ) ;
#8190 = ORIENTED_EDGE ( 'NONE', *, *, #8600, .T. ) ;
#8191 = CARTESIAN_POINT ( 'NONE',  ( -6.943492677353385800, 5.473298235704803900, -3.459673052288552200 ) ) ;
#8192 = FACE_OUTER_BOUND ( 'NONE', #1361, .T. ) ;
#8193 = ORIENTED_EDGE ( 'NONE', *, *, #8011, .F. ) ;
#8194 = CARTESIAN_POINT ( 'NONE',  ( -5.378237760728125300, 6.586441658729127800E-016, -2.758752104430781200 ) ) ;
#8195 = CARTESIAN_POINT ( 'NONE',  ( 0.0000000000000000000, 0.0000000000000000000, -3.094141646974374100 ) ) ;
#8196 = DIRECTION ( 'NONE',  ( 0.0000000000000000000, 0.0000000000000000000, -1.000000000000000000 ) ) ;
#8197 = EDGE_CURVE ( 'NONE', #5391, #5456, #5978, .T. ) ;
#8198 = ORIENTED_EDGE ( 'NONE', *, *, #1640, .T. ) ;
#8199 = CARTESIAN_POINT ( 'NONE',  ( -6.762259978290567900, 5.328769981006868900, -3.129114371485063100 ) ) ;
#8200 = ADVANCED_FACE ( 'NONE', ( #5128 ), #6860, .T. ) ;
#8201 = AXIS2_PLACEMENT_3D ( 'NONE', #5496, #5527, #6186 ) ;
#8202 = ORIENTED_EDGE ( 'NONE', *, *, #4033, .T. ) ;
#8203 = ORIENTED_EDGE ( 'NONE', *, *, #4149, .F. ) ;
#8204 = DIRECTION ( 'NONE',  ( -1.000000000000000000, 0.0000000000000000000, 0.0000000000000000000 ) ) ;
#8205 = DIRECTION ( 'NONE',  ( 0.0000000000000000000, 0.0000000000000000000, -1.000000000000000000 ) ) ;
#8206 = VECTOR ( 'NONE', #1514, 1000.000000000000000 ) ;
#8207 = TOROIDAL_SURFACE ( 'NONE', #4050, 7.500000000000000000, 2.450000000000000200 ) ;
#8208 = EDGE_CURVE ( 'NONE', #5908, #9149, #3106, .T. ) ;
#8209 = DIRECTION ( 'NONE',  ( 0.0000000000000000000, 0.0000000000000000000, 1.000000000000000000 ) ) ;
#8210 = VERTEX_POINT ( 'NONE', #6303 ) ;
#8211 = CARTESIAN_POINT ( 'NONE',  ( -3.789946096564069200, 7.985142404919487900, -3.456597352396201500 ) ) ;
#8212 = AXIS2_PLACEMENT_3D ( 'NONE', #5547, #4869, #6421 ) ;
#8213 = CIRCLE ( 'NONE', #1050, 8.896693082788692300 ) ;
#8214 = CARTESIAN_POINT ( 'NONE',  ( 3.793731355337943300, 7.993002575754713800, -3.464471549642479200 ) ) ;
#8216 = CARTESIAN_POINT ( 'NONE',  ( 9.621762239271875600, 0.0000000000000000000, 1.224999999999999900 ) ) ;
#8215 = CARTESIAN_POINT ( 'NONE',  ( 8.662371385772212700, -2.028415584710130800, -3.452421434499180400 ) ) ;
#8217 = EDGE_LOOP ( 'NONE', ( #7603, #3500, #8059, #7016 ) ) ;
#8218 = CARTESIAN_POINT ( 'NONE',  ( -8.463287518778900100, -1.982975991212429800, 3.247602129575368300 ) ) ;
#8219 = AXIS2_PLACEMENT_3D ( 'NONE', #6866, #1551, #2307 ) ;
#8220 = CARTESIAN_POINT ( 'NONE',  ( 3.254128043381644600, -6.757266509268164100, -3.092233167847068000E-016 ) ) ;
#8221 = DIRECTION ( 'NONE',  ( -0.0000000000000000000, -0.0000000000000000000, -1.000000000000000000 ) ) ;
#8222 = AXIS2_PLACEMENT_3D ( 'NONE', #9341, #6230, #9314 ) ;
#8223 = EDGE_CURVE ( 'NONE', #8692, #6164, #3102, .T. ) ;
#8224 = ORIENTED_EDGE ( 'NONE', *, *, #1450, .F. ) ;
#8225 = ADVANCED_FACE ( 'NONE', ( #1898 ), #847, .T. ) ;
#8226 = CARTESIAN_POINT ( 'NONE',  ( -6.966062775967472500, 5.491297288733989900, 3.469713030103804400 ) ) ;
#8227 = CARTESIAN_POINT ( 'NONE',  ( 0.0000000000000000000, 0.0000000000000000000, 3.454996609771464400 ) ) ;
#8228 = DIRECTION ( 'NONE',  ( 0.0000000000000000000, 0.0000000000000000000, 1.000000000000000000 ) ) ;
#8229 = CARTESIAN_POINT ( 'NONE',  ( -8.534077790247341300, 1.999133408725588300, 3.351299362948740900 ) ) ;
#8230 = COORDINATED_UNIVERSAL_TIME_OFFSET ( 6, 0, .BEHIND. ) ;
#8231 = AXIS2_PLACEMENT_3D ( 'NONE', #1393, #6099, #6725 ) ;
#8232 = DIRECTION ( 'NONE',  ( 1.000000000000000000, 0.0000000000000000000, 0.0000000000000000000 ) ) ;
#8233 = CARTESIAN_POINT ( 'NONE',  ( 6.912549729401319200, 5.576526858908288800, -3.466489319800472900 ) ) ;
#8234 = CARTESIAN_POINT ( 'NONE',  ( -0.05000000000000003700, -8.609381483269881800, 3.129114371485063600 ) ) ;
#8235 = AXIS2_PLACEMENT_3D ( 'NONE', #8560, #907, #2421 ) ;
#8236 = DIRECTION ( 'NONE',  ( 1.000000000000000000, 2.700062395888380200E-013, 0.0000000000000000000 ) ) ;
#8237 = EDGE_CURVE ( 'NONE', #8565, #1263, #20, .T. ) ;
#8238 = CARTESIAN_POINT ( 'NONE',  ( 8.633289009070969300, 1.919206035680997000, 3.461862008941933000 ) ) ;
#8239 = FACE_BOUND ( 'NONE', #5637, .T. ) ;
#8240 = DIRECTION ( 'NONE',  ( 0.0000000000000000000, 0.0000000000000000000, -1.000000000000000000 ) ) ;
#8241 = ORIENTED_EDGE ( 'NONE', *, *, #6754, .T. ) ;
#8242 = DIRECTION ( 'NONE',  ( -0.0000000000000000000, -0.0000000000000000000, 1.000000000000000000 ) ) ;
#8243 = DIRECTION ( 'NONE',  ( 1.000000000000000000, 0.0000000000000000000, 0.0000000000000000000 ) ) ;
#8244 = FACE_BOUND ( 'NONE', #9735, .T. ) ;
#8245 = DIRECTION ( 'NONE',  ( 0.0000000000000000000, 0.0000000000000000000, -1.000000000000000000 ) ) ;
#8246 = EDGE_CURVE ( 'NONE', #8034, #3011, #7291, .T. ) ;
#8247 = AXIS2_PLACEMENT_3D ( 'NONE', #3578, #7329, #1180 ) ;
#8248 = DIRECTION ( 'NONE',  ( -0.0000000000000000000, -0.0000000000000000000, 1.000000000000000000 ) ) ;
#8249 = EDGE_LOOP ( 'NONE', ( #9451, #1931, #5879, #3023 ) ) ;
#8250 = DIRECTION ( 'NONE',  ( 0.9749279121818257300, 0.2225209339563049800, -0.0000000000000000000 ) ) ;
#8251 = LINE ( 'NONE', #1588, #7172 ) ;
#8252 = CARTESIAN_POINT ( 'NONE',  ( -6.963018244171545100, 5.488869355645132200, 3.470139885832122400 ) ) ;
#8253 = CARTESIAN_POINT ( 'NONE',  ( 6.986779382597046800, 5.507818231228858600, -3.452421434499180400 ) ) ;
#8254 = CARTESIAN_POINT ( 'NONE',  ( -8.669808522246107400, 1.927541376251250800, 3.466489319800472900 ) ) ;
#8255 = DIRECTION ( 'NONE',  ( -0.0000000000000000000, -0.0000000000000000000, 1.000000000000000000 ) ) ;
#8256 = EDGE_CURVE ( 'NONE', #2207, #6724, #1434, .T. ) ;
#8257 = CARTESIAN_POINT ( 'NONE',  ( 3.891698646094956100, 7.965957264079625200, -3.469915996672631000 ) ) ;
#8258 = ORIENTED_EDGE ( 'NONE', *, *, #3841, .F. ) ;
#8259 = CARTESIAN_POINT ( 'NONE',  ( -6.940665282085137600, -5.471043463218286700, 3.454996609771464800 ) ) ;
#8260 = CARTESIAN_POINT ( 'NONE',  ( 0.0000000000000000000, 0.0000000000000000000, -3.452421434499180400 ) ) ;
#8261 = VECTOR ( 'NONE', #8612, 1000.000000000000000 ) ;
#8262 = EDGE_CURVE ( 'NONE', #6589, #7190, #4780, .T. ) ;
#8263 = CARTESIAN_POINT ( 'NONE',  ( -7.041194074364160100, -5.679117300646283600, 3.193750000000000100 ) ) ;
#8264 = CARTESIAN_POINT ( 'NONE',  ( -3.903629810165064400, 7.990732581557509200, 3.457544059217933600 ) ) ;
#8265 = CARTESIAN_POINT ( 'NONE',  ( 6.924430402411135600, -5.586001379475708200, -3.452421434499180400 ) ) ;
#8266 = CARTESIAN_POINT ( 'NONE',  ( 7.311959341363669700, -1.668907004672386600, -3.092233167847068000E-016 ) ) ;
#8267 = ORIENTED_EDGE ( 'NONE', *, *, #2861, .T. ) ;
#8268 = DIRECTION ( 'NONE',  ( 1.000000000000000000, 0.0000000000000000000, 0.0000000000000000000 ) ) ;
#8269 = ADVANCED_FACE ( 'NONE', ( #6933 ), #3458, .F. ) ;
#8270 = CIRCLE ( 'NONE', #1423, 8.588813778810038700 ) ;
#8271 = EDGE_CURVE ( 'NONE', #7837, #1599, #8379, .T. ) ;
#8272 = CYLINDRICAL_SURFACE ( 'NONE', #3222, 5.686989865158905900 ) ;
#8273 = VERTEX_POINT ( 'NONE', #3147 ) ;
#8274 = DIRECTION ( 'NONE',  ( 1.000000000000000000, 0.0000000000000000000, 0.0000000000000000000 ) ) ;
#8275 = DIRECTION ( 'NONE',  ( 1.000000000000000000, 0.0000000000000000000, 0.0000000000000000000 ) ) ;
#8276 = ORIENTED_EDGE ( 'NONE', *, *, #5898, .T. ) ;
#8277 = LINE ( 'NONE', #6904, #3016 ) ;
#8278 = AXIS2_PLACEMENT_3D ( 'NONE', #3725, #4531, #1461 ) ;
#8279 = DIRECTION ( 'NONE',  ( 0.0000000000000000000, 0.0000000000000000000, -1.000000000000000000 ) ) ;
#8280 = EDGE_CURVE ( 'NONE', #2080, #5456, #468, .T. ) ;
#8281 = DIRECTION ( 'NONE',  ( 0.6234898018587431400, 0.7818314824680221400, 0.0000000000000000000 ) ) ;
#8282 = CARTESIAN_POINT ( 'NONE',  ( -3.694915755622327300, 7.787809868630389200, 3.143904910697431300 ) ) ;
#8283 = ORIENTED_EDGE ( 'NONE', *, *, #7395, .T. ) ;
#8284 = CIRCLE ( 'NONE', #6239, 9.046037105128458900 ) ;
#8285 = MANIFOLD_SOLID_BREP ( 'CirPattern1[2]', #5359 ) ;
#8286 = VECTOR ( 'NONE', #1748, 1000.000000000000000 ) ;
#8287 = ORIENTED_EDGE ( 'NONE', *, *, #9362, .F. ) ;
#8288 = DIRECTION ( 'NONE',  ( 1.000000000000000000, 0.0000000000000000000, 0.0000000000000000000 ) ) ;
#8289 = VECTOR ( 'NONE', #6775, 1000.000000000000000 ) ;
#8290 = ORIENTED_EDGE ( 'NONE', *, *, #4131, .F. ) ;
#8291 = B_SPLINE_CURVE_WITH_KNOTS ( 'NONE', 3,
 ( #1151, #597, #6787, #5144, #1412, #4405, #5956, #9031, #682, #5244, #8304, #2209, #8257, #2855, #571, #3708, #4486, #4342, #6024, #6683, #7528, #1385, #539, #4381, #3683 ),
 .UNSPECIFIED., .F., .F.,
 ( 4, 3, 3, 3, 3, 3, 3, 3, 4 ),
 ( 0.0001509499138714766400, 0.0001527764003826878400, 0.0001645282963311853900, 0.0001762803579144525400, 0.0001880325997012803100, 0.0001997849575937755900, 0.0002115373162334731700, 0.0002188290956692535000, 0.0002208042975641503300 ),
 .UNSPECIFIED. ) ;
#8292 = CARTESIAN_POINT ( 'NONE',  ( -8.927852906338214800, -1.986438323023114000, -3.500000000000000400 ) ) ;
#8293 = LINE ( 'NONE', #1154, #5172 ) ;
#8294 = CARTESIAN_POINT ( 'NONE',  ( -8.362206348396735900, 1.959904873689159300, -3.099533293948748100 ) ) ;
#8295 = VERTEX_POINT ( 'NONE', #1670 ) ;
#8296 = CARTESIAN_POINT ( 'NONE',  ( 0.05000000000000002400, -8.837951820048278500, 3.455541280135825800 ) ) ;
#8297 = CARTESIAN_POINT ( 'NONE',  ( 9.498018552564230900, 1.170748917356056700E-015, 3.325000000000000600 ) ) ;
#8298 = CARTESIAN_POINT ( 'NONE',  ( -6.754162845389966900, 5.322312732992394900, -3.114323832567763800 ) ) ;
#8299 = AXIS2_PLACEMENT_3D ( 'NONE', #9122, #6917, #6807 ) ;
#8300 = DIRECTION ( 'NONE',  ( -0.0000000000000000000, -0.0000000000000000000, 1.000000000000000000 ) ) ;
#8301 = B_SPLINE_CURVE_WITH_KNOTS ( 'NONE', 3,
 ( #3197, #9324, #238, #8673, #3289, #7042, #2544, #1685, #5565, #6319, #4702, #154, #7139, #2448, #7905, #3318, #4085, #115, #7816, #3225, #8584, #4000, #7882, #959, #8605 ),
 .UNSPECIFIED., .F., .F.,
 ( 4, 3, 3, 3, 3, 3, 3, 3, 4 ),
 ( 0.0001509499138714722800, 0.0001527764003826843400, 0.0001645282963311809100, 0.0001762803579144476300, 0.0001880325997012763500, 0.0001997849575937703300, 0.0002115373162334664700, 0.0002188290956692478600, 0.0002208042975641446700 ),
 .UNSPECIFIED. ) ;
#8302 = ORIENTED_EDGE ( 'NONE', *, *, #8237, .F. ) ;
#8303 = EDGE_CURVE ( 'NONE', #4457, #7704, #8606, .T. ) ;
#8304 = CARTESIAN_POINT ( 'NONE',  ( 3.895126130468818300, 7.973074508718366500, -3.469378817057675600 ) ) ;
#8305 = CONICAL_SURFACE ( 'NONE', #4142, 8.869223585189136100, 0.6108652381980126400 ) ;
#8306 = ORIENTED_EDGE ( 'NONE', *, *, #7651, .T. ) ;
#8307 = EDGE_LOOP ( 'NONE', ( #8888, #5540, #9156, #7090 ) ) ;
#8308 = CARTESIAN_POINT ( 'NONE',  ( 8.617758362662232900, 2.018232953312398200, -3.466570807216844900 ) ) ;
#8309 = CARTESIAN_POINT ( 'NONE',  ( 0.0000000000000000000, 0.0000000000000000000, 3.376256313292342400 ) ) ;
#8310 = EDGE_LOOP ( 'NONE', ( #9250, #7217, #4730, #1480 ) ) ;
#8311 = VERTEX_POINT ( 'NONE', #8479 ) ;
#8312 = EDGE_CURVE ( 'NONE', #4026, #8885, #6944, .T. ) ;
#8313 = DIRECTION ( 'NONE',  ( 0.0000000000000000000, 0.0000000000000000000, 1.000000000000000000 ) ) ;
#8314 = ORIENTED_EDGE ( 'NONE', *, *, #8271, .T. ) ;
#8315 = CARTESIAN_POINT ( 'NONE',  ( 6.931275761065991000, -5.591460370840311000, 3.437256629622303700 ) ) ;
#8316 = VECTOR ( 'NONE', #7134, 999.9999999999998900 ) ;
#8317 = ORIENTED_EDGE ( 'NONE', *, *, #8784, .F. ) ;
#8318 = ORIENTED_EDGE ( 'NONE', *, *, #8137, .T. ) ;
#8319 = CARTESIAN_POINT ( 'NONE',  ( 6.974898709587155700, -5.498343710661533400, -3.466489319800472900 ) ) ;
#8320 = ORIENTED_EDGE ( 'NONE', *, *, #3461, .T. ) ;
#8321 = ORIENTED_EDGE ( 'NONE', *, *, #2728, .T. ) ;
#8322 = CARTESIAN_POINT ( 'NONE',  ( 8.636538199847008100, 2.022519328599932600, 3.469713030103804400 ) ) ;
#8323 = VECTOR ( 'NONE', #7114, 1000.000000000000100 ) ;
#8324 = FACE_OUTER_BOUND ( 'NONE', #1273, .T. ) ;
#8325 = ORIENTED_EDGE ( 'NONE', *, *, #9234, .T. ) ;
#8326 = DIRECTION ( 'NONE',  ( 0.0000000000000000000, 0.0000000000000000000, -1.000000000000000000 ) ) ;
#8327 = CARTESIAN_POINT ( 'NONE',  ( 8.737285000697680100, 1.070008810934259400E-015, 2.758752104430781200 ) ) ;
#8328 = CARTESIAN_POINT ( 'NONE',  ( 3.681435046371045700, -7.759816887428994100, 3.099533293948748100 ) ) ;
#8329 = ADVANCED_FACE ( 'NONE', ( #4287 ), #7215, .T. ) ;
#8330 = CARTESIAN_POINT ( 'NONE',  ( -7.119485258517184600, 5.741552436592656700, 3.500000000000000400 ) ) ;
#8331 = LINE ( 'NONE', #9704, #4247 ) ;
#8332 = FACE_OUTER_BOUND ( 'NONE', #8110, .T. ) ;
#8333 = CARTESIAN_POINT ( 'NONE',  ( -3.694915755622327300, 7.787809868630389200, -3.143904910697431300 ) ) ;
#8334 = CARTESIAN_POINT ( 'NONE',  ( -8.628280558354180800, 1.918062889488208100, 3.456597352396201500 ) ) ;
#8335 = EDGE_CURVE ( 'NONE', #7463, #6497, #2493, .T. ) ;
#8336 = DIRECTION ( 'NONE',  ( 0.0000000000000000000, -0.0000000000000000000, 1.000000000000000000 ) ) ;
#8337 = CARTESIAN_POINT ( 'NONE',  ( 0.05000000000000003100, -8.692348900455138900, 3.247602129575368300 ) ) ;
#8338 = ORIENTED_EDGE ( 'NONE', *, *, #1283, .F. ) ;
#8339 = CARTESIAN_POINT ( 'NONE',  ( -6.924430402411094800, 5.586001379475759700, 3.452421434499180400 ) ) ;
#8340 = CARTESIAN_POINT ( 'NONE',  ( -0.05000000000000001000, -9.045898922017695300, -3.193750000000000100 ) ) ;
#8341 = EDGE_CURVE ( 'NONE', #2548, #3143, #5253, .T. ) ;
#8342 = CARTESIAN_POINT ( 'NONE',  ( 0.0000000000000000000, 0.0000000000000000000, 3.094141646974374100 ) ) ;
#8343 = CARTESIAN_POINT ( 'NONE',  ( -6.770357110861710700, 5.335227228758609100, 3.143904910697430800 ) ) ;
#8344 = DIRECTION ( 'NONE',  ( -0.9749279121818212900, 0.2225209339563246600, 0.0000000000000000000 ) ) ;
#8345 = EDGE_LOOP ( 'NONE', ( #8133, #5530, #7115, #759 ) ) ;
#8346 = AXIS2_PLACEMENT_3D ( 'NONE', #5606, #7050, #3304 ) ;
#8347 = EDGE_CURVE ( 'NONE', #9827, #6401, #1192, .T. ) ;
#8348 = CARTESIAN_POINT ( 'NONE',  ( 6.980233343993036900, -5.502597939639640500, -3.462472406546387200 ) ) ;
#8349 = COORDINATED_UNIVERSAL_TIME_OFFSET ( 6, 0, .BEHIND. ) ;
#8350 = CARTESIAN_POINT ( 'NONE',  ( 0.0000000000000000000, 0.0000000000000000000, -3.064533293948747500 ) ) ;
#8351 = CARTESIAN_POINT ( 'NONE',  ( 8.621380678306049800, 2.019059723220280000, 3.468127985775449700 ) ) ;
#8352 = AXIS2_PLACEMENT_3D ( 'NONE', #7353, #4290, #1229 ) ;
#8353 = CARTESIAN_POINT ( 'NONE',  ( -3.681435046370991500, 7.759816887429019000, 3.099533293948748100 ) ) ;
#8354 = CARTESIAN_POINT ( 'NONE',  ( -0.05000000000000002400, 8.862139442843751900, -3.469900311146004500 ) ) ;
#8355 = CARTESIAN_POINT ( 'NONE',  ( 7.103543054549994900, 5.600934152399529100, 3.500000000000000000 ) ) ;
#8356 = AXIS2_PLACEMENT_3D ( 'NONE', #5124, #3764, #9108 ) ;
#8357 = CIRCLE ( 'NONE', #3431, 4.524999999999999500 ) ;
#8358 = B_SPLINE_CURVE_WITH_KNOTS ( 'NONE', 3,
 ( #803, #5, #147, #3195, #5432, #5495, #7749 ),
 .UNSPECIFIED., .F., .F.,
 ( 4, 3, 4 ),
 ( 0.0008460917731560549000, 0.0009002598162382142100, 0.001280034707405371900 ),
 .UNSPECIFIED. ) ;
#8359 = EDGE_CURVE ( 'NONE', #3883, #3732, #7402, .T. ) ;
#8360 = DIRECTION ( 'NONE',  ( -0.0000000000000000000, -0.0000000000000000000, 1.000000000000000000 ) ) ;
#8361 = CARTESIAN_POINT ( 'NONE',  ( 6.969107329192221200, -5.493725238911677500, 3.469286171371085200 ) ) ;
#8362 = EDGE_LOOP ( 'NONE', ( #4918, #2517, #4355, #5398 ) ) ;
#8363 = DIRECTION ( 'NONE',  ( 0.6234898018587320400, -0.7818314824680310200, 0.0000000000000000000 ) ) ;
#8364 = CARTESIAN_POINT ( 'NONE',  ( 0.05000000000000002400, -8.841186805934450300, 3.459673052288552200 ) ) ;
#8365 = DIRECTION ( 'NONE',  ( 0.9009688679024187000, -0.4338837391175590600, 0.0000000000000000000 ) ) ;
#8366 = CARTESIAN_POINT ( 'NONE',  ( 0.0000000000000000000, 0.0000000000000000000, 3.094141646974374100 ) ) ;
#8367 = CARTESIAN_POINT ( 'NONE',  ( 3.813532923374935500, 8.034120955469211000, 3.457544059217933600 ) ) ;
#8368 = DIRECTION ( 'NONE',  ( -0.0000000000000000000, -0.0000000000000000000, 1.000000000000000000 ) ) ;
#8369 = AXIS2_PLACEMENT_3D ( 'NONE', #8471, #8495, #4674 ) ;
#8370 = CARTESIAN_POINT ( 'NONE',  ( -6.880434121877914100, 5.550915516540743300, 3.458522467003439300 ) ) ;
#8371 = LINE ( 'NONE', #1243, #6335 ) ;
#8372 = CARTESIAN_POINT ( 'NONE',  ( 8.608393747221349200, 2.016095540947843400, -3.459673052288551700 ) ) ;
#8373 = CARTESIAN_POINT ( 'NONE',  ( 0.0000000000000000000, 5.378237760728125300, 2.758752104430781700 ) ) ;
#8374 = CARTESIAN_POINT ( 'NONE',  ( 5.378237760728125300, 0.0000000000000000000, -2.449999999999999300 ) ) ;
#8375 = ORIENTED_EDGE ( 'NONE', *, *, #206, .T. ) ;
#8376 = CARTESIAN_POINT ( 'NONE',  ( -3.902688815468105900, 7.988778585935214100, 3.459706444013471500 ) ) ;
#8377 = ORIENTED_EDGE ( 'NONE', *, *, #7494, .F. ) ;
#8378 = DIRECTION ( 'NONE',  ( -0.0000000000000000000, -0.0000000000000000000, -1.000000000000000000 ) ) ;
#8379 = CIRCLE ( 'NONE', #2127, 8.737285000697680100 ) ;
#8380 = CARTESIAN_POINT ( 'NONE',  ( 6.990202061954396300, 5.510547726935022300, -3.444839032082838600 ) ) ;
#8381 = ADVANCED_FACE ( 'NONE', ( #717 ), #8747, .T. ) ;
#8382 = B_SPLINE_CURVE_WITH_KNOTS ( 'NONE', 3,
 ( #4240, #1895, #6457, #307, #5006, #5646, #4976, #8028, #1835, #8799, #3372, #5743, #438, #2722, #361, #1173, #1203, #2695, #8758, #6535, #1929, #8097 ),
 .UNSPECIFIED., .F., .F.,
 ( 4, 3, 3, 3, 3, 3, 3, 4 ),
 ( 0.0002168574548798324100, 0.0002188290334246883400, 0.0002305812013871277000, 0.0002423333607552001400, 0.0002540856419916191300, 0.0002658380091482377300, 0.0002775903405257904800, 0.0002867718163053230400 ),
 .UNSPECIFIED. ) ;
#8383 = CARTESIAN_POINT ( 'NONE',  ( -3.815021055286628800, 8.037211093225053600, -3.452421434499180400 ) ) ;
#8384 = DIRECTION ( 'NONE',  ( 0.0000000000000000000, 0.0000000000000000000, -1.000000000000000000 ) ) ;
#8385 = ORIENTED_EDGE ( 'NONE', *, *, #3737, .F. ) ;
#8386 = CARTESIAN_POINT ( 'NONE',  ( -8.662371385772200200, 2.028415584710187700, -3.452421434499180400 ) ) ;
#8387 = DIRECTION ( 'NONE',  ( 0.0000000000000000000, 0.0000000000000000000, -1.000000000000000000 ) ) ;
#8388 = CIRCLE ( 'NONE', #985, 9.498018552564230900 ) ;
#8389 = CARTESIAN_POINT ( 'NONE',  ( -0.05000000000000002400, 8.890954014360714200, -3.459706444013471500 ) ) ;
#8390 = DIRECTION ( 'NONE',  ( -0.0000000000000000000, -0.0000000000000000000, 1.000000000000000000 ) ) ;
#8391 = DIRECTION ( 'NONE',  ( -1.000000000000000000, -6.776263578034444600E-017, 0.0000000000000000000 ) ) ;
#8392 = CARTESIAN_POINT ( 'NONE',  ( 0.05000000000000004400, 8.599024861565366600, -3.114323832567764700 ) ) ;
#8393 = VERTEX_POINT ( 'NONE', #8621 ) ;
#8394 = DIRECTION ( 'NONE',  ( -0.0000000000000000000, -0.0000000000000000000, 1.000000000000000000 ) ) ;
#8395 = VECTOR ( 'NONE', #435, 1000.000000000000200 ) ;
#8396 = ORIENTED_EDGE ( 'NONE', *, *, #7294, .T. ) ;
#8397 = CARTESIAN_POINT ( 'NONE',  ( -6.821546926897626800, 5.503954545598032800, 3.351299362948741800 ) ) ;
#8398 = EDGE_CURVE ( 'NONE', #4784, #7775, #7782, .T. ) ;
#8399 = CARTESIAN_POINT ( 'NONE',  ( 8.697427512990339300, -1.933845230657804000, 3.429674227117770700 ) ) ;
#8400 = CARTESIAN_POINT ( 'NONE',  ( 3.923268333885891600, -8.261988883357009400, 3.500000000000000400 ) ) ;
#8401 = DIRECTION ( 'NONE',  ( 0.9009688679024249200, 0.4338837391175462400, 0.0000000000000000000 ) ) ;
#8402 = VERTEX_POINT ( 'NONE', #6352 ) ;
#8403 = DIRECTION ( 'NONE',  ( 0.0000000000000000000, 0.0000000000000000000, -1.000000000000000000 ) ) ;
#8404 = FACE_OUTER_BOUND ( 'NONE', #4915, .T. ) ;
#8405 = CIRCLE ( 'NONE', #9055, 9.046037105128458900 ) ;
#8406 = CARTESIAN_POINT ( 'NONE',  ( -0.05000000000000002400, -8.877242673692228100, -3.468147503381453900 ) ) ;
#8407 = ORIENTED_EDGE ( 'NONE', *, *, #6712, .T. ) ;
#8408 = CARTESIAN_POINT ( 'NONE',  ( 3.969916891359655000, 8.128379123974113400, 3.500000000000000000 ) ) ;
#8409 = DIRECTION ( 'NONE',  ( -1.000000000000000000, 1.224646799147353200E-016, 0.0000000000000000000 ) ) ;
#8410 = ORIENTED_EDGE ( 'NONE', *, *, #4759, .T. ) ;
#8411 = CARTESIAN_POINT ( 'NONE',  ( -8.362206348396773200, -1.959904873688991500, 3.094141646974374100 ) ) ;
#8412 = VECTOR ( 'NONE', #1394, 1000.000000000000000 ) ;
#8413 = ORIENTED_EDGE ( 'NONE', *, *, #5938, .T. ) ;
#8414 = ADVANCED_BREP_SHAPE_REPRESENTATION ( '5972K501_Ball Bearing', ( #993, #3080, #7674, #2015, #8285, #7547, #7869, #5469, #6080, #245, #8706, #1485, #5584, #168 ), #4961 ) ;
#8415 = DIRECTION ( 'NONE',  ( 0.0000000000000000000, 0.0000000000000000000, 1.000000000000000000 ) ) ;
#8416 = ORIENTED_EDGE ( 'NONE', *, *, #1084, .F. ) ;
#8417 = AXIS2_PLACEMENT_3D ( 'NONE', #845, #6203, #6856 ) ;
#8418 = TOROIDAL_SURFACE ( 'NONE', #1857, 7.500000000000000000, 2.450000000000001100 ) ;
#8419 = ORIENTED_EDGE ( 'NONE', *, *, #7244, .T. ) ;
#8420 = CARTESIAN_POINT ( 'NONE',  ( 0.0000000000000000000, 0.0000000000000000000, -3.099533293948747700 ) ) ;
#8421 = EDGE_CURVE ( 'NONE', #3991, #1813, #8127, .T. ) ;
#8422 = CARTESIAN_POINT ( 'NONE',  ( -8.605626990655270700, 2.015464046816531700, -3.456075294419946400 ) ) ;
#8423 = CARTESIAN_POINT ( 'NONE',  ( -3.726420399248811400, -7.853229935211753200, 3.247602129575368300 ) ) ;
#8424 = CARTESIAN_POINT ( 'NONE',  ( -8.719441388652395400, -2.041441440450835600, -3.351032822740168400 ) ) ;
#8425 = CARTESIAN_POINT ( 'NONE',  ( -0.05000000000000002400, 8.847484827480393200, -3.464471549642479200 ) ) ;
#8426 = ORIENTED_EDGE ( 'NONE', *, *, #201, .T. ) ;
#8427 = CARTESIAN_POINT ( 'NONE',  ( -6.924430402411094800, 5.586001379475759700, -3.452421434499180400 ) ) ;
#8428 = VERTEX_POINT ( 'NONE', #2595 ) ;
#8429 = VERTEX_POINT ( 'NONE', #2567 ) ;
#8430 = B_SPLINE_CURVE_WITH_KNOTS ( 'NONE', 3,
 ( #6798, #5229, #5256, #9152, #9772, #4559, #691 ),
 .UNSPECIFIED., .F., .F.,
 ( 4, 3, 4 ),
 ( 0.0009532733312319685400, 0.001225696219576461900, 0.001251962535739348800 ),
 .UNSPECIFIED. ) ;
#8431 = VERTEX_POINT ( 'NONE', #6331 ) ;
#8432 = DIRECTION ( 'NONE',  ( 0.0000000000000000000, 0.0000000000000000000, -1.000000000000000000 ) ) ;
#8433 = AXIS2_PLACEMENT_3D ( 'NONE', #8498, #2362, #5375 ) ;
#8435 = DIRECTION ( 'NONE',  ( 1.000000000000000000, 0.0000000000000000000, 0.0000000000000000000 ) ) ;
#8434 = TOROIDAL_SURFACE ( 'NONE', #4972, 7.500000000000000000, 2.450000000000000200 ) ;
#8436 = VERTEX_POINT ( 'NONE', #971 ) ;
#8437 = ADVANCED_FACE ( 'NONE', ( #5850, #3577 ), #9458, .F. ) ;
#8438 = EDGE_LOOP ( 'NONE', ( #2511, #2724, #7572, #1954, #2699, #4344, #8469, #5899, #6117, #4312, #9226, #3768, #2977, #8895, #6951, #6551, #4460, #6294, #3994, #8952, #8878, #4777, #4189, #9146, #4828, #9351, #7673, #3403, #7140, #2872, #2800, #3376 ) ) ;
#8439 = ORIENTED_EDGE ( 'NONE', *, *, #5701, .T. ) ;
#8440 = AXIS2_PLACEMENT_3D ( 'NONE', #6615, #8056, #8886 ) ;
#8441 = EDGE_LOOP ( 'NONE', ( #2438, #6979 ) ) ;
#8442 = CARTESIAN_POINT ( 'NONE',  ( 3.903629810165120800, -7.990732581557483400, -3.457544059217933600 ) ) ;
#8443 = EDGE_CURVE ( 'NONE', #9852, #4304, #6578, .T. ) ;
#8444 = ORIENTED_EDGE ( 'NONE', *, *, #4652, .T. ) ;
#8445 = DIRECTION ( 'NONE',  ( -0.0000000000000000000, -0.0000000000000000000, 1.000000000000000000 ) ) ;
#8446 = ORIENTED_EDGE ( 'NONE', *, *, #963, .F. ) ;
#8447 = CARTESIAN_POINT ( 'NONE',  ( 8.905600812942555700, -2.083931114241417000, -3.094141646974374100 ) ) ;
#8448 = PLANE ( 'NONE',  #2596 ) ;
#8449 = SPHERICAL_SURFACE ( 'NONE', #8684, 2.450000000000000600 ) ;
#8450 = ORIENTED_EDGE ( 'NONE', *, *, #252, .F. ) ;
#8451 = DIRECTION ( 'NONE',  ( 0.0000000000000000000, 0.0000000000000000000, -1.000000000000000000 ) ) ;
#8452 = VERTEX_POINT ( 'NONE', #298 ) ;
#8453 = DIRECTION ( 'NONE',  ( -0.0000000000000000000, -0.0000000000000000000, 1.000000000000000000 ) ) ;
#8454 = DIRECTION ( 'NONE',  ( 0.7071067811865504600, 0.0000000000000000000, 0.7071067811865445800 ) ) ;
#8455 = VERTEX_POINT ( 'NONE', #8655 ) ;
#8456 = VERTEX_POINT ( 'NONE', #5638 ) ;
#8457 = AXIS2_PLACEMENT_3D ( 'NONE', #8898, #5717, #4207 ) ;
#8458 = FACE_OUTER_BOUND ( 'NONE', #4823, .T. ) ;
#8459 = VECTOR ( 'NONE', #3917, 1000.000000000000000 ) ;
#8460 = B_SPLINE_CURVE_WITH_KNOTS ( 'NONE', 3,
 ( #3642, #8125, #5175, #9685, #5110, #5820, #1302 ),
 .UNSPECIFIED., .F., .F.,
 ( 4, 3, 4 ),
 ( 0.0009532733312319683200, 0.001225696219576462100, 0.001251962535739348800 ),
 .UNSPECIFIED. ) ;
#8461 = CARTESIAN_POINT ( 'NONE',  ( 3.726420399248757700, 7.853229935211777100, 3.247602129575368800 ) ) ;
#8462 = ORIENTED_EDGE ( 'NONE', *, *, #3948, .F. ) ;
#8463 = CARTESIAN_POINT ( 'NONE',  ( 0.05000000000000001700, -8.955090244376902900, -3.351032822740168400 ) ) ;
#8464 = DIRECTION ( 'NONE',  ( 1.000000000000000000, 0.0000000000000000000, 0.0000000000000000000 ) ) ;
#8465 = CARTESIAN_POINT ( 'NONE',  ( -0.05000000000000003700, 8.619738104553002600, 3.143904910697430800 ) ) ;
#8466 = DIRECTION ( 'NONE',  ( -1.000000000000000000, -8.881784197001252300E-016, 0.0000000000000000000 ) ) ;
#8467 = CONICAL_SURFACE ( 'NONE', #8101, 8.380768779485729100, 0.5235987755983008100 ) ;
#8468 = DIRECTION ( 'NONE',  ( -0.0000000000000000000, -0.0000000000000000000, -1.000000000000000000 ) ) ;
#8469 = ORIENTED_EDGE ( 'NONE', *, *, #879, .F. ) ;
#8470 = DIRECTION ( 'NONE',  ( 1.000000000000000000, 0.0000000000000000000, 0.0000000000000000000 ) ) ;
#8471 = CARTESIAN_POINT ( 'NONE',  ( 0.0000000000000000000, 0.0000000000000000000, -1.096058885236881200E-015 ) ) ;
#8472 = DIRECTION ( 'NONE',  ( -1.000000000000000000, 0.0000000000000000000, 0.0000000000000000000 ) ) ;
#8473 = EDGE_CURVE ( 'NONE', #2184, #8074, #3951, .T. ) ;
#8474 = CARTESIAN_POINT ( 'NONE',  ( 0.0000000000000000000, 8.737285000697680100, 2.449999999999999700 ) ) ;
#8475 = CARTESIAN_POINT ( 'NONE',  ( -8.604868042990025500, 2.015290821964536200, 3.454996609771464800 ) ) ;
#8476 = CARTESIAN_POINT ( 'NONE',  ( 3.904453529484206400, -7.992443052348336100, -3.455073707654064700 ) ) ;
#8477 = DIRECTION ( 'NONE',  ( -0.7818314824680221400, 0.6234898018587431400, 0.0000000000000000000 ) ) ;
#8478 = ORIENTED_EDGE ( 'NONE', *, *, #4945, .F. ) ;
#8479 = CARTESIAN_POINT ( 'NONE',  ( -8.830225396548316400, 1.964155480992796400, 3.094141646974374100 ) ) ;
#8480 = EDGE_CURVE ( 'NONE', #7535, #746, #5344, .T. ) ;
#8481 = DIRECTION ( 'NONE',  ( -1.000000000000000000, 6.776263578034444600E-017, 0.0000000000000000000 ) ) ;
#8482 = CARTESIAN_POINT ( 'NONE',  ( 8.627879084050931600, 1.917971255598233300, 3.456075294419946400 ) ) ;
#8483 = ADVANCED_FACE ( 'NONE', ( #4538 ), #6340, .T. ) ;
#8484 = EDGE_CURVE ( 'NONE', #7718, #5965, #230, .T. ) ;
#8485 = CARTESIAN_POINT ( 'NONE',  ( 0.0000000000000000000, 0.0000000000000000000, -2.974999999999999600 ) ) ;
#8486 = FACE_OUTER_BOUND ( 'NONE', #8184, .T. ) ;
#8487 = DIRECTION ( 'NONE',  ( 1.000000000000000000, 0.0000000000000000000, 0.0000000000000000000 ) ) ;
#8488 = DIRECTION ( 'NONE',  ( -0.0000000000000000000, -0.0000000000000000000, 1.000000000000000000 ) ) ;
#8489 = AXIS2_PLACEMENT_3D ( 'NONE', #4425, #483, #9754 ) ;
#8490 = CARTESIAN_POINT ( 'NONE',  ( -3.798434106008921500, -8.002767938145606100, 3.469014143938407500 ) ) ;
#8491 = DIRECTION ( 'NONE',  ( -0.6234898018587372600, -0.7818314824680268100, 0.0000000000000000000 ) ) ;
#8492 = AXIS2_PLACEMENT_3D ( 'NONE', #9421, #938, #9307 ) ;
#8493 = B_SPLINE_CURVE_WITH_KNOTS ( 'NONE', 3,
 ( #7626, #72, #6061, #5275, #784, #8397, #1478 ),
 .UNSPECIFIED., .F., .F.,
 ( 4, 3, 4 ),
 ( 0.0008460917731560549000, 0.0009002598162382144300, 0.001280034707405371900 ),
 .UNSPECIFIED. ) ;
#8494 = EDGE_CURVE ( 'NONE', #4569, #3158, #5731, .T. ) ;
#8495 = DIRECTION ( 'NONE',  ( -0.0000000000000000000, -0.0000000000000000000, 1.000000000000000000 ) ) ;
#8496 = FACE_OUTER_BOUND ( 'NONE', #9718, .T. ) ;
#8497 = CARTESIAN_POINT ( 'NONE',  ( 0.0000000000000000000, 0.0000000000000000000, 3.094141646974374100 ) ) ;
#8498 = CARTESIAN_POINT ( 'NONE',  ( 0.0000000000000000000, 0.0000000000000000000, 3.325000000000000600 ) ) ;
#8499 = DIRECTION ( 'NONE',  ( 0.0000000000000000000, 0.0000000000000000000, 1.000000000000000000 ) ) ;
#8500 = CARTESIAN_POINT ( 'NONE',  ( 3.885263278938827300, -7.952594086485270900, -3.466570807216844900 ) ) ;
#8501 = EDGE_CURVE ( 'NONE', #8817, #5402, #7516, .T. ) ;
#8502 = ORIENTED_EDGE ( 'NONE', *, *, #7856, .T. ) ;
#8503 = FACE_OUTER_BOUND ( 'NONE', #5652, .T. ) ;
#8504 = DIRECTION ( 'NONE',  ( 0.0000000000000000000, 0.0000000000000000000, -1.000000000000000000 ) ) ;
#8505 = CARTESIAN_POINT ( 'NONE',  ( 8.628280558354209300, 1.918062889488092000, 3.456597352396201500 ) ) ;
#8506 = DIRECTION ( 'NONE',  ( -0.6234898018585262000, -0.7818314824681952300, 0.0000000000000000000 ) ) ;
#8507 = VERTEX_POINT ( 'NONE', #8849 ) ;
#8508 = LINE ( 'NONE', #9928, #8147 ) ;
#8509 = CARTESIAN_POINT ( 'NONE',  ( 0.05000000000000001700, 8.900930351248694800, -3.444839032082839000 ) ) ;
#8510 = CARTESIAN_POINT ( 'NONE',  ( 3.818819942739309200, 8.045099564303425800, -3.437256629622304600 ) ) ;
#8511 = CARTESIAN_POINT ( 'NONE',  ( 6.683716731970482000, -5.394038632959075500, -3.099533293948748100 ) ) ;
#8512 = CARTESIAN_POINT ( 'NONE',  ( -8.624540184687427700, 2.019780859934247300, -3.469100694293998800 ) ) ;
#8513 = CARTESIAN_POINT ( 'NONE',  ( -9.046037105128458900, -1.107820038576375800E-015, -3.500000000000000000 ) ) ;
#8514 = CLOSED_SHELL ( 'NONE', ( #6785, #5920, #2062, #7640, #9129, #7671, #4377, #6644, #3762, #4555, #8736 ) ) ;
#8515 = CARTESIAN_POINT ( 'NONE',  ( 8.556329883642984400, -1.901640617507349500, 3.351299362948742200 ) ) ;
#8516 = LINE ( 'NONE', #7478, #9241 ) ;
#8517 = CARTESIAN_POINT ( 'NONE',  ( 3.907017385819873100, 7.997766954886937000, -3.444839032082839000 ) ) ;
#8518 = CIRCLE ( 'NONE', #9758, 8.588813778810038700 ) ;
#8519 = ORIENTED_EDGE ( 'NONE', *, *, #6202, .F. ) ;
#8520 = EDGE_CURVE ( 'NONE', #6433, #3455, #1672, .T. ) ;
#8521 = CARTESIAN_POINT ( 'NONE',  ( 3.902588241884612100, 7.988569742736869400, 3.460240287494900500 ) ) ;
#8522 = ORIENTED_EDGE ( 'NONE', *, *, #1543, .F. ) ;
#8523 = DIRECTION ( 'NONE',  ( -0.0000000000000000000, -0.0000000000000000000, 1.000000000000000000 ) ) ;
#8524 = FACE_OUTER_BOUND ( 'NONE', #5781, .T. ) ;
#8525 = DIRECTION ( 'NONE',  ( 1.000000000000000000, 0.0000000000000000000, 0.0000000000000000000 ) ) ;
#8526 = ADVANCED_FACE ( 'NONE', ( #7654 ), #3464, .T. ) ;
#8527 = ORIENTED_EDGE ( 'NONE', *, *, #4994, .F. ) ;
#8528 = CARTESIAN_POINT ( 'NONE',  ( -3.815021055286796700, -8.037211093224973600, -3.452421434499180400 ) ) ;
#8529 = EDGE_CURVE ( 'NONE', #7975, #2151, #5501, .T. ) ;
#8530 = CARTESIAN_POINT ( 'NONE',  ( 0.05000000000000001000, 9.045898922017695300, -3.500000000000000000 ) ) ;
#8531 = VECTOR ( 'NONE', #4323, 1000.000000000000000 ) ;
#8532 = DIRECTION ( 'NONE',  ( -1.000000000000000000, 0.0000000000000000000, 0.0000000000000000000 ) ) ;
#8533 = ORIENTED_EDGE ( 'NONE', *, *, #4277, .F. ) ;
#8534 = TOROIDAL_SURFACE ( 'NONE', #8142, 8.866382193656235700, 0.03500000000000000300 ) ;
#8535 = EDGE_LOOP ( 'NONE', ( #7164, #7087, #1528, #8450, #8182, #3355 ) ) ;
#8536 = CIRCLE ( 'NONE', #2691, 8.380768779485729100 ) ;
#8537 = AXIS2_PLACEMENT_3D ( 'NONE', #6995, #3083, #1735 ) ;
#8538 = EDGE_LOOP ( 'NONE', ( #4206, #688, #8613, #7400 ) ) ;
#8539 = CARTESIAN_POINT ( 'NONE',  ( -6.880434121877914100, 5.550915516540743300, -3.458522467003439300 ) ) ;
#8540 = CARTESIAN_POINT ( 'NONE',  ( 8.384458441792379100, -1.862412082470922300, 3.099533293948748100 ) ) ;
#8541 = ORIENTED_EDGE ( 'NONE', *, *, #9933, .T. ) ;
#8542 = CARTESIAN_POINT ( 'NONE',  ( 0.0000000000000000000, 0.0000000000000000000, 3.376256313292342400 ) ) ;
#8543 = FACE_OUTER_BOUND ( 'NONE', #6023, .T. ) ;
#8544 = ORIENTED_EDGE ( 'NONE', *, *, #7625, .T. ) ;
#8545 = AXIS2_PLACEMENT_3D ( 'NONE', #6092, #634, #3048 ) ;
#8546 = EDGE_LOOP ( 'NONE', ( #6501, #9181, #8642, #8062 ) ) ;
#8547 = VERTEX_POINT ( 'NONE', #4971 ) ;
#8548 = CARTESIAN_POINT ( 'NONE',  ( -8.362206348396735900, 1.959904873689159300, 3.094141646974374100 ) ) ;
#8549 = ORIENTED_EDGE ( 'NONE', *, *, #4495, .T. ) ;
#8550 = AXIS2_PLACEMENT_3D ( 'NONE', #7602, #1523, #7698 ) ;
#8551 = DIRECTION ( 'NONE',  ( 0.6234898018587320400, -0.7818314824680310200, 0.0000000000000000000 ) ) ;
#8552 = ORIENTED_EDGE ( 'NONE', *, *, #8859, .F. ) ;
#8553 = EDGE_CURVE ( 'NONE', #9016, #5762, #669, .T. ) ;
#8554 = DIRECTION ( 'NONE',  ( 0.2225209339559747800, 0.9749279121819011100, 0.0000000000000000000 ) ) ;
#8555 = CARTESIAN_POINT ( 'NONE',  ( -3.848021920683427000, -7.875261609230231700, -3.351299362948741800 ) ) ;
#8556 = VECTOR ( 'NONE', #8968, 1000.000000000000000 ) ;
#8557 = ORIENTED_EDGE ( 'NONE', *, *, #9492, .T. ) ;
#8558 = CARTESIAN_POINT ( 'NONE',  ( 3.771531933161288200, -7.716428513517238100, 3.094141646974374100 ) ) ;
#8559 = ORIENTED_EDGE ( 'NONE', *, *, #4820, .F. ) ;
#8560 = CARTESIAN_POINT ( 'NONE',  ( 0.0000000000000000000, 0.0000000000000000000, 3.193750000000000500 ) ) ;
#8561 = B_SPLINE_CURVE_WITH_KNOTS ( 'NONE', 3,
 ( #210, #114, #2447, #5564, #900, #3223, #859 ),
 .UNSPECIFIED., .F., .F.,
 ( 4, 3, 4 ),
 ( 0.0008460917731560553300, 0.0009002598162382144300, 0.001280034707405373000 ),
 .UNSPECIFIED. ) ;
#8562 = ORIENTED_EDGE ( 'NONE', *, *, #1619, .T. ) ;
#8563 = AXIS2_PLACEMENT_3D ( 'NONE', #3290, #7817, #7883 ) ;
#8564 = CARTESIAN_POINT ( 'NONE',  ( 3.726420399248701700, -7.853229935211805600, 3.247602129575368800 ) ) ;
#8565 = VERTEX_POINT ( 'NONE', #4395 ) ;
#8566 = LINE ( 'NONE', #2481, #6758 ) ;
#8567 = CONICAL_SURFACE ( 'NONE', #7264, 8.869223585189136100, 0.6108652381980126400 ) ;
#8568 = CARTESIAN_POINT ( 'NONE',  ( 6.683716731970517500, 5.394038632959030200, 3.094141646974374100 ) ) ;
#8569 = CARTESIAN_POINT ( 'NONE',  ( -0.05000000000000001000, 9.045898922017695300, 3.193750000000000100 ) ) ;
#8570 = PLANE ( 'NONE',  #9370 ) ;
#8571 = CARTESIAN_POINT ( 'NONE',  ( 3.879526546993929100, -7.940681639855288400, -3.454996609771464800 ) ) ;
#8572 = EDGE_LOOP ( 'NONE', ( #4795, #5847, #8761, #2296 ) ) ;
#8573 = CIRCLE ( 'NONE', #6368, 8.837711872106121200 ) ;
#8574 = CIRCLE ( 'NONE', #4704, 5.686989865158905900 ) ;
#8575 = DIRECTION ( 'NONE',  ( 1.000000000000000000, 0.0000000000000000000, 0.0000000000000000000 ) ) ;
#8576 = CARTESIAN_POINT ( 'NONE',  ( -7.068044516080721700, 5.572625012626228400, -3.272391413630716200 ) ) ;
#8577 = CARTESIAN_POINT ( 'NONE',  ( 8.678939294432078500, 1.929625415418718500, -3.460240287494900500 ) ) ;
#8578 = ORIENTED_EDGE ( 'NONE', *, *, #2670, .T. ) ;
#8579 = ORIENTED_EDGE ( 'NONE', *, *, #9437, .F. ) ;
#8580 = ADVANCED_FACE ( 'NONE', ( #2011, #3227 ), #5913, .F. ) ;
#8581 = B_SPLINE_CURVE_WITH_KNOTS ( 'NONE', 3,
 ( #4480, #9819, #5240, #676, #6225, #841, #9232 ),
 .UNSPECIFIED., .F., .F.,
 ( 4, 3, 4 ),
 ( 0.001199429903413612900, 0.001225696219576499600, 0.001498119107920983800 ),
 .UNSPECIFIED. ) ;
#8582 = CARTESIAN_POINT ( 'NONE',  ( -8.681279677114361000, 1.930159592493648300, -3.457544059217933600 ) ) ;
#8583 = CARTESIAN_POINT ( 'NONE',  ( 3.815021055286742100, 8.037211093225000300, -3.452421434499180400 ) ) ;
#8584 = CARTESIAN_POINT ( 'NONE',  ( -8.607508921307893200, 2.015893585207247700, 3.458522467003439300 ) ) ;
#8585 = EDGE_LOOP ( 'NONE', ( #4332, #2027 ) ) ;
#8586 = CARTESIAN_POINT ( 'NONE',  ( 0.0000000000000000000, 0.0000000000000000000, 3.193750000000000500 ) ) ;
#8587 = CARTESIAN_POINT ( 'NONE',  ( -0.05000000000000002400, 8.873949175336530700, 3.469286171371085200 ) ) ;
#8588 = DIRECTION ( 'NONE',  ( 0.0000000000000000000, 0.0000000000000000000, -1.000000000000000000 ) ) ;
#8589 = EDGE_CURVE ( 'NONE', #7739, #484, #9565, .T. ) ;
#8590 = CARTESIAN_POINT ( 'NONE',  ( 8.905600812942555700, -2.083931114241417000, 3.500000000000000400 ) ) ;
#8591 = CARTESIAN_POINT ( 'NONE',  ( 8.658790293242626400, -1.925026537381810300, -3.469713030103804400 ) ) ;
#8592 = DIRECTION ( 'NONE',  ( -0.0000000000000000000, -0.0000000000000000000, 1.000000000000000000 ) ) ;
#8593 = DIRECTION ( 'NONE',  ( 1.000000000000000000, -6.776263578034444600E-017, 0.0000000000000000000 ) ) ;
#8594 = CARTESIAN_POINT ( 'NONE',  ( 3.757925033893075200, -7.918649983142041800, -3.351299362948741800 ) ) ;
#8595 = ORIENTED_EDGE ( 'NONE', *, *, #7981, .F. ) ;
#8596 = EDGE_CURVE ( 'NONE', #7205, #9866, #7054, .T. ) ;
#8597 = CARTESIAN_POINT ( 'NONE',  ( -6.912240795546437300, 5.576280492380257100, -3.466916208273112900 ) ) ;
#8598 = CARTESIAN_POINT ( 'NONE',  ( 8.627491962581034500, 1.917882897648933900, -3.455541280135826300 ) ) ;
#8599 = CIRCLE ( 'NONE', #4007, 2.450000000000000600 ) ;
#8600 = EDGE_CURVE ( 'NONE', #3163, #3037, #9265, .T. ) ;
#8601 = CARTESIAN_POINT ( 'NONE',  ( -8.669808522246107400, 1.927541376251250800, -3.466489319800472900 ) ) ;
#8602 = DIRECTION ( 'NONE',  ( 1.000000000000000000, 0.0000000000000000000, 0.0000000000000000000 ) ) ;
#8603 = ORIENTED_EDGE ( 'NONE', *, *, #191, .T. ) ;
#8604 = CARTESIAN_POINT ( 'NONE',  ( 0.0000000000000000000, 0.0000000000000000000, -3.434921434499177600 ) ) ;
#8605 = CARTESIAN_POINT ( 'NONE',  ( -8.604868042990025500, 2.015290821964536200, 3.454996609771464800 ) ) ;
#8606 = CIRCLE ( 'NONE', #5592, 9.046037105128460700 ) ;
#8607 = CARTESIAN_POINT ( 'NONE',  ( -0.05000000000000002400, 8.870055045600164300, 3.469713030103804400 ) ) ;
#8608 = CARTESIAN_POINT ( 'NONE',  ( 5.863736118510232100, 4.676173513940490500, -3.092233167847068000E-016 ) ) ;
#8609 = AXIS2_PLACEMENT_3D ( 'NONE', #2159, #3679, #9725 ) ;
#8610 = B_SPLINE_CURVE_WITH_KNOTS ( 'NONE', 3,
 ( #8924, #3543, #1238, #5276, #2234, #436, #7597 ),
 .UNSPECIFIED., .F., .F.,
 ( 4, 3, 4 ),
 ( 0.0008460917731560556600, 0.0009002598162382148600, 0.001280034707405372300 ),
 .UNSPECIFIED. ) ;
#8611 = EDGE_CURVE ( 'NONE', #2070, #4010, #9445, .T. ) ;
#8612 = DIRECTION ( 'NONE',  ( -6.776263578034443400E-017, 1.000000000000000000, 0.0000000000000000000 ) ) ;
#8613 = ORIENTED_EDGE ( 'NONE', *, *, #7571, .T. ) ;
#8614 = CARTESIAN_POINT ( 'NONE',  ( 8.643632771701668100, -1.921566932002158200, -3.468127985775450100 ) ) ;
#8615 = ADVANCED_FACE ( 'NONE', ( #2980 ), #9555, .F. ) ;
#8616 = CYLINDRICAL_SURFACE ( 'NONE', #8857, 5.378237760728125300 ) ;
#8617 = CARTESIAN_POINT ( 'NONE',  ( 0.05000000000000002400, -8.884889935907555300, -3.464797546056691800 ) ) ;
#8618 = CARTESIAN_POINT ( 'NONE',  ( -8.617758362662247200, -2.018232953312341300, -3.466570807216844900 ) ) ;
#8619 = DIRECTION ( 'NONE',  ( 0.0000000000000000000, 0.0000000000000000000, 1.000000000000000000 ) ) ;
#8620 = EDGE_CURVE ( 'NONE', #8864, #2182, #961, .T. ) ;
#8621 = CARTESIAN_POINT ( 'NONE',  ( -8.662371385772239300, -2.028415584710014000, -3.452421434499180400 ) ) ;
#8622 = ORIENTED_EDGE ( 'NONE', *, *, #963, .T. ) ;
#8623 = CIRCLE ( 'NONE', #6188, 8.588813778810038700 ) ;
#8624 = CARTESIAN_POINT ( 'NONE',  ( -6.885620889539865200, 5.555051825725465500, -3.464362763198132600 ) ) ;
#8625 = ORIENTED_EDGE ( 'NONE', *, *, #3008, .F. ) ;
#8626 = CARTESIAN_POINT ( 'NONE',  ( 0.0000000000000000000, 0.0000000000000000000, -3.500000000000000000 ) ) ;
#8627 = CARTESIAN_POINT ( 'NONE',  ( -6.940665282085137600, -5.471043463218286700, -3.454996609771464800 ) ) ;
#8628 = EDGE_LOOP ( 'NONE', ( #4204, #1708, #9466, #9715 ) ) ;
#8629 = SPHERICAL_SURFACE ( 'NONE', #973, 2.450000000000000600 ) ;
#8630 = CARTESIAN_POINT ( 'NONE',  ( -8.633561457740791300, 1.919268220312113200, -3.462372291138045500 ) ) ;
#8631 = CARTESIAN_POINT ( 'NONE',  ( -3.969976846764321700, 8.128503622655038900, 3.094141646974374100 ) ) ;
#8632 = CIRCLE ( 'NONE', #8970, 8.588813778810038700 ) ;
#8633 = ORIENTED_EDGE ( 'NONE', *, *, #4945, .T. ) ;
#8634 = VERTEX_POINT ( 'NONE', #3733 ) ;
#8635 = CARTESIAN_POINT ( 'NONE',  ( 6.762259978290607900, -5.328769981006818300, 3.129114371485063100 ) ) ;
#8636 = CARTESIAN_POINT ( 'NONE',  ( 0.0000000000000000000, 0.0000000000000000000, 3.094141646974374100 ) ) ;
#8637 = CIRCLE ( 'NONE', #9556, 5.254494074020480600 ) ;
#8638 = DIRECTION ( 'NONE',  ( 0.0000000000000000000, 0.0000000000000000000, -1.000000000000000000 ) ) ;
#8639 = DIRECTION ( 'NONE',  ( -0.0000000000000000000, -0.0000000000000000000, 1.000000000000000000 ) ) ;
#8640 = EDGE_LOOP ( 'NONE', ( #4329, #5790, #7427, #805 ) ) ;
#8641 = EDGE_CURVE ( 'NONE', #1351, #795, #5722, .T. ) ;
#8642 = ORIENTED_EDGE ( 'NONE', *, *, #5131, .F. ) ;
#8643 = DIRECTION ( 'NONE',  ( -0.0000000000000000000, -0.0000000000000000000, 1.000000000000000000 ) ) ;
#8645 = DIRECTION ( 'NONE',  ( 0.2225209339563114000, -0.9749279121818244000, 0.0000000000000000000 ) ) ;
#8644 = FACE_OUTER_BOUND ( 'NONE', #9730, .T. ) ;
#8646 = ORIENTED_EDGE ( 'NONE', *, *, #2504, .T. ) ;
#8647 = CARTESIAN_POINT ( 'NONE',  ( 0.0000000000000000000, 0.0000000000000000000, -3.193750000000000500 ) ) ;
#8648 = ORIENTED_EDGE ( 'NONE', *, *, #2129, .F. ) ;
#8649 = CARTESIAN_POINT ( 'NONE',  ( 3.681435046371045700, -7.759816887428994100, -3.094141646974374100 ) ) ;
#8650 = EDGE_CURVE ( 'NONE', #8810, #7359, #9056, .T. ) ;
#8651 = CARTESIAN_POINT ( 'NONE',  ( -8.614533864218024900, -2.017496982584266400, -3.464471549642479200 ) ) ;
#8652 = ORIENTED_EDGE ( 'NONE', *, *, #3207, .F. ) ;
#8653 = CARTESIAN_POINT ( 'NONE',  ( 8.666639397120906800, 2.029389730449030700, -3.444839032082838600 ) ) ;
#8654 = ORIENTED_EDGE ( 'NONE', *, *, #7900, .T. ) ;
#8655 = CARTESIAN_POINT ( 'NONE',  ( 5.686989865158905900, 0.0000000000000000000, 3.376256313292342400 ) ) ;
#8656 = AXIS2_PLACEMENT_3D ( 'NONE', #1698, #4648, #9230 ) ;
#8657 = CIRCLE ( 'NONE', #7928, 8.896693082788692300 ) ;
#8658 = ORIENTED_EDGE ( 'NONE', *, *, #3822, .F. ) ;
#8659 = EDGE_CURVE ( 'NONE', #979, #1864, #6800, .T. ) ;
#8660 = CARTESIAN_POINT ( 'NONE',  ( -0.05000000000000002400, -8.837951820048278500, -3.455541280135825800 ) ) ;
#8661 = ORIENTED_EDGE ( 'NONE', *, *, #5550, .F. ) ;
#8662 = DIRECTION ( 'NONE',  ( 0.0000000000000000000, 0.0000000000000000000, -1.000000000000000000 ) ) ;
#8663 = ORIENTED_EDGE ( 'NONE', *, *, #4277, .T. ) ;
#8664 = CARTESIAN_POINT ( 'NONE',  ( 6.683716731970517500, 5.394038632959030200, -3.099533293948748100 ) ) ;
#8665 = ORIENTED_EDGE ( 'NONE', *, *, #3307, .F. ) ;
#8666 = ORIENTED_EDGE ( 'NONE', *, *, #1421, .F. ) ;
#8667 = AXIS2_PLACEMENT_3D ( 'NONE', #9913, #5357, #1622 ) ;
#8668 = LINE ( 'NONE', #8513, #181 ) ;
#8669 = ORIENTED_EDGE ( 'NONE', *, *, #3919, .F. ) ;
#8670 = CARTESIAN_POINT ( 'NONE',  ( -6.746065712156315000, 5.315855484712322700, 3.099533293948748100 ) ) ;
#8671 = ORIENTED_EDGE ( 'NONE', *, *, #8106, .T. ) ;
#8672 = EDGE_CURVE ( 'NONE', #6589, #2886, #3695, .T. ) ;
#8673 = CARTESIAN_POINT ( 'NONE',  ( -8.661431183075016800, 2.028200989579952200, 3.453994494324953200 ) ) ;
#8674 = ORIENTED_EDGE ( 'NONE', *, *, #1254, .F. ) ;
#8675 = CARTESIAN_POINT ( 'NONE',  ( 7.103543054549994900, 5.600934152399529100, 3.193750000000000100 ) ) ;
#8676 = CARTESIAN_POINT ( 'NONE',  ( -3.805029243678463400, 8.016462882630175800, -3.469378817057675600 ) ) ;
#8677 = FACE_OUTER_BOUND ( 'NONE', #7725, .T. ) ;
#8678 = FACE_OUTER_BOUND ( 'NONE', #4594, .T. ) ;
#8679 = ADVANCED_FACE ( 'NONE', ( #3217 ), #1664, .T. ) ;
#8680 = CARTESIAN_POINT ( 'NONE',  ( -8.678939294432090900, -1.929625415418661400, -3.460240287494900100 ) ) ;
#8681 = ORIENTED_EDGE ( 'NONE', *, *, #4907, .T. ) ;
#8682 = CARTESIAN_POINT ( 'NONE',  ( -3.885263278938771300, 7.952594086485296600, -3.466570807216844900 ) ) ;
#8683 = ORIENTED_EDGE ( 'NONE', *, *, #2769, .T. ) ;
#8684 = AXIS2_PLACEMENT_3D ( 'NONE', #8738, #8780, #6446 ) ;
#8685 = DIRECTION ( 'NONE',  ( -0.0000000000000000000, -0.0000000000000000000, -1.000000000000000000 ) ) ;
#8686 = CARTESIAN_POINT ( 'NONE',  ( -6.762259978290679800, -5.328769981006728600, -3.129114371485063600 ) ) ;
#8687 = CARTESIAN_POINT ( 'NONE',  ( 8.662071568797259100, -2.028347153442087200, 3.452954079042413600 ) ) ;
#8689 = CARTESIAN_POINT ( 'NONE',  ( -6.708008130675950500, -5.413410377005270400, -3.143904910697430800 ) ) ;
#8688 = AXIS2_PLACEMENT_3D ( 'NONE', #2730, #6796, #8268 ) ;
#8690 = CIRCLE ( 'NONE', #7067, 9.046037105128458900 ) ;
#8691 = DIRECTION ( 'NONE',  ( 1.000000000000000000, 0.0000000000000000000, 0.0000000000000000000 ) ) ;
#8692 = VERTEX_POINT ( 'NONE', #2990 ) ;
#8693 = DIRECTION ( 'NONE',  ( 0.0000000000000000000, 0.0000000000000000000, -1.000000000000000000 ) ) ;
#8694 = CARTESIAN_POINT ( 'NONE',  ( 8.362206348396760800, 1.959904873689046100, -3.099533293948748100 ) ) ;
#8695 = EDGE_LOOP ( 'NONE', ( #887, #972, #4930, #783, #4478, #3148 ) ) ;
#8696 = B_SPLINE_CURVE_WITH_KNOTS ( 'NONE', 3,
 ( #5463, #9245, #3821, #9208, #7008, #6236, #1621 ),
 .UNSPECIFIED., .F., .F.,
 ( 4, 3, 4 ),
 ( 0.0009532733312319685400, 0.001225696219576461900, 0.001251962535739348800 ),
 .UNSPECIFIED. ) ;
#8697 = CARTESIAN_POINT ( 'NONE',  ( -8.673253241877441500, 1.928327611028206800, -3.464797546056691800 ) ) ;
#8698 = CARTESIAN_POINT ( 'NONE',  ( -8.830360115119992400, 1.964186229627660900, 3.094141646974374100 ) ) ;
#8699 = B_SPLINE_CURVE_WITH_KNOTS ( 'NONE', 3,
 ( #8294, #5977, #5347, #3676, #3740, #3806, #7488 ),
 .UNSPECIFIED., .F., .F.,
 ( 4, 3, 4 ),
 ( 0.0008460917731560555500, 0.0009002598162382147600, 0.001280034707405372100 ),
 .UNSPECIFIED. ) ;
#8700 = EDGE_CURVE ( 'NONE', #5649, #5799, #6570, .T. ) ;
#8701 = AXIS2_PLACEMENT_3D ( 'NONE', #6799, #3067, #4560 ) ;
#8702 = DATE_AND_TIME ( #3803, #2828 ) ;
#8703 = CARTESIAN_POINT ( 'NONE',  ( -8.737285000697680100, 0.0000000000000000000, 2.758752104430781200 ) ) ;
#8704 = CARTESIAN_POINT ( 'NONE',  ( 3.789595138428204300, -7.984413632840921000, -3.455541280135825000 ) ) ;
#8705 = DIRECTION ( 'NONE',  ( 1.000000000000000000, 0.0000000000000000000, 0.0000000000000000000 ) ) ;
#8706 = MANIFOLD_SOLID_BREP ( 'Revolve3[2]', #1376 ) ;
#8707 = EDGE_CURVE ( 'NONE', #9440, #8850, #7529, .T. ) ;
#8708 = CARTESIAN_POINT ( 'NONE',  ( 8.382400267963333800, -1.964514004052537500, 3.129114371485063600 ) ) ;
#8709 = CARTESIAN_POINT ( 'NONE',  ( 8.647352942452561900, -1.922416036699667000, -3.469014143938407500 ) ) ;
#8710 = FACE_OUTER_BOUND ( 'NONE', #2262, .T. ) ;
#8711 = AXIS2_PLACEMENT_3D ( 'NONE', #8719, #1792, #7260 ) ;
#8712 = DIRECTION ( 'NONE',  ( 0.0000000000000000000, 0.0000000000000000000, -1.000000000000000000 ) ) ;
#8713 = CARTESIAN_POINT ( 'NONE',  ( 7.041194074364082800, -5.679117300646379500, 3.094141646974374100 ) ) ;
#8714 = CARTESIAN_POINT ( 'NONE',  ( -3.798184586890484700, 8.002249806357744100, 3.469100694293998800 ) ) ;
#8715 = CARTESIAN_POINT ( 'NONE',  ( 0.0000000000000000000, 0.0000000000000000000, 3.193750000000000500 ) ) ;
#8716 = ORIENTED_EDGE ( 'NONE', *, *, #8750, .T. ) ;
#8717 = LINE ( 'NONE', #1637, #457 ) ;
#8718 = AXIS2_PLACEMENT_3D ( 'NONE', #8732, #6468, #7239 ) ;
#8719 = CARTESIAN_POINT ( 'NONE',  ( 0.0000000000000000000, 0.0000000000000000000, -3.094141646974374100 ) ) ;
#8720 = ADVANCED_FACE ( 'NONE', ( #2971 ), #3834, .T. ) ;
#8721 = CARTESIAN_POINT ( 'NONE',  ( 6.878316301899190000, -5.549226611465182500, 3.454996609771464800 ) ) ;
#8722 = CARTESIAN_POINT ( 'NONE',  ( 7.041194074364121000, 5.679117300646331600, 3.193750000000000100 ) ) ;
#8723 = ORIENTED_EDGE ( 'NONE', *, *, #5888, .T. ) ;
#8724 = AXIS2_PLACEMENT_3D ( 'NONE', #5034, #529, #8822 ) ;
#8725 = EDGE_CURVE ( 'NONE', #5677, #8987, #4883, .T. ) ;
#8726 = CONICAL_SURFACE ( 'NONE', #9513, 8.588813778810038700, 0.1745329251994453500 ) ;
#8727 = DIRECTION ( 'NONE',  ( 0.0000000000000000000, 0.0000000000000000000, -1.000000000000000000 ) ) ;
#8728 = CARTESIAN_POINT ( 'NONE',  ( -8.627120136385658000, 1.917798030746353800, -3.454996609771464800 ) ) ;
#8729 = DIRECTION ( 'NONE',  ( -0.0000000000000000000, -0.0000000000000000000, 1.000000000000000000 ) ) ;
#8730 = AXIS2_PLACEMENT_3D ( 'NONE', #9465, #5687, #6432 ) ;
#8731 = ORIENTED_EDGE ( 'NONE', *, *, #1097, .F. ) ;
#8732 = CARTESIAN_POINT ( 'NONE',  ( 0.0000000000000000000, 0.0000000000000000000, 3.500000000000000000 ) ) ;
#8733 = CARTESIAN_POINT ( 'NONE',  ( 0.0000000000000000000, 0.0000000000000000000, 3.500000000000000000 ) ) ;
#8734 = CONICAL_SURFACE ( 'NONE', #1370, 8.869223585189136100, 0.6108652381980126400 ) ;
#8735 = EDGE_CURVE ( 'NONE', #8157, #6286, #5494, .T. ) ;
#8736 = ADVANCED_FACE ( 'NONE', ( #840 ), #8120, .T. ) ;
#8737 = CARTESIAN_POINT ( 'NONE',  ( 8.604868042990053900, 2.015290821964419900, -3.454996609771464800 ) ) ;
#8738 = CARTESIAN_POINT ( 'NONE',  ( 7.311959341363669700, -1.668907004672386600, -3.092233167847068000E-016 ) ) ;
#8739 = ORIENTED_EDGE ( 'NONE', *, *, #8988, .T. ) ;
#8740 = CIRCLE ( 'NONE', #8790, 9.046037105128458900 ) ;
#8741 = CARTESIAN_POINT ( 'NONE',  ( -8.627120136385658000, 1.917798030746353800, 3.454996609771464800 ) ) ;
#8742 = DIRECTION ( 'NONE',  ( -1.000000000000000000, 0.0000000000000000000, 0.0000000000000000000 ) ) ;
#8743 = VECTOR ( 'NONE', #8250, 1000.000000000000000 ) ;
#8744 = EDGE_LOOP ( 'NONE', ( #1071, #2404, #9580, #4331 ) ) ;
#8745 = ORIENTED_EDGE ( 'NONE', *, *, #4880, .F. ) ;
#8746 = ORIENTED_EDGE ( 'NONE', *, *, #4637, .T. ) ;
#8747 = PLANE ( 'NONE',  #218 ) ;
#8748 = LINE ( 'NONE', #4581, #9476 ) ;
#8749 = DIRECTION ( 'NONE',  ( 0.0000000000000000000, 0.0000000000000000000, -1.000000000000000000 ) ) ;
#8750 = EDGE_CURVE ( 'NONE', #9832, #8393, #1424, .T. ) ;
#8751 = AXIS2_PLACEMENT_3D ( 'NONE', #8485, #3901, #6971 ) ;
#8752 = ORIENTED_EDGE ( 'NONE', *, *, #9136, .T. ) ;
#8753 = CARTESIAN_POINT ( 'NONE',  ( -3.848021920683427000, -7.875261609230231700, 3.351299362948741800 ) ) ;
#8754 = CARTESIAN_POINT ( 'NONE',  ( -7.181834238703176600, -5.663369288345704100, 3.094141646974374100 ) ) ;
#8755 = CYLINDRICAL_SURFACE ( 'NONE', #1790, 5.378237760728125300 ) ;
#8756 = CARTESIAN_POINT ( 'NONE',  ( 6.691813865204133000, -5.400495881239145900, 3.114323832567764700 ) ) ;
#8757 = EDGE_LOOP ( 'NONE', ( #455, #394, #7255, #2330 ) ) ;
#8758 = CARTESIAN_POINT ( 'NONE',  ( -3.812591928678031600, -8.032166959846890100, -3.459706444013471500 ) ) ;
#8759 = CARTESIAN_POINT ( 'NONE',  ( 3.818819942739252000, -8.045099564303450600, -3.437256629622303700 ) ) ;
#8760 = FACE_OUTER_BOUND ( 'NONE', #589, .T. ) ;
#8761 = ORIENTED_EDGE ( 'NONE', *, *, #2804, .T. ) ;
#8762 = ORIENTED_EDGE ( 'NONE', *, *, #2464, .F. ) ;
#8763 = DIRECTION ( 'NONE',  ( -0.0000000000000000000, -0.0000000000000000000, 1.000000000000000000 ) ) ;
#8764 = VERTEX_POINT ( 'NONE', #3909 ) ;
#8765 = DIRECTION ( 'NONE',  ( -0.0000000000000000000, -0.0000000000000000000, 1.000000000000000000 ) ) ;
#8766 = EDGE_CURVE ( 'NONE', #7078, #3991, #8599, .T. ) ;
#8767 = ORIENTED_EDGE ( 'NONE', *, *, #2116, .T. ) ;
#8768 = DIRECTION ( 'NONE',  ( 1.000000000000000000, -2.664535259100375700E-015, 0.0000000000000000000 ) ) ;
#8769 = CARTESIAN_POINT ( 'NONE',  ( -8.741693482048026100, -1.943948649232653000, 3.351032822740168000 ) ) ;
#8770 = CIRCLE ( 'NONE', #5445, 9.046037105128458900 ) ;
#8771 = VERTEX_POINT ( 'NONE', #7685 ) ;
#8772 = DIRECTION ( 'NONE',  ( 1.000000000000000000, 0.0000000000000000000, 0.0000000000000000000 ) ) ;
#8773 = ORIENTED_EDGE ( 'NONE', *, *, #5517, .T. ) ;
#8774 = ADVANCED_FACE ( 'NONE', ( #9334 ), #3034, .T. ) ;
#8775 = EDGE_CURVE ( 'NONE', #9016, #1144, #4280, .T. ) ;
#8776 = ORIENTED_EDGE ( 'NONE', *, *, #3841, .T. ) ;
#8777 = EDGE_LOOP ( 'NONE', ( #4597, #5545, #2776, #3628, #817, #3902 ) ) ;
#8778 = ORIENTED_EDGE ( 'NONE', *, *, #8766, .F. ) ;
#8779 = DIRECTION ( 'NONE',  ( 0.0000000000000000000, -0.0000000000000000000, 1.000000000000000000 ) ) ;
#8780 = DIRECTION ( 'NONE',  ( -0.2225209339563182500, -0.9749279121818227300, 0.0000000000000000000 ) ) ;
#8781 = ORIENTED_EDGE ( 'NONE', *, *, #8303, .F. ) ;
#8782 = TOROIDAL_SURFACE ( 'NONE', #8201, 8.866382193656235700, 0.03500000000000000300 ) ;
#8783 = ORIENTED_EDGE ( 'NONE', *, *, #5855, .F. ) ;
#8784 = EDGE_CURVE ( 'NONE', #5778, #2886, #4773, .T. ) ;
#8785 = CARTESIAN_POINT ( 'NONE',  ( -0.05000000000000002400, -8.843897948390175400, 3.461862008941933000 ) ) ;
#8786 = CARTESIAN_POINT ( 'NONE',  ( 0.0000000000000000000, 0.0000000000000000000, 3.500000000000000400 ) ) ;
#8787 = ORIENTED_EDGE ( 'NONE', *, *, #5194, .T. ) ;
#8788 = DIRECTION ( 'NONE',  ( 0.0000000000000000000, 0.0000000000000000000, 1.000000000000000000 ) ) ;
#8789 = ORIENTED_EDGE ( 'NONE', *, *, #6413, .T. ) ;
#8790 = AXIS2_PLACEMENT_3D ( 'NONE', #480, #351, #9652 ) ;
#8791 = ORIENTED_EDGE ( 'NONE', *, *, #2645, .F. ) ;
#8792 = EDGE_CURVE ( 'NONE', #4234, #2536, #8717, .T. ) ;
#8793 = CARTESIAN_POINT ( 'NONE',  ( 8.607508921307905700, -2.015893585207191300, -3.458522467003439300 ) ) ;
#8794 = CIRCLE ( 'NONE', #9571, 5.254494074020480600 ) ;
#8795 = LINE ( 'NONE', #9901, #3652 ) ;
#8796 = CARTESIAN_POINT ( 'NONE',  ( 3.790998746200546800, 7.987328254412442900, 3.459673052288552200 ) ) ;
#8797 = DIRECTION ( 'NONE',  ( -1.000000000000000000, 0.0000000000000000000, 0.0000000000000000000 ) ) ;
#8798 = CARTESIAN_POINT ( 'NONE',  ( 6.986779382597008600, -5.507818231228904800, 3.452421434499180400 ) ) ;
#8799 = CARTESIAN_POINT ( 'NONE',  ( -3.798434106008921500, -8.002767938145606100, -3.469014143938407500 ) ) ;
#8800 = VERTEX_POINT ( 'NONE', #4707 ) ;
#8801 = DIRECTION ( 'NONE',  ( 1.000000000000000000, 0.0000000000000000000, 0.0000000000000000000 ) ) ;
#8802 = ADVANCED_FACE ( 'NONE', ( #7283 ), #5245, .T. ) ;
#8803 = AXIS2_PLACEMENT_3D ( 'NONE', #9737, #2001, #4353 ) ;
#8804 = CARTESIAN_POINT ( 'NONE',  ( 8.463287518778887600, 1.982975991212485800, 3.247602129575368800 ) ) ;
#8805 = FACE_OUTER_BOUND ( 'NONE', #779, .T. ) ;
#8806 = VECTOR ( 'NONE', #6727, 1000.000000000000000 ) ;
#8807 = AXIS2_PLACEMENT_3D ( 'NONE', #353, #391, #1134 ) ;
#8808 = DIRECTION ( 'NONE',  ( 0.0000000000000000000, 0.0000000000000000000, 1.000000000000000000 ) ) ;
#8809 = EDGE_CURVE ( 'NONE', #701, #7245, #3452, .T. ) ;
#8810 = VERTEX_POINT ( 'NONE', #1663 ) ;
#8811 = CARTESIAN_POINT ( 'NONE',  ( 0.0000000000000000000, 0.0000000000000000000, -3.193750000000000500 ) ) ;
#8812 = CARTESIAN_POINT ( 'NONE',  ( 3.879526546993985000, 7.940681639855260900, 3.454996609771464800 ) ) ;
#8813 = DIRECTION ( 'NONE',  ( -0.0000000000000000000, -0.0000000000000000000, 1.000000000000000000 ) ) ;
#8814 = EDGE_CURVE ( 'NONE', #3913, #3233, #1430, .T. ) ;
#8816 = CARTESIAN_POINT ( 'NONE',  ( 6.959536336106034500, 5.486092626620189700, -3.469846945119945800 ) ) ;
#8815 = CARTESIAN_POINT ( 'NONE',  ( -3.879864310480627400, -7.941383012962115900, -3.456075294419946000 ) ) ;
#8817 = VERTEX_POINT ( 'NONE', #2479 ) ;
#8818 = CARTESIAN_POINT ( 'NONE',  ( 8.605239869185391300, -2.015375688867176300, 3.455541280135825800 ) ) ;
#8819 = CARTESIAN_POINT ( 'NONE',  ( -3.796590850085376400, 7.998940377781432100, 3.467739038050325000 ) ) ;
#8820 = DIRECTION ( 'NONE',  ( -0.0000000000000000000, -0.0000000000000000000, 1.000000000000000000 ) ) ;
#8821 = DIRECTION ( 'NONE',  ( -0.0000000000000000000, -0.0000000000000000000, 1.000000000000000000 ) ) ;
#8822 = DIRECTION ( 'NONE',  ( -1.000000000000000000, 0.0000000000000000000, 0.0000000000000000000 ) ) ;
#8823 = CARTESIAN_POINT ( 'NONE',  ( 0.0000000000000000000, 0.0000000000000000000, -3.193750000000000500 ) ) ;
#8824 = ADVANCED_FACE ( 'NONE', ( #9079 ), #3201, .T. ) ;
#8825 = CARTESIAN_POINT ( 'NONE',  ( -0.05000000000000004400, 8.599024861565366600, -3.114323832567764200 ) ) ;
#8826 = DIRECTION ( 'NONE',  ( -0.0000000000000000000, -0.0000000000000000000, 1.000000000000000000 ) ) ;
#8827 = FACE_OUTER_BOUND ( 'NONE', #8538, .T. ) ;
#8828 = ORIENTED_EDGE ( 'NONE', *, *, #9777, .F. ) ;
#8829 = CARTESIAN_POINT ( 'NONE',  ( 0.0000000000000000000, 0.0000000000000000000, 3.193750000000000500 ) ) ;
#8830 = CARTESIAN_POINT ( 'NONE',  ( -11.00000000000000000, 1.347111479062088400E-015, 3.500000000000000000 ) ) ;
#8831 = EDGE_CURVE ( 'NONE', #3862, #3268, #2193, .T. ) ;
#8832 = PLANE ( 'NONE',  #1624 ) ;
#8833 = CARTESIAN_POINT ( 'NONE',  ( 3.789946096564124700, -7.985142404919461300, -3.456597352396201500 ) ) ;
#8834 = LINE ( 'NONE', #159, #2244 ) ;
#8835 = CARTESIAN_POINT ( 'NONE',  ( -3.789767423690219200, 7.984771386873950900, -3.456075294419946400 ) ) ;
#8836 = EDGE_CURVE ( 'NONE', #2712, #7718, #8834, .T. ) ;
#8837 = ADVANCED_FACE ( 'NONE', ( #710 ), #4658, .T. ) ;
#8838 = VERTEX_POINT ( 'NONE', #3941 ) ;
#8839 = EDGE_LOOP ( 'NONE', ( #2489, #1724, #9153, #2992, #62, #615 ) ) ;
#8841 = CARTESIAN_POINT ( 'NONE',  ( -7.181834238703176600, -5.663369288345704100, 3.500000000000000400 ) ) ;
#8840 = CARTESIAN_POINT ( 'NONE',  ( -3.893398084003624400, -7.969486183258980300, -3.469985047562924100 ) ) ;
#8842 = AXIS2_PLACEMENT_3D ( 'NONE', #5579, #4842, #6260 ) ;
#8843 = CYLINDRICAL_SURFACE ( 'NONE', #6943, 5.686989865158905900 ) ;
#8844 = CARTESIAN_POINT ( 'NONE',  ( -6.982221020360175800, -5.504183058647989800, -3.460240287494900500 ) ) ;
#8845 = EDGE_CURVE ( 'NONE', #8456, #2458, #951, .T. ) ;
#8846 = DIRECTION ( 'NONE',  ( 0.4338837391175590100, 0.9009688679024187000, 0.0000000000000000000 ) ) ;
#8847 = DIRECTION ( 'NONE',  ( 1.000000000000000000, 0.0000000000000000000, 0.0000000000000000000 ) ) ;
#8848 = CARTESIAN_POINT ( 'NONE',  ( -3.780519072845624600, 7.735090501365887100, -3.129114371485063100 ) ) ;
#8849 = CARTESIAN_POINT ( 'NONE',  ( 6.986779382597046800, 5.507818231228858600, 3.452421434499180400 ) ) ;
#8850 = VERTEX_POINT ( 'NONE', #247 ) ;
#8851 = CARTESIAN_POINT ( 'NONE',  ( 8.639919988884477300, -2.023291199879562200, -3.469378817057675600 ) ) ;
#8852 = AXIS2_PLACEMENT_3D ( 'NONE', #2148, #9053, #5910 ) ;
#8853 = DIRECTION ( 'NONE',  ( 1.000000000000000000, 0.0000000000000000000, 0.0000000000000000000 ) ) ;
#8854 = CARTESIAN_POINT ( 'NONE',  ( 6.894092134670437100, -5.561807418287710200, -3.469100694293998800 ) ) ;
#8855 = CARTESIAN_POINT ( 'NONE',  ( 0.0000000000000000000, 0.0000000000000000000, 3.500000000000000400 ) ) ;
#8856 = CARTESIAN_POINT ( 'NONE',  ( -8.384458441792366700, 1.862412082470977300, -3.099533293948748100 ) ) ;
#8857 = AXIS2_PLACEMENT_3D ( 'NONE', #2350, #1074, #7880 ) ;
#8858 = B_SPLINE_CURVE_WITH_KNOTS ( 'NONE', 3,
 ( #4532, #2145, #2186, #9776, #2117, #3629, #8973, #9113, #8351, #7543, #2955, #7509, #8322, #4392, #5202, #1322, #9750, #4468, #5969, #6671, #7580, #9081 ),
 .UNSPECIFIED., .F., .F.,
 ( 4, 3, 3, 3, 3, 3, 3, 4 ),
 ( 0.0002168574548798377000, 0.0002188290334246931600, 0.0002305812013871319800, 0.0002423333607552047500, 0.0002540856419916233100, 0.0002658380091482434800, 0.0002775903405257948200, 0.0002867718163053285700 ),
 .UNSPECIFIED. ) ;
#8859 = EDGE_CURVE ( 'NONE', #2314, #7431, #6888, .T. ) ;
#8860 = ORIENTED_EDGE ( 'NONE', *, *, #5595, .F. ) ;
#8861 = CARTESIAN_POINT ( 'NONE',  ( 8.362206348396748400, -1.959904873689104700, 3.500000000000000000 ) ) ;
#8862 = CARTESIAN_POINT ( 'NONE',  ( 0.0000000000000000000, 0.0000000000000000000, 3.500000000000000400 ) ) ;
#8863 = FACE_OUTER_BOUND ( 'NONE', #1839, .T. ) ;
#8864 = VERTEX_POINT ( 'NONE', #6373 ) ;
#8865 = CARTESIAN_POINT ( 'NONE',  ( 8.384458441792393300, 1.862412082470863900, 3.500000000000000000 ) ) ;
#8866 = AXIS2_PLACEMENT_3D ( 'NONE', #5950, #4298, #2020 ) ;
#8867 = CARTESIAN_POINT ( 'NONE',  ( 8.693159501790580300, -1.932871084952835000, -3.437256629622304200 ) ) ;
#8868 = CARTESIAN_POINT ( 'NONE',  ( 8.830225396548327100, -1.964155480992738600, -3.193750000000000100 ) ) ;
#8869 = ORIENTED_EDGE ( 'NONE', *, *, #3000, .F. ) ;
#8870 = ADVANCED_FACE ( 'NONE', ( #4530 ), #6684, .F. ) ;
#8871 = CONICAL_SURFACE ( 'NONE', #2177, 4.524999999999999500, 0.7853981633974523900 ) ;
#8872 = AXIS2_PLACEMENT_3D ( 'NONE', #618, #8281, #9051 ) ;
#8873 = CIRCLE ( 'NONE', #5136, 9.498018552564230900 ) ;
#8874 = VERTEX_POINT ( 'NONE', #463 ) ;
#8875 = CARTESIAN_POINT ( 'NONE',  ( 3.803524205968448900, 8.013337639622395900, -3.469713030103804400 ) ) ;
#8877 = CARTESIAN_POINT ( 'NONE',  ( 0.0000000000000000000, 0.0000000000000000000, -3.500000000000000900 ) ) ;
#8876 = CARTESIAN_POINT ( 'NONE',  ( -6.950697486251040200, -5.479043879072429000, 3.466377381984354400 ) ) ;
#8878 = ORIENTED_EDGE ( 'NONE', *, *, #4556, .F. ) ;
#8879 = FACE_OUTER_BOUND ( 'NONE', #3753, .T. ) ;
#8880 = CARTESIAN_POINT ( 'NONE',  ( -7.103543054550032200, -5.600934152399481100, 3.193750000000000100 ) ) ;
#8881 = CARTESIAN_POINT ( 'NONE',  ( 6.878614483356440000, 5.549464403242320800, 3.455541280135825800 ) ) ;
#8882 = DIRECTION ( 'NONE',  ( 0.0000000000000000000, 0.0000000000000000000, 1.000000000000000000 ) ) ;
#8883 = EDGE_LOOP ( 'NONE', ( #4963, #5745, #9127, #7715, #6820, #3978 ) ) ;
#8884 = DIRECTION ( 'NONE',  ( 1.000000000000000000, 0.0000000000000000000, 1.224646799147353200E-016 ) ) ;
#8885 = VERTEX_POINT ( 'NONE', #8856 ) ;
#8886 = DIRECTION ( 'NONE',  ( 1.000000000000000000, 0.0000000000000000000, 0.0000000000000000000 ) ) ;
#8887 = VECTOR ( 'NONE', #9202, 1000.000000000000000 ) ;
#8888 = ORIENTED_EDGE ( 'NONE', *, *, #1920, .F. ) ;
#8889 = CARTESIAN_POINT ( 'NONE',  ( 8.485539612174505900, -1.885483199994362200, -3.247602129575368800 ) ) ;
#8890 = ORIENTED_EDGE ( 'NONE', *, *, #706, .F. ) ;
#8891 = CARTESIAN_POINT ( 'NONE',  ( -3.969916891359540400, 8.128379123974170300, -3.193750000000000100 ) ) ;
#8892 = ORIENTED_EDGE ( 'NONE', *, *, #2588, .T. ) ;
#8893 = DIRECTION ( 'NONE',  ( -0.0000000000000000000, -0.0000000000000000000, 1.000000000000000000 ) ) ;
#8894 = ADVANCED_FACE ( 'NONE', ( #2717 ), #6222, .F. ) ;
#8895 = ORIENTED_EDGE ( 'NONE', *, *, #5023, .F. ) ;
#8896 = FACE_OUTER_BOUND ( 'NONE', #4665, .T. ) ;
#8897 = ORIENTED_EDGE ( 'NONE', *, *, #6594, .T. ) ;
#8898 = CARTESIAN_POINT ( 'NONE',  ( 0.0000000000000000000, 0.0000000000000000000, -3.500000000000000400 ) ) ;
#8899 = ORIENTED_EDGE ( 'NONE', *, *, #5837, .T. ) ;
#8900 = EDGE_CURVE ( 'NONE', #3340, #3163, #8371, .T. ) ;
#8901 = ORIENTED_EDGE ( 'NONE', *, *, #6097, .T. ) ;
#8902 = CARTESIAN_POINT ( 'NONE',  ( -8.627879084050942300, -1.917971255598176700, 3.456075294419946400 ) ) ;
#8903 = EDGE_LOOP ( 'NONE', ( #9085, #8396, #6905, #4826 ) ) ;
#8904 = CARTESIAN_POINT ( 'NONE',  ( -8.684623479167871800, -1.930922793491831400, -3.452421434499180400 ) ) ;
#8905 = ORIENTED_EDGE ( 'NONE', *, *, #8280, .T. ) ;
#8906 = CARTESIAN_POINT ( 'NONE',  ( 3.796590850085432400, -7.998940377781406300, 3.467739038050325000 ) ) ;
#8907 = CONICAL_SURFACE ( 'NONE', #2896, 8.869223585189136100, 0.6108652381980126400 ) ;
#8908 = ORIENTED_EDGE ( 'NONE', *, *, #8972, .T. ) ;
#8909 = EDGE_LOOP ( 'NONE', ( #5524, #2550, #9257, #3791 ) ) ;
#8910 = DIRECTION ( 'NONE',  ( -1.000000000000000000, 0.0000000000000000000, 0.0000000000000000000 ) ) ;
#8912 = CARTESIAN_POINT ( 'NONE',  ( 6.984356395689119700, 5.505885963648176500, -3.457279025203407600 ) ) ;
#8911 = DIRECTION ( 'NONE',  ( -1.000000000000000000, 0.0000000000000000000, 0.0000000000000000000 ) ) ;
#8913 = CARTESIAN_POINT ( 'NONE',  ( -6.965660928076322200, -5.490976825734180400, -3.469985047562924100 ) ) ;
#8914 = PLANE ( 'NONE',  #5605 ) ;
#8915 = AXIS2_PLACEMENT_3D ( 'NONE', #6168, #31, #8532 ) ;
#8916 = CARTESIAN_POINT ( 'NONE',  ( -3.771531933161234000, 7.716428513517264800, -3.094141646974374100 ) ) ;
#8917 = CONICAL_SURFACE ( 'NONE', #5278, 9.046037105128458900, 0.5235987755983011500 ) ;
#8918 = CYLINDRICAL_SURFACE ( 'NONE', #3168, 5.378237760728125300 ) ;
#8919 = VERTEX_POINT ( 'NONE', #7227 ) ;
#8920 = DIRECTION ( 'NONE',  ( -0.0000000000000000000, -0.0000000000000000000, 1.000000000000000000 ) ) ;
#8921 = AXIS2_PLACEMENT_3D ( 'NONE', #1098, #1890, #7259 ) ;
#8922 = EDGE_CURVE ( 'NONE', #7617, #9260, #7650, .T. ) ;
#8923 = DIRECTION ( 'NONE',  ( -1.000000000000000000, 0.0000000000000000000, 0.0000000000000000000 ) ) ;
#8924 = CARTESIAN_POINT ( 'NONE',  ( 8.384458441792393300, 1.862412082470863900, 3.099533293948748100 ) ) ;
#8925 = ADVANCED_FACE ( 'NONE', ( #4049 ), #4164, .T. ) ;
#8926 = CARTESIAN_POINT ( 'NONE',  ( 0.05000000000000002400, -8.837570431649497800, -3.454996609771464800 ) ) ;
#8927 = CARTESIAN_POINT ( 'NONE',  ( 6.883263353692894900, -5.553171753624084800, -3.461862008941933000 ) ) ;
#8928 = DIRECTION ( 'NONE',  ( -1.000000000000000000, 0.0000000000000000000, 0.0000000000000000000 ) ) ;
#8929 = VERTEX_POINT ( 'NONE', #4202 ) ;
#8930 = AXIS2_PLACEMENT_3D ( 'NONE', #927, #6136, #6206 ) ;
#8931 = CARTESIAN_POINT ( 'NONE',  ( 8.382400267963348000, 1.964514004052479300, 3.129114371485063100 ) ) ;
#8932 = AXIS2_PLACEMENT_3D ( 'NONE', #5632, #3437, #1859 ) ;
#8933 = CARTESIAN_POINT ( 'NONE',  ( 8.670907408394947800, -2.030363876171017000, 3.437256629622303700 ) ) ;
#8934 = EDGE_CURVE ( 'NONE', #2142, #2661, #223, .T. ) ;
#8935 = CARTESIAN_POINT ( 'NONE',  ( 0.05000000000000002400, 8.846913349918352800, -3.464362763198132600 ) ) ;
#8936 = CARTESIAN_POINT ( 'NONE',  ( -6.746065712156315000, 5.315855484712322700, 3.099533293948748100 ) ) ;
#8937 = CARTESIAN_POINT ( 'NONE',  ( 3.799902305093663600, -8.005816684959784300, 3.469846945119945800 ) ) ;
#8938 = ADVANCED_FACE ( 'NONE', ( #2482 ), #2607, .F. ) ;
#8940 = CARTESIAN_POINT ( 'NONE',  ( 6.965660928076285800, 5.490976825734227500, -3.469985047562924100 ) ) ;
#8939 = DIRECTION ( 'NONE',  ( 0.0000000000000000000, 0.0000000000000000000, -1.000000000000000000 ) ) ;
#8941 = SHAPE_DEFINITION_REPRESENTATION ( #2931, #8414 ) ;
#8942 = CARTESIAN_POINT ( 'NONE',  ( 3.879526546993929100, -7.940681639855288400, 3.454996609771464800 ) ) ;
#8943 = CARTESIAN_POINT ( 'NONE',  ( 8.639919988884477300, -2.023291199879562200, 3.469378817057675600 ) ) ;
#8944 = DIRECTION ( 'NONE',  ( -0.7818314824680268100, 0.6234898018587372600, 0.0000000000000000000 ) ) ;
#8945 = CARTESIAN_POINT ( 'NONE',  ( -7.068044516080721700, 5.572625012626228400, 3.272391413630716200 ) ) ;
#8946 = LINE ( 'NONE', #1666, #5603 ) ;
#8947 = DIRECTION ( 'NONE',  ( 1.000000000000000000, 0.0000000000000000000, 0.0000000000000000000 ) ) ;
#8948 = CARTESIAN_POINT ( 'NONE',  ( -6.940963463542236600, 5.471281254995616900, 3.455541280135824500 ) ) ;
#8949 = CARTESIAN_POINT ( 'NONE',  ( 6.879246888065205600, -5.549968729168641700, -3.456597352396201500 ) ) ;
#8950 = CARTESIAN_POINT ( 'NONE',  ( -3.789429660203798500, -7.984070013766990200, -3.454996609771464800 ) ) ;
#8951 = CARTESIAN_POINT ( 'NONE',  ( 6.924430402411135600, -5.586001379475708200, 3.452421434499180400 ) ) ;
#8952 = ORIENTED_EDGE ( 'NONE', *, *, #4861, .T. ) ;
#8953 = CARTESIAN_POINT ( 'NONE',  ( -6.903311947890332900, 5.569159973981128600, 3.469985047562923700 ) ) ;
#8954 = CIRCLE ( 'NONE', #92, 9.046037105128458900 ) ;
#8955 = DIRECTION ( 'NONE',  ( 0.0000000000000000000, -0.0000000000000000000, 1.000000000000000000 ) ) ;
#8956 = DIRECTION ( 'NONE',  ( -1.000000000000000000, 0.0000000000000000000, 0.0000000000000000000 ) ) ;
#8957 = EDGE_CURVE ( 'NONE', #4292, #1129, #2328, .T. ) ;
#8958 = DIRECTION ( 'NONE',  ( 0.7818314824680220300, -0.6234898018587432500, 0.0000000000000000000 ) ) ;
#8959 = ORIENTED_EDGE ( 'NONE', *, *, #753, .T. ) ;
#8960 = CARTESIAN_POINT ( 'NONE',  ( 0.05000000000000002400, 8.861707415697983600, -3.469846945119945800 ) ) ;
#8961 = VERTEX_POINT ( 'NONE', #8029 ) ;
#8962 = CARTESIAN_POINT ( 'NONE',  ( -3.848021920683262200, 7.875261609230313400, 3.351299362948741300 ) ) ;
#8963 = CARTESIAN_POINT ( 'NONE',  ( 3.792175066826460700, -7.989770909361523900, 3.461862008941933000 ) ) ;
#8964 = VECTOR ( 'NONE', #1459, 1000.000000000000000 ) ;
#8965 = ADVANCED_FACE ( 'NONE', ( #6094 ), #4406, .T. ) ;
#8966 = EDGE_CURVE ( 'NONE', #384, #7953, #7727, .T. ) ;
#8967 = CARTESIAN_POINT ( 'NONE',  ( 6.997047420489827200, 5.516006718204386600, 3.429674227117769800 ) ) ;
#8968 = DIRECTION ( 'NONE',  ( -0.0000000000000000000, -0.0000000000000000000, 1.000000000000000000 ) ) ;
#8969 = ORIENTED_EDGE ( 'NONE', *, *, #8659, .T. ) ;
#8970 = AXIS2_PLACEMENT_3D ( 'NONE', #4410, #6687, #8236 ) ;
#8971 = CARTESIAN_POINT ( 'NONE',  ( -8.372303308387719400, -1.962209438918102800, 3.114323832567764200 ) ) ;
#8972 = EDGE_CURVE ( 'NONE', #2151, #9589, #3174, .T. ) ;
#8973 = CARTESIAN_POINT ( 'NONE',  ( 8.614533864218010700, 2.017496982584323200, 3.464471549642479200 ) ) ;
#8974 = CIRCLE ( 'NONE', #150, 9.046037105128458900 ) ;
#8975 = CARTESIAN_POINT ( 'NONE',  ( 3.879820004569413300, 8.171767497885872100, -3.500000000000000000 ) ) ;
#8976 = VERTEX_POINT ( 'NONE', #3546 ) ;
#8977 = CARTESIAN_POINT ( 'NONE',  ( 6.883263353692894900, -5.553171753624084800, 3.461862008941933000 ) ) ;
#8978 = AXIS2_PLACEMENT_3D ( 'NONE', #8266, #4456, #3658 ) ;
#8979 = ORIENTED_EDGE ( 'NONE', *, *, #1900, .F. ) ;
#8980 = CIRCLE ( 'NONE', #2620, 9.046037105128458900 ) ;
#8981 = CARTESIAN_POINT ( 'NONE',  ( -6.959874108529799500, 5.486361991139801800, 3.469900311146004500 ) ) ;
#8982 = TOROIDAL_SURFACE ( 'NONE', #8921, 8.866382193656235700, 0.03500000000000000300 ) ;
#8983 = EDGE_LOOP ( 'NONE', ( #8055, #5886 ) ) ;
#8984 = CARTESIAN_POINT ( 'NONE',  ( -6.927853081768559700, -5.588730875181777700, 3.444839032082838600 ) ) ;
#8985 = CARTESIAN_POINT ( 'NONE',  ( -3.905117942077038800, -7.993822719313215900, 3.452421434499180400 ) ) ;
#8986 = AXIS2_PLACEMENT_3D ( 'NONE', #3364, #1827, #7965 ) ;
#8987 = VERTEX_POINT ( 'NONE', #1145 ) ;
#8988 = EDGE_CURVE ( 'NONE', #260, #9589, #7889, .T. ) ;
#8989 = FACE_OUTER_BOUND ( 'NONE', #7710, .T. ) ;
#8990 = CARTESIAN_POINT ( 'NONE',  ( -6.906425780025288400, 5.571643172246202100, 3.469378817057675600 ) ) ;
#8991 = CARTESIAN_POINT ( 'NONE',  ( 0.0000000000000000000, 0.0000000000000000000, 3.094141646974374100 ) ) ;
#8992 = CARTESIAN_POINT ( 'NONE',  ( 0.0000000000000000000, 0.0000000000000000000, 3.452421434499180400 ) ) ;
#8993 = ORIENTED_EDGE ( 'NONE', *, *, #908, .F. ) ;
#8994 = CARTESIAN_POINT ( 'NONE',  ( 0.0000000000000000000, 0.0000000000000000000, -7.960204194457796500E-016 ) ) ;
#8995 = LINE ( 'NONE', #2012, #7199 ) ;
#8996 = DIRECTION ( 'NONE',  ( 0.0000000000000000000, 0.0000000000000000000, 1.000000000000000000 ) ) ;
#8997 = VERTEX_POINT ( 'NONE', #4340 ) ;
#8998 = EDGE_CURVE ( 'NONE', #1197, #8003, #3875, .T. ) ;
#8999 = CIRCLE ( 'NONE', #6304, 9.046037105128458900 ) ;
#9000 = DIRECTION ( 'NONE',  ( 0.6234898018587431400, 0.7818314824680221400, -0.0000000000000000000 ) ) ;
#9001 = EDGE_LOOP ( 'NONE', ( #2024, #1942, #3348, #1539 ) ) ;
#9002 = CARTESIAN_POINT ( 'NONE',  ( 7.041194074364082800, -5.679117300646379500, 3.193750000000000100 ) ) ;
#9003 = FACE_OUTER_BOUND ( 'NONE', #1947, .T. ) ;
#9004 = DIRECTION ( 'NONE',  ( -0.0000000000000000000, -0.0000000000000000000, 1.000000000000000000 ) ) ;
#9005 = ORIENTED_EDGE ( 'NONE', *, *, #1806, .F. ) ;
#9006 = DIRECTION ( 'NONE',  ( -1.000000000000000000, 0.0000000000000000000, 0.0000000000000000000 ) ) ;
#9007 = ORIENTED_EDGE ( 'NONE', *, *, #7268, .T. ) ;
#9008 = LINE ( 'NONE', #5047, #4212 ) ;
#9009 = ORIENTED_EDGE ( 'NONE', *, *, #6288, .T. ) ;
#9010 = DIRECTION ( 'NONE',  ( -0.0000000000000000000, -0.0000000000000000000, 1.000000000000000000 ) ) ;
#9011 = ORIENTED_EDGE ( 'NONE', *, *, #8620, .F. ) ;
#9012 = CARTESIAN_POINT ( 'NONE',  ( 8.627120136385686400, 1.917798030746237700, -3.454996609771464800 ) ) ;
#9013 = DIRECTION ( 'NONE',  ( 1.000000000000000000, 0.0000000000000000000, 0.0000000000000000000 ) ) ;
#9014 = CARTESIAN_POINT ( 'NONE',  ( 3.901485164720695000, -7.986279179404071700, 3.462472406546387700 ) ) ;
#9015 = VERTEX_POINT ( 'NONE', #2892 ) ;
#9016 = VERTEX_POINT ( 'NONE', #8951 ) ;
#9017 = ORIENTED_EDGE ( 'NONE', *, *, #1684, .T. ) ;
#9018 = ORIENTED_EDGE ( 'NONE', *, *, #7168, .T. ) ;
#9019 = CARTESIAN_POINT ( 'NONE',  ( -6.986779382596969500, 5.507818231228957200, -3.452421434499180400 ) ) ;
#9020 = CIRCLE ( 'NONE', #7406, 5.378237760728124400 ) ;
#9021 = ORIENTED_EDGE ( 'NONE', *, *, #9112, .T. ) ;
#9022 = ADVANCED_FACE ( 'NONE', ( #2002 ), #2843, .T. ) ;
#9023 = CARTESIAN_POINT ( 'NONE',  ( -6.969107329192179500, 5.493725238911729000, 3.469286171371085200 ) ) ;
#9024 = CARTESIAN_POINT ( 'NONE',  ( 0.05000000000000002400, -8.854507720150186500, 3.468127985775450100 ) ) ;
#9025 = CARTESIAN_POINT ( 'NONE',  ( -8.681279677114361000, 1.930159592493648300, 3.457544059217933600 ) ) ;
#9026 = EDGE_CURVE ( 'NONE', #4922, #8692, #5840, .T. ) ;
#9027 = VERTEX_POINT ( 'NONE', #8985 ) ;
#9028 = DIRECTION ( 'NONE',  ( 1.000000000000000000, 0.0000000000000000000, 0.0000000000000000000 ) ) ;
#9029 = CARTESIAN_POINT ( 'NONE',  ( 5.254494074020480600, 0.0000000000000000000, -3.500000000000000000 ) ) ;
#9030 = VERTEX_POINT ( 'NONE', #7458 ) ;
#9031 = CARTESIAN_POINT ( 'NONE',  ( 3.899896769729807000, 7.982980843219137600, -3.465025888964337500 ) ) ;
#9032 = VERTEX_POINT ( 'NONE', #2061 ) ;
#9033 = CARTESIAN_POINT ( 'NONE',  ( 6.883481840562354600, 5.553345991088222400, -3.462372291138045900 ) ) ;
#9034 = DIRECTION ( 'NONE',  ( 1.000000000000000000, 0.0000000000000000000, 0.0000000000000000000 ) ) ;
#9035 = VECTOR ( 'NONE', #4900, 1000.000000000000000 ) ;
#9036 = EDGE_CURVE ( 'NONE', #2559, #4846, #4644, .T. ) ;
#9037 = CARTESIAN_POINT ( 'NONE',  ( -8.627120136385698900, -1.917798030746181000, 3.454996609771464800 ) ) ;
#9038 = VERTEX_POINT ( 'NONE', #9064 ) ;
#9039 = DIRECTION ( 'NONE',  ( -0.0000000000000000000, -0.0000000000000000000, 1.000000000000000000 ) ) ;
#9040 = CARTESIAN_POINT ( 'NONE',  ( -3.681435046370991500, 7.759816887429019000, 3.094141646974374100 ) ) ;
#9041 = CARTESIAN_POINT ( 'NONE',  ( 6.927853081768485100, -5.588730875181871800, 3.444839032082838600 ) ) ;
#9042 = AXIS2_PLACEMENT_3D ( 'NONE', #4393, #7352, #9654 ) ;
#9043 = DIRECTION ( 'NONE',  ( -0.6234898018585262000, -0.7818314824681952300, 0.0000000000000000000 ) ) ;
#9044 = EDGE_CURVE ( 'NONE', #5614, #6204, #582, .T. ) ;
#9045 = FACE_OUTER_BOUND ( 'NONE', #1152, .T. ) ;
#9046 = FACE_OUTER_BOUND ( 'NONE', #8072, .T. ) ;
#9047 = DIRECTION ( 'NONE',  ( 1.000000000000000000, 0.0000000000000000000, 0.0000000000000000000 ) ) ;
#9048 = ORIENTED_EDGE ( 'NONE', *, *, #395, .T. ) ;
#9049 = ORIENTED_EDGE ( 'NONE', *, *, #4153, .T. ) ;
#9050 = CARTESIAN_POINT ( 'NONE',  ( 0.0000000000000000000, 0.0000000000000000000, 2.758752104430781700 ) ) ;
#9051 = DIRECTION ( 'NONE',  ( -0.7818314824680221400, 0.6234898018587431400, 0.0000000000000000000 ) ) ;
#9052 = AXIS2_PLACEMENT_3D ( 'NONE', #3002, #2160, #5955 ) ;
#9053 = DIRECTION ( 'NONE',  ( 0.0000000000000000000, 0.0000000000000000000, -1.000000000000000000 ) ) ;
#9054 = CARTESIAN_POINT ( 'NONE',  ( 0.0000000000000000000, 0.0000000000000000000, -3.193750000000000500 ) ) ;
#9055 = AXIS2_PLACEMENT_3D ( 'NONE', #850, #6825, #2371 ) ;
#9056 = B_SPLINE_CURVE_WITH_KNOTS ( 'NONE', 3,
 ( #7486, #3671, #7726, #836, #2284, #1600, #18 ),
 .UNSPECIFIED., .F., .F.,
 ( 4, 3, 4 ),
 ( 0.0009532733312319694000, 0.001225696219576462100, 0.001251962535739348000 ),
 .UNSPECIFIED. ) ;
#9057 = EDGE_CURVE ( 'NONE', #5430, #9261, #109, .T. ) ;
#9058 = ORIENTED_EDGE ( 'NONE', *, *, #9136, .F. ) ;
#9059 = CARTESIAN_POINT ( 'NONE',  ( -6.963018244171545100, 5.488869355645132200, -3.470139885832122400 ) ) ;
#9060 = CARTESIAN_POINT ( 'NONE',  ( 6.941595868251079400, -5.471785580921839200, 3.456597352396201500 ) ) ;
#9061 = DIRECTION ( 'NONE',  ( 0.7818314824680310200, 0.6234898018587320400, 0.0000000000000000000 ) ) ;
#9062 = CARTESIAN_POINT ( 'NONE',  ( 3.969976846764378100, -8.128503622655012300, -3.500000000000000400 ) ) ;
#9063 = DIRECTION ( 'NONE',  ( 1.000000000000000000, 0.0000000000000000000, 0.0000000000000000000 ) ) ;
#9064 = CARTESIAN_POINT ( 'NONE',  ( 5.254494074020480600, 0.0000000000000000000, -3.500000000000000000 ) ) ;
#9065 = LOCAL_TIME ( 8, 6, 3.000000000000000000, #6663 ) ;
#9066 = DIRECTION ( 'NONE',  ( 1.000000000000000000, 0.0000000000000000000, 0.0000000000000000000 ) ) ;
#9067 = AXIS2_PLACEMENT_3D ( 'NONE', #8626, #7897, #4756 ) ;
#9068 = CARTESIAN_POINT ( 'NONE',  ( 8.662371385772228600, 2.028415584710071800, -3.452421434499180400 ) ) ;
#9069 = AXIS2_PLACEMENT_3D ( 'NONE', #6148, #9921, #7720 ) ;
#9070 = DIRECTION ( 'NONE',  ( -1.000000000000000000, 0.0000000000000000000, 0.0000000000000000000 ) ) ;
#9071 = LINE ( 'NONE', #2986, #833 ) ;
#9072 = PLANE ( 'NONE',  #7011 ) ;
#9073 = CARTESIAN_POINT ( 'NONE',  ( 6.940665282085063800, -5.471043463218380000, 3.454996609771464800 ) ) ;
#9074 = CARTESIAN_POINT ( 'NONE',  ( -3.908916829529438500, 8.001711190391724000, -3.437256629622304600 ) ) ;
#9075 = ADVANCED_FACE ( 'NONE', ( #9919 ), #5242, .T. ) ;
#9076 = ORIENTED_EDGE ( 'NONE', *, *, #6445, .T. ) ;
#9077 = CARTESIAN_POINT ( 'NONE',  ( 0.0000000000000000000, 0.0000000000000000000, 3.500000000000000400 ) ) ;
#9078 = CARTESIAN_POINT ( 'NONE',  ( 6.940963463542276600, -5.471281254995565400, -3.455541280135825400 ) ) ;
#9079 = FACE_OUTER_BOUND ( 'NONE', #6147, .T. ) ;
#9080 = PLANE ( 'NONE',  #1292 ) ;
#9081 = CARTESIAN_POINT ( 'NONE',  ( 8.662371385772228600, 2.028415584710071800, 3.452421434499180400 ) ) ;
#9082 = DIRECTION ( 'NONE',  ( 1.000000000000000000, 0.0000000000000000000, 0.0000000000000000000 ) ) ;
#9083 = CARTESIAN_POINT ( 'NONE',  ( 9.046037105128460700, 0.0000000000000000000, 3.500000000000000000 ) ) ;
#9084 = CARTESIAN_POINT ( 'NONE',  ( 6.915022174933617400, -5.578498568425834100, 3.465025888964337500 ) ) ;
#9085 = ORIENTED_EDGE ( 'NONE', *, *, #8473, .T. ) ;
#9086 = CARTESIAN_POINT ( 'NONE',  ( -3.905117942077038800, -7.993822719313215900, -3.452421434499180400 ) ) ;
#9087 = CARTESIAN_POINT ( 'NONE',  ( 0.0000000000000000000, 9.046037105128460700, 3.325000000000000600 ) ) ;
#9088 = VECTOR ( 'NONE', #4139, 1000.000000000000000 ) ;
#9089 = CARTESIAN_POINT ( 'NONE',  ( -8.362206348396773200, -1.959904873688991500, -3.094141646974374100 ) ) ;
#9090 = CARTESIAN_POINT ( 'NONE',  ( 0.05000000000000002400, -8.850792249910227800, 3.466570807216844900 ) ) ;
#9091 = CARTESIAN_POINT ( 'NONE',  ( -8.636785957613616600, 1.920004191366257300, 3.464471549642479200 ) ) ;
#9092 = DIRECTION ( 'NONE',  ( 1.000000000000000000, 0.0000000000000000000, 0.0000000000000000000 ) ) ;
#9093 = EDGE_CURVE ( 'NONE', #1252, #4210, #5405, .T. ) ;
#9094 = CARTESIAN_POINT ( 'NONE',  ( 6.746065712156355900, -5.315855484712272100, 3.500000000000000000 ) ) ;
#9095 = CARTESIAN_POINT ( 'NONE',  ( -3.969916891359540400, 8.128379123974170300, 3.193750000000000100 ) ) ;
#9096 = ORIENTED_EDGE ( 'NONE', *, *, #3187, .T. ) ;
#9097 = DIRECTION ( 'NONE',  ( 0.0000000000000000000, 0.0000000000000000000, -1.000000000000000000 ) ) ;
#9098 = FACE_OUTER_BOUND ( 'NONE', #1586, .T. ) ;
#9099 = CARTESIAN_POINT ( 'NONE',  ( 5.686989865158905900, 0.0000000000000000000, -2.758752104430781200 ) ) ;
#9100 = DIRECTION ( 'NONE',  ( 0.0000000000000000000, 0.0000000000000000000, 1.000000000000000000 ) ) ;
#9101 = CARTESIAN_POINT ( 'NONE',  ( 6.970196991303221300, -5.622499016217067200, -3.351032822740167600 ) ) ;
#9102 = CARTESIAN_POINT ( 'NONE',  ( -4.000000000000000000, 4.898587196589412800E-016, -2.975000000000005000 ) ) ;
#9103 = EDGE_LOOP ( 'NONE', ( #506, #6513, #8901, #9244 ) ) ;
#9104 = APPLICATION_PROTOCOL_DEFINITION ( 'international standard', 'config_control_design', 1994, #6766 ) ;
#9105 = EDGE_CURVE ( 'NONE', #2667, #9505, #342, .T. ) ;
#9106 = VECTOR ( 'NONE', #5988, 1000.000000000000000 ) ;
#9107 = EDGE_LOOP ( 'NONE', ( #1470, #5915, #4699, #2156, #145, #7807 ) ) ;
#9108 = DIRECTION ( 'NONE',  ( 0.0000000000000000000, 0.0000000000000000000, 1.000000000000000000 ) ) ;
#9109 = CARTESIAN_POINT ( 'NONE',  ( 6.943492677353427600, -5.473298235704751500, -3.459673052288552200 ) ) ;
#9110 = AXIS2_PLACEMENT_3D ( 'NONE', #9199, #25, #5374 ) ;
#9111 = CARTESIAN_POINT ( 'NONE',  ( 0.05000000000000004400, 8.588668239434865000, 3.099533293948748100 ) ) ;
#9112 = EDGE_CURVE ( 'NONE', #3158, #4728, #2374, .T. ) ;
#9113 = CARTESIAN_POINT ( 'NONE',  ( 8.617758362662232900, 2.018232953312398200, 3.466570807216844900 ) ) ;
#9114 = CARTESIAN_POINT ( 'NONE',  ( 6.941595868251116700, 5.471785580921793000, -3.456597352396201500 ) ) ;
#9115 = DIRECTION ( 'NONE',  ( 0.0000000000000000000, 0.0000000000000000000, -1.000000000000000000 ) ) ;
#9116 = ORIENTED_EDGE ( 'NONE', *, *, #6982, .F. ) ;
#9117 = PLANE ( 'NONE',  #9379 ) ;
#9118 = TOROIDAL_SURFACE ( 'NONE', #649, 8.866382193656235700, 0.03500000000000000300 ) ;
#9119 = CARTESIAN_POINT ( 'NONE',  ( -3.806894729835316800, -8.020336604549463300, 3.468181098941469200 ) ) ;
#9120 = LINE ( 'NONE', #8865, #8156 ) ;
#9121 = VERTEX_POINT ( 'NONE', #739 ) ;
#9122 = CARTESIAN_POINT ( 'NONE',  ( 0.0000000000000000000, 0.0000000000000000000, 3.500000000000000000 ) ) ;
#9123 = ORIENTED_EDGE ( 'NONE', *, *, #6439, .F. ) ;
#9124 = B_SPLINE_CURVE_WITH_KNOTS ( 'NONE', 3,
 ( #4822, #7038, #2471, #3251, #6362, #5590, #4027, #6403, #1799, #2578, #7939, #4120, #3995, #6336, #1772, #184, #1021, #9348, #4760, #5526, #9381, #4787, #208, #5562, #1110 ),
 .UNSPECIFIED., .F., .F.,
 ( 4, 3, 3, 3, 3, 3, 3, 3, 4 ),
 ( 0.0001509499138714721400, 0.0001527764003826838500, 0.0001645282963311805400, 0.0001762803579144470400, 0.0001880325997012756500, 0.0001997849575937702800, 0.0002115373162334667200, 0.0002188290956692479400, 0.0002208042975641455100 ),
 .UNSPECIFIED. ) ;
#9125 = CARTESIAN_POINT ( 'NONE',  ( 0.0000000000000000000, 0.0000000000000000000, -3.376256313292342400 ) ) ;
#9127 = ORIENTED_EDGE ( 'NONE', *, *, #2683, .F. ) ;
#9126 = AXIS2_PLACEMENT_3D ( 'NONE', #8991, #3801, #6151 ) ;
#9128 = CARTESIAN_POINT ( 'NONE',  ( -7.311959341363692700, -1.668907004672287800, -3.092233167847068000E-016 ) ) ;
#9129 = ADVANCED_FACE ( 'NONE', ( #8496, #8244 ), #7495, .F. ) ;
#9130 = EDGE_LOOP ( 'NONE', ( #1086, #6482 ) ) ;
#9131 = CARTESIAN_POINT ( 'NONE',  ( -8.676460702543531400, 1.929059692994604400, 3.462472406546387700 ) ) ;
#9132 = DIRECTION ( 'NONE',  ( -0.0000000000000000000, -0.0000000000000000000, 1.000000000000000000 ) ) ;
#9133 = DIRECTION ( 'NONE',  ( 0.0000000000000000000, 0.0000000000000000000, 1.000000000000000000 ) ) ;
#9134 = CARTESIAN_POINT ( 'NONE',  ( 0.0000000000000000000, 0.0000000000000000000, 2.449999999999999300 ) ) ;
#9135 = VERTEX_POINT ( 'NONE', #823 ) ;
#9136 = EDGE_CURVE ( 'NONE', #3798, #5661, #8493, .T. ) ;
#9137 = CARTESIAN_POINT ( 'NONE',  ( -7.103543054549914100, 5.600934152399629400, -3.500000000000000000 ) ) ;
#9138 = LINE ( 'NONE', #9094, #504 ) ;
#9139 = ORIENTED_EDGE ( 'NONE', *, *, #1090, .T. ) ;
#9140 = CARTESIAN_POINT ( 'NONE',  ( -0.05000000000000001000, -9.000494587112768800, -3.272391413630715700 ) ) ;
#9141 = CARTESIAN_POINT ( 'NONE',  ( 0.0000000000000000000, 0.0000000000000000000, -3.452421434499180400 ) ) ;
#9142 = ORIENTED_EDGE ( 'NONE', *, *, #8480, .T. ) ;
#9143 = ORIENTED_EDGE ( 'NONE', *, *, #2577, .T. ) ;
#9144 = EDGE_CURVE ( 'NONE', #6975, #7304, #5848, .T. ) ;
#9145 = DIRECTION ( 'NONE',  ( 0.0000000000000000000, 0.0000000000000000000, 1.000000000000000000 ) ) ;
#9146 = ORIENTED_EDGE ( 'NONE', *, *, #1842, .T. ) ;
#9147 = DIRECTION ( 'NONE',  ( 0.2225209339566612000, -0.9749279121817443500, 0.0000000000000000000 ) ) ;
#9148 = LINE ( 'NONE', #4028, #4946 ) ;
#9149 = VERTEX_POINT ( 'NONE', #2023 ) ;
#9150 = VERTEX_POINT ( 'NONE', #6893 ) ;
#9151 = B_SPLINE_CURVE_WITH_KNOTS ( 'NONE', 3,
 ( #3602, #594, #4375, #3545, #5041, #8984, #9723 ),
 .UNSPECIFIED., .F., .F.,
 ( 4, 3, 4 ),
 ( 0.0009532733312319683200, 0.001225696219576462100, 0.001251962535739348800 ),
 .UNSPECIFIED. ) ;
#9152 = CARTESIAN_POINT ( 'NONE',  ( 3.910816273206107100, -8.005655425827766800, -3.429674227117770700 ) ) ;
#9153 = ORIENTED_EDGE ( 'NONE', *, *, #8208, .F. ) ;
#9154 = DIRECTION ( 'NONE',  ( 0.0000000000000000000, 0.0000000000000000000, 1.000000000000000000 ) ) ;
#9155 = ORIENTED_EDGE ( 'NONE', *, *, #2698, .F. ) ;
#9156 = ORIENTED_EDGE ( 'NONE', *, *, #447, .F. ) ;
#9157 = DIRECTION ( 'NONE',  ( -1.000000000000000000, 0.0000000000000000000, 0.0000000000000000000 ) ) ;
#9158 = LINE ( 'NONE', #9416, #4357 ) ;
#9159 = DIRECTION ( 'NONE',  ( 0.4338837391175590600, 0.9009688679024187000, 0.0000000000000000000 ) ) ;
#9160 = EDGE_LOOP ( 'NONE', ( #4097, #7422 ) ) ;
#9161 = DIRECTION ( 'NONE',  ( 1.000000000000000000, 0.0000000000000000000, 0.0000000000000000000 ) ) ;
#9162 = ORIENTED_EDGE ( 'NONE', *, *, #6202, .T. ) ;
#9163 = DIRECTION ( 'NONE',  ( -0.0000000000000000000, -0.0000000000000000000, 1.000000000000000000 ) ) ;
#9164 = DIRECTION ( 'NONE',  ( 1.000000000000000000, 0.0000000000000000000, 0.0000000000000000000 ) ) ;
#9165 = CARTESIAN_POINT ( 'NONE',  ( 6.941273910857324500, -5.471528828467965500, 3.456075294419946400 ) ) ;
#9166 = FACE_OUTER_BOUND ( 'NONE', #5026, .T. ) ;
#9167 = VECTOR ( 'NONE', #4996, 1000.000000000000000 ) ;
#9168 = CARTESIAN_POINT ( 'NONE',  ( -3.685928616305600000, 7.769147881545230000, -3.114323832567764700 ) ) ;
#9169 = CARTESIAN_POINT ( 'NONE',  ( -5.686989865158905900, 6.964553935150292200E-016, -2.758752104430781200 ) ) ;
#9170 = EDGE_CURVE ( 'NONE', #7107, #6660, #7599, .T. ) ;
#9171 = DIRECTION ( 'NONE',  ( -0.0000000000000000000, -0.0000000000000000000, -1.000000000000000000 ) ) ;
#9172 = CARTESIAN_POINT ( 'NONE',  ( -6.986779382597083200, -5.507818231228810600, 3.452421434499180400 ) ) ;
#9173 = ORIENTED_EDGE ( 'NONE', *, *, #6982, .T. ) ;
#9174 = CARTESIAN_POINT ( 'NONE',  ( 8.362206348396748400, -1.959904873689104700, 3.099533293948748100 ) ) ;
#9175 = CARTESIAN_POINT ( 'NONE',  ( -3.254128043381738300, -6.757266509268117900, -3.092233167847068000E-016 ) ) ;
#9176 = DIRECTION ( 'NONE',  ( -6.776263578034443400E-017, -1.000000000000000000, 0.0000000000000000000 ) ) ;
#9177 = EDGE_CURVE ( 'NONE', #6302, #5986, #5120, .T. ) ;
#9178 = CIRCLE ( 'NONE', #933, 8.837711872106121200 ) ;
#9179 = DIRECTION ( 'NONE',  ( 1.000000000000000000, 0.0000000000000000000, -0.0000000000000000000 ) ) ;
#9180 = CARTESIAN_POINT ( 'NONE',  ( 0.0000000000000000000, 0.0000000000000000000, 3.452421434499180400 ) ) ;
#9181 = ORIENTED_EDGE ( 'NONE', *, *, #77, .T. ) ;
#9182 = AXIS2_PLACEMENT_3D ( 'NONE', #339, #315, #6438 ) ;
#9183 = ADVANCED_FACE ( 'NONE', ( #8239, #6793 ), #6817, .F. ) ;
#9184 = EDGE_CURVE ( 'NONE', #3263, #8311, #3094, .T. ) ;
#9185 = CARTESIAN_POINT ( 'NONE',  ( 8.697427512990353500, 1.933845230657743800, -3.429674227117769800 ) ) ;
#9186 = CARTESIAN_POINT ( 'NONE',  ( 6.977661160248792300, -5.500546691552289100, -3.464797546056691800 ) ) ;
#9187 = DATE_AND_TIME ( #7267, #1167 ) ;
#9188 = CARTESIAN_POINT ( 'NONE',  ( 0.0000000000000000000, 0.0000000000000000000, -3.094141646974374100 ) ) ;
#9189 = CARTESIAN_POINT ( 'NONE',  ( -8.830360115119992400, 1.964186229627660900, -3.094141646974374100 ) ) ;
#9190 = VERTEX_POINT ( 'NONE', #4543 ) ;
#9191 = CARTESIAN_POINT ( 'NONE',  ( 8.676460702543543800, -1.929059692994547600, 3.462472406546387200 ) ) ;
#9192 = AXIS2_PLACEMENT_3D ( 'NONE', #2639, #7241, #3321 ) ;
#9193 = DIRECTION ( 'NONE',  ( 0.9009688679024187000, -0.4338837391175590600, 0.0000000000000000000 ) ) ;
#9194 = DIRECTION ( 'NONE',  ( -0.0000000000000000000, -0.0000000000000000000, 1.000000000000000000 ) ) ;
#9195 = AXIS2_PLACEMENT_3D ( 'NONE', #2831, #1248, #8204 ) ;
#9196 = TOROIDAL_SURFACE ( 'NONE', #477, 8.866382193656235700, 0.03500000000000000300 ) ;
#9197 = B_SPLINE_CURVE_WITH_KNOTS ( 'NONE', 3,
 ( #6018, #8296, #5348, #6121, #8364, #736, #4578, #9090, #9024, #1475, #4540, #3809, #6816, #3779, #9900, #703, #5313, #9859, #6086, #5215, #4513, #9785 ),
 .UNSPECIFIED., .F., .F.,
 ( 4, 3, 3, 3, 3, 3, 3, 4 ),
 ( 0.0002168574548798304600, 0.0002188290334246854100, 0.0002305812013871251000, 0.0002423333607551973200, 0.0002540856419916164700, 0.0002658380091482357800, 0.0002775903405257877200, 0.0002867718163053204400 ),
 .UNSPECIFIED. ) ;
#9198 = EDGE_CURVE ( 'NONE', #2423, #6612, #2834, .T. ) ;
#9199 = CARTESIAN_POINT ( 'NONE',  ( 0.0000000000000000000, 0.0000000000000000000, 3.099533293948747700 ) ) ;
#9200 = CARTESIAN_POINT ( 'NONE',  ( -3.254128043381738300, -6.757266509268117900, -3.092233167847068000E-016 ) ) ;
#9201 = CARTESIAN_POINT ( 'NONE',  ( 6.827126517065137200, 5.380499319508341000, -3.247602129575368300 ) ) ;
#9202 = DIRECTION ( 'NONE',  ( -0.0000000000000000000, -0.0000000000000000000, 1.000000000000000000 ) ) ;
#9203 = CARTESIAN_POINT ( 'NONE',  ( 3.891931505080085800, -7.966440800744777600, -3.470139885832122400 ) ) ;
#9204 = CARTESIAN_POINT ( 'NONE',  ( -6.888348506065051800, 5.557227027319377100, 3.466377381984354000 ) ) ;
#9205 = CIRCLE ( 'NONE', #2904, 5.254494074020480600 ) ;
#9206 = DIRECTION ( 'NONE',  ( 0.9749279121818227300, -0.2225209339563181700, 0.0000000000000000000 ) ) ;
#9207 = AXIS2_PLACEMENT_3D ( 'NONE', #3869, #3128, #8487 ) ;
#9208 = CARTESIAN_POINT ( 'NONE',  ( 3.910816273206107100, -8.005655425827766800, 3.429674227117770700 ) ) ;
#9209 = ORIENTED_EDGE ( 'NONE', *, *, #4160, .F. ) ;
#9210 = CARTESIAN_POINT ( 'NONE',  ( -7.500000000000000000, 9.184850993605147900E-016, -7.960204194457796500E-016 ) ) ;
#9211 = DIRECTION ( 'NONE',  ( 0.0000000000000000000, 0.0000000000000000000, -1.000000000000000000 ) ) ;
#9212 = VECTOR ( 'NONE', #4505, 1000.000000000000000 ) ;
#9213 = APPROVAL_STATUS ( 'not_yet_approved' ) ;
#9214 = CARTESIAN_POINT ( 'NONE',  ( 5.686989865158905900, 0.0000000000000000000, -3.376256313292342400 ) ) ;
#9215 = DIRECTION ( 'NONE',  ( 0.0000000000000000000, 0.0000000000000000000, 1.000000000000000000 ) ) ;
#9216 = ORIENTED_EDGE ( 'NONE', *, *, #2621, .T. ) ;
#9217 = DIRECTION ( 'NONE',  ( 1.000000000000000000, 0.0000000000000000000, 0.0000000000000000000 ) ) ;
#9218 = CARTESIAN_POINT ( 'NONE',  ( -3.694915755622490300, -7.787809868630312800, 3.143904910697430800 ) ) ;
#9219 = CIRCLE ( 'NONE', #6316, 8.588813778810038700 ) ;
#9220 = CARTESIAN_POINT ( 'NONE',  ( -0.05000000000000003100, 8.692348900455138900, 3.247602129575368300 ) ) ;
#9221 = CARTESIAN_POINT ( 'NONE',  ( -8.662371385772239300, -2.028415584710014000, 3.452421434499180400 ) ) ;
#9222 = EDGE_CURVE ( 'NONE', #5677, #3056, #3210, .T. ) ;
#9223 = CARTESIAN_POINT ( 'NONE',  ( 0.0000000000000000000, 0.0000000000000000000, 3.094141646974374100 ) ) ;
#9224 = AXIS2_PLACEMENT_3D ( 'NONE', #2540, #5690, #1112 ) ;
#9225 = DIRECTION ( 'NONE',  ( 1.000000000000000000, 0.0000000000000000000, 0.0000000000000000000 ) ) ;
#9226 = ORIENTED_EDGE ( 'NONE', *, *, #246, .F. ) ;
#9227 = CARTESIAN_POINT ( 'NONE',  ( 3.681435046371045700, -7.759816887428994100, 3.099533293948748100 ) ) ;
#9228 = ADVANCED_FACE ( 'NONE', ( #2121 ), #2959, .T. ) ;
#9229 = CIRCLE ( 'NONE', #1042, 5.686989865158905900 ) ;
#9230 = DIRECTION ( 'NONE',  ( 1.000000000000000000, 0.0000000000000000000, 0.0000000000000000000 ) ) ;
#9231 = ORIENTED_EDGE ( 'NONE', *, *, #2936, .F. ) ;
#9232 = CARTESIAN_POINT ( 'NONE',  ( -7.041194074364041100, 5.679117300646431900, 3.193750000000000100 ) ) ;
#9233 = CARTESIAN_POINT ( 'NONE',  ( -6.691813865204205000, -5.400495881239055300, 3.114323832567764700 ) ) ;
#9234 = EDGE_CURVE ( 'NONE', #6085, #42, #4244, .T. ) ;
#9235 = PLANE ( 'NONE',  #9240 ) ;
#9236 = CARTESIAN_POINT ( 'NONE',  ( -8.693159501790567800, 1.932871084952892300, -3.437256629622304200 ) ) ;
#9237 = CARTESIAN_POINT ( 'NONE',  ( 8.362206348396748400, -1.959904873689104700, 3.094141646974374100 ) ) ;
#9238 = CARTESIAN_POINT ( 'NONE',  ( 0.0000000000000000000, 0.0000000000000000000, -3.094141646974374100 ) ) ;
#9239 = EDGE_LOOP ( 'NONE', ( #3890, #1731, #7562, #9585 ) ) ;
#9240 = AXIS2_PLACEMENT_3D ( 'NONE', #843, #1519, #6954 ) ;
#9241 = VECTOR ( 'NONE', #6670, 1000.000000000000000 ) ;
#9242 = VECTOR ( 'NONE', #1137, 1000.000000000000000 ) ;
#9243 = CARTESIAN_POINT ( 'NONE',  ( -0.05000000000000001700, -8.896245052708611200, -3.452954079042413100 ) ) ;
#9244 = ORIENTED_EDGE ( 'NONE', *, *, #6240, .F. ) ;
#9245 = CARTESIAN_POINT ( 'NONE',  ( 3.950216688758900800, -8.087471231756987700, 3.272391413630715300 ) ) ;
#9246 = ORIENTED_EDGE ( 'NONE', *, *, #5057, .T. ) ;
#9247 = DIRECTION ( 'NONE',  ( 0.0000000000000000000, 0.0000000000000000000, -1.000000000000000000 ) ) ;
#9248 = CONICAL_SURFACE ( 'NONE', #9052, 9.046037105128458900, 0.5235987755983011500 ) ;
#9249 = AXIS2_PLACEMENT_3D ( 'NONE', #5827, #505, #2704 ) ;
#9250 = ORIENTED_EDGE ( 'NONE', *, *, #4418, .F. ) ;
#9251 = CARTESIAN_POINT ( 'NONE',  ( 0.05000000000000001700, 8.909685893445361800, -3.429674227117769800 ) ) ;
#9252 = DIRECTION ( 'NONE',  ( -0.0000000000000000000, -0.0000000000000000000, 1.000000000000000000 ) ) ;
#9253 = FACE_OUTER_BOUND ( 'NONE', #2204, .T. ) ;
#9254 = ORIENTED_EDGE ( 'NONE', *, *, #9144, .F. ) ;
#9255 = AXIS2_PLACEMENT_3D ( 'NONE', #8342, #1346, #1415 ) ;
#9256 = FACE_OUTER_BOUND ( 'NONE', #3514, .T. ) ;
#9257 = ORIENTED_EDGE ( 'NONE', *, *, #5219, .T. ) ;
#9258 = EDGE_CURVE ( 'NONE', #8436, #7096, #5236, .T. ) ;
#9259 = CARTESIAN_POINT ( 'NONE',  ( -8.588813778810038700, 1.051826330269239700E-015, 3.064533293948747500 ) ) ;
#9260 = VERTEX_POINT ( 'NONE', #3237 ) ;
#9261 = VERTEX_POINT ( 'NONE', #7793 ) ;
#9262 = CARTESIAN_POINT ( 'NONE',  ( -3.800089754647182300, -8.006205927968158800, 3.469900311146004500 ) ) ;
#9263 = ORIENTED_EDGE ( 'NONE', *, *, #7119, .F. ) ;
#9264 = CARTESIAN_POINT ( 'NONE',  ( -7.041194074364160100, -5.679117300646283600, -3.500000000000000000 ) ) ;
#9265 = B_SPLINE_CURVE_WITH_KNOTS ( 'NONE', 3,
 ( #6741, #8945, #9757, #9780, #6673, #5169, #2094 ),
 .UNSPECIFIED., .F., .F.,
 ( 4, 3, 4 ),
 ( 0.0009532733312319686400, 0.001225696219576461900, 0.001251962535739348000 ),
 .UNSPECIFIED. ) ;
#9266 = ORIENTED_EDGE ( 'NONE', *, *, #1496, .T. ) ;
#9267 = PLANE ( 'NONE',  #1176 ) ;
#9268 = AXIS2_PLACEMENT_3D ( 'NONE', #1903, #7238, #6545 ) ;
#9270 = CARTESIAN_POINT ( 'NONE',  ( 0.0000000000000000000, 0.0000000000000000000, -3.099533293948747700 ) ) ;
#9269 = LINE ( 'NONE', #6720, #1828 ) ;
#9271 = VERTEX_POINT ( 'NONE', #1700 ) ;
#9272 = ORIENTED_EDGE ( 'NONE', *, *, #9649, .T. ) ;
#9273 = CARTESIAN_POINT ( 'NONE',  ( 0.0000000000000000000, 0.0000000000000000000, 3.099533293948747700 ) ) ;
#9274 = CARTESIAN_POINT ( 'NONE',  ( -3.818819942739364300, -8.045099564303399100, -3.437256629622304600 ) ) ;
#9275 = ORIENTED_EDGE ( 'NONE', *, *, #7517, .T. ) ;
#9276 = AXIS2_PLACEMENT_3D ( 'NONE', #624, #8326, #6010 ) ;
#9277 = ORIENTED_EDGE ( 'NONE', *, *, #8735, .T. ) ;
#9278 = DIRECTION ( 'NONE',  ( 1.000000000000000000, 0.0000000000000000000, 0.0000000000000000000 ) ) ;
#9279 = EDGE_CURVE ( 'NONE', #8126, #1230, #6213, .T. ) ;
#9280 = EDGE_LOOP ( 'NONE', ( #6071, #7371, #4733, #2787 ) ) ;
#9281 = CARTESIAN_POINT ( 'NONE',  ( 0.0000000000000000000, 0.0000000000000000000, 3.094141646974374100 ) ) ;
#9282 = ORIENTED_EDGE ( 'NONE', *, *, #5416, .F. ) ;
#9283 = DIRECTION ( 'NONE',  ( -0.0000000000000000000, -0.0000000000000000000, 1.000000000000000000 ) ) ;
#9284 = VECTOR ( 'NONE', #1656, 1000.000000000000000 ) ;
#9285 = VERTEX_POINT ( 'NONE', #8569 ) ;
#9286 = DIRECTION ( 'NONE',  ( 0.9009688679025744700, -0.4338837391172356600, 0.0000000000000000000 ) ) ;
#9287 = ORIENTED_EDGE ( 'NONE', *, *, #9420, .T. ) ;
#9288 = EDGE_LOOP ( 'NONE', ( #6845, #176, #7111, #838 ) ) ;
#9289 = APPROVAL_ROLE ( '' ) ;
#9290 = ADVANCED_FACE ( 'NONE', ( #8002 ), #4804, .T. ) ;
#9291 = ORIENTED_EDGE ( 'NONE', *, *, #5541, .F. ) ;
#9292 = EDGE_CURVE ( 'NONE', #1615, #2072, #1060, .T. ) ;
#9293 = AXIS2_PLACEMENT_3D ( 'NONE', #542, #9791, #5991 ) ;
#9294 = CONICAL_SURFACE ( 'NONE', #3943, 4.524999999999999500, 0.7853981633974523900 ) ;
#9295 = CONICAL_SURFACE ( 'NONE', #6313, 5.254494074020480600, 0.7853981633973957700 ) ;
#9296 = CARTESIAN_POINT ( 'NONE',  ( 0.05000000000000001700, 8.955090244376902900, -3.351032822740167600 ) ) ;
#9297 = DIRECTION ( 'NONE',  ( 0.7071067811865434600, 8.659560562354883600E-017, -0.7071067811865516800 ) ) ;
#9298 = EDGE_LOOP ( 'NONE', ( #965, #7983, #9328, #5465 ) ) ;
#9299 = CARTESIAN_POINT ( 'NONE',  ( -8.617377996965236900, 2.018146137324299300, -3.466377381984354400 ) ) ;
#9300 = CARTESIAN_POINT ( 'NONE',  ( 8.643632771701668100, -1.921566932002158200, 3.468127985775450100 ) ) ;
#9301 = CARTESIAN_POINT ( 'NONE',  ( -0.05000000000000002400, 8.890954014360714200, 3.459706444013471500 ) ) ;
#9302 = CIRCLE ( 'NONE', #4509, 10.47500000000000500 ) ;
#9303 = CIRCLE ( 'NONE', #4876, 8.896693082788692300 ) ;
#9304 = CARTESIAN_POINT ( 'NONE',  ( 3.905117942076983700, 7.993822719313241600, 3.452421434499180400 ) ) ;
#9305 = EDGE_CURVE ( 'NONE', #9505, #5391, #3567, .T. ) ;
#9306 = EDGE_LOOP ( 'NONE', ( #1714, #3300, #8031, #5173 ) ) ;
#9307 = DIRECTION ( 'NONE',  ( 1.000000000000000000, 0.0000000000000000000, 0.0000000000000000000 ) ) ;
#9308 = CARTESIAN_POINT ( 'NONE',  ( 3.685928616305655000, -7.769147881545203300, 3.114323832567765100 ) ) ;
#9309 = CARTESIAN_POINT ( 'NONE',  ( -8.644111698229593800, -2.024247930184001700, 3.468181098941469200 ) ) ;
#9310 = EDGE_CURVE ( 'NONE', #1443, #5748, #5961, .T. ) ;
#9311 = CARTESIAN_POINT ( 'NONE',  ( 0.0000000000000000000, 0.0000000000000000000, -3.452421434499180400 ) ) ;
#9312 = CARTESIAN_POINT ( 'NONE',  ( -6.699910998104807700, -5.406953129253530200, -3.129114371485063100 ) ) ;
#9313 = CARTESIAN_POINT ( 'NONE',  ( 3.896991616625447000, -7.976948230637761500, -3.468181098941469200 ) ) ;
#9314 = DIRECTION ( 'NONE',  ( -1.000000000000000000, 0.0000000000000000000, 0.0000000000000000000 ) ) ;
#9315 = CARTESIAN_POINT ( 'NONE',  ( -8.556329883642972000, 1.901640617507405400, -3.351299362948740900 ) ) ;
#9316 = EDGE_CURVE ( 'NONE', #7617, #1494, #7765, .T. ) ;
#9317 = CARTESIAN_POINT ( 'NONE',  ( -6.891558407276748200, -5.559786838116406400, 3.468127985775450100 ) ) ;
#9318 = CARTESIAN_POINT ( 'NONE',  ( 0.0000000000000000000, 0.0000000000000000000, 3.434921434499177600 ) ) ;
#9319 = CARTESIAN_POINT ( 'NONE',  ( -7.041194074364160100, -5.679117300646283600, 3.094141646974374100 ) ) ;
#9320 = AXIS2_PLACEMENT_3D ( 'NONE', #2115, #8245, #9748 ) ;
#9321 = EDGE_CURVE ( 'NONE', #6867, #4784, #8946, .T. ) ;
#9322 = VECTOR ( 'NONE', #8846, 999.9999999999998900 ) ;
#9323 = CARTESIAN_POINT ( 'NONE',  ( 0.0000000000000000000, 0.0000000000000000000, -3.193750000000000500 ) ) ;
#9324 = CARTESIAN_POINT ( 'NONE',  ( -8.662071568797246700, 2.028347153442143600, 3.452954079042413100 ) ) ;
#9325 = DIRECTION ( 'NONE',  ( 0.2225209339563181700, 0.9749279121818227300, 0.0000000000000000000 ) ) ;
#9326 = AXIS2_PLACEMENT_3D ( 'NONE', #7609, #2943, #3715 ) ;
#9327 = CARTESIAN_POINT ( 'NONE',  ( -0.05000000000000002400, 8.850792249910227800, 3.466570807216844900 ) ) ;
#9328 = ORIENTED_EDGE ( 'NONE', *, *, #2116, .F. ) ;
#9329 = DIRECTION ( 'NONE',  ( -6.776263578034444600E-017, 1.000000000000000000, 0.0000000000000000000 ) ) ;
#9330 = AXIS2_PLACEMENT_3D ( 'NONE', #4570, #6844, #2356 ) ;
#9331 = B_SPLINE_CURVE_WITH_KNOTS ( 'NONE', 3,
 ( #5237, #6703, #3738, #2961, #8191, #671, #5976, #4397, #698, #3674, #4508, #9059, #2150, #1431, #6779, #626, #9716, #3637, #7518, #6677, #6012, #9019 ),
 .UNSPECIFIED., .F., .F.,
 ( 4, 3, 3, 3, 3, 3, 3, 4 ),
 ( 0.0002168574548798338700, 0.0002188290334246894800, 0.0002305812013871291100, 0.0002423333607552009000, 0.0002540856419916202200, 0.0002658380091482399000, 0.0002775903405257918400, 0.0002867718163053249900 ),
 .UNSPECIFIED. ) ;
#9332 = EDGE_CURVE ( 'NONE', #8838, #9827, #576, .T. ) ;
#9333 = CARTESIAN_POINT ( 'NONE',  ( 3.694915755622381500, -7.787809868630364300, 3.143904910697431300 ) ) ;
#9334 = FACE_OUTER_BOUND ( 'NONE', #1105, .T. ) ;
#9335 = ADVANCED_FACE ( 'NONE', ( #4156 ), #3184, .T. ) ;
#9336 = CARTESIAN_POINT ( 'NONE',  ( -8.628821057778051100, -2.020757941281691800, 3.469900311146004500 ) ) ;
#9337 = CARTESIAN_POINT ( 'NONE',  ( 0.05000000000000002400, -8.844177403585215200, -3.462372291138045500 ) ) ;
#9338 = CARTESIAN_POINT ( 'NONE',  ( 0.0000000000000000000, 0.0000000000000000000, -3.094141646974374100 ) ) ;
#9339 = CARTESIAN_POINT ( 'NONE',  ( -8.684623479167832700, 1.930922793492005900, -3.452421434499180400 ) ) ;
#9340 = EDGE_CURVE ( 'NONE', #795, #6850, #946, .T. ) ;
#9341 = CARTESIAN_POINT ( 'NONE',  ( 0.0000000000000000000, 0.0000000000000000000, -3.193750000000000500 ) ) ;
#9342 = VERTEX_POINT ( 'NONE', #7890 ) ;
#9343 = FACE_OUTER_BOUND ( 'NONE', #1464, .T. ) ;
#9344 = CARTESIAN_POINT ( 'NONE',  ( -8.837711872106121200, 0.0000000000000000000, 3.454996609771464400 ) ) ;
#9345 = ORIENTED_EDGE ( 'NONE', *, *, #604, .F. ) ;
#9346 = VECTOR ( 'NONE', #320, 1000.000000000000000 ) ;
#9347 = B_SPLINE_CURVE_WITH_KNOTS ( 'NONE', 3,
 ( #432, #9619, #5031, #6580, #5735, #1888, #7993 ),
 .UNSPECIFIED., .F., .F.,
 ( 4, 3, 4 ),
 ( 0.001199429903413612900, 0.001225696219576499600, 0.001498119107920983800 ),
 .UNSPECIFIED. ) ;
#9348 = CARTESIAN_POINT ( 'NONE',  ( 6.947969869725817200, 5.476868677478562700, 3.464362763198132200 ) ) ;
#9349 = DIRECTION ( 'NONE',  ( -1.000000000000000000, 0.0000000000000000000, 0.0000000000000000000 ) ) ;
#9350 = CARTESIAN_POINT ( 'NONE',  ( 8.627120136385672200, -1.917798030746297400, 3.454996609771464800 ) ) ;
#9351 = ORIENTED_EDGE ( 'NONE', *, *, #7579, .F. ) ;
#9352 = CARTESIAN_POINT ( 'NONE',  ( 3.930516482760546100, 8.046563332484373300, -3.351032822740167600 ) ) ;
#9353 = VECTOR ( 'NONE', #9626, 1000.000000000000000 ) ;
#9354 = ORIENTED_EDGE ( 'NONE', *, *, #3175, .F. ) ;
#9355 = EDGE_CURVE ( 'NONE', #1623, #5448, #3934, .T. ) ;
#9356 = CARTESIAN_POINT ( 'NONE',  ( 4.000000000000000000, 0.0000000000000000000, -2.975000000000005000 ) ) ;
#9357 = CARTESIAN_POINT ( 'NONE',  ( -3.904984510970473700, -7.993545646765465300, -3.452954079042413600 ) ) ;
#9358 = ORIENTED_EDGE ( 'NONE', *, *, #6790, .F. ) ;
#9359 = CARTESIAN_POINT ( 'NONE',  ( 5.686989865158905900, 0.0000000000000000000, 3.500000000000000000 ) ) ;
#9360 = FACE_OUTER_BOUND ( 'NONE', #8169, .T. ) ;
#9361 = DIRECTION ( 'NONE',  ( -0.0000000000000000000, -0.0000000000000000000, 1.000000000000000000 ) ) ;
#9362 = EDGE_CURVE ( 'NONE', #7975, #260, #3446, .T. ) ;
#9363 = CARTESIAN_POINT ( 'NONE',  ( -8.647556428850514000, -2.025034167469259100, -3.466489319800472900 ) ) ;
#9364 = FACE_OUTER_BOUND ( 'NONE', #4819, .T. ) ;
#9365 = CARTESIAN_POINT ( 'NONE',  ( 3.815021055286742100, 8.037211093225000300, 3.452421434499180400 ) ) ;
#9366 = ORIENTED_EDGE ( 'NONE', *, *, #3038, .F. ) ;
#9367 = EDGE_LOOP ( 'NONE', ( #8544, #5716, #996, #8190, #788, #1013 ) ) ;
#9368 = CARTESIAN_POINT ( 'NONE',  ( 3.789429660203743800, 7.984070013767017700, -3.454996609771464800 ) ) ;
#9369 = CIRCLE ( 'NONE', #5468, 9.046037105128460700 ) ;
#9370 = AXIS2_PLACEMENT_3D ( 'NONE', #9338, #942, #5512 ) ;
#9371 = EDGE_CURVE ( 'NONE', #1236, #4474, #5142, .T. ) ;
#9372 = ORIENTED_EDGE ( 'NONE', *, *, #8845, .F. ) ;
#9373 = CARTESIAN_POINT ( 'NONE',  ( -6.919872040174186400, 5.582366206894939800, -3.460240287494900500 ) ) ;
#9374 = ORIENTED_EDGE ( 'NONE', *, *, #9321, .F. ) ;
#9375 = CARTESIAN_POINT ( 'NONE',  ( 8.684010043491955600, 1.930782780801905400, -3.453478796700601500 ) ) ;
#9376 = CYLINDRICAL_SURFACE ( 'NONE', #3718, 9.046037105128458900 ) ;
#9377 = VERTEX_POINT ( 'NONE', #7118 ) ;
#9378 = ADVANCED_FACE ( 'NONE', ( #7158 ), #3327, .T. ) ;
#9379 = AXIS2_PLACEMENT_3D ( 'NONE', #9891, #9193, #9159 ) ;
#9380 = VERTEX_POINT ( 'NONE', #8741 ) ;
#9381 = CARTESIAN_POINT ( 'NONE',  ( 6.942783102063867100, 5.472732368293842200, 3.458522467003439300 ) ) ;
#9382 = ORIENTED_EDGE ( 'NONE', *, *, #3019, .F. ) ;
#9383 = CARTESIAN_POINT ( 'NONE',  ( 8.627120136385672200, -1.917798030746297400, 3.454996609771464800 ) ) ;
#9384 = DIRECTION ( 'NONE',  ( -1.000000000000000000, 0.0000000000000000000, 0.0000000000000000000 ) ) ;
#9385 = EDGE_LOOP ( 'NONE', ( #531, #4938, #6338, #1601 ) ) ;
#9386 = EDGE_CURVE ( 'NONE', #6643, #5516, #2894, .T. ) ;
#9387 = CARTESIAN_POINT ( 'NONE',  ( 8.380768779485729100, 0.0000000000000000000, -3.376256313292342400 ) ) ;
#9388 = CARTESIAN_POINT ( 'NONE',  ( -3.771531933161395700, -7.716428513517186600, -3.099533293948748100 ) ) ;
#9389 = FACE_BOUND ( 'NONE', #909, .T. ) ;
#9390 = CARTESIAN_POINT ( 'NONE',  ( -7.041194074364041100, 5.679117300646431900, 3.094141646974374100 ) ) ;
#9391 = EDGE_LOOP ( 'NONE', ( #1398, #52, #2535, #956 ) ) ;
#9392 = VERTEX_POINT ( 'NONE', #8649 ) ;
#9393 = ORIENTED_EDGE ( 'NONE', *, *, #4495, .F. ) ;
#9394 = DIRECTION ( 'NONE',  ( 0.6234898018587320400, -0.7818314824680310200, 0.0000000000000000000 ) ) ;
#9395 = B_SPLINE_CURVE_WITH_KNOTS ( 'NONE', 3,
 ( #2692, #2658, #3442, #5610, #8796, #9557, #4973, #4874, #1171, #1923, #7284, #303, #8061, #2753, #4334, #7360, #6559, #2205, #3001, #8367, #487, #1479 ),
 .UNSPECIFIED., .F., .F.,
 ( 4, 3, 3, 3, 3, 3, 3, 4 ),
 ( 0.0002168574548798311400, 0.0002188290334246855700, 0.0002305812013871249300, 0.0002423333607551974000, 0.0002540856419916163700, 0.0002658380091482364300, 0.0002775903405257875600, 0.0002867718163053197900 ),
 .UNSPECIFIED. ) ;
#9396 = ORIENTED_EDGE ( 'NONE', *, *, #2241, .F. ) ;
#9397 = CARTESIAN_POINT ( 'NONE',  ( -8.666639397120880200, 2.029389730449147500, -3.444839032082837700 ) ) ;
#9398 = CARTESIAN_POINT ( 'NONE',  ( 8.669808522246119900, -1.927541376251193900, -3.466489319800472900 ) ) ;
#9399 = ORIENTED_EDGE ( 'NONE', *, *, #8814, .F. ) ;
#9400 = LINE ( 'NONE', #5447, #1963 ) ;
#9401 = EDGE_LOOP ( 'NONE', ( #24, #3885, #3870, #766, #775, #4223 ) ) ;
#9402 = CARTESIAN_POINT ( 'NONE',  ( 0.0000000000000000000, 0.0000000000000000000, 3.500000000000000000 ) ) ;
#9403 = ORIENTED_EDGE ( 'NONE', *, *, #8700, .T. ) ;
#9404 = CARTESIAN_POINT ( 'NONE',  ( -8.384458441792366700, 1.862412082470977300, -3.099533293948748100 ) ) ;
#9405 = CONICAL_SURFACE ( 'NONE', #8866, 9.046037105128458900, 0.5235987755983011500 ) ;
#9406 = LINE ( 'NONE', #5676, #4969 ) ;
#9407 = CARTESIAN_POINT ( 'NONE',  ( -6.922007415503167700, 5.584069111895077600, -3.457279025203407600 ) ) ;
#9408 = CARTESIAN_POINT ( 'NONE',  ( 6.927853081768522400, 5.588730875181825700, -3.444839032082839000 ) ) ;
#9409 = CARTESIAN_POINT ( 'NONE',  ( 8.654470594799994000, 1.924040594400882700, -3.469915996672631000 ) ) ;
#9410 = EDGE_LOOP ( 'NONE', ( #2856, #6380 ) ) ;
#9411 = DIRECTION ( 'NONE',  ( 1.000000000000000000, 0.0000000000000000000, 0.0000000000000000000 ) ) ;
#9412 = FACE_OUTER_BOUND ( 'NONE', #5551, .T. ) ;
#9413 = B_SPLINE_CURVE_WITH_KNOTS ( 'NONE', 3,
 ( #5958, #5932, #6789, #2211, #3650, #2069, #7420 ),
 .UNSPECIFIED., .F., .F.,
 ( 4, 3, 4 ),
 ( 0.0005204849250710220500, 0.0009002598162381903600, 0.0009544278593203506500 ),
 .UNSPECIFIED. ) ;
#9414 = CARTESIAN_POINT ( 'NONE',  ( 6.754162845390006000, -5.322312732992344300, 3.114323832567764200 ) ) ;
#9415 = ORIENTED_EDGE ( 'NONE', *, *, #9371, .T. ) ;
#9416 = CARTESIAN_POINT ( 'NONE',  ( 3.923268333885891600, -8.261988883357009400, -3.094141646974374100 ) ) ;
#9417 = CARTESIAN_POINT ( 'NONE',  ( 3.879879959974195100, 8.171891996566738900, -3.094141646974374100 ) ) ;
#9418 = CARTESIAN_POINT ( 'NONE',  ( 3.908916829529550000, 8.001711190391667100, -3.437256629622303700 ) ) ;
#9419 = CARTESIAN_POINT ( 'NONE',  ( -8.684623479167871800, -1.930922793491831400, -3.452421434499180400 ) ) ;
#9420 = EDGE_CURVE ( 'NONE', #4701, #409, #1297, .T. ) ;
#9421 = CARTESIAN_POINT ( 'NONE',  ( 0.0000000000000000000, 0.0000000000000000000, -3.500000000000000000 ) ) ;
#9422 = CARTESIAN_POINT ( 'NONE',  ( -3.903773285788543200, -7.991030511759118900, -3.457279025203407600 ) ) ;
#9423 = ADVANCED_FACE ( 'NONE', ( #5714 ), #1546, .T. ) ;
#9424 = ORIENTED_EDGE ( 'NONE', *, *, #1304, .T. ) ;
#9425 = CARTESIAN_POINT ( 'NONE',  ( -3.757925033893184900, -7.918649983141987600, -3.351299362948741300 ) ) ;
#9426 = CARTESIAN_POINT ( 'NONE',  ( 8.830225396548341300, 1.964155480992677100, 3.193750000000000100 ) ) ;
#9427 = DIRECTION ( 'NONE',  ( 1.000000000000000000, 0.0000000000000000000, 0.0000000000000000000 ) ) ;
#9428 = DIRECTION ( 'NONE',  ( -0.0000000000000000000, -0.0000000000000000000, 1.000000000000000000 ) ) ;
#9429 = CARTESIAN_POINT ( 'NONE',  ( -7.041302110270501100, -5.679203456406634500, -3.500000000000000400 ) ) ;
#9430 = ORIENTED_EDGE ( 'NONE', *, *, #3594, .T. ) ;
#9431 = AXIS2_PLACEMENT_3D ( 'NONE', #2128, #7525, #6713 ) ;
#9432 = CARTESIAN_POINT ( 'NONE',  ( -6.909787269926758000, -5.574323870989383400, 3.468181098941469600 ) ) ;
#9433 = ADVANCED_FACE ( 'NONE', ( #1177 ), #5488, .T. ) ;
#9434 = CARTESIAN_POINT ( 'NONE',  ( -0.05000000000000003700, 8.588668239434865000, -3.094141646974374100 ) ) ;
#9435 = AXIS2_PLACEMENT_3D ( 'NONE', #6453, #103, #5514 ) ;
#9436 = VECTOR ( 'NONE', #1438, 1000.000000000000000 ) ;
#9437 = EDGE_CURVE ( 'NONE', #5076, #7873, #4302, .T. ) ;
#9438 = CARTESIAN_POINT ( 'NONE',  ( -8.628280558354180800, 1.918062889488208100, -3.456597352396201500 ) ) ;
#9439 = DIRECTION ( 'NONE',  ( -0.0000000000000000000, -0.0000000000000000000, 1.000000000000000000 ) ) ;
#9440 = VERTEX_POINT ( 'NONE', #7150 ) ;
#9441 = CARTESIAN_POINT ( 'NONE',  ( -7.181834238703176600, -5.663369288345704100, -3.500000000000000400 ) ) ;
#9442 = CARTESIAN_POINT ( 'NONE',  ( 7.103543054549994900, 5.600934152399529100, -3.193750000000000100 ) ) ;
#9443 = CARTESIAN_POINT ( 'NONE',  ( -3.898353220620548700, -7.979775630466963100, 3.466916208273112400 ) ) ;
#9444 = AXIS2_PLACEMENT_3D ( 'NONE', #3780, #1437, #6087 ) ;
#9445 = CIRCLE ( 'NONE', #4832, 9.046037105128458900 ) ;
#9446 = CARTESIAN_POINT ( 'NONE',  ( 0.0000000000000000000, 0.0000000000000000000, -3.454996609771464400 ) ) ;
#9447 = CARTESIAN_POINT ( 'NONE',  ( -8.672891611396272200, -1.928245071230555700, -3.465025888964337500 ) ) ;
#9448 = AXIS2_PLACEMENT_3D ( 'NONE', #6479, #2520, #4965 ) ;
#9449 = EDGE_CURVE ( 'NONE', #4420, #1347, #5786, .T. ) ;
#9450 = CARTESIAN_POINT ( 'NONE',  ( -3.895310692329201800, 7.973457755370732900, -3.469286171371085200 ) ) ;
#9451 = ORIENTED_EDGE ( 'NONE', *, *, #3345, .F. ) ;
#9452 = VERTEX_POINT ( 'NONE', #8713 ) ;
#9453 = DIRECTION ( 'NONE',  ( 0.9749279121818244000, 0.2225209339563114000, 0.0000000000000000000 ) ) ;
#9454 = CIRCLE ( 'NONE', #4571, 9.046037105128458900 ) ;
#9455 = DIRECTION ( 'NONE',  ( 0.0000000000000000000, 0.0000000000000000000, 1.000000000000000000 ) ) ;
#9456 = CARTESIAN_POINT ( 'NONE',  ( -3.809799882939452600, 8.026369217130946900, 3.465025888964337500 ) ) ;
#9457 = CARTESIAN_POINT ( 'NONE',  ( 0.0000000000000000000, 0.0000000000000000000, -3.434921434499177600 ) ) ;
#9458 = PLANE ( 'NONE',  #9766 ) ;
#9459 = ORIENTED_EDGE ( 'NONE', *, *, #1235, .T. ) ;
#9460 = AXIS2_PLACEMENT_3D ( 'NONE', #338, #2630, #1800 ) ;
#9461 = VECTOR ( 'NONE', #3202, 1000.000000000000000 ) ;
#9462 = ORIENTED_EDGE ( 'NONE', *, *, #547, .T. ) ;
#9463 = CARTESIAN_POINT ( 'NONE',  ( -6.986779382596969500, 5.507818231228957200, -3.452421434499180400 ) ) ;
#9464 = DIRECTION ( 'NONE',  ( 0.6234898018587431400, 0.7818314824680221400, 1.224646799147353200E-016 ) ) ;
#9465 = CARTESIAN_POINT ( 'NONE',  ( 0.0000000000000000000, 0.0000000000000000000, 3.193750000000000500 ) ) ;
#9466 = ORIENTED_EDGE ( 'NONE', *, *, #5898, .F. ) ;
#9467 = FACE_OUTER_BOUND ( 'NONE', #7131, .T. ) ;
#9468 = B_SPLINE_CURVE_WITH_KNOTS ( 'NONE', 3,
 ( #177, #1710, #3311, #2529, #4849, #9408, #232 ),
 .UNSPECIFIED., .F., .F.,
 ( 4, 3, 4 ),
 ( 0.0009532733312319683200, 0.001225696219576461900, 0.001251962535739348200 ),
 .UNSPECIFIED. ) ;
#9469 = CARTESIAN_POINT ( 'NONE',  ( -8.636785957613616600, 1.920004191366257300, -3.464471549642479200 ) ) ;
#9470 = CARTESIAN_POINT ( 'NONE',  ( 6.977661160248792300, -5.500546691552289100, 3.464797546056691800 ) ) ;
#9471 = VECTOR ( 'NONE', #2942, 1000.000000000000100 ) ;
#9472 = ORIENTED_EDGE ( 'NONE', *, *, #3781, .T. ) ;
#9473 = ORIENTED_EDGE ( 'NONE', *, *, #5959, .T. ) ;
#9474 = CARTESIAN_POINT ( 'NONE',  ( 0.0000000000000000000, 0.0000000000000000000, 3.454996609771464400 ) ) ;
#9475 = CARTESIAN_POINT ( 'NONE',  ( 3.794997113488314700, -7.995630949636990600, -3.466377381984354400 ) ) ;
#9476 = VECTOR ( 'NONE', #8368, 1000.000000000000000 ) ;
#9477 = DIRECTION ( 'NONE',  ( -0.4338837391175590600, -0.9009688679024187000, 0.0000000000000000000 ) ) ;
#9478 = CARTESIAN_POINT ( 'NONE',  ( 6.764777536879226000, -5.458682467755188000, -3.247602129575368800 ) ) ;
#9479 = EDGE_LOOP ( 'NONE', ( #2740, #2653, #8048, #5636 ) ) ;
#9480 = ADVANCED_FACE ( 'NONE', ( #9781 ), #8914, .T. ) ;
#9481 = EDGE_CURVE ( 'NONE', #9832, #8179, #3548, .T. ) ;
#9482 = LINE ( 'NONE', #8, #3369 ) ;
#9483 = ORIENTED_EDGE ( 'NONE', *, *, #8341, .T. ) ;
#9484 = CARTESIAN_POINT ( 'NONE',  ( -3.891931505080029800, 7.966440800744804200, -3.470139885832122400 ) ) ;
#9486 = DIRECTION ( 'NONE',  ( -0.6234898018587268200, 0.7818314824680352400, 0.0000000000000000000 ) ) ;
#9485 = VECTOR ( 'NONE', #734, 1000.000000000000000 ) ;
#9487 = ORIENTED_EDGE ( 'NONE', *, *, #7162, .F. ) ;
#9488 = CIRCLE ( 'NONE', #7178, 9.046037105128458900 ) ;
#9489 = ORIENTED_EDGE ( 'NONE', *, *, #8480, .F. ) ;
#9490 = CARTESIAN_POINT ( 'NONE',  ( 0.0000000000000000000, 0.0000000000000000000, 3.500000000000000000 ) ) ;
#9491 = DIRECTION ( 'NONE',  ( 0.5735764363510438300, 0.0000000000000000000, -0.8191520442889933500 ) ) ;
#9492 = EDGE_CURVE ( 'NONE', #4234, #9038, #9205, .T. ) ;
#9493 = CARTESIAN_POINT ( 'NONE',  ( -0.05000000000000002400, -8.854075290523239200, 3.467739038050325000 ) ) ;
#9494 = EDGE_LOOP ( 'NONE', ( #2998, #2252, #6715, #6870, #3955, #4188 ) ) ;
#9495 = CARTESIAN_POINT ( 'NONE',  ( -8.384458441792366700, 1.862412082470977300, -3.094141646974374100 ) ) ;
#9496 = VERTEX_POINT ( 'NONE', #6610 ) ;
#9497 = CARTESIAN_POINT ( 'NONE',  ( -8.807973303152723000, -2.061648272210801800, 3.500000000000000000 ) ) ;
#9498 = AXIS2_PLACEMENT_3D ( 'NONE', #3236, #4774, #7149 ) ;
#9499 = CIRCLE ( 'NONE', #1338, 5.378237760728125300 ) ;
#9500 = EDGE_LOOP ( 'NONE', ( #3888, #9736, #3596, #1241 ) ) ;
#9501 = EDGE_CURVE ( 'NONE', #9032, #9149, #1657, .T. ) ;
#9502 = EDGE_LOOP ( 'NONE', ( #8781, #6009, #9116, #2046 ) ) ;
#9503 = EDGE_LOOP ( 'NONE', ( #9018, #878, #3784, #2640, #3213, #3525, #8665, #8413, #1124, #1099, #5814, #6912, #5700, #6710, #5654, #3520, #1978, #8174, #9937, #9009, #474, #2821, #6011, #8562, #6177, #4109, #6621, #5239, #9266, #3052, #9743, #5645 ) ) ;
#9504 = DIRECTION ( 'NONE',  ( 1.000000000000000000, 0.0000000000000000000, 0.0000000000000000000 ) ) ;
#9505 = VERTEX_POINT ( 'NONE', #6774 ) ;
#9506 = ADVANCED_FACE ( 'NONE', ( #7643 ), #2087, .T. ) ;
#9507 = ORIENTED_EDGE ( 'NONE', *, *, #5707, .T. ) ;
#9508 = EDGE_LOOP ( 'NONE', ( #8860, #4485 ) ) ;
#9509 = AXIS2_PLACEMENT_3D ( 'NONE', #2219, #8378, #6828 ) ;
#9510 = CIRCLE ( 'NONE', #8701, 2.450000000000001500 ) ;
#9511 = ORIENTED_EDGE ( 'NONE', *, *, #7125, .T. ) ;
#9512 = ORIENTED_EDGE ( 'NONE', *, *, #7307, .F. ) ;
#9513 = AXIS2_PLACEMENT_3D ( 'NONE', #719, #9841, #9006 ) ;
#9514 = CARTESIAN_POINT ( 'NONE',  ( -3.969916891359540400, 8.128379123974170300, -3.094141646974374100 ) ) ;
#9515 = EDGE_CURVE ( 'NONE', #7205, #9671, #2601, .T. ) ;
#9516 = CARTESIAN_POINT ( 'NONE',  ( 3.801601759304657200, -8.009345637991407000, -3.469915996672631000 ) ) ;
#9517 = ORIENTED_EDGE ( 'NONE', *, *, #7469, .F. ) ;
#9518 = CARTESIAN_POINT ( 'NONE',  ( -8.684623479167871800, -1.930922793491831400, 3.452421434499180400 ) ) ;
#9519 = CARTESIAN_POINT ( 'NONE',  ( 8.588813778810038700, 1.051826330269239700E-015, 3.064533293948747500 ) ) ;
#9520 = ORIENTED_EDGE ( 'NONE', *, *, #2478, .F. ) ;
#9521 = CARTESIAN_POINT ( 'NONE',  ( -0.05000000000000001700, -8.896552580035715300, 3.452421434499180400 ) ) ;
#9522 = FACE_OUTER_BOUND ( 'NONE', #2732, .T. ) ;
#9523 = FACE_OUTER_BOUND ( 'NONE', #5857, .T. ) ;
#9524 = EDGE_LOOP ( 'NONE', ( #6196, #5371, #3867, #8959 ) ) ;
#9525 = DIRECTION ( 'NONE',  ( -1.000000000000000000, 0.0000000000000000000, 0.0000000000000000000 ) ) ;
#9526 = EDGE_CURVE ( 'NONE', #3732, #5258, #4763, .T. ) ;
#9527 = CARTESIAN_POINT ( 'NONE',  ( -0.05000000000000002400, -8.842010604659869000, 3.460296783607140100 ) ) ;
#9528 = FACE_OUTER_BOUND ( 'NONE', #9502, .T. ) ;
#9529 = CARTESIAN_POINT ( 'NONE',  ( 9.621762239271875600, 0.0000000000000000000, -3.201256313292353700 ) ) ;
#9530 = CIRCLE ( 'NONE', #2823, 8.837711872106121200 ) ;
#9531 = ORIENTED_EDGE ( 'NONE', *, *, #6599, .T. ) ;
#9532 = CARTESIAN_POINT ( 'NONE',  ( 0.0000000000000000000, 0.0000000000000000000, 3.454996609771464400 ) ) ;
#9533 = CARTESIAN_POINT ( 'NONE',  ( 0.0000000000000000000, 0.0000000000000000000, -3.099533293948747700 ) ) ;
#9534 = DIRECTION ( 'NONE',  ( 0.0000000000000000000, 0.0000000000000000000, -1.000000000000000000 ) ) ;
#9535 = ADVANCED_FACE ( 'NONE', ( #8827 ), #4990, .T. ) ;
#9536 = DIRECTION ( 'NONE',  ( -1.000000000000000000, 0.0000000000000000000, 0.0000000000000000000 ) ) ;
#9537 = DIRECTION ( 'NONE',  ( 1.000000000000000000, 2.664535259100375700E-015, 0.0000000000000000000 ) ) ;
#9538 = CARTESIAN_POINT ( 'NONE',  ( 0.0000000000000000000, 0.0000000000000000000, -3.434921434499177600 ) ) ;
#9539 = EDGE_LOOP ( 'NONE', ( #6732, #4361, #8117, #8141 ) ) ;
#9540 = EDGE_CURVE ( 'NONE', #4018, #7359, #8858, .T. ) ;
#9541 = DIRECTION ( 'NONE',  ( -0.0000000000000000000, -0.0000000000000000000, 1.000000000000000000 ) ) ;
#9542 = CARTESIAN_POINT ( 'NONE',  ( -3.879864310480627400, -7.941383012962115900, 3.456075294419946000 ) ) ;
#9543 = CARTESIAN_POINT ( 'NONE',  ( -8.830225396548355500, -1.964155480992619400, -3.193750000000000100 ) ) ;
#9544 = CARTESIAN_POINT ( 'NONE',  ( 6.691813865204133000, -5.400495881239145900, -3.114323832567764700 ) ) ;
#9545 = EDGE_CURVE ( 'NONE', #6286, #2775, #6447, .T. ) ;
#9546 = ADVANCED_FACE ( 'NONE', ( #8486 ), #5162, .T. ) ;
#9547 = CARTESIAN_POINT ( 'NONE',  ( 7.041302110270462000, 5.679203456406682400, -3.094141646974374100 ) ) ;
#9548 = CARTESIAN_POINT ( 'NONE',  ( -3.885094000278668200, -7.952242575725181300, -3.466377381984354000 ) ) ;
#9549 = CIRCLE ( 'NONE', #9069, 9.046037105128458900 ) ;
#9550 = AXIS2_PLACEMENT_3D ( 'NONE', #6804, #726, #6047 ) ;
#9551 = DIRECTION ( 'NONE',  ( 1.000000000000000000, 0.0000000000000000000, 0.0000000000000000000 ) ) ;
#9552 = CARTESIAN_POINT ( 'NONE',  ( 8.688891490516537500, 1.931896939230847600, 3.444839032082837700 ) ) ;
#9553 = ORIENTED_EDGE ( 'NONE', *, *, #8611, .T. ) ;
#9554 = CARTESIAN_POINT ( 'NONE',  ( -0.05000000000000002400, -8.877242673692228100, 3.468147503381453900 ) ) ;
#9555 = CONICAL_SURFACE ( 'NONE', #9276, 8.869223585189136100, 0.6108652381980126400 ) ;
#9556 = AXIS2_PLACEMENT_3D ( 'NONE', #7497, #8300, #9066 ) ;
#9557 = CARTESIAN_POINT ( 'NONE',  ( 3.792296317891457500, 7.990022689792203500, 3.462372291138045900 ) ) ;
#9558 = CARTESIAN_POINT ( 'NONE',  ( -3.969916891359710500, -8.128379123974086800, 3.193750000000000100 ) ) ;
#9559 = DIRECTION ( 'NONE',  ( 1.000000000000000000, 0.0000000000000000000, 0.0000000000000000000 ) ) ;
#9560 = DIRECTION ( 'NONE',  ( 0.0000000000000000000, 0.0000000000000000000, 1.000000000000000000 ) ) ;
#9561 = CARTESIAN_POINT ( 'NONE',  ( -8.666639397120880200, 2.029389730449147500, 3.444839032082837700 ) ) ;
#9562 = ORIENTED_EDGE ( 'NONE', *, *, #2683, .T. ) ;
#9563 = AXIS2_PLACEMENT_3D ( 'NONE', #3595, #2122, #5268 ) ;
#9564 = EDGE_CURVE ( 'NONE', #3617, #8838, #9071, .T. ) ;
#9565 = LINE ( 'NONE', #4371, #5609 ) ;
#9566 = CARTESIAN_POINT ( 'NONE',  ( 0.0000000000000000000, 0.0000000000000000000, 3.094141646974374100 ) ) ;
#9567 = CARTESIAN_POINT ( 'NONE',  ( 3.771531933161288200, -7.716428513517238100, -3.094141646974374100 ) ) ;
#9568 = DIRECTION ( 'NONE',  ( -0.0000000000000000000, -0.0000000000000000000, 1.000000000000000000 ) ) ;
#9569 = CARTESIAN_POINT ( 'NONE',  ( 3.812491355094313100, -8.031958116648651100, -3.460240287494900100 ) ) ;
#9570 = DIRECTION ( 'NONE',  ( -0.0000000000000000000, -0.0000000000000000000, 1.000000000000000000 ) ) ;
#9571 = AXIS2_PLACEMENT_3D ( 'NONE', #5396, #8488, #9922 ) ;
#9572 = EDGE_LOOP ( 'NONE', ( #3277, #281, #8377, #9123, #3728, #6052 ) ) ;
#9573 = CARTESIAN_POINT ( 'NONE',  ( 3.789595138428204300, -7.984413632840921000, 3.455541280135825000 ) ) ;
#9574 = FACE_BOUND ( 'NONE', #8585, .T. ) ;
#9575 = ADVANCED_FACE ( 'NONE', ( #3688 ), #7396, .T. ) ;
#9576 = AXIS2_PLACEMENT_3D ( 'NONE', #689, #2915, #9043 ) ;
#9577 = DIRECTION ( 'NONE',  ( -0.0000000000000000000, -0.0000000000000000000, 1.000000000000000000 ) ) ;
#9579 = CARTESIAN_POINT ( 'NONE',  ( 6.953569300366282800, 5.481334074407227400, -3.467739038050325000 ) ) ;
#9578 = CARTESIAN_POINT ( 'NONE',  ( -6.974589775732425800, -5.498097344133308100, 3.466916208273112900 ) ) ;
#9580 = ORIENTED_EDGE ( 'NONE', *, *, #5023, .T. ) ;
#9581 = CARTESIAN_POINT ( 'NONE',  ( 8.613976714791579800, -2.017369816863542600, 3.464362763198132600 ) ) ;
#9582 = CARTESIAN_POINT ( 'NONE',  ( -3.814748050727580600, 8.036644193416828200, 3.453478796700601500 ) ) ;
#9583 = FACE_OUTER_BOUND ( 'NONE', #9868, .T. ) ;
#9584 = DIRECTION ( 'NONE',  ( -1.000000000000000000, 0.0000000000000000000, 0.0000000000000000000 ) ) ;
#9585 = ORIENTED_EDGE ( 'NONE', *, *, #1487, .F. ) ;
#9586 = CARTESIAN_POINT ( 'NONE',  ( -6.878614483356479100, -5.549464403242275500, -3.455541280135825000 ) ) ;
#9587 = TOROIDAL_SURFACE ( 'NONE', #7976, 8.866382193656235700, 0.03500000000000000300 ) ;
#9588 = CARTESIAN_POINT ( 'NONE',  ( 8.628399862454793700, -2.020661806197837400, -3.469846945119945800 ) ) ;
#9589 = VERTEX_POINT ( 'NONE', #9012 ) ;
#9590 = CARTESIAN_POINT ( 'NONE',  ( 0.05000000000000001700, -8.900930351248696600, 3.444839032082838600 ) ) ;
#9591 = LINE ( 'NONE', #9890, #7428 ) ;
#9592 = CARTESIAN_POINT ( 'NONE',  ( 0.05000000000000002400, 8.887620632346431300, 3.462633071500297100 ) ) ;
#9593 = FACE_OUTER_BOUND ( 'NONE', #3505, .T. ) ;
#9594 = EDGE_LOOP ( 'NONE', ( #1239, #4936, #1036, #9424 ) ) ;
#9595 = DIRECTION ( 'NONE',  ( 0.0000000000000000000, 0.0000000000000000000, -1.000000000000000000 ) ) ;
#9596 = ADVANCED_FACE ( 'NONE', ( #8710 ), #3668, .T. ) ;
#9597 = ORIENTED_EDGE ( 'NONE', *, *, #9057, .T. ) ;
#9598 = VECTOR ( 'NONE', #3387, 1000.000000000000000 ) ;
#9599 = CARTESIAN_POINT ( 'NONE',  ( -8.807973303152683900, 2.061648272210978600, 3.193750000000000100 ) ) ;
#9600 = ORIENTED_EDGE ( 'NONE', *, *, #1510, .T. ) ;
#9601 = CARTESIAN_POINT ( 'NONE',  ( -0.05000000000000004400, -8.588668239434865000, 3.099533293948748100 ) ) ;
#9602 = EDGE_CURVE ( 'NONE', #1736, #8874, #4396, .T. ) ;
#9603 = CARTESIAN_POINT ( 'NONE',  ( -8.684010043491969800, -1.930782780801848300, 3.453478796700601500 ) ) ;
#9604 = ORIENTED_EDGE ( 'NONE', *, *, #5680, .T. ) ;
#9605 = CARTESIAN_POINT ( 'NONE',  ( -3.883828242128073000, 7.949614201843012000, 3.464471549642479200 ) ) ;
#9606 = VECTOR ( 'NONE', #9534, 1000.000000000000000 ) ;
#9607 = CARTESIAN_POINT ( 'NONE',  ( 6.924430402411135600, -5.586001379475708200, -3.452421434499180400 ) ) ;
#9608 = ORIENTED_EDGE ( 'NONE', *, *, #5788, .T. ) ;
#9609 = ORIENTED_EDGE ( 'NONE', *, *, #9198, .F. ) ;
#9610 = ORIENTED_EDGE ( 'NONE', *, *, #4844, .F. ) ;
#9611 = DIRECTION ( 'NONE',  ( 0.6234898018585320900, 0.7818314824681904500, 0.0000000000000000000 ) ) ;
#9612 = ORIENTED_EDGE ( 'NONE', *, *, #6994, .F. ) ;
#9613 = FACE_OUTER_BOUND ( 'NONE', #2037, .T. ) ;
#9614 = EDGE_LOOP ( 'NONE', ( #8416, #2348, #7314, #9011 ) ) ;
#9615 = CARTESIAN_POINT ( 'NONE',  ( -6.977371155119565000, -5.500315420178938400, -3.465025888964337500 ) ) ;
#9616 = CARTESIAN_POINT ( 'NONE',  ( 6.906758349006384600, 5.571908387158433000, 3.469286171371085200 ) ) ;
#9617 = EDGE_CURVE ( 'NONE', #1064, #5516, #1417, .T. ) ;
#9618 = CARTESIAN_POINT ( 'NONE',  ( -8.463287518778900100, -1.982975991212429800, -3.247602129575368300 ) ) ;
#9619 = CARTESIAN_POINT ( 'NONE',  ( -6.927853081768444300, 5.588730875181923400, -3.444839032082838600 ) ) ;
#9620 = ORIENTED_EDGE ( 'NONE', *, *, #4501, .F. ) ;
#9621 = CARTESIAN_POINT ( 'NONE',  ( -6.909787269926758000, -5.574323870989383400, -3.468181098941469600 ) ) ;
#9622 = VERTEX_POINT ( 'NONE', #585 ) ;
#9623 = AXIS2_PLACEMENT_3D ( 'NONE', #9188, #9920, #7578 ) ;
#9624 = EDGE_LOOP ( 'NONE', ( #7109, #3165, #883, #6961, #6291, #9393 ) ) ;
#9625 = EDGE_CURVE ( 'NONE', #5179, #3371, #9549, .T. ) ;
#9626 = DIRECTION ( 'NONE',  ( 0.0000000000000000000, 0.0000000000000000000, 1.000000000000000000 ) ) ;
#9627 = CIRCLE ( 'NONE', #7660, 8.837711872106121200 ) ;
#9628 = CONICAL_SURFACE ( 'NONE', #9444, 8.869223585189136100, 0.6108652381980126400 ) ;
#9629 = DIRECTION ( 'NONE',  ( -0.0000000000000000000, -0.0000000000000000000, -1.000000000000000000 ) ) ;
#9630 = ADVANCED_FACE ( 'NONE', ( #4653 ), #6675, .T. ) ;
#9631 = CARTESIAN_POINT ( 'NONE',  ( 6.885620889539906000, -5.555051825725412200, -3.464362763198132200 ) ) ;
#9632 = CARTESIAN_POINT ( 'NONE',  ( 0.0000000000000000000, 0.0000000000000000000, -3.099533293948747700 ) ) ;
#9633 = ORIENTED_EDGE ( 'NONE', *, *, #4660, .T. ) ;
#9634 = DIRECTION ( 'NONE',  ( -1.000000000000000000, 0.0000000000000000000, 0.0000000000000000000 ) ) ;
#9635 = B_SPLINE_CURVE_WITH_KNOTS ( 'NONE', 3,
 ( #8386, #1560, #767, #5437, #5298, #6215, #7644, #3904, #1631, #1532, #6977, #2382, #7751, #4638, #8512, #3096, #9299, #9887, #6882, #2275, #6191, #3070, #8422, #57, #3830 ),
 .UNSPECIFIED., .F., .F.,
 ( 4, 3, 3, 3, 3, 3, 3, 3, 4 ),
 ( 0.0001509499138714722800, 0.0001527764003826843400, 0.0001645282963311809100, 0.0001762803579144476300, 0.0001880325997012763500, 0.0001997849575937703300, 0.0002115373162334664700, 0.0002188290956692478600, 0.0002208042975641446700 ),
 .UNSPECIFIED. ) ;
#9636 = AXIS2_PLACEMENT_3D ( 'NONE', #9318, #3854, #7635 ) ;
#9637 = CARTESIAN_POINT ( 'NONE',  ( 0.0000000000000000000, 10.47500000000000500, 3.500000000000000400 ) ) ;
#9638 = LINE ( 'NONE', #262, #7367 ) ;
#9639 = CIRCLE ( 'NONE', #268, 9.621762239271875600 ) ;
#9640 = AXIS2_PLACEMENT_3D ( 'NONE', #677, #4376, #1381 ) ;
#9641 = CARTESIAN_POINT ( 'NONE',  ( -8.650651955850451100, -1.923169014979537700, 3.469846945119945800 ) ) ;
#9642 = EDGE_CURVE ( 'NONE', #256, #1597, #7040, .T. ) ;
#9643 = ORIENTED_EDGE ( 'NONE', *, *, #2588, .F. ) ;
#9644 = CARTESIAN_POINT ( 'NONE',  ( 0.05000000000000001700, 8.896245052708611200, -3.452954079042413100 ) ) ;
#9645 = CARTESIAN_POINT ( 'NONE',  ( 3.780519072845733400, 7.735090501365833800, 3.129114371485063600 ) ) ;
#9646 = CARTESIAN_POINT ( 'NONE',  ( 0.0000000000000000000, 0.0000000000000000000, -3.454996609771464400 ) ) ;
#9647 = ADVANCED_FACE ( 'NONE', ( #2367 ), #4606, .T. ) ;
#9648 = CARTESIAN_POINT ( 'NONE',  ( 3.805213805539072500, 8.016846129282434700, -3.469286171371085200 ) ) ;
#9649 = EDGE_CURVE ( 'NONE', #9261, #5430, #8357, .T. ) ;
#9650 = CARTESIAN_POINT ( 'NONE',  ( 0.0000000000000000000, 0.0000000000000000000, 3.500000000000000400 ) ) ;
#9651 = ORIENTED_EDGE ( 'NONE', *, *, #670, .F. ) ;
#9652 = DIRECTION ( 'NONE',  ( 1.000000000000000000, 0.0000000000000000000, 0.0000000000000000000 ) ) ;
#9653 = CARTESIAN_POINT ( 'NONE',  ( 8.624540184687441900, -2.019780859934190900, 3.469100694293998800 ) ) ;
#9654 = DIRECTION ( 'NONE',  ( 0.9009688679025744700, -0.4338837391172356600, 0.0000000000000000000 ) ) ;
#9655 = DIRECTION ( 'NONE',  ( 1.000000000000000000, 0.0000000000000000000, 0.0000000000000000000 ) ) ;
#9656 = ORIENTED_EDGE ( 'NONE', *, *, #7886, .F. ) ;
#9657 = CARTESIAN_POINT ( 'NONE',  ( 0.05000000000000003100, -8.692348900455138900, -3.247602129575368300 ) ) ;
#9658 = DIRECTION ( 'NONE',  ( -0.0000000000000000000, -0.0000000000000000000, 1.000000000000000000 ) ) ;
#9659 = DIRECTION ( 'NONE',  ( 0.0000000000000000000, 0.0000000000000000000, 1.000000000000000000 ) ) ;
#9660 = CALENDAR_DATE ( 2023, 11, 7 ) ;
#9661 = ORIENTED_EDGE ( 'NONE', *, *, #7108, .T. ) ;
#9662 = CARTESIAN_POINT ( 'NONE',  ( -6.746065712156426900, -5.315855484712181500, 3.099533293948748100 ) ) ;
#9663 = CARTESIAN_POINT ( 'NONE',  ( 6.691813865204168500, 5.400495881239101500, -3.114323832567764700 ) ) ;
#9664 = EDGE_CURVE ( 'NONE', #8295, #9813, #9635, .T. ) ;
#9665 = DIRECTION ( 'NONE',  ( -0.0000000000000000000, -0.0000000000000000000, 1.000000000000000000 ) ) ;
#9666 = DIRECTION ( 'NONE',  ( -0.9009688679024157000, 0.4338837391175652300, 0.0000000000000000000 ) ) ;
#9667 = DIRECTION ( 'NONE',  ( -0.9749279121818257300, -0.2225209339563049800, -0.0000000000000000000 ) ) ;
#9668 = ADVANCED_FACE ( 'NONE', ( #4042 ), #2473, .T. ) ;
#9669 = EDGE_CURVE ( 'NONE', #6618, #3950, #6207, .T. ) ;
#9670 = DIRECTION ( 'NONE',  ( -0.0000000000000000000, -0.0000000000000000000, -1.000000000000000000 ) ) ;
#9671 = VERTEX_POINT ( 'NONE', #5596 ) ;
#9673 = DIRECTION ( 'NONE',  ( 1.000000000000000000, 0.0000000000000000000, 0.0000000000000000000 ) ) ;
#9672 = CARTESIAN_POINT ( 'NONE',  ( 0.0000000000000000000, 0.0000000000000000000, -1.224999999999999900 ) ) ;
#9674 = AXIS2_PLACEMENT_3D ( 'NONE', #6339, #8729, #7137 ) ;
#9675 = VECTOR ( 'NONE', #7053, 1000.000000000000000 ) ;
#9676 = EDGE_CURVE ( 'NONE', #9342, #659, #4273, .T. ) ;
#9677 = CARTESIAN_POINT ( 'NONE',  ( -8.534077790247378600, -1.999133408725416000, -3.351299362948740900 ) ) ;
#9678 = CARTESIAN_POINT ( 'NONE',  ( -5.686989865158905900, 6.964553935150292200E-016, -3.376256313292342400 ) ) ;
#9679 = DIRECTION ( 'NONE',  ( -0.2225209339563182800, -0.9749279121818227300, 0.0000000000000000000 ) ) ;
#9680 = ORIENTED_EDGE ( 'NONE', *, *, #191, .F. ) ;
#9681 = CARTESIAN_POINT ( 'NONE',  ( 8.414749320523776900, -1.869325777874907300, -3.143904910697430800 ) ) ;
#9682 = LINE ( 'NONE', #4246, #1784 ) ;
#9683 = CARTESIAN_POINT ( 'NONE',  ( 0.0000000000000000000, 0.0000000000000000000, 3.193750000000000500 ) ) ;
#9684 = CARTESIAN_POINT ( 'NONE',  ( 0.0000000000000000000, 0.0000000000000000000, -3.094141646974374100 ) ) ;
#9685 = CARTESIAN_POINT ( 'NONE',  ( -6.934698440303992400, -5.594189866451142000, -3.429674227117770700 ) ) ;
#9686 = ADVANCED_FACE ( 'NONE', ( #1875 ), #2416, .T. ) ;
#9687 = EDGE_CURVE ( 'NONE', #2782, #5303, #5593, .T. ) ;
#9688 = CARTESIAN_POINT ( 'NONE',  ( -6.923676418388918600, 5.585400097282431800, 3.453994494324953200 ) ) ;
#9689 = ORIENTED_EDGE ( 'NONE', *, *, #1254, .T. ) ;
#9690 = DIRECTION ( 'NONE',  ( 0.0000000000000000000, 0.0000000000000000000, 1.000000000000000000 ) ) ;
#9691 = DIRECTION ( 'NONE',  ( -0.0000000000000000000, -0.0000000000000000000, 1.000000000000000000 ) ) ;
#9692 = VECTOR ( 'NONE', #7548, 1000.000000000000000 ) ;
#9693 = EDGE_LOOP ( 'NONE', ( #9802, #166, #8325, #7311, #5554, #6897 ) ) ;
#9694 = CARTESIAN_POINT ( 'NONE',  ( -8.665797712491988500, -1.926625935097669600, 3.468147503381453900 ) ) ;
#9695 = CARTESIAN_POINT ( 'NONE',  ( -0.05000000000000003700, 8.588668239434865000, -3.500000000000000000 ) ) ;
#9696 = CARTESIAN_POINT ( 'NONE',  ( 3.791356179071754700, -7.988070471417486800, 3.460296783607140100 ) ) ;
#9697 = VERTEX_POINT ( 'NONE', #1776 ) ;
#9698 = LINE ( 'NONE', #2231, #250 ) ;
#9699 = AXIS2_PLACEMENT_3D ( 'NONE', #316, #6440, #8768 ) ;
#9700 = CIRCLE ( 'NONE', #5336, 2.450000000000000600 ) ;
#9701 = ORIENTED_EDGE ( 'NONE', *, *, #842, .F. ) ;
#9702 = CARTESIAN_POINT ( 'NONE',  ( -0.05000000000000001700, 8.900930351248696600, -3.444839032082838600 ) ) ;
#9704 = CARTESIAN_POINT ( 'NONE',  ( 3.681435046371045700, -7.759816887428994100, 3.500000000000000000 ) ) ;
#9703 = CARTESIAN_POINT ( 'NONE',  ( 8.670907408394947800, -2.030363876171017000, -3.437256629622303700 ) ) ;
#9705 = ORIENTED_EDGE ( 'NONE', *, *, #2304, .T. ) ;
#9706 = TOROIDAL_SURFACE ( 'NONE', #2743, 8.866382193656235700, 0.03500000000000000300 ) ;
#9707 = CARTESIAN_POINT ( 'NONE',  ( -8.604868042990066400, -2.015290821964363500, 3.454996609771464800 ) ) ;
#9708 = CARTESIAN_POINT ( 'NONE',  ( 8.643545619096329300, -2.024118726315969200, 3.468147503381453900 ) ) ;
#9709 = ORIENTED_EDGE ( 'NONE', *, *, #9872, .T. ) ;
#9710 = CARTESIAN_POINT ( 'NONE',  ( 3.890186641437313000, -7.962817554056457900, 3.469900311146004500 ) ) ;
#9711 = CIRCLE ( 'NONE', #5903, 8.588813778810038700 ) ;
#9712 = EDGE_LOOP ( 'NONE', ( #7731, #3873, #465, #7377 ) ) ;
#9713 = CARTESIAN_POINT ( 'NONE',  ( 6.891220320180371700, -5.559517222654076100, 3.467739038050325000 ) ) ;
#9714 = VECTOR ( 'NONE', #532, 1000.000000000000200 ) ;
#9715 = ORIENTED_EDGE ( 'NONE', *, *, #6190, .T. ) ;
#9716 = CARTESIAN_POINT ( 'NONE',  ( -6.977661160248750600, 5.500546691552340700, -3.464797546056691800 ) ) ;
#9717 = ORIENTED_EDGE ( 'NONE', *, *, #4501, .T. ) ;
#9718 = EDGE_LOOP ( 'NONE', ( #9643, #6526 ) ) ;
#9719 = ADVANCED_FACE ( 'NONE', ( #93 ), #9196, .T. ) ;
#9720 = CARTESIAN_POINT ( 'NONE',  ( 0.05000000000000004400, -8.588668239434865000, -3.099533293948748100 ) ) ;
#9721 = ORIENTED_EDGE ( 'NONE', *, *, #1787, .T. ) ;
#9722 = CARTESIAN_POINT ( 'NONE',  ( 0.05000000000000001000, -9.045898922017695300, 3.193750000000000100 ) ) ;
#9723 = CARTESIAN_POINT ( 'NONE',  ( -6.924430402411212000, -5.586001379475613100, 3.452421434499180400 ) ) ;
#9724 = EDGE_CURVE ( 'NONE', #2747, #5908, #7756, .T. ) ;
#9725 = DIRECTION ( 'NONE',  ( -1.000000000000000000, 0.0000000000000000000, 0.0000000000000000000 ) ) ;
#9726 = AXIS2_PLACEMENT_3D ( 'NONE', #3006, #2301, #6096 ) ;
#9727 = EDGE_LOOP ( 'NONE', ( #2916, #3529, #890, #2761 ) ) ;
#9728 = CARTESIAN_POINT ( 'NONE',  ( -6.900249666593143900, 5.566717886137349000, 3.469915996672631000 ) ) ;
#9729 = CIRCLE ( 'NONE', #6463, 9.046037105128458900 ) ;
#9730 = EDGE_LOOP ( 'NONE', ( #3655, #1592, #5285, #289, #9396, #2166, #9487, #3286, #2409, #7467, #1689, #9656, #8462, #6740, #5168, #9282, #5069, #8081, #1613, #3996, #9231, #2938, #7331, #7639, #4705, #3116, #8783, #3130, #5090, #64, #416, #2302 ) ) ;
#9731 = VERTEX_POINT ( 'NONE', #1749 ) ;
#9732 = CARTESIAN_POINT ( 'NONE',  ( 6.917884363807200300, 5.580781087886396800, -3.462472406546387200 ) ) ;
#9733 = ORIENTED_EDGE ( 'NONE', *, *, #1647, .T. ) ;
#9734 = EDGE_CURVE ( 'NONE', #384, #4846, #8301, .T. ) ;
#9735 = EDGE_LOOP ( 'NONE', ( #7843, #9717 ) ) ;
#9736 = ORIENTED_EDGE ( 'NONE', *, *, #5620, .F. ) ;
#9737 = CARTESIAN_POINT ( 'NONE',  ( 0.0000000000000000000, 0.0000000000000000000, -3.094141646974374100 ) ) ;
#9738 = CARTESIAN_POINT ( 'NONE',  ( -6.883895907083501500, 5.425771397351231200, 3.351299362948740900 ) ) ;
#9739 = VERTEX_POINT ( 'NONE', #7103 ) ;
#9740 = DIRECTION ( 'NONE',  ( 1.000000000000000000, 0.0000000000000000000, 0.0000000000000000000 ) ) ;
#9741 = AXIS2_PLACEMENT_3D ( 'NONE', #2249, #4564, #9082 ) ;
#9742 = VECTOR ( 'NONE', #2242, 1000.000000000000000 ) ;
#9743 = ORIENTED_EDGE ( 'NONE', *, *, #8529, .F. ) ;
#9744 = ORIENTED_EDGE ( 'NONE', *, *, #1881, .T. ) ;
#9745 = CARTESIAN_POINT ( 'NONE',  ( 8.372303308387707000, 1.962209438918158400, -3.114323832567764200 ) ) ;
#9746 = DIRECTION ( 'NONE',  ( -0.0000000000000000000, -0.0000000000000000000, 1.000000000000000000 ) ) ;
#9747 = ORIENTED_EDGE ( 'NONE', *, *, #4180, .T. ) ;
#9748 = DIRECTION ( 'NONE',  ( 0.9009688679024187000, -0.4338837391175590600, 0.0000000000000000000 ) ) ;
#9749 = ORIENTED_EDGE ( 'NONE', *, *, #8246, .T. ) ;
#9750 = CARTESIAN_POINT ( 'NONE',  ( 8.651001148481837400, 2.025820402246272200, 3.464797546056691800 ) ) ;
#9751 = EDGE_CURVE ( 'NONE', #6751, #4993, #3927, .T. ) ;
#9752 = CARTESIAN_POINT ( 'NONE',  ( -3.789946096564069200, 7.985142404919487900, 3.456597352396201500 ) ) ;
#9753 = FACE_OUTER_BOUND ( 'NONE', #9795, .T. ) ;
#9754 = DIRECTION ( 'NONE',  ( -1.000000000000000000, 0.0000000000000000000, 0.0000000000000000000 ) ) ;
#9755 = FACE_OUTER_BOUND ( 'NONE', #8310, .T. ) ;
#9756 = ORIENTED_EDGE ( 'NONE', *, *, #102, .F. ) ;
#9757 = CARTESIAN_POINT ( 'NONE',  ( -7.032545971489053500, 5.544315867970317100, 3.351032822740168400 ) ) ;
#9758 = AXIS2_PLACEMENT_3D ( 'NONE', #7764, #4166, #6265 ) ;
#9759 = EDGE_CURVE ( 'NONE', #4292, #6164, #6562, .T. ) ;
#9760 = CARTESIAN_POINT ( 'NONE',  ( -9.621762239271875600, 1.178326032848117100E-015, 3.500000000000000000 ) ) ;
#9761 = CARTESIAN_POINT ( 'NONE',  ( 0.05000000000000003700, -8.619738104553002600, -3.143904910697430800 ) ) ;
#9762 = CARTESIAN_POINT ( 'NONE',  ( 9.046037105128458900, 0.0000000000000000000, 2.994533293948747700 ) ) ;
#9763 = ORIENTED_EDGE ( 'NONE', *, *, #8208, .T. ) ;
#9764 = DIRECTION ( 'NONE',  ( -0.0000000000000000000, -0.0000000000000000000, 1.000000000000000000 ) ) ;
#9765 = CARTESIAN_POINT ( 'NONE',  ( 6.878614483356440000, 5.549464403242320800, -3.455541280135825800 ) ) ;
#9766 = AXIS2_PLACEMENT_3D ( 'NONE', #4893, #3404, #7123 ) ;
#9767 = CARTESIAN_POINT ( 'NONE',  ( -8.414749320523764500, 1.869325777874962300, 3.143904910697430800 ) ) ;
#9768 = EDGE_CURVE ( 'NONE', #3400, #9496, #4524, .T. ) ;
#9769 = ORIENTED_EDGE ( 'NONE', *, *, #632, .T. ) ;
#9770 = CARTESIAN_POINT ( 'NONE',  ( -5.049999999999998900, 6.184466335694132100E-016, -1.096058885236881200E-015 ) ) ;
#9771 = ADVANCED_FACE ( 'NONE', ( #4390 ), #988, .T. ) ;
#9772 = CARTESIAN_POINT ( 'NONE',  ( 3.908916829529494500, -8.001711190391697300, -3.437256629622304200 ) ) ;
#9773 = DIRECTION ( 'NONE',  ( -0.0000000000000000000, -0.0000000000000000000, 1.000000000000000000 ) ) ;
#9774 = DATE_AND_TIME ( #9660, #1764 ) ;
#9775 = DIRECTION ( 'NONE',  ( 1.000000000000000000, 0.0000000000000000000, 0.0000000000000000000 ) ) ;
#9776 = CARTESIAN_POINT ( 'NONE',  ( 8.606028464958576800, 2.015555680706274400, 3.456597352396201500 ) ) ;
#9777 = EDGE_CURVE ( 'NONE', #5548, #1368, #9911, .T. ) ;
#9778 = CARTESIAN_POINT ( 'NONE',  ( 0.0000000000000000000, 0.0000000000000000000, 3.434921434499177600 ) ) ;
#9779 = CARTESIAN_POINT ( 'NONE',  ( 3.893621092758634100, -7.969949265710667400, 3.469713030103804400 ) ) ;
#9780 = CARTESIAN_POINT ( 'NONE',  ( -6.997047420489748100, 5.516006718204486100, 3.429674227117770700 ) ) ;
#9781 = FACE_OUTER_BOUND ( 'NONE', #1357, .T. ) ;
#9782 = DIRECTION ( 'NONE',  ( -0.0000000000000000000, -0.0000000000000000000, 1.000000000000000000 ) ) ;
#9783 = EDGE_LOOP ( 'NONE', ( #2316, #2798 ) ) ;
#9784 = CARTESIAN_POINT ( 'NONE',  ( -6.984097861549227700, 5.505679789551656700, 3.457544059217933600 ) ) ;
#9785 = CARTESIAN_POINT ( 'NONE',  ( 0.05000000000000001700, -8.896552580035715300, 3.452421434499180400 ) ) ;
#9786 = CARTESIAN_POINT ( 'NONE',  ( -6.764777536879300600, -5.458682467755097400, 3.247602129575368300 ) ) ;
#9787 = EDGE_CURVE ( 'NONE', #8810, #2290, #6330, .T. ) ;
#9788 = CARTESIAN_POINT ( 'NONE',  ( -6.924430402411094800, 5.586001379475759700, 3.452421434499180400 ) ) ;
#9789 = CARTESIAN_POINT ( 'NONE',  ( -9.046037105128460700, 1.107820038576375800E-015, -3.325000000000001100 ) ) ;
#9790 = CARTESIAN_POINT ( 'NONE',  ( 6.891558407276710000, 5.559786838116454400, -3.468127985775450100 ) ) ;
#9791 = DIRECTION ( 'NONE',  ( -0.0000000000000000000, -0.0000000000000000000, 1.000000000000000000 ) ) ;
#9792 = EDGE_CURVE ( 'NONE', #3143, #3732, #7154, .T. ) ;
#9793 = CARTESIAN_POINT ( 'NONE',  ( 0.0000000000000000000, 0.0000000000000000000, 3.434921434499177600 ) ) ;
#9794 = CARTESIAN_POINT ( 'NONE',  ( 8.684623479167859400, 1.930922793491888400, 3.452421434499180400 ) ) ;
#9795 = EDGE_LOOP ( 'NONE', ( #7951, #156, #3279, #5157, #1998 ) ) ;
#9796 = DIRECTION ( 'NONE',  ( 0.4338837391175527400, -0.9009688679024217000, 0.0000000000000000000 ) ) ;
#9797 = CARTESIAN_POINT ( 'NONE',  ( 7.005695535894889600, -5.650808160872978500, 3.272391413630715300 ) ) ;
#9798 = FACE_OUTER_BOUND ( 'NONE', #9524, .T. ) ;
#9799 = EDGE_CURVE ( 'NONE', #8311, #7535, #7994, .T. ) ;
#9800 = CARTESIAN_POINT ( 'NONE',  ( 6.764777536879263300, 5.458682467755143500, 3.247602129575368300 ) ) ;
#9801 = CARTESIAN_POINT ( 'NONE',  ( 8.675175419594708600, -2.031338021875986200, -3.429674227117769800 ) ) ;
#9802 = ORIENTED_EDGE ( 'NONE', *, *, #2355, .F. ) ;
#9803 = AXIS2_PLACEMENT_3D ( 'NONE', #6950, #2361, #4676 ) ;
#9804 = CARTESIAN_POINT ( 'NONE',  ( -6.944136749132249000, -5.473811865808739800, -3.460296783607140100 ) ) ;
#9805 = EDGE_CURVE ( 'NONE', #3143, #9622, #327, .T. ) ;
#9806 = DIRECTION ( 'NONE',  ( 0.0000000000000000000, 0.0000000000000000000, 1.000000000000000000 ) ) ;
#9807 = DIRECTION ( 'NONE',  ( -0.0000000000000000000, -0.0000000000000000000, 1.000000000000000000 ) ) ;
#9808 = LINE ( 'NONE', #7954, #7545 ) ;
#9809 = DIRECTION ( 'NONE',  ( 1.000000000000000000, 0.0000000000000000000, 0.0000000000000000000 ) ) ;
#9810 = B_SPLINE_CURVE_WITH_KNOTS ( 'NONE', 3,
 ( #3882, #821, #6297, #4621, #5412, #2336, #165, #940, #7758, #916, #9336, #3916, #3838, #1643, #9309, #7030, #6990, #3182, #4717, #5451, #126, #99 ),
 .UNSPECIFIED., .F., .F.,
 ( 4, 3, 3, 3, 3, 3, 3, 4 ),
 ( 0.0002168574548798330900, 0.0002188290334246885300, 0.0002305812013871285100, 0.0002423333607551999000, 0.0002540856419916200500, 0.0002658380091482384400, 0.0002775903405257911900, 0.0002867718163053231000 ),
 .UNSPECIFIED. ) ;
#9811 = DIRECTION ( 'NONE',  ( -0.0000000000000000000, -0.0000000000000000000, 1.000000000000000000 ) ) ;
#9812 = AXIS2_PLACEMENT_3D ( 'NONE', #2662, #9560, #2625 ) ;
#9813 = VERTEX_POINT ( 'NONE', #372 ) ;
#9814 = CARTESIAN_POINT ( 'NONE',  ( -0.05000000000000004400, -8.588668239434865000, 3.099533293948748100 ) ) ;
#9815 = ADVANCED_FACE ( 'NONE', ( #1996 ), #2358, .T. ) ;
#9816 = CYLINDRICAL_SURFACE ( 'NONE', #5973, 8.737285000697680100 ) ;
#9817 = DIRECTION ( 'NONE',  ( -0.0000000000000000000, -0.0000000000000000000, 1.000000000000000000 ) ) ;
#9818 = ORIENTED_EDGE ( 'NONE', *, *, #1038, .F. ) ;
#9819 = CARTESIAN_POINT ( 'NONE',  ( -6.927853081768444300, 5.588730875181923400, 3.444839032082838600 ) ) ;
#9820 = CARTESIAN_POINT ( 'NONE',  ( -3.950216688758845200, 8.087471231757016100, 3.272391413630715700 ) ) ;
#9821 = LINE ( 'NONE', #5696, #7804 ) ;
#9822 = EDGE_CURVE ( 'NONE', #3828, #614, #5954, .T. ) ;
#9823 = ORIENTED_EDGE ( 'NONE', *, *, #1496, .F. ) ;
#9824 = CIRCLE ( 'NONE', #1633, 9.046037105128458900 ) ;
#9825 = CARTESIAN_POINT ( 'NONE',  ( 0.0000000000000000000, 0.0000000000000000000, -3.376256313292342400 ) ) ;
#9826 = CARTESIAN_POINT ( 'NONE',  ( 8.604868042990053900, 2.015290821964419900, -3.454996609771464800 ) ) ;
#9827 = VERTEX_POINT ( 'NONE', #4855 ) ;
#9828 = DIRECTION ( 'NONE',  ( 1.000000000000000000, 0.0000000000000000000, 0.0000000000000000000 ) ) ;
#9829 = LINE ( 'NONE', #6851, #4567 ) ;
#9830 = VECTOR ( 'NONE', #3423, 1000.000000000000000 ) ;
#9831 = CARTESIAN_POINT ( 'NONE',  ( -8.384458441792366700, 1.862412082470977300, 3.099533293948748100 ) ) ;
#9832 = VERTEX_POINT ( 'NONE', #5622 ) ;
#9833 = CARTESIAN_POINT ( 'NONE',  ( 8.665797712491974300, 1.926625935097726200, 3.468147503381453900 ) ) ;
#9834 = EDGE_CURVE ( 'NONE', #5448, #1623, #4643, .T. ) ;
#9835 = DIRECTION ( 'NONE',  ( -0.0000000000000000000, -0.0000000000000000000, 1.000000000000000000 ) ) ;
#9836 = VERTEX_POINT ( 'NONE', #1902 ) ;
#9837 = CARTESIAN_POINT ( 'NONE',  ( 7.181834238703138400, 5.663369288345752000, 3.500000000000000400 ) ) ;
#9838 = ORIENTED_EDGE ( 'NONE', *, *, #4427, .T. ) ;
#9839 = DIRECTION ( 'NONE',  ( -0.0000000000000000000, -0.0000000000000000000, 1.000000000000000000 ) ) ;
#9840 = VERTEX_POINT ( 'NONE', #9442 ) ;
#9841 = DIRECTION ( 'NONE',  ( 0.0000000000000000000, 0.0000000000000000000, 1.000000000000000000 ) ) ;
#9842 = DIRECTION ( 'NONE',  ( -1.000000000000000000, 0.0000000000000000000, -0.0000000000000000000 ) ) ;
#9843 = ORIENTED_EDGE ( 'NONE', *, *, #2954, .T. ) ;
#9844 = FACE_OUTER_BOUND ( 'NONE', #7485, .T. ) ;
#9845 = ORIENTED_EDGE ( 'NONE', *, *, #3483, .F. ) ;
#9846 = DIRECTION ( 'NONE',  ( -0.0000000000000000000, -0.0000000000000000000, 1.000000000000000000 ) ) ;
#9847 = ORIENTED_EDGE ( 'NONE', *, *, #7772, .T. ) ;
#9848 = CARTESIAN_POINT ( 'NONE',  ( 3.879879959974195100, 8.171891996566738900, -3.500000000000000400 ) ) ;
#9849 = CARTESIAN_POINT ( 'NONE',  ( -3.757925033893019200, 7.918649983142067600, 3.351299362948741800 ) ) ;
#9850 = CARTESIAN_POINT ( 'NONE',  ( -0.05000000000000002400, 8.866160943272234400, -3.470139885832122400 ) ) ;
#9851 = ORIENTED_EDGE ( 'NONE', *, *, #6021, .F. ) ;
#9852 = VERTEX_POINT ( 'NONE', #2946 ) ;
#9853 = CARTESIAN_POINT ( 'NONE',  ( 0.0000000000000000000, 0.0000000000000000000, -2.974999999999999600 ) ) ;
#9854 = VERTEX_POINT ( 'NONE', #9770 ) ;
#9856 = CONICAL_SURFACE ( 'NONE', #3382, 9.046037105128458900, 0.5235987755983011500 ) ;
#9855 = CARTESIAN_POINT ( 'NONE',  ( 6.963018244171586900, -5.488869355645079800, 3.470139885832122400 ) ) ;
#9857 = ORIENTED_EDGE ( 'NONE', *, *, #4820, .T. ) ;
#9858 = DIRECTION ( 'NONE',  ( -0.9009688679022659400, -0.4338837391178758700, 0.0000000000000000000 ) ) ;
#9859 = CARTESIAN_POINT ( 'NONE',  ( 0.05000000000000002400, -8.888179882401043800, 3.462472406546387200 ) ) ;
#9860 = DIRECTION ( 'NONE',  ( -0.5000000000000016700, 6.123233995736787000E-017, 0.8660254037844377100 ) ) ;
#9861 = EDGE_CURVE ( 'NONE', #2688, #2179, #5113, .T. ) ;
#9862 = ORIENTED_EDGE ( 'NONE', *, *, #2636, .F. ) ;
#9863 = CARTESIAN_POINT ( 'NONE',  ( -3.905117942077038800, -7.993822719313215900, -3.452421434499180400 ) ) ;
#9864 = CARTESIAN_POINT ( 'NONE',  ( 0.05000000000000001000, -9.045898922017695300, 3.193750000000000100 ) ) ;
#9865 = DIRECTION ( 'NONE',  ( 0.7818314824680268100, -0.6234898018587372600, 0.0000000000000000000 ) ) ;
#9866 = VERTEX_POINT ( 'NONE', #5290 ) ;
#9867 = CARTESIAN_POINT ( 'NONE',  ( -7.103543054549914100, 5.600934152399629400, -3.094141646974374100 ) ) ;
#9868 = EDGE_LOOP ( 'NONE', ( #8979, #2067, #6137, #1720 ) ) ;
#9869 = CARTESIAN_POINT ( 'NONE',  ( 9.046037105128458900, 0.0000000000000000000, -3.500000000000000900 ) ) ;
#9870 = CIRCLE ( 'NONE', #2387, 9.046037105128458900 ) ;
#9871 = VECTOR ( 'NONE', #9860, 1000.000000000000000 ) ;
#9872 = EDGE_CURVE ( 'NONE', #5548, #9840, #3681, .T. ) ;
#9873 = CARTESIAN_POINT ( 'NONE',  ( 0.0000000000000000000, 0.0000000000000000000, -3.454996609771464400 ) ) ;
#9874 = ORIENTED_EDGE ( 'NONE', *, *, #1401, .F. ) ;
#9875 = CARTESIAN_POINT ( 'NONE',  ( 8.737285000697680100, 0.0000000000000000000, 3.500000000000000000 ) ) ;
#9876 = DIRECTION ( 'NONE',  ( -0.0000000000000000000, -0.0000000000000000000, 1.000000000000000000 ) ) ;
#9877 = DIRECTION ( 'NONE',  ( -0.6234898018587320400, 0.7818314824680310200, 0.0000000000000000000 ) ) ;
#9878 = AXIS2_PLACEMENT_3D ( 'NONE', #3782, #9133, #7558 ) ;
#9879 = PERSON_AND_ORGANIZATION_ROLE ( 'design_owner' ) ;
#9880 = ADVANCED_FACE ( 'NONE', ( #1046 ), #6918, .F. ) ;
#9881 = EDGE_CURVE ( 'NONE', #2775, #6965, #4439, .T. ) ;
#9882 = CONICAL_SURFACE ( 'NONE', #6563, 9.046037105128458900, 0.5235987755983011500 ) ;
#9883 = LINE ( 'NONE', #6765, #2453 ) ;
#9884 = CARTESIAN_POINT ( 'NONE',  ( 6.948416668875306200, -5.477224987910533500, -3.464471549642479200 ) ) ;
#9885 = ORIENTED_EDGE ( 'NONE', *, *, #1391, .F. ) ;
#9886 = DIRECTION ( 'NONE',  ( -0.0000000000000000000, -0.0000000000000000000, 1.000000000000000000 ) ) ;
#9887 = CARTESIAN_POINT ( 'NONE',  ( -8.613976714791567300, 2.017369816863599400, -3.464362763198132200 ) ) ;
#9888 = CARTESIAN_POINT ( 'NONE',  ( -3.685928616305762500, -7.769147881545152700, 3.114323832567764700 ) ) ;
#9889 = AXIS2_PLACEMENT_3D ( 'NONE', #9837, #9877, #5995 ) ;
#9890 = CARTESIAN_POINT ( 'NONE',  ( 7.103543054549956700, -5.600934152399576100, 3.500000000000000000 ) ) ;
#9891 = CARTESIAN_POINT ( 'NONE',  ( 3.879879959974195100, 8.171891996566738900, 3.500000000000000400 ) ) ;
#9892 = DIRECTION ( 'NONE',  ( 1.000000000000000000, -2.664535259100375700E-015, 0.0000000000000000000 ) ) ;
#9893 = AXIS2_PLACEMENT_3D ( 'NONE', #9637, #8070, #3477 ) ;
#9894 = B_SPLINE_CURVE_WITH_KNOTS ( 'NONE', 3,
 ( #4346, #9765, #1387, #6632, #3684, #9033, #4444, #5146, #9790, #1307, #5221, #639, #498, #2025, #2857, #8233, #4407, #9732, #572, #7392, #3649, #1341 ),
 .UNSPECIFIED., .F., .F.,
 ( 4, 3, 3, 3, 3, 3, 3, 4 ),
 ( 0.0002168574548798330600, 0.0002188290334246882800, 0.0002305812013871275400, 0.0002423333607551997600, 0.0002540856419916185900, 0.0002658380091482382800, 0.0002775903405257901100, 0.0002867718163053232600 ),
 .UNSPECIFIED. ) ;
#9895 = EDGE_CURVE ( 'NONE', #8885, #7245, #5355, .T. ) ;
#9896 = VERTEX_POINT ( 'NONE', #3659 ) ;
#9897 = DIRECTION ( 'NONE',  ( -0.0000000000000000000, -0.0000000000000000000, 1.000000000000000000 ) ) ;
#9898 = DIRECTION ( 'NONE',  ( 0.2225209339563245800, 0.9749279121818211800, 0.0000000000000000000 ) ) ;
#9899 = DIRECTION ( 'NONE',  ( -1.000000000000000000, 7.105427357601001900E-015, 0.0000000000000000000 ) ) ;
#9900 = CARTESIAN_POINT ( 'NONE',  ( 0.05000000000000002400, -8.877823310605135600, 3.468181098941469600 ) ) ;
#9901 = CARTESIAN_POINT ( 'NONE',  ( 6.683716731970482000, -5.394038632959075500, 3.500000000000000000 ) ) ;
#9902 = CARTESIAN_POINT ( 'NONE',  ( -3.969916891359710500, -8.128379123974086800, -3.193750000000000100 ) ) ;
#9903 = PERSON_AND_ORGANIZATION ( #7526, #2237 ) ;
#9904 = AXIS2_PLACEMENT_3D ( 'NONE', #96, #6118, #8525 ) ;
#9905 = CLOSED_SHELL ( 'NONE', ( #5155, #363 ) ) ;
#9906 = DIRECTION ( 'NONE',  ( 0.4338837391175651700, 0.9009688679024158200, 0.0000000000000000000 ) ) ;
#9907 = DIRECTION ( 'NONE',  ( -0.0000000000000000000, -0.0000000000000000000, 1.000000000000000000 ) ) ;
#9908 = PRODUCT_DEFINITION ( 'UNKNOWN', '', #2394, #6942 ) ;
#9909 = CARTESIAN_POINT ( 'NONE',  ( 0.0000000000000000000, 0.0000000000000000000, -3.094141646974374100 ) ) ;
#9910 = CARTESIAN_POINT ( 'NONE',  ( 8.662172082280122300, 1.925798408661319300, 3.469378817057675600 ) ) ;
#9911 = CIRCLE ( 'NONE', #9699, 8.896693082788692300 ) ;
#9912 = DIRECTION ( 'NONE',  ( 1.000000000000000000, 0.0000000000000000000, 0.0000000000000000000 ) ) ;
#9913 = CARTESIAN_POINT ( 'NONE',  ( 0.0000000000000000000, 0.0000000000000000000, 3.099533293948747700 ) ) ;
#9914 = SECURITY_CLASSIFICATION_LEVEL ( 'unclassified' ) ;
#9915 = ORIENTED_EDGE ( 'NONE', *, *, #7755, .F. ) ;
#9916 = B_SPLINE_CURVE_WITH_KNOTS ( 'NONE', 3,
 ( #2733, #3581, #9645, #6571, #7271, #3524, #8812 ),
 .UNSPECIFIED., .F., .F.,
 ( 4, 3, 4 ),
 ( 0.0008460917731560549000, 0.0009002598162382142100, 0.001280034707405371900 ),
 .UNSPECIFIED. ) ;
#9917 = CARTESIAN_POINT ( 'NONE',  ( 3.812591928677977000, 8.032166959846915000, -3.459706444013471500 ) ) ;
#9918 = ORIENTED_EDGE ( 'NONE', *, *, #2457, .F. ) ;
#9919 = FACE_OUTER_BOUND ( 'NONE', #8535, .T. ) ;
#9920 = DIRECTION ( 'NONE',  ( -0.0000000000000000000, -0.0000000000000000000, 1.000000000000000000 ) ) ;
#9921 = DIRECTION ( 'NONE',  ( -0.0000000000000000000, -0.0000000000000000000, 1.000000000000000000 ) ) ;
#9922 = DIRECTION ( 'NONE',  ( 1.000000000000000000, 0.0000000000000000000, 0.0000000000000000000 ) ) ;
#9923 = CARTESIAN_POINT ( 'NONE',  ( 8.384458441792393300, 1.862412082470863900, -3.094141646974374100 ) ) ;
#9924 = PLANE ( 'NONE',  #7132 ) ;
#9925 = CARTESIAN_POINT ( 'NONE',  ( -3.793731355337997900, -7.993002575754688100, 3.464471549642479200 ) ) ;
#9926 = DIRECTION ( 'NONE',  ( 0.6234898018590124800, -0.7818314824678073100, 0.0000000000000000000 ) ) ;
#9927 = ORIENTED_EDGE ( 'NONE', *, *, #7719, .F. ) ;
#9928 = CARTESIAN_POINT ( 'NONE',  ( 3.969976846764378100, -8.128503622655012300, 3.094141646974374100 ) ) ;
#9929 = DIRECTION ( 'NONE',  ( 0.9749279121818257300, 0.2225209339563051200, 0.0000000000000000000 ) ) ;
#9930 = FACE_OUTER_BOUND ( 'NONE', #5765, .T. ) ;
#9931 = ADVANCED_FACE ( 'NONE', ( #3562 ), #570, .F. ) ;
#9932 = CARTESIAN_POINT ( 'NONE',  ( -6.683716731970554800, -5.394038632958984000, 3.099533293948748100 ) ) ;
#9933 = EDGE_CURVE ( 'NONE', #8800, #6392, #2113, .T. ) ;
#9934 = CARTESIAN_POINT ( 'NONE',  ( 8.785959443115464400, -1.954052065984028600, 3.272391413630716200 ) ) ;
#9935 = DIRECTION ( 'NONE',  ( 0.9009688679024218100, 0.4338837391175526800, -0.0000000000000000000 ) ) ;
#9936 = CARTESIAN_POINT ( 'NONE',  ( 8.380768779485729100, 0.0000000000000000000, -3.376256313292342400 ) ) ;
#9937 = ORIENTED_EDGE ( 'NONE', *, *, #3408, .F. ) ;
#9938 = DIRECTION ( 'NONE',  ( 1.000000000000000000, 0.0000000000000000000, 0.0000000000000000000 ) ) ;
#9939 = CARTESIAN_POINT ( 'NONE',  ( 6.878316301899227300, 5.549226611465136300, 3.454996609771464800 ) ) ;
#9940 = LINE ( 'NONE', #6500, #727 ) ;
#9941 = CARTESIAN_POINT ( 'NONE',  ( -0.05000000000000002400, -8.893453463458474300, -3.457279025203407600 ) ) ;
ENDSEC;
END-ISO-10303-21;
