ISO-10303-21;
HEADER;
FILE_DESCRIPTION (( 'STEP AP203' ),
    '1' );
FILE_NAME ('96144A219_Fine-Thread Alloy Steel Socket Head Screw.STEP',
    '2021-07-09T14:22:24',
    ( 'Administrator' ),
    ( 'Managed by Terraform' ),
    'SwSTEP 2.0',
    'SolidWorks 2017',
    '' );
FILE_SCHEMA (( 'CONFIG_CONTROL_DESIGN' ));
ENDSEC;

DATA;
#1 = AXIS2_PLACEMENT_3D ( 'NONE', #2938, #7144, #2348 ) ;
#2 = CARTESIAN_POINT ( 'NONE',  ( -3.999999999999996400, -7.669492948908376000E-015, -25.87499999999993600 ) ) ;
#3 = ORIENTED_EDGE ( 'NONE', *, *, #5647, .F. ) ;
#4 = VECTOR ( 'NONE', #7588, 1000.000000000000000 ) ;
#5 = CARTESIAN_POINT ( 'NONE',  ( -4.679256681265764000E-014, 3.350480947161662100, -12.49999999999996800 ) ) ;
#6 = CARTESIAN_POINT ( 'NONE',  ( 0.0000000000000000000, 0.0000000000000000000, -30.00000000000000000 ) ) ;
#7 = EDGE_CURVE ( 'NONE', #6160, #6273, #3834, .T. ) ;
#8 = CARTESIAN_POINT ( 'NONE',  ( -4.618802153517005800, -6.535430629823232500E-014, -5.749999999999984900 ) ) ;
#9 = ADVANCED_FACE ( 'NONE', ( #2784 ), #4336, .T. ) ;
#10 = CARTESIAN_POINT ( 'NONE',  ( -3.464101615137798800, 1.999999999999923200, -7.833333333333313500 ) ) ;
#11 = CARTESIAN_POINT ( 'NONE',  ( 3.350480947161662600, -5.519710834441634500E-015, -3.749999999999989800 ) ) ;
#12 = VERTEX_POINT ( 'NONE', #6534 ) ;
#13 = DIRECTION ( 'NONE',  ( -1.000000000000000000, 0.0000000000000000000, 0.0000000000000000000 ) ) ;
#14 = VECTOR ( 'NONE', #98, 1000.000000000000000 ) ;
#15 = DIRECTION ( 'NONE',  ( 0.0000000000000000000, 0.0000000000000000000, 1.000000000000000000 ) ) ;
#16 = CARTESIAN_POINT ( 'NONE',  ( 3.350480947161662100, 4.103155767545721900E-016, 0.0000000000000000000 ) ) ;
#17 = CARTESIAN_POINT ( 'NONE',  ( 2.309401076758446100, 4.000000000000032000, -26.20833333333326800 ) ) ;
#18 = CARTESIAN_POINT ( 'NONE',  ( -3.999999999999999100, 1.071796769724442200, -28.91965819873845000 ) ) ;
#19 = CARTESIAN_POINT ( 'NONE',  ( -1.934401076758566200, 3.350480947161623000, -12.54166666666663400 ) ) ;
#20 = VERTEX_POINT ( 'NONE', #2878 ) ;
#21 = ORIENTED_EDGE ( 'NONE', *, *, #2359, .T. ) ;
#22 = VERTEX_POINT ( 'NONE', #5768 ) ;
#23 = EDGE_CURVE ( 'NONE', #3154, #420, #5461, .T. ) ;
#24 = CARTESIAN_POINT ( 'NONE',  ( -3.464101615137783700, 1.999999999999948500, -5.958333333333311700 ) ) ;
#25 = CARTESIAN_POINT ( 'NONE',  ( -2.309401076758368400, -4.000000000000077300, -17.70833333333329000 ) ) ;
#26 = CARTESIAN_POINT ( 'NONE',  ( 3.350480947161660800, 0.8977586640478729700, -10.83034180126144900 ) ) ;
#27 = CARTESIAN_POINT ( 'NONE',  ( -3.350480947161659500, -4.822484202722690600E-015, -28.24999999999994000 ) ) ;
#28 = CARTESIAN_POINT ( 'NONE',  ( -4.000000000000000000, -1.045839947578414800E-015, -1.749999999999996900 ) ) ;
#29 = CARTESIAN_POINT ( 'NONE',  ( 9.111909239912872500E-014, -3.350480947161662100, -9.124999999999975100 ) ) ;
#30 = CARTESIAN_POINT ( 'NONE',  ( 2.309401076758560200, -3.999999999999966700, -28.41666666666660400 ) ) ;
#31 = ORIENTED_EDGE ( 'NONE', *, *, #7888, .F. ) ;
#32 = CARTESIAN_POINT ( 'NONE',  ( 2.901601615137793000, -1.675240473580750500, -15.83333333333329700 ) ) ;
#33 = DIRECTION ( 'NONE',  ( 0.0000000000000000000, 0.0000000000000000000, 1.000000000000000000 ) ) ;
#34 = EDGE_LOOP ( 'NONE', ( #6583, #5982, #438, #3725 ) ) ;
#35 = CARTESIAN_POINT ( 'NONE',  ( 2.309401076758562000, -3.999999999999964900, -3.541666666666650500 ) ) ;
#36 = CARTESIAN_POINT ( 'NONE',  ( 1.934401076758450300, 3.350480947161689200, -19.58333333333328200 ) ) ;
#37 = CARTESIAN_POINT ( 'NONE',  ( 3.350480947161665200, -2.672702088255949100E-014, -15.87499999999996600 ) ) ;
#38 = CYLINDRICAL_SURFACE ( 'NONE', #498, 4.000000000000000000 ) ;
#39 = CARTESIAN_POINT ( 'NONE',  ( -2.309401076758445600, -4.000000000000032900, -6.583333333333317900 ) ) ;
#40 = ORIENTED_EDGE ( 'NONE', *, *, #5767, .F. ) ;
#41 = CARTESIAN_POINT ( 'NONE',  ( -4.000000000000000900, -7.437084071668728600E-015, -7.749999999999984900 ) ) ;
#42 = CARTESIAN_POINT ( 'NONE',  ( 3.350480947161665700, 0.8977586640478610900, -3.705341801261468100 ) ) ;
#43 = CARTESIAN_POINT ( 'NONE',  ( -9.506230268439084700E-014, 4.000000000000000000, -9.124999999999971600 ) ) ;
#44 =( BOUNDED_CURVE ( )  B_SPLINE_CURVE ( 2, ( #5440, #4312, #6739, #7302, #2425, #2501, #7363, #3693, #1201 ),
 .UNSPECIFIED., .F., .T. ) 
 B_SPLINE_CURVE_WITH_KNOTS ( ( 3, 2, 2, 2, 3 ),
 ( 0.7651515151515152500, 0.7676767676767676200, 0.7727272727272727100, 0.7777777777777777900, 0.7803030303030305000 ),
 .UNSPECIFIED. ) 
 CURVE ( )  GEOMETRIC_REPRESENTATION_ITEM ( )  RATIONAL_B_SPLINE_CURVE ( ( 0.9330127018922194100, 0.9330127018922223000, 1.000000000000000000, 0.8660254037844387100, 1.000000000000000000, 0.8660254037844387100, 1.000000000000000000, 0.9330127018922149700, 0.9330127018922194100 ) ) 
 REPRESENTATION_ITEM ( '' )  );
#45 = CARTESIAN_POINT ( 'NONE',  ( -2.282945328035250300, -2.746784595264236000, -0.2383636663620266300 ) ) ;
#46 = CARTESIAN_POINT ( 'NONE',  ( 2.309401076758560200, -3.999999999999966700, -27.54166666666660000 ) ) ;
#47 = LINE ( 'NONE', #4453, #4721 ) ;
#48 = CARTESIAN_POINT ( 'NONE',  ( 3.868802153516995600, 5.426829789941480900E-014, 0.1250000000000053300 ) ) ;
#49 = CARTESIAN_POINT ( 'NONE',  ( -4.000000000000000900, -8.947741773726438700E-015, -2.874999999999987100 ) ) ;
#50 = CARTESIAN_POINT ( 'NONE',  ( 3.464101615137782400, -1.999999999999950700, -5.458333333333312600 ) ) ;
#51 = CYLINDRICAL_SURFACE ( 'NONE', #4409, 6.499999999999999100 ) ;
#52 = AXIS2_PLACEMENT_3D ( 'NONE', #6826, #7911, #695 ) ;
#53 = CARTESIAN_POINT ( 'NONE',  ( 3.464101615137789000, -1.999999999999940300, -1.458333333333321000 ) ) ;
#54 = ADVANCED_FACE ( 'NONE', ( #7402 ), #4795, .T. ) ;
#55 = CARTESIAN_POINT ( 'NONE',  ( -1.934401076758560900, 3.350480947161625300, -6.416666666666647400 ) ) ;
#56 = LINE ( 'NONE', #3846, #2711 ) ;
#57 = CARTESIAN_POINT ( 'NONE',  ( 4.000000000000000900, -3.369928719974892700E-015, -6.374999999999981300 ) ) ;
#58 = DIRECTION ( 'NONE',  ( 0.0000000000000000000, 0.0000000000000000000, 1.000000000000000000 ) ) ;
#59 = CARTESIAN_POINT ( 'NONE',  ( 2.309401076758560200, -3.999999999999966700, -31.41666666666659300 ) ) ;
#60 =( BOUNDED_CURVE ( )  B_SPLINE_CURVE ( 2, ( #6344, #6369, #4455, #5689, #2680, #255, #2627, #6973, #4528 ),
 .UNSPECIFIED., .F., .T. ) 
 B_SPLINE_CURVE_WITH_KNOTS ( ( 3, 2, 2, 2, 3 ),
 ( 0.7954545454545456400, 0.7979797979797980100, 0.8030303030303029800, 0.8080808080808080700, 0.8106060606060607700 ),
 .UNSPECIFIED. ) 
 CURVE ( )  GEOMETRIC_REPRESENTATION_ITEM ( )  RATIONAL_B_SPLINE_CURVE ( ( 0.9330127018922194100, 0.9330127018922238500, 1.000000000000000000, 0.8660254037844387100, 1.000000000000000000, 0.8660254037844387100, 1.000000000000000000, 0.9330127018922149700, 0.9330127018922194100 ) ) 
 REPRESENTATION_ITEM ( '' )  );
#61 = FACE_OUTER_BOUND ( 'NONE', #1364, .T. ) ;
#62 = VERTEX_POINT ( 'NONE', #2161 ) ;
#63 = EDGE_CURVE ( 'NONE', #3718, #2638, #1166, .T. ) ;
#64 = CARTESIAN_POINT ( 'NONE',  ( -2.309401076758399900, -4.000000000000058600, -15.58333333333329700 ) ) ;
#65 = CARTESIAN_POINT ( 'NONE',  ( -4.679256681265764000E-014, 3.350480947161662100, -22.49999999999994700 ) ) ;
#66 = CARTESIAN_POINT ( 'NONE',  ( -2.901601615137717100, -1.675240473580883000, -24.29166666666661100 ) ) ;
#67 = CARTESIAN_POINT ( 'NONE',  ( 5.635356014114907400E-014, -4.000000000000000000, -6.499999999999984000 ) ) ;
#68 = CYLINDRICAL_SURFACE ( 'NONE', #3985, 3.350480947161662100 ) ;
#69 = ORIENTED_EDGE ( 'NONE', *, *, #4174, .T. ) ;
#70 = ORIENTED_EDGE ( 'NONE', *, *, #2618, .F. ) ;
#71 = AXIS2_PLACEMENT_3D ( 'NONE', #2341, #7241, #5437 ) ;
#72 = CARTESIAN_POINT ( 'NONE',  ( 3.350480947161658100, -0.8977586640477970300, -10.91965819873849200 ) ) ;
#73 = CARTESIAN_POINT ( 'NONE',  ( 8.306281315711577900E-016, -3.464101615137754800, -33.50000000000000000 ) ) ;
#74 = CARTESIAN_POINT ( 'NONE',  ( -2.309401076758561500, 3.999999999999966200, -27.04166666666660000 ) ) ;
#75 = EDGE_CURVE ( 'NONE', #5451, #4557, #2647, .T. ) ;
#76 = VERTEX_POINT ( 'NONE', #4767 ) ;
#77 = CARTESIAN_POINT ( 'NONE',  ( -2.901601615137771700, 1.675240473580788000, -5.458333333333317100 ) ) ;
#78 = ORIENTED_EDGE ( 'NONE', *, *, #3853, .F. ) ;
#79 = ORIENTED_EDGE ( 'NONE', *, *, #5323, .T. ) ;
#80 = CARTESIAN_POINT ( 'NONE',  ( 5.635356014114907400E-014, -4.000000000000000000, -5.624999999999978700 ) ) ;
#81 = CARTESIAN_POINT ( 'NONE',  ( 4.000000000000008900, 1.071796769724560300, -21.20534180126143700 ) ) ;
#82 = CARTESIAN_POINT ( 'NONE',  ( -3.350480947161664800, 0.8977586640477914800, -7.294658198738500400 ) ) ;
#83 = CARTESIAN_POINT ( 'NONE',  ( -2.901601615137698000, -1.675240473580915200, -12.16666666666663400 ) ) ;
#84 = CARTESIAN_POINT ( 'NONE',  ( 3.350480947161659500, -0.8977586640477935900, -14.91965819873848500 ) ) ;
#85 = CARTESIAN_POINT ( 'NONE',  ( 6.320933764849961900E-014, -3.350480947161662100, -4.124999999999986700 ) ) ;
#86 = CARTESIAN_POINT ( 'NONE',  ( -4.000000000000003600, 1.626862140677534300E-015, -14.87499999999996300 ) ) ;
#87 = ORIENTED_EDGE ( 'NONE', *, *, #6403, .F. ) ;
#88 = DIRECTION ( 'NONE',  ( -1.000000000000000000, 0.0000000000000000000, 0.0000000000000000000 ) ) ;
#89 = VERTEX_POINT ( 'NONE', #4167 ) ;
#90 =( BOUNDED_CURVE ( )  B_SPLINE_CURVE ( 2, ( #1167, #4283, #2444, #1195, #2418, #6113, #5462, #4872, #1805 ),
 .UNSPECIFIED., .F., .F. ) 
 B_SPLINE_CURVE_WITH_KNOTS ( ( 3, 2, 2, 2, 3 ),
 ( 0.4924242424242425400, 0.4949494949494949700, 0.5000000000000000000, 0.5050505050505050800, 0.5075757575757576800 ),
 .UNSPECIFIED. ) 
 CURVE ( )  GEOMETRIC_REPRESENTATION_ITEM ( )  RATIONAL_B_SPLINE_CURVE ( ( 0.9330127018922194100, 0.9330127018922223000, 1.000000000000000000, 0.8660254037844387100, 1.000000000000000000, 0.8660254037844387100, 1.000000000000000000, 0.9330127018922164100, 0.9330127018922194100 ) ) 
 REPRESENTATION_ITEM ( '' )  );
#91 = CARTESIAN_POINT ( 'NONE',  ( 2.901601615137722900, 1.675240473580871900, -18.66666666666662200 ) ) ;
#92 = CARTESIAN_POINT ( 'NONE',  ( -4.618802153517005800, -6.535430629823232500E-014, -10.74999999999997500 ) ) ;
#93 = ADVANCED_FACE ( 'NONE', ( #5765 ), #688, .T. ) ;
#94 = CARTESIAN_POINT ( 'NONE',  ( 2.901601615137781900, -1.675240473580768900, -18.95833333333329000 ) ) ;
#95 = ORIENTED_EDGE ( 'NONE', *, *, #4831, .T. ) ;
#96 = LINE ( 'NONE', #6479, #4586 ) ;
#97 = CARTESIAN_POINT ( 'NONE',  ( 3.999999999999996400, -1.661723472263481600E-014, -18.24999999999996100 ) ) ;
#98 = DIRECTION ( 'NONE',  ( 0.0000000000000000000, 0.0000000000000000000, 1.000000000000000000 ) ) ;
#99 = CARTESIAN_POINT ( 'NONE',  ( -3.350480947161661200, 2.265986553086565600E-015, -0.2499999999999962000 ) ) ;
#100 = CARTESIAN_POINT ( 'NONE',  ( 5.635356014114907400E-014, -4.000000000000000000, -27.62499999999993200 ) ) ;
#101 = ORIENTED_EDGE ( 'NONE', *, *, #1701, .F. ) ;
#102 = CYLINDRICAL_SURFACE ( 'NONE', #6803, 4.000000000000000000 ) ;
#103 = CARTESIAN_POINT ( 'NONE',  ( -2.901601615137722400, -1.675240473580873000, -4.291666666666651900 ) ) ;
#104 =( BOUNDED_CURVE ( )  B_SPLINE_CURVE ( 2, ( #5012, #6904, #3126, #7460, #1355, #5636, #1972, #1920, #3158 ),
 .UNSPECIFIED., .F., .T. ) 
 B_SPLINE_CURVE_WITH_KNOTS ( ( 3, 2, 2, 2, 3 ),
 ( 0.8863636363636365800, 0.8888888888888888400, 0.8939393939393939200, 0.8989898989898990100, 0.9015151515151517100 ),
 .UNSPECIFIED. ) 
 CURVE ( )  GEOMETRIC_REPRESENTATION_ITEM ( )  RATIONAL_B_SPLINE_CURVE ( ( 0.9330127018922193000, 0.9330127018922251800, 1.000000000000000000, 0.8660254037844387100, 1.000000000000000000, 0.8660254037844387100, 1.000000000000000000, 0.9330127018922149700, 0.9330127018922194100 ) ) 
 REPRESENTATION_ITEM ( '' )  );
#105 = CARTESIAN_POINT ( 'NONE',  ( -3.464101615137725500, -2.000000000000050200, -7.791666666666641200 ) ) ;
#106 = CARTESIAN_POINT ( 'NONE',  ( 3.999999999999996400, 3.311826500664979900E-014, -22.37499999999994700 ) ) ;
#107 = CARTESIAN_POINT ( 'NONE',  ( -3.999999999999988000, 1.071796769724451300, -18.79465819873847800 ) ) ;
#108 = CARTESIAN_POINT ( 'NONE',  ( -3.350480947161662100, -0.8977586640478768500, -12.20534180126145100 ) ) ;
#109 = EDGE_CURVE ( 'NONE', #7338, #1935, #4900, .T. ) ;
#110 = CARTESIAN_POINT ( 'NONE',  ( 4.000000000000000000, 0.0000000000000000000, -30.00000000000000000 ) ) ;
#111 = ORIENTED_EDGE ( 'NONE', *, *, #6976, .F. ) ;
#112 = DIRECTION ( 'NONE',  ( 0.0000000000000000000, 0.0000000000000000000, 1.000000000000000000 ) ) ;
#113 = CARTESIAN_POINT ( 'NONE',  ( 4.000000000000000900, 1.071796769724533600, -5.205341801261468500 ) ) ;
#114 = CARTESIAN_POINT ( 'NONE',  ( 2.901601615137700700, 1.675240473580911400, -20.66666666666661800 ) ) ;
#115 = DIRECTION ( 'NONE',  ( 1.000000000000000000, 0.0000000000000000000, 0.0000000000000000000 ) ) ;
#116 = CARTESIAN_POINT ( 'NONE',  ( 1.934401076758545600, -3.350480947161634100, -18.91666666666661800 ) ) ;
#117 = ORIENTED_EDGE ( 'NONE', *, *, #5075, .F. ) ;
#118 = ORIENTED_EDGE ( 'NONE', *, *, #7290, .T. ) ;
#119 = EDGE_CURVE ( 'NONE', #4397, #6426, #5666, .T. ) ;
#120 = CARTESIAN_POINT ( 'NONE',  ( 3.464101615137726400, 2.000000000000048800, -7.166666666666648300 ) ) ;
#121 = CARTESIAN_POINT ( 'NONE',  ( 1.934401076758548000, -3.350480947161632800, -5.041666666666651000 ) ) ;
#122 = CARTESIAN_POINT ( 'NONE',  ( 3.350480947161665700, -1.051650169509406100E-014, -11.74999999999997500 ) ) ;
#123 = DIRECTION ( 'NONE',  ( 0.0000000000000000000, 0.0000000000000000000, -1.000000000000000000 ) ) ;
#124 = CARTESIAN_POINT ( 'NONE',  ( 2.309401076758389700, 4.000000000000063900, -11.08333333333330600 ) ) ;
#125 = ORIENTED_EDGE ( 'NONE', *, *, #6849, .F. ) ;
#126 = CARTESIAN_POINT ( 'NONE',  ( 5.635356014114907400E-014, -4.000000000000000000, -30.62499999999992500 ) ) ;
#127 = CLOSED_SHELL ( 'NONE', ( #2762, #4499, #171, #3265, #7513, #5543, #6264, #7476, #2091, #6069, #3019, #2887, #6340, #1331, #3790, #2531, #5501, #574, #809, #2052, #5134, #4350, #7662, #7590, #3755, #1816, #3059, #2013, #2842, #5094, #6028, #3674, #5818, #3391, #616, #881, #6484, #7322, #2612, #6759, #1132, #4425, #531, #7405, #6109, #1975, #5782, #6711, #3345, #3859, #3190, #1675, #7785, #1449, #4049, #1177, #6956, #6628, #6229, #3633, #3822, #2725, #5455, #4895, #4940, #732, #5015, #655, #3306, #7552, #1938, #6996, #214, #2688, #4239, #250, #1774, #1488, #6798, #5204, #5708, #4857, #1217, #3897, #6187, #1257, #5416, #3933, #93, #6672, #2375, #3101, #1861, #7196, #286, #2648, #3148, #4650, #5170, #6376, #4386, #4194, #2414, #4981, #1410, #7909, #135, #5625, #848, #7064, #5669, #2295, #1897, #3711, #3224, #6302, #9, #6150, #5970, #4280, #5055, #1295, #7276, #5582, #1595, #5828, #6839, #4536, #6919, #54, #5893, #5333, #2978, #7435, #7368, #2494, #4315, #5747, #6879, #7870, #4819, #3597, #2451, #2772, #692, #772, #4738, #2570, #4464, #1371 ) ) ;
#128 = CARTESIAN_POINT ( 'NONE',  ( 4.720288238941220100E-014, -3.350480947161662100, -2.124999999999990200 ) ) ;
#129 = CARTESIAN_POINT ( 'NONE',  ( 3.464101615137809000, -1.999999999999905400, -14.33333333333329800 ) ) ;
#130 = EDGE_CURVE ( 'NONE', #4227, #2819, #2596, .T. ) ;
#131 = FACE_OUTER_BOUND ( 'NONE', #3623, .T. ) ;
#132 = CARTESIAN_POINT ( 'NONE',  ( -3.464101615137783700, 1.999999999999948500, -10.95833333333330000 ) ) ;
#133 = CARTESIAN_POINT ( 'NONE',  ( -3.350480947161659500, 1.824409686331234900E-014, -29.37499999999993600 ) ) ;
#135 = ADVANCED_FACE ( 'NONE', ( #2211 ), #7660, .T. ) ;
#134 = VERTEX_POINT ( 'NONE', #6115 ) ;
#136 = CARTESIAN_POINT ( 'NONE',  ( -1.934401076758569100, 3.350480947161620800, -16.41666666666662900 ) ) ;
#137 = CARTESIAN_POINT ( 'NONE',  ( -4.000000000000000000, 4.898587196589412800E-016, -30.00000000000000000 ) ) ;
#138 = CARTESIAN_POINT ( 'NONE',  ( 0.0000000000000000000, 0.0000000000000000000, -30.00000000000000000 ) ) ;
#139 = CARTESIAN_POINT ( 'NONE',  ( -3.350480947161666600, -0.8977586640478711900, -16.20534180126144400 ) ) ;
#141 = CARTESIAN_POINT ( 'NONE',  ( 3.350480947161659500, -9.819275063375116700E-015, -20.74999999999995700 ) ) ;
#140 = VECTOR ( 'NONE', #2035, 1000.000000000000000 ) ;
#142 = CARTESIAN_POINT ( 'NONE',  ( 3.868802153516995600, 5.426829789941481600E-014, -18.74999999999995400 ) ) ;
#143 = DIRECTION ( 'NONE',  ( 0.0000000000000000000, 0.0000000000000000000, 1.000000000000000000 ) ) ;
#144 = FACE_OUTER_BOUND ( 'NONE', #5859, .T. ) ;
#145 = CARTESIAN_POINT ( 'NONE',  ( -2.309401076758561500, 3.999999999999966200, -7.916666666666648300 ) ) ;
#146 = FACE_OUTER_BOUND ( 'NONE', #817, .T. ) ;
#147 = CARTESIAN_POINT ( 'NONE',  ( -3.464101615137817400, 1.999999999999890300, -17.83333333333329300 ) ) ;
#148 = DIRECTION ( 'NONE',  ( -0.0000000000000000000, -0.0000000000000000000, -1.000000000000000000 ) ) ;
#149 = CARTESIAN_POINT ( 'NONE',  ( -4.000000000000003600, 3.486133158594716000E-015, -13.74999999999997000 ) ) ;
#150 = CARTESIAN_POINT ( 'NONE',  ( -3.868802153516995600, -5.474208951679871200E-014, -27.37499999999993600 ) ) ;
#151 = CARTESIAN_POINT ( 'NONE',  ( -2.901601615137722400, -1.675240473580873000, -0.1666666666666604700 ) ) ;
#152 = VECTOR ( 'NONE', #672, 1000.000000000000000 ) ;
#153 = ORIENTED_EDGE ( 'NONE', *, *, #6114, .F. ) ;
#154 = EDGE_CURVE ( 'NONE', #788, #1260, #7891, .T. ) ;
#155 = CARTESIAN_POINT ( 'NONE',  ( 2.901601615137770400, -1.675240473580789800, -5.958333333333315300 ) ) ;
#156 = CARTESIAN_POINT ( 'NONE',  ( 2.309401076758560200, -3.999999999999966700, -12.54166666666663100 ) ) ;
#157 = DIRECTION ( 'NONE',  ( 0.0000000000000000000, 0.0000000000000000000, -1.000000000000000000 ) ) ;
#158 =( BOUNDED_CURVE ( )  B_SPLINE_CURVE ( 2, ( #5259, #910, #278, #298, #2834, #5234, #7654, #1600, #4582 ),
 .UNSPECIFIED., .F., .T. ) 
 B_SPLINE_CURVE_WITH_KNOTS ( ( 3, 2, 2, 2, 3 ),
 ( 0.2954545454545455300, 0.2979797979797979600, 0.3030303030303030400, 0.3080808080808080700, 0.3106060606060607200 ),
 .UNSPECIFIED. ) 
 CURVE ( )  GEOMETRIC_REPRESENTATION_ITEM ( )  RATIONAL_B_SPLINE_CURVE ( ( 0.9330127018922194100, 0.9330127018922216300, 1.000000000000000000, 0.8660254037844387100, 1.000000000000000000, 0.8660254037844387100, 1.000000000000000000, 0.9330127018922164100, 0.9330127018922194100 ) ) 
 REPRESENTATION_ITEM ( '' )  );
#159 = DIRECTION ( 'NONE',  ( 1.000000000000000000, 0.0000000000000000000, 0.0000000000000000000 ) ) ;
#160 = VECTOR ( 'NONE', #7641, 1000.000000000000000 ) ;
#161 = VERTEX_POINT ( 'NONE', #5463 ) ;
#162 = CARTESIAN_POINT ( 'NONE',  ( -4.000000000000000900, -1.071796769724544500, -10.70534180126145400 ) ) ;
#163 = CARTESIAN_POINT ( 'NONE',  ( 3.999999999999996400, -9.993581721304852300E-015, -26.37499999999994000 ) ) ;
#164 = EDGE_CURVE ( 'NONE', #4035, #2130, #7190, .T. ) ;
#165 = CYLINDRICAL_SURFACE ( 'NONE', #7217, 4.000000000000000000 ) ;
#166 = ORIENTED_EDGE ( 'NONE', *, *, #2455, .T. ) ;
#167 = CARTESIAN_POINT ( 'NONE',  ( 1.934401076758545600, -3.350480947161634100, -27.91666666666660400 ) ) ;
#168 = AXIS2_PLACEMENT_3D ( 'NONE', #6567, #2907, #1082 ) ;
#169 = ORIENTED_EDGE ( 'NONE', *, *, #2718, .F. ) ;
#170 = CARTESIAN_POINT ( 'NONE',  ( -3.464101615137725500, -2.000000000000050200, -14.66666666666663600 ) ) ;
#171 = ADVANCED_FACE ( 'NONE', ( #5358 ), #1835, .T. ) ;
#172 = CARTESIAN_POINT ( 'NONE',  ( -3.350480947161662100, -0.8977586640478613100, -5.330341801261463200 ) ) ;
#173 = CARTESIAN_POINT ( 'NONE',  ( -5.782313630012589600E-014, 4.000000000000000000, -0.9999999999999956700 ) ) ;
#174 = ORIENTED_EDGE ( 'NONE', *, *, #5597, .F. ) ;
#175 = CARTESIAN_POINT ( 'NONE',  ( -1.190246993840987500E-013, 3.350480947161662100, -28.62499999999993600 ) ) ;
#176 = EDGE_CURVE ( 'NONE', #2250, #3353, #296, .T. ) ;
#177 = CARTESIAN_POINT ( 'NONE',  ( 3.350480947161659500, -0.8977586640477813700, -11.91965819873849200 ) ) ;
#178 = DIRECTION ( 'NONE',  ( -0.0000000000000000000, -0.0000000000000000000, 1.000000000000000000 ) ) ;
#179 = CARTESIAN_POINT ( 'NONE',  ( 2.901601615137770400, -1.675240473580789800, -25.95833333333327500 ) ) ;
#180 = VERTEX_POINT ( 'NONE', #4307 ) ;
#181 = CARTESIAN_POINT ( 'NONE',  ( -4.679256681265764000E-014, 3.350480947161662100, -1.499999999999990900 ) ) ;
#182 = EDGE_CURVE ( 'NONE', #180, #6189, #1445, .T. ) ;
#183 =( BOUNDED_CURVE ( )  B_SPLINE_CURVE ( 2, ( #4526, #5734, #6318, #2650, #173, #2625, #2069, #5137, #4452 ),
 .UNSPECIFIED., .F., .T. ) 
 B_SPLINE_CURVE_WITH_KNOTS ( ( 3, 2, 2, 2, 3 ),
 ( 0.05303030303030310100, 0.05555555555555555200, 0.06060606060606060800, 0.06565656565656566300, 0.06818181818181826000 ),
 .UNSPECIFIED. ) 
 CURVE ( )  GEOMETRIC_REPRESENTATION_ITEM ( )  RATIONAL_B_SPLINE_CURVE ( ( 0.9330127018922194100, 0.9330127018922213000, 1.000000000000000000, 0.8660254037844387100, 1.000000000000000000, 0.8660254037844387100, 1.000000000000000000, 0.9330127018922174100, 0.9330127018922194100 ) ) 
 REPRESENTATION_ITEM ( '' )  );
#184 = CARTESIAN_POINT ( 'NONE',  ( -4.679256681265763300E-014, 3.350480947161662100, -1.624999999999991100 ) ) ;
#185 = CARTESIAN_POINT ( 'NONE',  ( -3.999999999999996400, 1.289869268680045000E-014, -12.74999999999997500 ) ) ;
#186 = CARTESIAN_POINT ( 'NONE',  ( -2.309401076758561500, 3.999999999999966200, -9.041666666666637700 ) ) ;
#187 = CARTESIAN_POINT ( 'NONE',  ( 3.999999999999999100, -1.071796769724445900, -4.419658198738502200 ) ) ;
#188 = DIRECTION ( 'NONE',  ( -0.0000000000000000000, -0.0000000000000000000, -1.000000000000000000 ) ) ;
#189 = ORIENTED_EDGE ( 'NONE', *, *, #3312, .F. ) ;
#190 = CYLINDRICAL_SURFACE ( 'NONE', #4791, 3.350480947161662100 ) ;
#191 = CARTESIAN_POINT ( 'NONE',  ( 7.840215437089414000E-014, -4.000000000000000000, -7.499999999999981300 ) ) ;
#192 =( BOUNDED_CURVE ( )  B_SPLINE_CURVE ( 2, ( #4318, #4944, #3874, #6935, #6254, #2561, #6305, #4468, #5699 ),
 .UNSPECIFIED., .F., .F. ) 
 B_SPLINE_CURVE_WITH_KNOTS ( ( 3, 2, 2, 2, 3 ),
 ( 0.5681818181818183400, 0.5707070707070707200, 0.5757575757575758000, 0.5808080808080807700, 0.5833333333333334800 ),
 .UNSPECIFIED. ) 
 CURVE ( )  GEOMETRIC_REPRESENTATION_ITEM ( )  RATIONAL_B_SPLINE_CURVE ( ( 0.9330127018922194100, 0.9330127018922238500, 1.000000000000000000, 0.8660254037844387100, 1.000000000000000000, 0.8660254037844387100, 1.000000000000000000, 0.9330127018922149700, 0.9330127018922194100 ) ) 
 REPRESENTATION_ITEM ( '' )  );
#193 = CARTESIAN_POINT ( 'NONE',  ( -3.350480947161662100, 3.369928719974893100E-015, -2.374999999999992900 ) ) ;
#194 = CARTESIAN_POINT ( 'NONE',  ( -1.934401076758559100, 3.350480947161626100, -4.416666666666651900 ) ) ;
#195 = DIRECTION ( 'NONE',  ( -0.0000000000000000000, -0.0000000000000000000, -1.000000000000000000 ) ) ;
#196 = VERTEX_POINT ( 'NONE', #6763 ) ;
#197 = CARTESIAN_POINT ( 'NONE',  ( 4.720288238941220700E-014, -3.350480947161662100, -24.99999999999994300 ) ) ;
#198 = DIRECTION ( 'NONE',  ( 0.0000000000000000000, 5.481006805486179000E-016, 1.000000000000000000 ) ) ;
#199 = CARTESIAN_POINT ( 'NONE',  ( -3.464101615137725500, -2.000000000000050200, -13.66666666666663600 ) ) ;
#200 = CARTESIAN_POINT ( 'NONE',  ( -4.000000000000000000, 4.898587196589412800E-016, -30.00000000000000000 ) ) ;
#201 = VERTEX_POINT ( 'NONE', #6169 ) ;
#202 = DIRECTION ( 'NONE',  ( 0.0000000000000000000, 0.0000000000000000000, 1.000000000000000000 ) ) ;
#203 = FACE_OUTER_BOUND ( 'NONE', #756, .T. ) ;
#204 = CARTESIAN_POINT ( 'NONE',  ( -1.934401076758437900, -3.350480947161696300, -12.20833333333330400 ) ) ;
#205 = CARTESIAN_POINT ( 'NONE',  ( -4.000000000000000900, 6.042630808230842100E-015, -5.749999999999989300 ) ) ;
#206 = CARTESIAN_POINT ( 'NONE',  ( 4.720288238941220100E-014, -3.350480947161662100, -26.12499999999994000 ) ) ;
#207 = CARTESIAN_POINT ( 'NONE',  ( 1.934401076758545600, -3.350480947161634100, 1.083333333333336800 ) ) ;
#208 = CARTESIAN_POINT ( 'NONE',  ( 1.934401076758545600, -3.350480947161634100, -11.04166666666663600 ) ) ;
#209 = CARTESIAN_POINT ( 'NONE',  ( 3.350480947161650600, -0.8977586640477781500, -24.79465819873846400 ) ) ;
#210 = ORIENTED_EDGE ( 'NONE', *, *, #2317, .T. ) ;
#211 = FACE_OUTER_BOUND ( 'NONE', #4862, .T. ) ;
#212 = CARTESIAN_POINT ( 'NONE',  ( -4.618802153517005800, -6.535430629823232500E-014, -12.87499999999996400 ) ) ;
#213 = CARTESIAN_POINT ( 'NONE',  ( 4.000000000000000900, 1.071796769724526500, -19.33034180126142900 ) ) ;
#214 = ADVANCED_FACE ( 'NONE', ( #1724 ), #6141, .T. ) ;
#215 = EDGE_CURVE ( 'NONE', #7666, #2422, #7063, .T. ) ;
#216 = ORIENTED_EDGE ( 'NONE', *, *, #7592, .F. ) ;
#217 = ORIENTED_EDGE ( 'NONE', *, *, #130, .T. ) ;
#218 = CARTESIAN_POINT ( 'NONE',  ( 3.464101615137845400, -1.999999999999843000, -29.45833333333326500 ) ) ;
#219 = DIRECTION ( 'NONE',  ( -0.0000000000000000000, -0.0000000000000000000, -1.000000000000000000 ) ) ;
#220 = CARTESIAN_POINT ( 'NONE',  ( -1.973223351271773000, -3.439868563074219800, -29.73241147808179400 ) ) ;
#221 = APPROVAL_PERSON_ORGANIZATION ( #4047, #2210, #1203 ) ;
#222 = CARTESIAN_POINT ( 'NONE',  ( -4.679256681265764000E-014, 3.350480947161662100, -23.49999999999994300 ) ) ;
#223 = CARTESIAN_POINT ( 'NONE',  ( 0.0000000000000000000, 0.0000000000000000000, -30.00000000000000000 ) ) ;
#224 = AXIS2_PLACEMENT_3D ( 'NONE', #1638, #4085, #1054 ) ;
#225 = CARTESIAN_POINT ( 'NONE',  ( 2.309401076758446100, 4.000000000000032000, -12.08333333333330600 ) ) ;
#226 = ORIENTED_EDGE ( 'NONE', *, *, #6054, .T. ) ;
#227 = CARTESIAN_POINT ( 'NONE',  ( -2.309401076758370100, -4.000000000000075500, -16.58333333333329300 ) ) ;
#228 = EDGE_CURVE ( 'NONE', #1356, #3433, #5979, .T. ) ;
#229 =( BOUNDED_CURVE ( )  B_SPLINE_CURVE ( 2, ( #6266, #3149, #94, #3174, #4375, #6864, #4982, #3225, #2542 ),
 .UNSPECIFIED., .F., .T. ) 
 B_SPLINE_CURVE_WITH_KNOTS ( ( 3, 2, 2, 2, 3 ),
 ( 0.6136363636363637600, 0.6161616161616161300, 0.6212121212121212200, 0.6262626262626263000, 0.6287878787878789000 ),
 .UNSPECIFIED. ) 
 CURVE ( )  GEOMETRIC_REPRESENTATION_ITEM ( )  RATIONAL_B_SPLINE_CURVE ( ( 0.9330127018922194100, 0.9330127018922223000, 1.000000000000000000, 0.8660254037844387100, 1.000000000000000000, 0.8660254037844387100, 1.000000000000000000, 0.9330127018922164100, 0.9330127018922194100 ) ) 
 REPRESENTATION_ITEM ( '' )  );
#230 = CARTESIAN_POINT ( 'NONE',  ( 2.309401076758413700, 4.000000000000051500, -16.08333333333329700 ) ) ;
#231 = CARTESIAN_POINT ( 'NONE',  ( -3.999999999999997300, 1.103942166888326800E-014, -13.87499999999996600 ) ) ;
#232 = CARTESIAN_POINT ( 'NONE',  ( -2.901601615137722400, -1.675240473580873000, -24.29166666666661100 ) ) ;
#233 = CARTESIAN_POINT ( 'NONE',  ( 2.309401076758560200, -3.999999999999966700, -29.54166666666659700 ) ) ;
#234 = CYLINDRICAL_SURFACE ( 'NONE', #1886, 3.350480947161662100 ) ;
#235 = ORIENTED_EDGE ( 'NONE', *, *, #23, .F. ) ;
#236 = CARTESIAN_POINT ( 'NONE',  ( -2.901601615137722400, -1.675240473580873000, -11.29166666666663600 ) ) ;
#237 = CARTESIAN_POINT ( 'NONE',  ( -4.000000000000000900, -7.437084071668728600E-015, -6.874999999999980500 ) ) ;
#238 = CARTESIAN_POINT ( 'NONE',  ( -3.464101615137725500, -2.000000000000050200, -17.79166666666661800 ) ) ;
#239 = FACE_OUTER_BOUND ( 'NONE', #3590, .T. ) ;
#240 = DIRECTION ( 'NONE',  ( -0.0000000000000000000, -0.0000000000000000000, -1.000000000000000000 ) ) ;
#241 = DIRECTION ( 'NONE',  ( 1.000000000000000000, 0.0000000000000000000, 0.0000000000000000000 ) ) ;
#242 = FACE_OUTER_BOUND ( 'NONE', #6773, .T. ) ;
#243 = CARTESIAN_POINT ( 'NONE',  ( 3.350480947161659500, -8.366719580627318400E-015, -26.74999999999994300 ) ) ;
#244 = CARTESIAN_POINT ( 'NONE',  ( 4.000000000000000900, 8.482924019247143800E-015, -2.374999999999988500 ) ) ;
#245 = CARTESIAN_POINT ( 'NONE',  ( -4.000000000000000900, -1.071796769724529000, -5.830341801261459600 ) ) ;
#246 = FACE_OUTER_BOUND ( 'NONE', #7554, .T. ) ;
#247 = CARTESIAN_POINT ( 'NONE',  ( -2.901601615137682400, -1.675240473580942500, -21.29166666666661800 ) ) ;
#248 = CARTESIAN_POINT ( 'NONE',  ( -1.934401076758546400, 3.350480947161633700, -26.41666666666660400 ) ) ;
#249 = CARTESIAN_POINT ( 'NONE',  ( 3.464101615137726400, 2.000000000000048800, -16.16666666666662900 ) ) ;
#250 = ADVANCED_FACE ( 'NONE', ( #2116 ), #2308, .T. ) ;
#251 = CIRCLE ( 'NONE', #6905, 6.499999999999999100 ) ;
#252 = VERTEX_POINT ( 'NONE', #5573 ) ;
#253 = CARTESIAN_POINT ( 'NONE',  ( 3.999999999999999100, -1.162044386198238700E-015, -1.249999999999997600 ) ) ;
#254 = CARTESIAN_POINT ( 'NONE',  ( 4.000000000000005300, -1.034219503716432500E-014, -13.37499999999996600 ) ) ;
#255 = CARTESIAN_POINT ( 'NONE',  ( -2.309401076758389700, -4.000000000000063900, -25.58333333333327500 ) ) ;
#256 = CARTESIAN_POINT ( 'NONE',  ( -2.901601615137771700, 1.675240473580788000, -6.333333333333314400 ) ) ;
#257 = ORIENTED_EDGE ( 'NONE', *, *, #5793, .F. ) ;
#258 = EDGE_CURVE ( 'NONE', #20, #4699, #3496, .T. ) ;
#259 = CARTESIAN_POINT ( 'NONE',  ( -1.934401076758546400, 3.350480947161633700, -8.541666666666641200 ) ) ;
#260 = CARTESIAN_POINT ( 'NONE',  ( 3.464101615137703300, 2.000000000000089300, -13.16666666666663600 ) ) ;
#261 = EDGE_LOOP ( 'NONE', ( #3950, #3937, #1183, #6830 ) ) ;
#262 = CARTESIAN_POINT ( 'NONE',  ( -3.464101615137790400, 1.999999999999938000, -18.95833333333328200 ) ) ;
#263 =( BOUNDED_CURVE ( )  B_SPLINE_CURVE ( 2, ( #4086, #4116, #2321, #7795, #7248, #5361, #2848, #1111, #2241 ),
 .UNSPECIFIED., .F., .F. ) 
 B_SPLINE_CURVE_WITH_KNOTS ( ( 3, 2, 2, 2, 3 ),
 ( 0.2348484848484849500, 0.2373737373737373800, 0.2424242424242424300, 0.2474747474747474900, 0.2500000000000001100 ),
 .UNSPECIFIED. ) 
 CURVE ( )  GEOMETRIC_REPRESENTATION_ITEM ( )  RATIONAL_B_SPLINE_CURVE ( ( 0.9330127018922193000, 0.9330127018922218500, 1.000000000000000000, 0.8660254037844387100, 1.000000000000000000, 0.8660254037844387100, 1.000000000000000000, 0.9330127018922167400, 0.9330127018922193000 ) ) 
 REPRESENTATION_ITEM ( '' )  );
#264 = CARTESIAN_POINT ( 'NONE',  ( -1.934401076758648100, 3.350480947161575100, -25.54166666666660700 ) ) ;
#265 = VERTEX_POINT ( 'NONE', #149 ) ;
#266 = EDGE_LOOP ( 'NONE', ( #6146, #4514, #2554, #5131 ) ) ;
#267 = CARTESIAN_POINT ( 'NONE',  ( 3.464101615137686000, 2.000000000000119900, -20.16666666666662200 ) ) ;
#268 = EDGE_CURVE ( 'NONE', #3903, #7450, #1623, .T. ) ;
#269 = DIRECTION ( 'NONE',  ( -1.000000000000000000, 0.0000000000000000000, 0.0000000000000000000 ) ) ;
#270 = DIRECTION ( 'NONE',  ( 1.000000000000000000, 0.0000000000000000000, 0.0000000000000000000 ) ) ;
#271 = CARTESIAN_POINT ( 'NONE',  ( 2.901601615137722900, 1.675240473580871900, -23.66666666666661100 ) ) ;
#272 = CARTESIAN_POINT ( 'NONE',  ( 3.350480947161661200, -0.8977586640477918100, -5.794658198738503100 ) ) ;
#273 = CARTESIAN_POINT ( 'NONE',  ( 4.618802153517005800, 6.478866617091239000E-014, -13.24999999999997000 ) ) ;
#274 = ORIENTED_EDGE ( 'NONE', *, *, #3404, .F. ) ;
#275 = ORIENTED_EDGE ( 'NONE', *, *, #5474, .T. ) ;
#276 = B_SPLINE_CURVE_WITH_KNOTS ( 'NONE', 3,
 ( #7813, #3473, #402, #1662, #4794, #4076, #5946, #1750, #1101, #5379, #1719, #4228 ),
 .UNSPECIFIED., .F., .F.,
 ( 4, 2, 2, 2, 2, 4 ),
 ( 2.544334156076367500E-007, 0.0008948231872789985100, 0.001342107564210693700, 0.001789391941142389300, 0.002683960695005779000, 0.003578529448869169300 ),
 .UNSPECIFIED. ) ;
#277 = CARTESIAN_POINT ( 'NONE',  ( 3.350480947161662100, 4.880586422032603200E-015, -4.874999999999986700 ) ) ;
#278 = CARTESIAN_POINT ( 'NONE',  ( -3.464101615137798800, 1.999999999999922500, -7.958333333333307300 ) ) ;
#279 = CARTESIAN_POINT ( 'NONE',  ( -2.901601615137722400, -1.675240473580873000, -3.166666666666654100 ) ) ;
#280 = EDGE_CURVE ( 'NONE', #4961, #3569, #6406, .T. ) ;
#281 = ORIENTED_EDGE ( 'NONE', *, *, #7361, .T. ) ;
#282 =( BOUNDED_CURVE ( )  B_SPLINE_CURVE ( 2, ( #3471, #5292, #352, #2814, #1581, #7103, #1661, #518, #2954 ),
 .UNSPECIFIED., .F., .T. ) 
 B_SPLINE_CURVE_WITH_KNOTS ( ( 3, 2, 2, 2, 3 ),
 ( 0.7954545454545456400, 0.7979797979797980100, 0.8030303030303029800, 0.8080808080808080700, 0.8106060606060607700 ),
 .UNSPECIFIED. ) 
 CURVE ( )  GEOMETRIC_REPRESENTATION_ITEM ( )  RATIONAL_B_SPLINE_CURVE ( ( 0.9330127018922194100, 0.9330127018922238500, 1.000000000000000000, 0.8660254037844387100, 1.000000000000000000, 0.8660254037844387100, 1.000000000000000000, 0.9330127018922149700, 0.9330127018922194100 ) ) 
 REPRESENTATION_ITEM ( '' )  );
#283 = LINE ( 'NONE', #6402, #7271 ) ;
#284 = CARTESIAN_POINT ( 'NONE',  ( -1.934401076758546400, 3.350480947161633700, -6.541666666666647400 ) ) ;
#285 =( BOUNDED_CURVE ( )  B_SPLINE_CURVE ( 2, ( #1697, #4170, #5359, #7932, #3069, #586, #2396, #6794, #7878 ),
 .UNSPECIFIED., .F., .T. ) 
 B_SPLINE_CURVE_WITH_KNOTS ( ( 3, 2, 2, 2, 3 ),
 ( 0.7651515151515152500, 0.7676767676767676200, 0.7727272727272727100, 0.7777777777777777900, 0.7803030303030305000 ),
 .UNSPECIFIED. ) 
 CURVE ( )  GEOMETRIC_REPRESENTATION_ITEM ( )  RATIONAL_B_SPLINE_CURVE ( ( 0.9330127018922194100, 0.9330127018922223000, 1.000000000000000000, 0.8660254037844387100, 1.000000000000000000, 0.8660254037844387100, 1.000000000000000000, 0.9330127018922149700, 0.9330127018922194100 ) ) 
 REPRESENTATION_ITEM ( '' )  );
#286 = ADVANCED_FACE ( 'NONE', ( #211 ), #1930, .T. ) ;
#287 = CARTESIAN_POINT ( 'NONE',  ( -2.901601615137703800, -1.675240473580905700, -27.16666666666660400 ) ) ;
#288 = EDGE_LOOP ( 'NONE', ( #3943, #4257, #4026, #4955 ) ) ;
#289 = CARTESIAN_POINT ( 'NONE',  ( 1.934401076758450300, 3.350480947161689200, -22.70833333333328200 ) ) ;
#290 = FACE_OUTER_BOUND ( 'NONE', #7856, .T. ) ;
#291 = CARTESIAN_POINT ( 'NONE',  ( -2.309401076758623300, 3.999999999999930700, -23.04166666666661100 ) ) ;
#292 = CARTESIAN_POINT ( 'NONE',  ( 2.901601615137722900, 1.675240473580871900, -30.66666666666660000 ) ) ;
#293 = VERTEX_POINT ( 'NONE', #2653 ) ;
#294 = CARTESIAN_POINT ( 'NONE',  ( -3.350480947161657200, 0.8977586640477730500, -23.41965819873847100 ) ) ;
#295 = CARTESIAN_POINT ( 'NONE',  ( -2.309401076758445600, -4.000000000000032900, -21.58333333333328200 ) ) ;
#296 =( BOUNDED_CURVE ( )  B_SPLINE_CURVE ( 2, ( #3772, #2472, #1866, #3719, #7428, #124, #2523, #1890, #5007 ),
 .UNSPECIFIED., .F., .T. ) 
 B_SPLINE_CURVE_WITH_KNOTS ( ( 3, 2, 2, 2, 3 ),
 ( 0.3560606060606061900, 0.3585858585858585600, 0.3636363636363636500, 0.3686868686868686700, 0.3712121212121213300 ),
 .UNSPECIFIED. ) 
 CURVE ( )  GEOMETRIC_REPRESENTATION_ITEM ( )  RATIONAL_B_SPLINE_CURVE ( ( 0.9330127018922193000, 0.9330127018922229600, 1.000000000000000000, 0.8660254037844387100, 1.000000000000000000, 0.8660254037844387100, 1.000000000000000000, 0.9330127018922164100, 0.9330127018922194100 ) ) 
 REPRESENTATION_ITEM ( '' )  );
#297 = ORIENTED_EDGE ( 'NONE', *, *, #164, .F. ) ;
#298 = CARTESIAN_POINT ( 'NONE',  ( -2.309401076758580200, 3.999999999999955600, -8.041666666666639400 ) ) ;
#299 = ORIENTED_EDGE ( 'NONE', *, *, #5802, .F. ) ;
#300 = CARTESIAN_POINT ( 'NONE',  ( 3.868802153516995600, 5.426829789941481600E-014, -2.749999999999988000 ) ) ;
#301 = CARTESIAN_POINT ( 'NONE',  ( -2.309401076758405700, -4.000000000000056800, -9.583333333333312600 ) ) ;
#302 = CARTESIAN_POINT ( 'NONE',  ( -1.934401076758546400, 3.350480947161633700, -10.54166666666663800 ) ) ;
#303 = DIRECTION ( 'NONE',  ( -0.8660254037844386000, 0.4999999999999998900, 0.0000000000000000000 ) ) ;
#304 = VERTEX_POINT ( 'NONE', #6269 ) ;
#305 = DIRECTION ( 'NONE',  ( -1.000000000000000000, 0.0000000000000000000, 0.0000000000000000000 ) ) ;
#306 = EDGE_CURVE ( 'NONE', #7365, #7011, #6503, .T. ) ;
#307 = DIRECTION ( 'NONE',  ( 0.0000000000000000000, 0.0000000000000000000, 1.000000000000000000 ) ) ;
#308 = CARTESIAN_POINT ( 'NONE',  ( 3.999999999999996400, -3.137519842735244800E-015, -13.24999999999997200 ) ) ;
#309 = PRODUCT_RELATED_PRODUCT_CATEGORY ( 'detail', '', ( #2543 ) ) ;
#310 = VECTOR ( 'NONE', #5958, 1000.000000000000000 ) ;
#311 = CARTESIAN_POINT ( 'NONE',  ( 0.4740804407046024200, 3.190391145079417300, -37.74960794448540500 ) ) ;
#312 = ORIENTED_EDGE ( 'NONE', *, *, #4677, .T. ) ;
#313 = CARTESIAN_POINT ( 'NONE',  ( -1.260539162610824700, -3.725802044397317200, -29.71892595914065900 ) ) ;
#314 = CARTESIAN_POINT ( 'NONE',  ( -3.868802153516995600, -5.474208951679871900E-014, -29.24999999999992900 ) ) ;
#315 = CARTESIAN_POINT ( 'NONE',  ( -3.999999999999996400, 2.173023002190706400E-014, -28.87499999999993600 ) ) ;
#316 = CARTESIAN_POINT ( 'NONE',  ( 3.464101615137782400, -1.999999999999950700, -18.33333333333329300 ) ) ;
#317 = EDGE_CURVE ( 'NONE', #3690, #7910, #5047, .T. ) ;
#318 = ORGANIZATION ( 'UNSPECIFIED', 'UNSPECIFIED', '' ) ;
#319 = CARTESIAN_POINT ( 'NONE',  ( 3.999999999999996400, -4.531973106173131400E-014, -19.37499999999995400 ) ) ;
#320 = DIRECTION ( 'NONE',  ( -1.000000000000000000, 0.0000000000000000000, 0.0000000000000000000 ) ) ;
#321 =( BOUNDED_CURVE ( )  B_SPLINE_CURVE ( 2, ( #925, #2157, #6428, #7060, #3408, #947, #2243, #6507, #4147 ),
 .UNSPECIFIED., .F., .F. ) 
 B_SPLINE_CURVE_WITH_KNOTS ( ( 3, 2, 2, 2, 3 ),
 ( 0.1893939393939394800, 0.1919191919191919100, 0.1969696969696969600, 0.2020202020202020200, 0.2045454545454546400 ),
 .UNSPECIFIED. ) 
 CURVE ( )  GEOMETRIC_REPRESENTATION_ITEM ( )  RATIONAL_B_SPLINE_CURVE ( ( 0.9330127018922194100, 0.9330127018922216300, 1.000000000000000000, 0.8660254037844387100, 1.000000000000000000, 0.8660254037844387100, 1.000000000000000000, 0.9330127018922167400, 0.9330127018922193000 ) ) 
 REPRESENTATION_ITEM ( '' )  );
#322 = AXIS2_PLACEMENT_3D ( 'NONE', #7473, #143, #6917 ) ;
#323 = CARTESIAN_POINT ( 'NONE',  ( -4.679256681265764000E-014, 3.350480947161662100, -2.499999999999988900 ) ) ;
#324 = FACE_OUTER_BOUND ( 'NONE', #5858, .T. ) ;
#325 = DIRECTION ( 'NONE',  ( -0.4999999999999999400, 0.8660254037844387100, 0.0000000000000000000 ) ) ;
#326 = LINE ( 'NONE', #6921, #7514 ) ;
#327 = CARTESIAN_POINT ( 'NONE',  ( 2.901601615137722900, 1.675240473580871900, -15.79166666666662700 ) ) ;
#328 = CARTESIAN_POINT ( 'NONE',  ( -4.000000000000000900, 4.996790860652426900E-015, -5.874999999999982200 ) ) ;
#329 = CARTESIAN_POINT ( 'NONE',  ( -2.999999999999996900, 0.3050423324193050100, -37.53589838486223600 ) ) ;
#330 = LINE ( 'NONE', #5210, #6654 ) ;
#331 = ORIENTED_EDGE ( 'NONE', *, *, #6114, .T. ) ;
#332 = CARTESIAN_POINT ( 'NONE',  ( 0.0000000000000000000, 0.0000000000000000000, 0.0000000000000000000 ) ) ;
#333 = CARTESIAN_POINT ( 'NONE',  ( 2.309401076758598000, -3.999999999999944500, -12.41666666666663800 ) ) ;
#334 = CARTESIAN_POINT ( 'NONE',  ( -2.999999999999996900, -4.038967834731580400E-025, -37.53589838486224300 ) ) ;
#335 = CARTESIAN_POINT ( 'NONE',  ( -4.000000000000000000, 4.898587196589412800E-016, -30.00000000000000000 ) ) ;
#336 = FACE_OUTER_BOUND ( 'NONE', #5945, .T. ) ;
#337 = ORIENTED_EDGE ( 'NONE', *, *, #1634, .F. ) ;
#338 = CARTESIAN_POINT ( 'NONE',  ( -1.934401076758449900, -3.350480947161689600, -29.08333333333326800 ) ) ;
#339 = CARTESIAN_POINT ( 'NONE',  ( 2.901601615137777900, -1.675240473580776000, -8.833333333333307300 ) ) ;
#340 = CARTESIAN_POINT ( 'NONE',  ( -4.618802153517005800, -6.535430629823232500E-014, -18.74999999999995700 ) ) ;
#341 = DIRECTION ( 'NONE',  ( -1.000000000000000000, 0.0000000000000000000, 0.0000000000000000000 ) ) ;
#342 = CARTESIAN_POINT ( 'NONE',  ( 3.350480947161659500, -1.400263485368877800E-014, -17.87499999999996100 ) ) ;
#343 = CARTESIAN_POINT ( 'NONE',  ( 3.350480947161671900, -7.437084071668728600E-015, -25.74999999999994000 ) ) ;
#344 = ORIENTED_EDGE ( 'NONE', *, *, #1787, .T. ) ;
#345 = DIRECTION ( 'NONE',  ( 0.0000000000000000000, 0.0000000000000000000, 1.000000000000000000 ) ) ;
#346 = ORIENTED_EDGE ( 'NONE', *, *, #4677, .F. ) ;
#347 = CARTESIAN_POINT ( 'NONE',  ( 2.901601615137770400, -1.675240473580789800, -1.833333333333323500 ) ) ;
#348 =( BOUNDED_CURVE ( )  B_SPLINE_CURVE ( 2, ( #5657, #2574, #763, #1424, #2070, #5763, #3935, #7625, #908 ),
 .UNSPECIFIED., .F., .F. ) 
 B_SPLINE_CURVE_WITH_KNOTS ( ( 3, 2, 2, 2, 3 ),
 ( 0.4318181818181819300, 0.4343434343434343600, 0.4393939393939393900, 0.4444444444444444200, 0.4469696969696970700 ),
 .UNSPECIFIED. ) 
 CURVE ( )  GEOMETRIC_REPRESENTATION_ITEM ( )  RATIONAL_B_SPLINE_CURVE ( ( 0.9330127018922194100, 0.9330127018922223000, 1.000000000000000000, 0.8660254037844387100, 1.000000000000000000, 0.8660254037844387100, 1.000000000000000000, 0.9330127018922164100, 0.9330127018922194100 ) ) 
 REPRESENTATION_ITEM ( '' )  );
#349 = EDGE_CURVE ( 'NONE', #7638, #5152, #60, .T. ) ;
#350 = CARTESIAN_POINT ( 'NONE',  ( -1.934401076758449900, -3.350480947161689600, -26.20833333333327500 ) ) ;
#351 = CARTESIAN_POINT ( 'NONE',  ( 1.934401076758450300, 3.350480947161689200, -14.70833333333329700 ) ) ;
#352 = CARTESIAN_POINT ( 'NONE',  ( 3.464101615137799700, -1.999999999999920700, -24.45833333333327200 ) ) ;
#353 = DIRECTION ( 'NONE',  ( 1.000000000000000000, 0.0000000000000000000, 0.0000000000000000000 ) ) ;
#354 = VERTEX_POINT ( 'NONE', #3230 ) ;
#355 = DIRECTION ( 'NONE',  ( -1.000000000000000000, 0.0000000000000000000, 0.0000000000000000000 ) ) ;
#356 = CARTESIAN_POINT ( 'NONE',  ( 2.309401076758560200, -3.999999999999966700, -15.54166666666662300 ) ) ;
#357 = CARTESIAN_POINT ( 'NONE',  ( 3.999999999999996400, -1.661723472263481600E-014, -17.37499999999995700 ) ) ;
#358 = EDGE_CURVE ( 'NONE', #1833, #6705, #2066, .T. ) ;
#359 = CARTESIAN_POINT ( 'NONE',  ( 2.901601615137777000, -1.675240473580778200, -5.958333333333315300 ) ) ;
#360 = ORIENTED_EDGE ( 'NONE', *, *, #915, .T. ) ;
#361 = CARTESIAN_POINT ( 'NONE',  ( 3.350480947161662100, 4.103155767545721900E-016, 0.0000000000000000000 ) ) ;
#362 = CARTESIAN_POINT ( 'NONE',  ( -4.618802153517005800, -6.535430629823232500E-014, -17.74999999999996100 ) ) ;
#363 = CARTESIAN_POINT ( 'NONE',  ( -3.464101615137805900, 1.999999999999910700, -21.95833333333327900 ) ) ;
#364 = CARTESIAN_POINT ( 'NONE',  ( 3.350480947161668800, -0.8977586640477902600, -9.794658198738496000 ) ) ;
#365 = EDGE_LOOP ( 'NONE', ( #1723, #2835, #3037, #379 ) ) ;
#366 = DIRECTION ( 'NONE',  ( -0.0000000000000000000, -5.481006805486179000E-016, -1.000000000000000000 ) ) ;
#367 = FACE_OUTER_BOUND ( 'NONE', #3507, .T. ) ;
#368 = CARTESIAN_POINT ( 'NONE',  ( 3.350480947161659500, 0.8977586640478763000, -14.83034180126144200 ) ) ;
#369 = CARTESIAN_POINT ( 'NONE',  ( 1.934401076758545600, -3.350480947161634100, -8.916666666666639400 ) ) ;
#370 = CARTESIAN_POINT ( 'NONE',  ( -3.999999999999996400, -2.556497649636125300E-015, -9.749999999999980500 ) ) ;
#371 = CARTESIAN_POINT ( 'NONE',  ( -4.679256681265763300E-014, 3.350480947161662100, -29.62499999999993200 ) ) ;
#372 = CARTESIAN_POINT ( 'NONE',  ( 2.901601615137722900, 1.675240473580871900, -14.79166666666662900 ) ) ;
#373 = DIRECTION ( 'NONE',  ( 0.0000000000000000000, 0.0000000000000000000, 1.000000000000000000 ) ) ;
#374 = ORIENTED_EDGE ( 'NONE', *, *, #5802, .T. ) ;
#375 = CARTESIAN_POINT ( 'NONE',  ( 0.0000000000000000000, 0.0000000000000000000, 0.0000000000000000000 ) ) ;
#376 = CARTESIAN_POINT ( 'NONE',  ( 3.350480947161659500, 0.8977586640478746300, -12.70534180126144500 ) ) ;
#377 = CARTESIAN_POINT ( 'NONE',  ( -4.618802153517005800, -6.535430629823232500E-014, -16.87499999999995700 ) ) ;
#378 = AXIS2_PLACEMENT_3D ( 'NONE', #2219, #4064, #1008 ) ;
#379 = ORIENTED_EDGE ( 'NONE', *, *, #4619, .F. ) ;
#380 = ORIENTED_EDGE ( 'NONE', *, *, #4320, .T. ) ;
#381 = CARTESIAN_POINT ( 'NONE',  ( 4.000000000000006200, 1.071796769724568300, -29.20534180126141500 ) ) ;
#382 =( BOUNDED_CURVE ( )  B_SPLINE_CURVE ( 2, ( #492, #432, #2955, #4137, #2338, #4689, #6000, #466, #4741 ),
 .UNSPECIFIED., .F., .T. ) 
 B_SPLINE_CURVE_WITH_KNOTS ( ( 3, 2, 2, 2, 3 ),
 ( 0.6439393939393941400, 0.6464646464646465200, 0.6515151515151514900, 0.6565656565656565700, 0.6590909090909092800 ),
 .UNSPECIFIED. ) 
 CURVE ( )  GEOMETRIC_REPRESENTATION_ITEM ( )  RATIONAL_B_SPLINE_CURVE ( ( 0.9330127018922194100, 0.9330127018922238500, 1.000000000000000000, 0.8660254037844387100, 1.000000000000000000, 0.8660254037844387100, 1.000000000000000000, 0.9330127018922149700, 0.9330127018922194100 ) ) 
 REPRESENTATION_ITEM ( '' )  );
#383 = CARTESIAN_POINT ( 'NONE',  ( 3.000000000000000400, 1.732050807568879200, -38.00000000000000000 ) ) ;
#384 = CARTESIAN_POINT ( 'NONE',  ( 2.710733204144340400, -2.591376472879326300, -29.64341564538996500 ) ) ;
#385 = CARTESIAN_POINT ( 'NONE',  ( 0.0000000000000000000, 0.0000000000000000000, -30.00000000000000000 ) ) ;
#386 = CARTESIAN_POINT ( 'NONE',  ( 2.901601615137770400, -1.675240473580789800, -28.83333333333326500 ) ) ;
#387 = ORIENTED_EDGE ( 'NONE', *, *, #2317, .F. ) ;
#388 = DIRECTION ( 'NONE',  ( -0.0000000000000000000, -0.0000000000000000000, -1.000000000000000000 ) ) ;
#389 = CARTESIAN_POINT ( 'NONE',  ( -4.618802153517005800, -6.535430629823232500E-014, -20.74999999999995400 ) ) ;
#390 = ORIENTED_EDGE ( 'NONE', *, *, #2709, .F. ) ;
#391 = CARTESIAN_POINT ( 'NONE',  ( 4.000000000000003600, -3.195622062045156800E-014, -15.37499999999996300 ) ) ;
#392 = CARTESIAN_POINT ( 'NONE',  ( 0.0000000000000000000, 0.0000000000000000000, -30.00000000000000000 ) ) ;
#393 = EDGE_CURVE ( 'NONE', #4322, #1031, #158, .T. ) ;
#394 = CALENDAR_DATE ( 2021, 9, 7 ) ;
#395 = CARTESIAN_POINT ( 'NONE',  ( 2.901601615137770400, -1.675240473580789800, -11.83333333333330200 ) ) ;
#396 = ORIENTED_EDGE ( 'NONE', *, *, #4756, .T. ) ;
#397 = CARTESIAN_POINT ( 'NONE',  ( -1.116331119576415800, -3.159039000828982100, -0.1778527147052650400 ) ) ;
#398 = CARTESIAN_POINT ( 'NONE',  ( -1.934401076758546400, 3.350480947161633700, -29.54166666666660000 ) ) ;
#399 = CARTESIAN_POINT ( 'NONE',  ( -3.868802153516995600, -5.474208951679871200E-014, -12.37499999999996800 ) ) ;
#400 = CARTESIAN_POINT ( 'NONE',  ( -3.350480947161665700, -0.8977586640478729700, -18.33034180126144000 ) ) ;
#401 = DIRECTION ( 'NONE',  ( 0.0000000000000000000, 0.0000000000000000000, -1.000000000000000000 ) ) ;
#402 = CARTESIAN_POINT ( 'NONE',  ( -0.4740804407046014200, -3.190391145079416900, -37.74960794448541200 ) ) ;
#403 = EDGE_CURVE ( 'NONE', #1404, #134, #2404, .T. ) ;
#404 = ORIENTED_EDGE ( 'NONE', *, *, #1403, .F. ) ;
#405 = CARTESIAN_POINT ( 'NONE',  ( 1.934401076758401200, 3.350480947161717200, -12.58333333333330400 ) ) ;
#406 = CARTESIAN_POINT ( 'NONE',  ( 4.618802153517005800, 6.478866617091239000E-014, -16.37499999999995400 ) ) ;
#407 = CARTESIAN_POINT ( 'NONE',  ( 0.0000000000000000000, 0.0000000000000000000, -30.00000000000000000 ) ) ;
#408 = LINE ( 'NONE', #16, #5106 ) ;
#409 = FACE_OUTER_BOUND ( 'NONE', #4136, .T. ) ;
#410 = CARTESIAN_POINT ( 'NONE',  ( -8.461270813721953000E-012, -3.873936507140700100, -29.69778279153754100 ) ) ;
#411 = CARTESIAN_POINT ( 'NONE',  ( -1.934401076758556700, 3.350480947161627900, -1.541666666666657900 ) ) ;
#412 = CARTESIAN_POINT ( 'NONE',  ( -3.999999999999996400, -7.669492948908376000E-015, -26.74999999999994300 ) ) ;
#413 =( BOUNDED_CURVE ( )  B_SPLINE_CURVE ( 2, ( #5195, #4616, #1756, #6038, #6651, #4747, #5218, #7055, #3999 ),
 .UNSPECIFIED., .F., .T. ) 
 B_SPLINE_CURVE_WITH_KNOTS ( ( 3, 2, 2, 2, 3 ),
 ( 0.7196969696969698300, 0.7222222222222222100, 0.7272727272727272900, 0.7323232323232323800, 0.7348484848484849700 ),
 .UNSPECIFIED. ) 
 CURVE ( )  GEOMETRIC_REPRESENTATION_ITEM ( )  RATIONAL_B_SPLINE_CURVE ( ( 0.9330127018922194100, 0.9330127018922238500, 1.000000000000000000, 0.8660254037844387100, 1.000000000000000000, 0.8660254037844387100, 1.000000000000000000, 0.9330127018922164100, 0.9330127018922194100 ) ) 
 REPRESENTATION_ITEM ( '' )  );
#414 = CARTESIAN_POINT ( 'NONE',  ( 2.999999999999996400, 1.732050807568880500, -33.50000000000000000 ) ) ;
#415 = CARTESIAN_POINT ( 'NONE',  ( -4.000000000000000000, 4.898587196589412800E-016, -30.00000000000000000 ) ) ;
#416 = CARTESIAN_POINT ( 'NONE',  ( -2.309401076758561500, 3.999999999999966200, -22.91666666666661500 ) ) ;
#417 = CARTESIAN_POINT ( 'NONE',  ( -3.350480947161662100, -6.100733027540754000E-015, -7.249999999999982200 ) ) ;
#418 = EDGE_CURVE ( 'NONE', #4748, #6339, #2685, .T. ) ;
#419 = CYLINDRICAL_SURFACE ( 'NONE', #1407, 3.350480947161662100 ) ;
#420 = VERTEX_POINT ( 'NONE', #2730 ) ;
#421 = DIRECTION ( 'NONE',  ( 0.0000000000000000000, 0.0000000000000000000, 1.000000000000000000 ) ) ;
#422 = LINE ( 'NONE', #6377, #4731 ) ;
#423 = DIRECTION ( 'NONE',  ( 0.0000000000000000000, 0.0000000000000000000, 1.000000000000000000 ) ) ;
#424 = CARTESIAN_POINT ( 'NONE',  ( 3.350480947161659500, 2.771475861082799400E-014, -22.87499999999994700 ) ) ;
#425 = CARTESIAN_POINT ( 'NONE',  ( 4.720288238941220700E-014, -3.350480947161662100, -7.999999999999976000 ) ) ;
#426 = CARTESIAN_POINT ( 'NONE',  ( -1.934401076758386800, -3.350480947161725600, -16.20833333333329300 ) ) ;
#427 = LINE ( 'NONE', #6078, #5791 ) ;
#428 = ORIENTED_EDGE ( 'NONE', *, *, #3360, .T. ) ;
#429 = CARTESIAN_POINT ( 'NONE',  ( 3.464101615137726400, 2.000000000000048800, -0.1666666666666643500 ) ) ;
#430 = CARTESIAN_POINT ( 'NONE',  ( -1.934401076758546400, 3.350480947161633700, -12.54166666666663200 ) ) ;
#431 = CARTESIAN_POINT ( 'NONE',  ( 3.350480947161671000, 0.8977586640478679700, -13.70534180126144700 ) ) ;
#432 = CARTESIAN_POINT ( 'NONE',  ( 3.350480947161655900, -0.8977586640478092400, -19.91965819873847500 ) ) ;
#433 =( BOUNDED_CURVE ( )  B_SPLINE_CURVE ( 2, ( #897, #3326, #1543, #854, #7013, #1468, #267, #5824, #2742 ),
 .UNSPECIFIED., .F., .T. ) 
 B_SPLINE_CURVE_WITH_KNOTS ( ( 3, 2, 2, 2, 3 ),
 ( 0.6287878787878789000, 0.6313131313131312700, 0.6363636363636363500, 0.6414141414141414400, 0.6439393939393941400 ),
 .UNSPECIFIED. ) 
 CURVE ( )  GEOMETRIC_REPRESENTATION_ITEM ( )  RATIONAL_B_SPLINE_CURVE ( ( 0.9330127018922194100, 0.9330127018922223000, 1.000000000000000000, 0.8660254037844387100, 1.000000000000000000, 0.8660254037844387100, 1.000000000000000000, 0.9330127018922149700, 0.9330127018922194100 ) ) 
 REPRESENTATION_ITEM ( '' )  );
#434 = CARTESIAN_POINT ( 'NONE',  ( 3.350480947161659500, 2.771475861082799400E-014, -22.74999999999995000 ) ) ;
#435 = CARTESIAN_POINT ( 'NONE',  ( -2.901601615137785500, 1.675240473580763600, -12.33333333333330000 ) ) ;
#436 = CARTESIAN_POINT ( 'NONE',  ( -3.464101615137783700, 1.999999999999948500, -16.95833333333328600 ) ) ;
#437 = LINE ( 'NONE', #4046, #1785 ) ;
#438 = ORIENTED_EDGE ( 'NONE', *, *, #3299, .T. ) ;
#439 = ORIENTED_EDGE ( 'NONE', *, *, #2811, .T. ) ;
#440 = CARTESIAN_POINT ( 'NONE',  ( -2.309401076758574900, 3.999999999999958300, -2.916666666666659000 ) ) ;
#441 = CARTESIAN_POINT ( 'NONE',  ( 1.832627553028587200, 2.943553563621331500, -29.52606197215073200 ) ) ;
#442 = CARTESIAN_POINT ( 'NONE',  ( 4.000000000000003600, -3.195622062045156800E-014, -16.24999999999996800 ) ) ;
#443 = CARTESIAN_POINT ( 'NONE',  ( 1.538602045787419400E-013, -4.000000000000000000, -26.49999999999994000 ) ) ;
#444 = ORIENTED_EDGE ( 'NONE', *, *, #6363, .F. ) ;
#445 = CARTESIAN_POINT ( 'NONE',  ( 4.000000000000000900, 8.482924019247143800E-015, -2.374999999999988500 ) ) ;
#446 = CARTESIAN_POINT ( 'NONE',  ( -2.309401076758445600, -4.000000000000032900, -26.58333333333327200 ) ) ;
#447 = ORIENTED_EDGE ( 'NONE', *, *, #4418, .F. ) ;
#448 = CARTESIAN_POINT ( 'NONE',  ( -3.350480947161662600, 0.8977586640477976900, -5.294658198738504900 ) ) ;
#449 = ORIENTED_EDGE ( 'NONE', *, *, #4517, .F. ) ;
#450 = AXIS2_PLACEMENT_3D ( 'NONE', #4859, #3730, #618 ) ;
#451 =( BOUNDED_CURVE ( )  B_SPLINE_CURVE ( 2, ( #1982, #4492, #6357, #7497, #6258, #2593, #3906, #245, #4518 ),
 .UNSPECIFIED., .F., .F. ) 
 B_SPLINE_CURVE_WITH_KNOTS ( ( 3, 2, 2, 2, 3 ),
 ( 0.2196969696969697800, 0.2222222222222222100, 0.2272727272727272700, 0.2323232323232323200, 0.2348484848484849500 ),
 .UNSPECIFIED. ) 
 CURVE ( )  GEOMETRIC_REPRESENTATION_ITEM ( )  RATIONAL_B_SPLINE_CURVE ( ( 0.9330127018922194100, 0.9330127018922216300, 1.000000000000000000, 0.8660254037844387100, 1.000000000000000000, 0.8660254037844387100, 1.000000000000000000, 0.9330127018922167400, 0.9330127018922193000 ) ) 
 REPRESENTATION_ITEM ( '' )  );
#452 = CARTESIAN_POINT ( 'NONE',  ( 4.000000000000005300, -1.243387493232115400E-014, -12.24999999999997700 ) ) ;
#453 = CARTESIAN_POINT ( 'NONE',  ( -3.999999999999996400, -2.730804307565861300E-014, -27.74999999999994000 ) ) ;
#454 = CARTESIAN_POINT ( 'NONE',  ( 3.350480947161662100, 6.797959659259696400E-015, -2.874999999999990700 ) ) ;
#455 = CARTESIAN_POINT ( 'NONE',  ( -3.868802153516995600, -5.474208951679871900E-014, -8.249999999999976900 ) ) ;
#456 = CARTESIAN_POINT ( 'NONE',  ( -2.901601615137696200, -1.675240473580918300, -16.29166666666662900 ) ) ;
#457 = ORIENTED_EDGE ( 'NONE', *, *, #6065, .T. ) ;
#458 =( BOUNDED_CURVE ( )  B_SPLINE_CURVE ( 2, ( #7173, #4184, #3549, #6048, #7802, #2913, #6575, #3577, #483 ),
 .UNSPECIFIED., .F., .T. ) 
 B_SPLINE_CURVE_WITH_KNOTS ( ( 3, 2, 2, 2, 3 ),
 ( 0.08333333333333341200, 0.08585858585858585600, 0.09090909090909091200, 0.09595959595959595300, 0.09848484848484856400 ),
 .UNSPECIFIED. ) 
 CURVE ( )  GEOMETRIC_REPRESENTATION_ITEM ( )  RATIONAL_B_SPLINE_CURVE ( ( 0.9330127018922194100, 0.9330127018922214100, 1.000000000000000000, 0.8660254037844387100, 1.000000000000000000, 0.8660254037844387100, 1.000000000000000000, 0.9330127018922171900, 0.9330127018922194100 ) ) 
 REPRESENTATION_ITEM ( '' )  );
#459 = EDGE_CURVE ( 'NONE', #1681, #2952, #6566, .T. ) ;
#460 = CARTESIAN_POINT ( 'NONE',  ( -1.934401076758449900, -3.350480947161689600, -30.20833333333326800 ) ) ;
#461 = ORIENTED_EDGE ( 'NONE', *, *, #5609, .T. ) ;
#462 = CARTESIAN_POINT ( 'NONE',  ( -1.934401076758546400, 3.350480947161633700, -21.54166666666661500 ) ) ;
#463 = CARTESIAN_POINT ( 'NONE',  ( 2.901601615137717500, 1.675240473580881500, -7.791666666666644800 ) ) ;
#464 = VERTEX_POINT ( 'NONE', #2123 ) ;
#465 = AXIS2_PLACEMENT_3D ( 'NONE', #4345, #7399, #115 ) ;
#466 = CARTESIAN_POINT ( 'NONE',  ( -3.350480947161678100, -0.8977586640478523200, -20.33034180126143300 ) ) ;
#467 = CARTESIAN_POINT ( 'NONE',  ( -3.464101615137705500, -2.000000000000085700, -22.79166666666661100 ) ) ;
#468 = ORIENTED_EDGE ( 'NONE', *, *, #5754, .T. ) ;
#469 = CARTESIAN_POINT ( 'NONE',  ( -3.464101615137783700, 1.999999999999948500, -19.95833333333328200 ) ) ;
#470 = FACE_OUTER_BOUND ( 'NONE', #3773, .T. ) ;
#471 = CARTESIAN_POINT ( 'NONE',  ( 6.813312456955448300E-014, -3.350480947161662100, -10.12499999999997300 ) ) ;
#472 = CARTESIAN_POINT ( 'NONE',  ( 3.999999999999998200, 1.071796769724529200, -3.205341801261472100 ) ) ;
#473 = AXIS2_PLACEMENT_3D ( 'NONE', #6059, #6735, #7359 ) ;
#474 = APPLICATION_CONTEXT ( 'configuration controlled 3d designs of mechanical parts and assemblies' ) ;
#475 = EDGE_CURVE ( 'NONE', #7450, #1841, #1964, .T. ) ;
#476 = CARTESIAN_POINT ( 'NONE',  ( -3.464101615137725500, -2.000000000000050200, 0.2083333333333420600 ) ) ;
#477 = CARTESIAN_POINT ( 'NONE',  ( 3.019203040895493300, 2.187859872178288700, -0.4374313204832135400 ) ) ;
#478 = CARTESIAN_POINT ( 'NONE',  ( 3.350480947161658100, -0.8977586640477970300, -10.79465819873849400 ) ) ;
#479 = VERTEX_POINT ( 'NONE', #982 ) ;
#480 = CARTESIAN_POINT ( 'NONE',  ( -4.000000000000011500, 2.835388302323702600E-014, -19.87499999999995400 ) ) ;
#481 = CARTESIAN_POINT ( 'NONE',  ( 3.999999999999996400, -9.993581721304852300E-015, -27.24999999999994300 ) ) ;
#482 = CARTESIAN_POINT ( 'NONE',  ( 2.309401076758560200, -3.999999999999966700, -22.41666666666661500 ) ) ;
#483 = CARTESIAN_POINT ( 'NONE',  ( 4.000000000000000900, -4.299564228933483700E-015, -1.374999999999990700 ) ) ;
#484 = CARTESIAN_POINT ( 'NONE',  ( 1.551449134354784100E-013, -3.350480947161662100, -28.99999999999993200 ) ) ;
#485 = DIRECTION ( 'NONE',  ( -1.000000000000000000, 0.0000000000000000000, 0.0000000000000000000 ) ) ;
#486 = VERTEX_POINT ( 'NONE', #5208 ) ;
#487 = CARTESIAN_POINT ( 'NONE',  ( -1.934401076758449900, -3.350480947161689600, -8.083333333333310800 ) ) ;
#488 = CARTESIAN_POINT ( 'NONE',  ( 3.350480947161671400, 0.8977586640478998300, -27.83034180126142600 ) ) ;
#489 = CARTESIAN_POINT ( 'NONE',  ( 1.934401076758450300, 3.350480947161689200, -28.70833333333326800 ) ) ;
#490 = CARTESIAN_POINT ( 'NONE',  ( 1.934401076758545600, -3.350480947161634100, -18.04166666666662200 ) ) ;
#491 = ORIENTED_EDGE ( 'NONE', *, *, #1288, .F. ) ;
#492 = CARTESIAN_POINT ( 'NONE',  ( 3.350480947161659500, -3.794074920937249900E-014, -19.87499999999995400 ) ) ;
#493 = VECTOR ( 'NONE', #7874, 1000.000000000000000 ) ;
#494 = CARTESIAN_POINT ( 'NONE',  ( -4.000000000000000900, -1.071796769724530100, -12.83034180126144400 ) ) ;
#495 = CARTESIAN_POINT ( 'NONE',  ( -8.290863309837818400E-014, 3.350480947161662100, -13.62499999999996400 ) ) ;
#496 = CARTESIAN_POINT ( 'NONE',  ( 4.000000000000000000, 0.0000000000000000000, -30.00000000000000000 ) ) ;
#497 = CARTESIAN_POINT ( 'NONE',  ( -3.464101615137725500, -2.000000000000050200, -22.79166666666661100 ) ) ;
#498 = AXIS2_PLACEMENT_3D ( 'NONE', #407, #4235, #6145 ) ;
#499 = CARTESIAN_POINT ( 'NONE',  ( -3.350480947161659500, 1.824409686331234900E-014, -29.24999999999993600 ) ) ;
#500 = DIRECTION ( 'NONE',  ( 0.0000000000000000000, 0.0000000000000000000, 1.000000000000000000 ) ) ;
#501 = ORIENTED_EDGE ( 'NONE', *, *, #3939, .F. ) ;
#502 = CARTESIAN_POINT ( 'NONE',  ( 5.635356014114907400E-014, -4.000000000000000000, -1.624999999999987600 ) ) ;
#503 = CARTESIAN_POINT ( 'NONE',  ( 8.306281315711577900E-016, -3.464101615137754800, -33.50000000000000000 ) ) ;
#504 = CARTESIAN_POINT ( 'NONE',  ( 3.464101615137808100, -1.999999999999907200, -12.33333333333330400 ) ) ;
#505 = CARTESIAN_POINT ( 'NONE',  ( 2.901601615137783300, -1.675240473580767600, -20.83333333333328200 ) ) ;
#506 = CARTESIAN_POINT ( 'NONE',  ( -1.107377817134769700E-013, 4.000000000000000000, -25.12499999999993600 ) ) ;
#507 = CARTESIAN_POINT ( 'NONE',  ( 4.618802153517005800, 6.478866617091239000E-014, -25.24999999999994300 ) ) ;
#508 = DIRECTION ( 'NONE',  ( 0.0000000000000000000, 0.0000000000000000000, 1.000000000000000000 ) ) ;
#509 = ORIENTED_EDGE ( 'NONE', *, *, #1910, .F. ) ;
#510 = CARTESIAN_POINT ( 'NONE',  ( -1.934401076758587100, 3.350480947161610200, -9.416666666666641200 ) ) ;
#511 = EDGE_CURVE ( 'NONE', #4614, #22, #4131, .T. ) ;
#512 = DIRECTION ( 'NONE',  ( -1.000000000000000000, 0.0000000000000000000, 0.0000000000000000000 ) ) ;
#513 = CARTESIAN_POINT ( 'NONE',  ( -3.868802153516995600, -5.474208951679871900E-014, -17.24999999999996100 ) ) ;
#514 = CARTESIAN_POINT ( 'NONE',  ( -3.999999999999996400, -2.556497649636125300E-015, -9.749999999999980500 ) ) ;
#515 = FACE_OUTER_BOUND ( 'NONE', #2930, .T. ) ;
#516 = CARTESIAN_POINT ( 'NONE',  ( -5.586370142149013400E-014, 4.000000000000000000, -3.999999999999988900 ) ) ;
#517 = CARTESIAN_POINT ( 'NONE',  ( 4.720288238941220100E-014, -3.350480947161662100, -21.12499999999995000 ) ) ;
#518 = CARTESIAN_POINT ( 'NONE',  ( -3.999999999999995600, -1.071796769724546500, -24.83034180126142200 ) ) ;
#519 = CARTESIAN_POINT ( 'NONE',  ( 3.464101615137784600, -1.999999999999947600, -1.333333333333328400 ) ) ;
#520 = DIRECTION ( 'NONE',  ( 1.000000000000000000, 0.0000000000000000000, 0.0000000000000000000 ) ) ;
#521 = CARTESIAN_POINT ( 'NONE',  ( -1.124596501560255900E-013, 3.350480947161662100, -20.62499999999995400 ) ) ;
#522 = EDGE_CURVE ( 'NONE', #872, #5539, #6815, .T. ) ;
#523 = CARTESIAN_POINT ( 'NONE',  ( 2.901601615137821000, -1.675240473580702000, -25.95833333333327500 ) ) ;
#524 = DIRECTION ( 'NONE',  ( 1.000000000000000000, 0.0000000000000000000, 0.0000000000000000000 ) ) ;
#525 = CARTESIAN_POINT ( 'NONE',  ( 3.464101615137726400, 2.000000000000048800, -23.29166666666660700 ) ) ;
#526 = FACE_OUTER_BOUND ( 'NONE', #2474, .T. ) ;
#527 =( BOUNDED_CURVE ( )  B_SPLINE_CURVE ( 2, ( #5729, #2745, #6385, #4572, #3356 ),
 .UNSPECIFIED., .F., .F. ) 
 B_SPLINE_CURVE_WITH_KNOTS ( ( 3, 2, 3 ),
 ( 0.9318181818181819900, 0.9343434343434343600, 0.9350912833306985700 ),
 .UNSPECIFIED. ) 
 CURVE ( )  GEOMETRIC_REPRESENTATION_ITEM ( )  RATIONAL_B_SPLINE_CURVE ( ( 0.9330127018922194100, 0.9330127018922238500, 1.000000000000000000, 0.9801618323124101600, 0.9661987022560996100 ) ) 
 REPRESENTATION_ITEM ( '' )  );
#528 = DIRECTION ( 'NONE',  ( -1.000000000000000000, 0.0000000000000000000, 0.0000000000000000000 ) ) ;
#529 = CARTESIAN_POINT ( 'NONE',  ( 2.309401076758446100, 4.000000000000032000, -0.2083333333333238500 ) ) ;
#530 = ORIENTED_EDGE ( 'NONE', *, *, #1578, .F. ) ;
#531 = ADVANCED_FACE ( 'NONE', ( #3371 ), #2876, .T. ) ;
#532 = CARTESIAN_POINT ( 'NONE',  ( 4.000000000000009800, -1.071796769724403100, -26.29465819873846400 ) ) ;
#533 = DIRECTION ( 'NONE',  ( 0.0000000000000000000, 0.0000000000000000000, 1.000000000000000000 ) ) ;
#534 = CARTESIAN_POINT ( 'NONE',  ( 1.934401076758550900, -3.350480947161630600, -9.041666666666641200 ) ) ;
#535 = CARTESIAN_POINT ( 'NONE',  ( 2.309401076758446100, 4.000000000000032000, -23.08333333333327900 ) ) ;
#536 = EDGE_CURVE ( 'NONE', #5536, #2504, #2975, .T. ) ;
#537 = CARTESIAN_POINT ( 'NONE',  ( 1.934401076758615100, -3.350480947161594200, -28.91666666666660000 ) ) ;
#538 = FACE_OUTER_BOUND ( 'NONE', #630, .T. ) ;
#539 = ORIENTED_EDGE ( 'NONE', *, *, #1955, .F. ) ;
#540 = CARTESIAN_POINT ( 'NONE',  ( -4.000000000000006200, 1.071796769724414600, -27.91965819873845300 ) ) ;
#541 = CARTESIAN_POINT ( 'NONE',  ( -2.901601615137771700, 1.675240473580788000, -14.33333333333329700 ) ) ;
#542 =( BOUNDED_CURVE ( )  B_SPLINE_CURVE ( 2, ( #5790, #4636, #4048, #3968, #2712, #917, #5192, #5241, #1515 ),
 .UNSPECIFIED., .F., .T. ) 
 B_SPLINE_CURVE_WITH_KNOTS ( ( 3, 2, 2, 2, 3 ),
 ( 0.7803030303030305000, 0.7828282828282828700, 0.7878787878787878500, 0.7929292929292929300, 0.7954545454545456400 ),
 .UNSPECIFIED. ) 
 CURVE ( )  GEOMETRIC_REPRESENTATION_ITEM ( )  RATIONAL_B_SPLINE_CURVE ( ( 0.9330127018922194100, 0.9330127018922238500, 1.000000000000000000, 0.8660254037844387100, 1.000000000000000000, 0.8660254037844387100, 1.000000000000000000, 0.9330127018922149700, 0.9330127018922194100 ) ) 
 REPRESENTATION_ITEM ( '' )  );
#543 = CARTESIAN_POINT ( 'NONE',  ( -5.586370142149013400E-014, 4.000000000000000000, -2.999999999999991600 ) ) ;
#544 = CARTESIAN_POINT ( 'NONE',  ( 3.868802153516995600, 5.426829789941480900E-014, -18.87499999999995000 ) ) ;
#545 = CARTESIAN_POINT ( 'NONE',  ( -3.350480947161667900, 0.8977586640477847000, -13.29465819873848700 ) ) ;
#546 = FACE_OUTER_BOUND ( 'NONE', #6716, .T. ) ;
#547 = VERTEX_POINT ( 'NONE', #3493 ) ;
#548 = CARTESIAN_POINT ( 'NONE',  ( 3.350480947161660300, -0.8977586640477796000, -13.91965819873848700 ) ) ;
#549 = CARTESIAN_POINT ( 'NONE',  ( 3.464101615137789500, -1.999999999999939400, -3.333333333333324600 ) ) ;
#550 = CARTESIAN_POINT ( 'NONE',  ( -3.350480947161659000, -1.952234568813041300E-014, -23.37499999999994700 ) ) ;
#551 = ORIENTED_EDGE ( 'NONE', *, *, #5895, .T. ) ;
#552 = CARTESIAN_POINT ( 'NONE',  ( 4.000000000000012400, 1.071796769724533600, -12.20534180126145400 ) ) ;
#553 = CARTESIAN_POINT ( 'NONE',  ( -4.618802153517005800, -6.535430629823232500E-014, -21.87499999999994300 ) ) ;
#554 = CARTESIAN_POINT ( 'NONE',  ( -4.679256681265763300E-014, 3.350480947161662100, 1.375000000000002400 ) ) ;
#555 = APPROVAL_STATUS ( 'not_yet_approved' ) ;
#556 = ORIENTED_EDGE ( 'NONE', *, *, #3652, .T. ) ;
#557 = CARTESIAN_POINT ( 'NONE',  ( 3.464101615137726400, 2.000000000000048800, -2.291666666666652800 ) ) ;
#558 = CARTESIAN_POINT ( 'NONE',  ( 3.789146366566019900, -0.5258255342448684400, -0.5040372240526143100 ) ) ;
#559 = VERTEX_POINT ( 'NONE', #424 ) ;
#560 = CARTESIAN_POINT ( 'NONE',  ( -1.934401076758575500, 3.350480947161617300, -24.41666666666661100 ) ) ;
#561 = CARTESIAN_POINT ( 'NONE',  ( -3.350480947161662600, 4.299564228933483700E-015, -6.374999999999984000 ) ) ;
#562 = EDGE_CURVE ( 'NONE', #2645, #7931, #6460, .T. ) ;
#563 = CARTESIAN_POINT ( 'NONE',  ( -0.2088758133667126000, -3.994542638975130200, -0.6326508517134975500 ) ) ;
#564 = CARTESIAN_POINT ( 'NONE',  ( 3.999999999999999100, -1.071796769724455900, -2.294658198738514600 ) ) ;
#565 = DIRECTION ( 'NONE',  ( 0.0000000000000000000, 1.000000000000000000, -8.673617379884010800E-016 ) ) ;
#566 = ORIENTED_EDGE ( 'NONE', *, *, #5436, .F. ) ;
#567 = DIRECTION ( 'NONE',  ( -0.0000000000000000000, -0.0000000000000000000, -1.000000000000000000 ) ) ;
#568 = CARTESIAN_POINT ( 'NONE',  ( 3.464101615137695800, 2.000000000000103000, -28.29166666666659700 ) ) ;
#569 = CYLINDRICAL_SURFACE ( 'NONE', #3875, 3.350480947161662100 ) ;
#570 = CARTESIAN_POINT ( 'NONE',  ( 2.901601615137770400, -1.675240473580789800, -12.83333333333329800 ) ) ;
#571 = CARTESIAN_POINT ( 'NONE',  ( 2.901601615137674000, 1.675240473580956700, -26.79166666666660700 ) ) ;
#572 = EDGE_CURVE ( 'NONE', #3332, #161, #648, .T. ) ;
#573 = CARTESIAN_POINT ( 'NONE',  ( 2.309401076758560200, -3.999999999999966700, -1.416666666666661600 ) ) ;
#574 = ADVANCED_FACE ( 'NONE', ( #2498 ), #3278, .T. ) ;
#575 = CARTESIAN_POINT ( 'NONE',  ( -4.679256681265763300E-014, 3.350480947161662100, -21.62499999999995000 ) ) ;
#576 = CARTESIAN_POINT ( 'NONE',  ( -8.947368232645134500E-014, 3.350480947161662100, -21.49999999999995000 ) ) ;
#577 = EDGE_LOOP ( 'NONE', ( #6449, #1241, #5718, #608 ) ) ;
#578 =( BOUNDED_CURVE ( )  B_SPLINE_CURVE ( 2, ( #5008, #740, #3065, #5602, #1250, #1915, #683, #1324, #1966 ),
 .UNSPECIFIED., .F., .F. ) 
 B_SPLINE_CURVE_WITH_KNOTS ( ( 3, 2, 2, 2, 3 ),
 ( 0.2954545454545455300, 0.2979797979797979600, 0.3030303030303030400, 0.3080808080808080700, 0.3106060606060607200 ),
 .UNSPECIFIED. ) 
 CURVE ( )  GEOMETRIC_REPRESENTATION_ITEM ( )  RATIONAL_B_SPLINE_CURVE ( ( 0.9330127018922194100, 0.9330127018922216300, 1.000000000000000000, 0.8660254037844387100, 1.000000000000000000, 0.8660254037844387100, 1.000000000000000000, 0.9330127018922164100, 0.9330127018922194100 ) ) 
 REPRESENTATION_ITEM ( '' )  );
#579 = CARTESIAN_POINT ( 'NONE',  ( -3.999999999999996400, -2.556497649636125300E-015, -8.874999999999975100 ) ) ;
#580 = CC_DESIGN_DATE_AND_TIME_ASSIGNMENT ( #1374, #5469, ( #7137 ) ) ;
#581 = DIRECTION ( 'NONE',  ( 0.0000000000000000000, 0.0000000000000000000, 1.000000000000000000 ) ) ;
#582 = CARTESIAN_POINT ( 'NONE',  ( 2.901601615137702900, 1.675240473580907200, -14.66666666666662900 ) ) ;
#583 = DIRECTION ( 'NONE',  ( -0.0000000000000000000, -0.0000000000000000000, -1.000000000000000000 ) ) ;
#584 = CARTESIAN_POINT ( 'NONE',  ( -4.618802153517005800, -6.535430629823232500E-014, -18.87499999999995000 ) ) ;
#585 = ORIENTED_EDGE ( 'NONE', *, *, #2568, .T. ) ;
#586 = CARTESIAN_POINT ( 'NONE',  ( -2.309401076758362600, -4.000000000000079900, -24.58333333333327500 ) ) ;
#587 = EDGE_CURVE ( 'NONE', #1275, #2638, #4561, .T. ) ;
#588 = EDGE_CURVE ( 'NONE', #6736, #76, #6829, .T. ) ;
#589 = CARTESIAN_POINT ( 'NONE',  ( -5.586370142149013400E-014, 4.000000000000000000, -7.124999999999975100 ) ) ;
#590 = CARTESIAN_POINT ( 'NONE',  ( 2.901601615137718000, 1.675240473580880800, -6.791666666666645600 ) ) ;
#591 = CARTESIAN_POINT ( 'NONE',  ( -1.303420341900200600E-013, 4.000000000000000000, -16.12499999999995400 ) ) ;
#592 = ORIENTED_EDGE ( 'NONE', *, *, #1234, .F. ) ;
#593 = CARTESIAN_POINT ( 'NONE',  ( -4.000000000000000000, 4.898587196589412800E-016, -30.00000000000000000 ) ) ;
#594 = CARTESIAN_POINT ( 'NONE',  ( -3.464101615137783700, 1.999999999999948500, -29.83333333333326800 ) ) ;
#595 = VERTEX_POINT ( 'NONE', #7134 ) ;
#596 = CARTESIAN_POINT ( 'NONE',  ( 3.350480947161662100, 4.103155767545721900E-016, 0.0000000000000000000 ) ) ;
#597 = CARTESIAN_POINT ( 'NONE',  ( -3.350480947161658600, 0.8977586640477996900, -17.29465819873847800 ) ) ;
#598 = CARTESIAN_POINT ( 'NONE',  ( -2.901601615137717100, -1.675240473580883000, -24.16666666666661100 ) ) ;
#599 = CARTESIAN_POINT ( 'NONE',  ( 3.868802153516995600, 5.426829789941481600E-014, -15.74999999999996300 ) ) ;
#600 = ORIENTED_EDGE ( 'NONE', *, *, #5838, .T. ) ;
#601 = VERTEX_POINT ( 'NONE', #7161 ) ;
#602 = CARTESIAN_POINT ( 'NONE',  ( 5.635356014114907400E-014, -4.000000000000000000, -5.499999999999985800 ) ) ;
#603 = CARTESIAN_POINT ( 'NONE',  ( 0.0000000000000000000, 0.0000000000000000000, 0.0000000000000000000 ) ) ;
#604 = LOCAL_TIME ( 9, 22, 24.00000000000000000, #803 ) ;
#605 = CARTESIAN_POINT ( 'NONE',  ( -3.350480947161659500, -3.311826500664980400E-015, -22.37499999999995000 ) ) ;
#606 = CARTESIAN_POINT ( 'NONE',  ( -3.350480947161662100, 5.984528588920930300E-015, -4.249999999999987600 ) ) ;
#607 = DIRECTION ( 'NONE',  ( 1.000000000000000000, 0.0000000000000000000, 0.0000000000000000000 ) ) ;
#608 = ORIENTED_EDGE ( 'NONE', *, *, #7698, .F. ) ;
#609 = CARTESIAN_POINT ( 'NONE',  ( 3.464101615137700700, 2.000000000000094100, -18.29166666666661800 ) ) ;
#610 = CARTESIAN_POINT ( 'NONE',  ( 2.309401076758560200, -3.999999999999966700, -28.54166666666659700 ) ) ;
#611 = CARTESIAN_POINT ( 'NONE',  ( -4.679256681265763300E-014, 3.350480947161662100, 0.3750000000000046600 ) ) ;
#612 = CARTESIAN_POINT ( 'NONE',  ( 3.999999999999996400, -4.624936657068990400E-014, -17.24999999999996400 ) ) ;
#613 = CIRCLE ( 'NONE', #2563, 3.464101615137755700 ) ;
#614 = CARTESIAN_POINT ( 'NONE',  ( -4.618802153517005800, -6.535430629823232500E-014, -4.874999999999980500 ) ) ;
#615 = CARTESIAN_POINT ( 'NONE',  ( -3.350480947161659500, -3.311826500664980400E-015, -22.24999999999995000 ) ) ;
#616 = ADVANCED_FACE ( 'NONE', ( #7754 ), #1349, .T. ) ;
#617 = CARTESIAN_POINT ( 'NONE',  ( -2.901601615137784600, 1.675240473580764900, -10.45833333333330600 ) ) ;
#618 = DIRECTION ( 'NONE',  ( -1.000000000000000000, 0.0000000000000000000, 0.0000000000000000000 ) ) ;
#619 = DIRECTION ( 'NONE',  ( 1.000000000000000000, 0.0000000000000000000, 0.0000000000000000000 ) ) ;
#620 = CARTESIAN_POINT ( 'NONE',  ( -3.464101615137725500, -2.000000000000050200, -29.66666666666659700 ) ) ;
#621 = VECTOR ( 'NONE', #6477, 1000.000000000000000 ) ;
#622 = DIRECTION ( 'NONE',  ( -0.0000000000000000000, -0.0000000000000000000, -1.000000000000000000 ) ) ;
#624 = CARTESIAN_POINT ( 'NONE',  ( 3.350480947161660800, 0.8977586640478729700, -10.70534180126145100 ) ) ;
#623 = COORDINATED_UNIVERSAL_TIME_OFFSET ( 6, 0, .BEHIND. ) ;
#625 = EDGE_CURVE ( 'NONE', #1013, #1333, #4886, .T. ) ;
#626 = DIRECTION ( 'NONE',  ( -0.0000000000000000000, -0.0000000000000000000, -1.000000000000000000 ) ) ;
#627 = CARTESIAN_POINT ( 'NONE',  ( 4.720288238941220700E-014, -3.350480947161662100, -12.99999999999996600 ) ) ;
#628 = CARTESIAN_POINT ( 'NONE',  ( 3.999999999999995600, -1.071796769724450800, -10.41965819873849200 ) ) ;
#629 = LINE ( 'NONE', #3104, #4166 ) ;
#630 = EDGE_LOOP ( 'NONE', ( #5799, #3544, #1429, #3977 ) ) ;
#631 = CARTESIAN_POINT ( 'NONE',  ( -2.309401076758445600, -4.000000000000032900, -2.583333333333325900 ) ) ;
#632 = CARTESIAN_POINT ( 'NONE',  ( 0.0000000000000000000, 0.0000000000000000000, -30.00000000000000000 ) ) ;
#633 = CARTESIAN_POINT ( 'NONE',  ( -2.901601615137711800, -1.675240473580891700, -7.166666666666645600 ) ) ;
#634 = CARTESIAN_POINT ( 'NONE',  ( 3.999999999999996400, -1.185285273922203500E-014, -20.37499999999995000 ) ) ;
#635 = EDGE_CURVE ( 'NONE', #2504, #1912, #6998, .T. ) ;
#636 = CARTESIAN_POINT ( 'NONE',  ( -5.586370142149013400E-014, 4.000000000000000000, -26.12499999999993600 ) ) ;
#637 = EDGE_CURVE ( 'NONE', #6388, #2727, #4693, .T. ) ;
#638 = ORIENTED_EDGE ( 'NONE', *, *, #2972, .F. ) ;
#639 = CARTESIAN_POINT ( 'NONE',  ( 3.464101615137709100, 2.000000000000079500, -29.29166666666659300 ) ) ;
#640 = CARTESIAN_POINT ( 'NONE',  ( 0.0000000000000000000, 0.0000000000000000000, -38.00000000000000000 ) ) ;
#641 = CARTESIAN_POINT ( 'NONE',  ( 2.309401076758446100, 4.000000000000032000, -6.208333333333310800 ) ) ;
#642 = CARTESIAN_POINT ( 'NONE',  ( -1.342609039472915600E-013, 4.000000000000000000, -20.99999999999995400 ) ) ;
#643 = VECTOR ( 'NONE', #2468, 1000.000000000000000 ) ;
#644 = ORIENTED_EDGE ( 'NONE', *, *, #3964, .F. ) ;
#645 = DIRECTION ( 'NONE',  ( 0.0000000000000000000, 0.0000000000000000000, 1.000000000000000000 ) ) ;
#646 = CARTESIAN_POINT ( 'NONE',  ( -3.350480947161662100, 0.0000000000000000000, 0.0000000000000000000 ) ) ;
#647 = VERTEX_POINT ( 'NONE', #615 ) ;
#648 =( BOUNDED_CURVE ( )  B_SPLINE_CURVE ( 2, ( #6499, #5295, #2820, #5354, #1693, #6587, #4078, #7107, #3448 ),
 .UNSPECIFIED., .F., .T. ) 
 B_SPLINE_CURVE_WITH_KNOTS ( ( 3, 2, 2, 2, 3 ),
 ( 0.1439393939393940100, 0.1464646464646464600, 0.1515151515151515200, 0.1565656565656565700, 0.1590909090909092000 ),
 .UNSPECIFIED. ) 
 CURVE ( )  GEOMETRIC_REPRESENTATION_ITEM ( )  RATIONAL_B_SPLINE_CURVE ( ( 0.9330127018922194100, 0.9330127018922211900, 1.000000000000000000, 0.8660254037844387100, 1.000000000000000000, 0.8660254037844387100, 1.000000000000000000, 0.9330127018922167400, 0.9330127018922193000 ) ) 
 REPRESENTATION_ITEM ( '' )  );
#649 = CARTESIAN_POINT ( 'NONE',  ( -2.901601615137799700, 1.675240473580739100, -17.33333333333329000 ) ) ;
#650 = DIRECTION ( 'NONE',  ( 0.0000000000000000000, 0.0000000000000000000, -1.000000000000000000 ) ) ;
#651 = ORIENTED_EDGE ( 'NONE', *, *, #2420, .F. ) ;
#652 = CARTESIAN_POINT ( 'NONE',  ( 4.720288238941220700E-014, -3.350480947161662100, -19.99999999999995000 ) ) ;
#653 = VERTEX_POINT ( 'NONE', #3046 ) ;
#654 = CARTESIAN_POINT ( 'NONE',  ( -2.309401076758561500, 3.999999999999966200, -10.91666666666664100 ) ) ;
#655 = ADVANCED_FACE ( 'NONE', ( #6037 ), #7396, .T. ) ;
#656 = CARTESIAN_POINT ( 'NONE',  ( -4.000000000000000900, 1.071796769724451300, -5.794658198738507500 ) ) ;
#657 = CARTESIAN_POINT ( 'NONE',  ( 3.350480947161662100, -3.137519842735245200E-015, -6.749999999999983100 ) ) ;
#658 = AXIS2_PLACEMENT_3D ( 'NONE', #786, #5056, #7650 ) ;
#659 = CARTESIAN_POINT ( 'NONE',  ( 3.350480947161671400, 0.8977586640478662000, -11.70534180126145100 ) ) ;
#660 = CARTESIAN_POINT ( 'NONE',  ( -1.934401076758414800, -3.350480947161709600, -11.20833333333330200 ) ) ;
#661 = CARTESIAN_POINT ( 'NONE',  ( -2.901601615137771700, 1.675240473580787300, -0.3333333333333267600 ) ) ;
#662 = ORIENTED_EDGE ( 'NONE', *, *, #1185, .T. ) ;
#663 = CARTESIAN_POINT ( 'NONE',  ( -2.309401076758445600, -4.000000000000032900, -25.70833333333327200 ) ) ;
#664 = ORIENTED_EDGE ( 'NONE', *, *, #4709, .F. ) ;
#665 = CARTESIAN_POINT ( 'NONE',  ( -3.868802153516995600, -5.474208951679871200E-014, -0.3749999999999938400 ) ) ;
#666 = CARTESIAN_POINT ( 'NONE',  ( -2.309401076758445600, -4.000000000000032900, -5.708333333333311700 ) ) ;
#667 = CARTESIAN_POINT ( 'NONE',  ( -3.464101615137785900, 1.999999999999944500, -10.95833333333330000 ) ) ;
#668 = ORIENTED_EDGE ( 'NONE', *, *, #3390, .T. ) ;
#669 = EDGE_CURVE ( 'NONE', #1365, #4440, #4415, .T. ) ;
#670 = CARTESIAN_POINT ( 'NONE',  ( -2.935480049481361800, -2.717159708058564800, -0.6326508517134975500 ) ) ;
#671 = CARTESIAN_POINT ( 'NONE',  ( -3.350480947161662100, 0.0000000000000000000, 0.0000000000000000000 ) ) ;
#672 = DIRECTION ( 'NONE',  ( -0.0000000000000000000, -0.0000000000000000000, -1.000000000000000000 ) ) ;
#673 = CARTESIAN_POINT ( 'NONE',  ( 0.0000000000000000000, 0.0000000000000000000, 0.0000000000000000000 ) ) ;
#674 = CARTESIAN_POINT ( 'NONE',  ( 3.350480947161665700, -8.773435115796703100E-015, -13.87499999999997000 ) ) ;
#675 = ORIENTED_EDGE ( 'NONE', *, *, #5885, .T. ) ;
#676 =( BOUNDED_CURVE ( )  B_SPLINE_CURVE ( 2, ( #3612, #7215, #6648, #5464, #4258, #4798, #3039, #4232, #7299 ),
 .UNSPECIFIED., .F., .F. ) 
 B_SPLINE_CURVE_WITH_KNOTS ( ( 3, 2, 2, 2, 3 ),
 ( 0.6287878787878789000, 0.6313131313131312700, 0.6363636363636363500, 0.6414141414141414400, 0.6439393939393941400 ),
 .UNSPECIFIED. ) 
 CURVE ( )  GEOMETRIC_REPRESENTATION_ITEM ( )  RATIONAL_B_SPLINE_CURVE ( ( 0.9330127018922194100, 0.9330127018922223000, 1.000000000000000000, 0.8660254037844387100, 1.000000000000000000, 0.8660254037844387100, 1.000000000000000000, 0.9330127018922149700, 0.9330127018922194100 ) ) 
 REPRESENTATION_ITEM ( '' )  );
#677 = CARTESIAN_POINT ( 'NONE',  ( 1.934401076758450300, 3.350480947161689200, -18.58333333333329000 ) ) ;
#678 = EDGE_CURVE ( 'NONE', #4959, #1040, #1823, .T. ) ;
#679 = CARTESIAN_POINT ( 'NONE',  ( -3.464101615137725500, -2.000000000000050200, -7.666666666666649200 ) ) ;
#680 = CARTESIAN_POINT ( 'NONE',  ( -3.350480947161662100, 0.0000000000000000000, 0.0000000000000000000 ) ) ;
#681 = ORIENTED_EDGE ( 'NONE', *, *, #7501, .F. ) ;
#682 = CARTESIAN_POINT ( 'NONE',  ( -3.350480947161659500, -1.615241696815551800E-014, -19.24999999999995400 ) ) ;
#683 = CARTESIAN_POINT ( 'NONE',  ( 2.901601615137717100, 1.675240473580882300, -8.791666666666643000 ) ) ;
#684 = CARTESIAN_POINT ( 'NONE',  ( 3.464101615137782400, -1.999999999999950700, -25.45833333333327200 ) ) ;
#685 = CARTESIAN_POINT ( 'NONE',  ( 4.720288238941220100E-014, -3.350480947161662100, -5.124999999999984000 ) ) ;
#686 = ORIENTED_EDGE ( 'NONE', *, *, #977, .T. ) ;
#687 = AXIS2_PLACEMENT_3D ( 'NONE', #375, #7213, #355 ) ;
#688 = CYLINDRICAL_SURFACE ( 'NONE', #6218, 4.000000000000000000 ) ;
#689 = EDGE_CURVE ( 'NONE', #5539, #6339, #4985, .T. ) ;
#690 = CARTESIAN_POINT ( 'NONE',  ( 3.464101615137726400, 2.000000000000048800, -6.291666666666643000 ) ) ;
#691 = CARTESIAN_POINT ( 'NONE',  ( 4.000000000000000900, -4.299564228933483700E-015, -1.374999999999990700 ) ) ;
#692 = ADVANCED_FACE ( 'NONE', ( #5563 ), #7250, .F. ) ;
#693 = DIRECTION ( 'NONE',  ( 0.0000000000000000000, 0.0000000000000000000, -1.000000000000000000 ) ) ;
#694 = CARTESIAN_POINT ( 'NONE',  ( 4.000000000000000000, -1.359591931851939400E-014, -9.249999999999982200 ) ) ;
#695 = DIRECTION ( 'NONE',  ( -1.000000000000000000, 0.0000000000000000000, 0.0000000000000000000 ) ) ;
#696 = CARTESIAN_POINT ( 'NONE',  ( 3.350480947161662100, 4.103155767545721900E-016, 0.0000000000000000000 ) ) ;
#697 = CARTESIAN_POINT ( 'NONE',  ( 2.901601615137776600, -1.675240473580779500, -3.958333333333318800 ) ) ;
#698 = ORIENTED_EDGE ( 'NONE', *, *, #6003, .F. ) ;
#699 = CARTESIAN_POINT ( 'NONE',  ( 4.000000000000017800, 1.071796769724526800, -15.33034180126144000 ) ) ;
#700 = ORIENTED_EDGE ( 'NONE', *, *, #7074, .F. ) ;
#701 = CARTESIAN_POINT ( 'NONE',  ( -1.934401076758546400, 3.350480947161633700, -18.41666666666662200 ) ) ;
#702 = CARTESIAN_POINT ( 'NONE',  ( -3.350480947161662100, -7.262777413738993000E-015, -3.374999999999990200 ) ) ;
#703 = FACE_OUTER_BOUND ( 'NONE', #5372, .T. ) ;
#704 = CARTESIAN_POINT ( 'NONE',  ( 2.309401076758446100, 4.000000000000032000, -8.083333333333314400 ) ) ;
#705 =( BOUNDED_CURVE ( )  B_SPLINE_CURVE ( 2, ( #7718, #7110, #1564, #5852, #1588, #1494, #2181, #3427, #4057 ),
 .UNSPECIFIED., .F., .F. ) 
 B_SPLINE_CURVE_WITH_KNOTS ( ( 3, 2, 2, 2, 3 ),
 ( 0.06818181818181826000, 0.07070707070707070400, 0.07575757575757576000, 0.08080808080808081500, 0.08333333333333341200 ),
 .UNSPECIFIED. ) 
 CURVE ( )  GEOMETRIC_REPRESENTATION_ITEM ( )  RATIONAL_B_SPLINE_CURVE ( ( 0.9330127018922194100, 0.9330127018922214100, 1.000000000000000000, 0.8660254037844387100, 1.000000000000000000, 0.8660254037844387100, 1.000000000000000000, 0.9330127018922174100, 0.9330127018922194100 ) ) 
 REPRESENTATION_ITEM ( '' )  );
#706 = ORIENTED_EDGE ( 'NONE', *, *, #1752, .F. ) ;
#707 = CARTESIAN_POINT ( 'NONE',  ( -1.934401076758443200, -3.350480947161691900, -5.208333333333316200 ) ) ;
#708 = CARTESIAN_POINT ( 'NONE',  ( -3.350480947161659500, 1.580380365229604700E-014, -11.24999999999997200 ) ) ;
#709 = CARTESIAN_POINT ( 'NONE',  ( 4.000000000000000900, 5.926426369611017600E-015, -5.249999999999990200 ) ) ;
#710 = CARTESIAN_POINT ( 'NONE',  ( -3.350480947161661200, 0.8977586640478052400, -0.2946581987385151800 ) ) ;
#711 = CARTESIAN_POINT ( 'NONE',  ( -5.586370142149013400E-014, 4.000000000000000000, -24.12499999999994000 ) ) ;
#712 = CIRCLE ( 'NONE', #5268, 3.096480947161662100 ) ;
#713 = CARTESIAN_POINT ( 'NONE',  ( 1.934401076758545600, -3.350480947161634100, -4.041666666666651900 ) ) ;
#714 = CARTESIAN_POINT ( 'NONE',  ( 3.350480947161662100, 0.8977586640478574200, -9.830341801261450700 ) ) ;
#715 = AXIS2_PLACEMENT_3D ( 'NONE', #5554, #5040, #7412 ) ;
#716 = CARTESIAN_POINT ( 'NONE',  ( 3.464101615137726400, 2.000000000000048800, -9.291666666666637700 ) ) ;
#717 = CIRCLE ( 'NONE', #6367, 6.110000000000003900 ) ;
#718 = CARTESIAN_POINT ( 'NONE',  ( -3.999999999999996400, 2.939972297081544000E-014, -20.87499999999995000 ) ) ;
#719 = CARTESIAN_POINT ( 'NONE',  ( -3.464101615137797900, 1.999999999999924900, -4.958333333333313500 ) ) ;
#720 = CARTESIAN_POINT ( 'NONE',  ( 3.350480947161659500, -3.869607806040135100E-014, -16.74999999999996800 ) ) ;
#721 = APPROVAL_PERSON_ORGANIZATION ( #2343, #6452, #7820 ) ;
#722 = DIRECTION ( 'NONE',  ( 0.0000000000000000000, 0.0000000000000000000, 1.000000000000000000 ) ) ;
#723 = CARTESIAN_POINT ( 'NONE',  ( -2.901601615137708600, -1.675240473580897000, -15.29166666666662900 ) ) ;
#724 = CARTESIAN_POINT ( 'NONE',  ( -1.009406073202981500E-013, 4.000000000000000000, -15.12499999999995700 ) ) ;
#725 = CARTESIAN_POINT ( 'NONE',  ( 2.901601615137718900, 1.675240473580879200, -4.666666666666651000 ) ) ;
#726 = ORIENTED_EDGE ( 'NONE', *, *, #5075, .T. ) ;
#727 = EDGE_CURVE ( 'NONE', #3353, #788, #5645, .T. ) ;
#728 = DIRECTION ( 'NONE',  ( 0.0000000000000000000, 0.0000000000000000000, 1.000000000000000000 ) ) ;
#729 = CARTESIAN_POINT ( 'NONE',  ( -1.934401076758546400, 3.350480947161633700, -22.41666666666661500 ) ) ;
#730 = CARTESIAN_POINT ( 'NONE',  ( 6.238870649499048300E-014, -3.350480947161662100, -3.124999999999987600 ) ) ;
#731 = CARTESIAN_POINT ( 'NONE',  ( 2.309401076758446100, 4.000000000000032000, -7.083333333333316200 ) ) ;
#732 = ADVANCED_FACE ( 'NONE', ( #1157 ), #3467, .T. ) ;
#733 = CARTESIAN_POINT ( 'NONE',  ( 2.901601615137777000, -1.675240473580779100, -4.958333333333316200 ) ) ;
#734 = CYLINDRICAL_SURFACE ( 'NONE', #1789, 4.000000000000000000 ) ;
#735 = EDGE_LOOP ( 'NONE', ( #6858, #2999, #600, #753 ) ) ;
#736 = CARTESIAN_POINT ( 'NONE',  ( 3.464101615137798400, -1.999999999999924500, -20.45833333333327900 ) ) ;
#737 = CARTESIAN_POINT ( 'NONE',  ( 2.901601615137777500, -1.675240473580776700, -7.833333333333309900 ) ) ;
#738 = EDGE_CURVE ( 'NONE', #2306, #4489, #5145, .T. ) ;
#739 = CARTESIAN_POINT ( 'NONE',  ( 3.350480947161659500, 2.324088772396477500E-015, -18.74999999999996100 ) ) ;
#740 = CARTESIAN_POINT ( 'NONE',  ( -3.350480947161665700, 0.8977586640477904800, -8.419658198738496000 ) ) ;
#741 = CARTESIAN_POINT ( 'NONE',  ( -1.934401076758449900, -3.350480947161689600, -0.08333333333332719500 ) ) ;
#742 = EDGE_CURVE ( 'NONE', #2218, #1022, #7164, .T. ) ;
#743 = ORIENTED_EDGE ( 'NONE', *, *, #6352, .F. ) ;
#744 = CARTESIAN_POINT ( 'NONE',  ( 4.720288238941220100E-014, -3.350480947161662100, -4.124999999999986700 ) ) ;
#745 = VERTEX_POINT ( 'NONE', #718 ) ;
#746 = CARTESIAN_POINT ( 'NONE',  ( -5.586370142149013400E-014, 4.000000000000000000, -12.12499999999996600 ) ) ;
#747 = CARTESIAN_POINT ( 'NONE',  ( 3.464101615137699800, 2.000000000000096400, -21.16666666666661800 ) ) ;
#748 = DIRECTION ( 'NONE',  ( 0.0000000000000000000, 0.0000000000000000000, 1.000000000000000000 ) ) ;
#749 = CARTESIAN_POINT ( 'NONE',  ( -2.309401076758627700, 3.999999999999928100, -27.91666666666660400 ) ) ;
#750 = CARTESIAN_POINT ( 'NONE',  ( -2.309401076758421200, -4.000000000000046200, -21.70833333333327900 ) ) ;
#751 = AXIS2_PLACEMENT_3D ( 'NONE', #5342, #7750, #2303 ) ;
#752 = CARTESIAN_POINT ( 'NONE',  ( -4.000000000000003600, 1.071796769724444200, -6.919658198738497700 ) ) ;
#753 = ORIENTED_EDGE ( 'NONE', *, *, #1185, .F. ) ;
#754 = CARTESIAN_POINT ( 'NONE',  ( -2.901601615137781900, 1.675240473580768900, -4.333333333333317900 ) ) ;
#755 = CARTESIAN_POINT ( 'NONE',  ( -4.000000000000000000, 4.898587196589412800E-016, -30.00000000000000000 ) ) ;
#756 = EDGE_LOOP ( 'NONE', ( #5322, #6481, #971, #5115 ) ) ;
#757 = CARTESIAN_POINT ( 'NONE',  ( -2.901601615137722400, -1.675240473580873000, -18.16666666666662200 ) ) ;
#758 = CARTESIAN_POINT ( 'NONE',  ( 3.350480947161662100, 6.797959659259696400E-015, -2.874999999999990700 ) ) ;
#759 = CARTESIAN_POINT ( 'NONE',  ( 2.309401076758446100, 4.000000000000032000, -10.08333333333331100 ) ) ;
#760 = CARTESIAN_POINT ( 'NONE',  ( 3.350480947161661200, -0.8977586640477927000, -4.919658198738504000 ) ) ;
#761 = ORIENTED_EDGE ( 'NONE', *, *, #3664, .F. ) ;
#762 = CARTESIAN_POINT ( 'NONE',  ( 2.309401076758411900, 4.000000000000053300, -18.08333333333329000 ) ) ;
#763 = CARTESIAN_POINT ( 'NONE',  ( 3.464101615137794400, -1.999999999999931200, -13.33333333333330200 ) ) ;
#764 = DIRECTION ( 'NONE',  ( -0.0000000000000000000, -0.0000000000000000000, -1.000000000000000000 ) ) ;
#765 = CARTESIAN_POINT ( 'NONE',  ( 1.934401076758545600, -3.350480947161634100, -27.04166666666660700 ) ) ;
#766 = CARTESIAN_POINT ( 'NONE',  ( -2.901601615137771700, 1.675240473580788000, -1.333333333333324800 ) ) ;
#767 = VERTEX_POINT ( 'NONE', #106 ) ;
#768 =( BOUNDED_CURVE ( )  B_SPLINE_CURVE ( 2, ( #5583, #4967, #617, #4858, #2452, #7369, #5557, #26, #1924 ),
 .UNSPECIFIED., .F., .T. ) 
 B_SPLINE_CURVE_WITH_KNOTS ( ( 3, 2, 2, 2, 3 ),
 ( 0.3560606060606061900, 0.3585858585858585600, 0.3636363636363636500, 0.3686868686868686700, 0.3712121212121213300 ),
 .UNSPECIFIED. ) 
 CURVE ( )  GEOMETRIC_REPRESENTATION_ITEM ( )  RATIONAL_B_SPLINE_CURVE ( ( 0.9330127018922193000, 0.9330127018922229600, 1.000000000000000000, 0.8660254037844387100, 1.000000000000000000, 0.8660254037844387100, 1.000000000000000000, 0.9330127018922164100, 0.9330127018922194100 ) ) 
 REPRESENTATION_ITEM ( '' )  );
#769 = CARTESIAN_POINT ( 'NONE',  ( 1.934401076758450300, 3.350480947161689200, -1.708333333333324400 ) ) ;
#770 = CARTESIAN_POINT ( 'NONE',  ( 5.635356014114907400E-014, -4.000000000000000000, -12.62499999999996400 ) ) ;
#771 = CARTESIAN_POINT ( 'NONE',  ( 3.464101615137686000, 2.000000000000119900, -19.29166666666661800 ) ) ;
#772 = ADVANCED_FACE ( 'NONE', ( #5842 ), #2506, .F. ) ;
#773 = CARTESIAN_POINT ( 'NONE',  ( -4.000000000000373000, -1.071796769723894100, -29.70534180126144000 ) ) ;
#774 = EDGE_CURVE ( 'NONE', #841, #4294, #5388, .T. ) ;
#775 = VERTEX_POINT ( 'NONE', #133 ) ;
#776 =( BOUNDED_CURVE ( )  B_SPLINE_CURVE ( 2, ( #7924, #656, #6785, #5487, #3060, #1831, #4868, #1271, #4281 ),
 .UNSPECIFIED., .F., .T. ) 
 B_SPLINE_CURVE_WITH_KNOTS ( ( 3, 2, 2, 2, 3 ),
 ( 0.2045454545454546400, 0.2070707070707070700, 0.2121212121212121300, 0.2171717171717171800, 0.2196969696969697800 ),
 .UNSPECIFIED. ) 
 CURVE ( )  GEOMETRIC_REPRESENTATION_ITEM ( )  RATIONAL_B_SPLINE_CURVE ( ( 0.9330127018922193000, 0.9330127018922218500, 1.000000000000000000, 0.8660254037844387100, 1.000000000000000000, 0.8660254037844387100, 1.000000000000000000, 0.9330127018922171900, 0.9330127018922194100 ) ) 
 REPRESENTATION_ITEM ( '' )  );
#777 = LINE ( 'NONE', #4344, #1819 ) ;
#778 = AXIS2_PLACEMENT_3D ( 'NONE', #6771, #7391, #2428 ) ;
#779 = CARTESIAN_POINT ( 'NONE',  ( 6.499999999999999100, 0.0000000000000000000, -37.60999999999999900 ) ) ;
#780 = CARTESIAN_POINT ( 'NONE',  ( 2.901601615137770400, -1.675240473580789800, -27.83333333333326800 ) ) ;
#781 = VERTEX_POINT ( 'NONE', #4908 ) ;
#782 = ORIENTED_EDGE ( 'NONE', *, *, #2406, .F. ) ;
#783 = CARTESIAN_POINT ( 'NONE',  ( 3.350480947161663900, -0.8977586640477963600, -2.919658198738510200 ) ) ;
#784 = EDGE_CURVE ( 'NONE', #6388, #304, #969, .T. ) ;
#785 = CARTESIAN_POINT ( 'NONE',  ( 4.618802153517005800, 6.478866617091239000E-014, -12.24999999999997200 ) ) ;
#786 = CARTESIAN_POINT ( 'NONE',  ( 0.0000000000000000000, 0.0000000000000000000, 0.0000000000000000000 ) ) ;
#787 = CARTESIAN_POINT ( 'NONE',  ( -3.464101615137711800, -2.000000000000073700, -8.791666666666639400 ) ) ;
#788 = VERTEX_POINT ( 'NONE', #6149 ) ;
#789 = CARTESIAN_POINT ( 'NONE',  ( 2.901601615137791700, -1.675240473580753300, -11.95833333333330200 ) ) ;
#790 =( BOUNDED_CURVE ( )  B_SPLINE_CURVE ( 2, ( #4839, #5507, #2405, #7398, #3079, #7375, #6805, #624, #1877 ),
 .UNSPECIFIED., .F., .T. ) 
 B_SPLINE_CURVE_WITH_KNOTS ( ( 3, 2, 2, 2, 3 ),
 ( 0.3560606060606061900, 0.3585858585858585600, 0.3636363636363636500, 0.3686868686868686700, 0.3712121212121213300 ),
 .UNSPECIFIED. ) 
 CURVE ( )  GEOMETRIC_REPRESENTATION_ITEM ( )  RATIONAL_B_SPLINE_CURVE ( ( 0.9330127018922193000, 0.9330127018922229600, 1.000000000000000000, 0.8660254037844387100, 1.000000000000000000, 0.8660254037844387100, 1.000000000000000000, 0.9330127018922164100, 0.9330127018922194100 ) ) 
 REPRESENTATION_ITEM ( '' )  );
#791 = VERTEX_POINT ( 'NONE', #4385 ) ;
#792 = CARTESIAN_POINT ( 'NONE',  ( 1.934401076758545600, -3.350480947161634100, -26.04166666666660700 ) ) ;
#793 = CARTESIAN_POINT ( 'NONE',  ( -3.464101615137783700, 1.999999999999948500, -30.95833333333325800 ) ) ;
#794 = PERSON_AND_ORGANIZATION ( #4398, #318 ) ;
#795 = CARTESIAN_POINT ( 'NONE',  ( 3.868802153516995600, 5.426829789941480900E-014, -1.874999999999990500 ) ) ;
#796 = CARTESIAN_POINT ( 'NONE',  ( -4.000000000000000900, -1.071796769724532100, -14.83034180126144000 ) ) ;
#797 = AXIS2_PLACEMENT_3D ( 'NONE', #3563, #5319, #520 ) ;
#798 = CARTESIAN_POINT ( 'NONE',  ( 2.309401076758446100, 4.000000000000032000, -11.20833333333329800 ) ) ;
#799 = VERTEX_POINT ( 'NONE', #1330 ) ;
#800 = CARTESIAN_POINT ( 'NONE',  ( -3.350480947161659500, 2.719183863703878600E-014, -16.24999999999996400 ) ) ;
#801 = CARTESIAN_POINT ( 'NONE',  ( 4.000000000000012400, 1.071796769724573600, -28.20534180126141900 ) ) ;
#802 = CARTESIAN_POINT ( 'NONE',  ( 3.464101615137722400, 2.000000000000056000, -2.291666666666652800 ) ) ;
#803 = COORDINATED_UNIVERSAL_TIME_OFFSET ( 6, 0, .BEHIND. ) ;
#804 = CONICAL_SURFACE ( 'NONE', #4612, 3.464101615137755700, 0.7853981633974500600 ) ;
#805 = CARTESIAN_POINT ( 'NONE',  ( -3.868802153516995600, -5.474208951679871900E-014, -25.24999999999994300 ) ) ;
#806 = CARTESIAN_POINT ( 'NONE',  ( 2.309401076758386100, 4.000000000000066600, -15.08333333333330000 ) ) ;
#807 = LINE ( 'NONE', #496, #7694 ) ;
#808 = CARTESIAN_POINT ( 'NONE',  ( -2.309401076758561500, 3.999999999999966200, -15.91666666666663200 ) ) ;
#809 = ADVANCED_FACE ( 'NONE', ( #1918 ), #6597, .T. ) ;
#810 = ORIENTED_EDGE ( 'NONE', *, *, #6174, .F. ) ;
#811 = CARTESIAN_POINT ( 'NONE',  ( 4.000000000000000000, 0.0000000000000000000, -30.00000000000000000 ) ) ;
#812 = CARTESIAN_POINT ( 'NONE',  ( -3.350480947161658600, -0.8977586640478678600, -8.205341801261456100 ) ) ;
#813 = CARTESIAN_POINT ( 'NONE',  ( 3.350480947161659500, -1.981285678467997400E-014, -27.74999999999994300 ) ) ;
#814 = CARTESIAN_POINT ( 'NONE',  ( -2.901601615137771700, 1.675240473580788000, -23.45833333333327900 ) ) ;
#815 = CARTESIAN_POINT ( 'NONE',  ( 2.309401076758446100, 4.000000000000032000, -29.20833333333325800 ) ) ;
#816 = CYLINDRICAL_SURFACE ( 'NONE', #5638, 4.000000000000000000 ) ;
#817 = EDGE_LOOP ( 'NONE', ( #274, #2092, #7659, #4847 ) ) ;
#818 = CYLINDRICAL_SURFACE ( 'NONE', #7635, 3.350480947161662100 ) ;
#819 = EDGE_CURVE ( 'NONE', #5205, #1692, #3151, .T. ) ;
#820 = CARTESIAN_POINT ( 'NONE',  ( 3.868802153516995600, 5.426829789941480900E-014, -10.87499999999997200 ) ) ;
#821 = CARTESIAN_POINT ( 'NONE',  ( 1.518623888214418200E-013, -3.350480947161662100, -24.99999999999994300 ) ) ;
#822 = CARTESIAN_POINT ( 'NONE',  ( 2.309401076758446100, 4.000000000000032000, -8.208333333333307300 ) ) ;
#823 = CARTESIAN_POINT ( 'NONE',  ( 2.309401076758562900, -3.999999999999964900, -4.541666666666647400 ) ) ;
#824 = CARTESIAN_POINT ( 'NONE',  ( -2.802517076967264500, -2.854101966172019700, -29.74999999999999600 ) ) ;
#825 = EDGE_LOOP ( 'NONE', ( #7449, #5412 ) ) ;
#826 = CARTESIAN_POINT ( 'NONE',  ( -2.901601615137814300, 1.675240473580713600, -24.45833333333327500 ) ) ;
#827 = CARTESIAN_POINT ( 'NONE',  ( -2.309401076758406600, -4.000000000000056000, -7.708333333333308200 ) ) ;
#828 = EDGE_CURVE ( 'NONE', #5332, #3843, #3397, .T. ) ;
#829 = CARTESIAN_POINT ( 'NONE',  ( 0.0000000000000000000, 0.0000000000000000000, 0.0000000000000000000 ) ) ;
#830 = CIRCLE ( 'NONE', #7616, 3.096480947161662100 ) ;
#831 = VERTEX_POINT ( 'NONE', #1384 ) ;
#832 = CARTESIAN_POINT ( 'NONE',  ( 4.720288238941220700E-014, -3.350480947161662100, -22.99999999999994700 ) ) ;
#833 = ORIENTED_EDGE ( 'NONE', *, *, #7501, .T. ) ;
#834 = CARTESIAN_POINT ( 'NONE',  ( -4.618802153517005800, -6.535430629823232500E-014, -11.74999999999997300 ) ) ;
#835 = CARTESIAN_POINT ( 'NONE',  ( 2.309401076758424300, 4.000000000000044400, -4.208333333333314400 ) ) ;
#836 = DIRECTION ( 'NONE',  ( -0.0000000000000000000, -0.0000000000000000000, -1.000000000000000000 ) ) ;
#837 = ORIENTED_EDGE ( 'NONE', *, *, #2857, .T. ) ;
#838 = CARTESIAN_POINT ( 'NONE',  ( -3.350480947161667000, 0.8977586640477667200, -28.41965819873845700 ) ) ;
#839 = CARTESIAN_POINT ( 'NONE',  ( 3.464101615137702400, 2.000000000000091000, -14.29166666666662700 ) ) ;
#840 = CARTESIAN_POINT ( 'NONE',  ( 1.934401076758545600, -3.350480947161634100, -28.04166666666660400 ) ) ;
#841 = VERTEX_POINT ( 'NONE', #6276 ) ;
#842 = CARTESIAN_POINT ( 'NONE',  ( -2.309401076758561500, 3.999999999999966200, -31.04166666666659300 ) ) ;
#843 = EDGE_CURVE ( 'NONE', #464, #5960, #6134, .T. ) ;
#844 = CARTESIAN_POINT ( 'NONE',  ( -3.868802153516995600, -5.474208951679871200E-014, -7.374999999999978700 ) ) ;
#845 = CARTESIAN_POINT ( 'NONE',  ( -4.618802153517005800, -6.535430629823232500E-014, -17.87499999999995400 ) ) ;
#846 = CARTESIAN_POINT ( 'NONE',  ( 3.350480947161662100, 7.378981852358816700E-015, -7.874999999999981300 ) ) ;
#847 =( BOUNDED_CURVE ( )  B_SPLINE_CURVE ( 2, ( #4580, #2781, #3916, #4629, #2677, #7044, #1531, #2751, #254 ),
 .UNSPECIFIED., .F., .F. ) 
 B_SPLINE_CURVE_WITH_KNOTS ( ( 3, 2, 2, 2, 3 ),
 ( 0.4469696969696970700, 0.4494949494949495000, 0.4545454545454545300, 0.4595959595959596100, 0.4621212121212122700 ),
 .UNSPECIFIED. ) 
 CURVE ( )  GEOMETRIC_REPRESENTATION_ITEM ( )  RATIONAL_B_SPLINE_CURVE ( ( 0.9330127018922194100, 0.9330127018922223000, 1.000000000000000000, 0.8660254037844387100, 1.000000000000000000, 0.8660254037844387100, 1.000000000000000000, 0.9330127018922156300, 0.9330127018922193000 ) ) 
 REPRESENTATION_ITEM ( '' )  );
#848 = ADVANCED_FACE ( 'NONE', ( #2590 ), #2679, .T. ) ;
#849 = ORIENTED_EDGE ( 'NONE', *, *, #3553, .T. ) ;
#850 = ORIENTED_EDGE ( 'NONE', *, *, #4873, .F. ) ;
#851 = CARTESIAN_POINT ( 'NONE',  ( -3.350480947161659900, 0.8977586640477931400, -25.41965819873846000 ) ) ;
#852 = DIRECTION ( 'NONE',  ( 0.0000000000000000000, 0.0000000000000000000, 1.000000000000000000 ) ) ;
#853 = CARTESIAN_POINT ( 'NONE',  ( -3.350480947161662100, -0.8977586640478605300, -4.205341801261466700 ) ) ;
#854 = CARTESIAN_POINT ( 'NONE',  ( -2.309401076758619300, 3.999999999999932500, -19.91666666666662200 ) ) ;
#855 = CARTESIAN_POINT ( 'NONE',  ( 0.0000000000000000000, -7.130989006236733300E-015, -29.74999999999999600 ) ) ;
#856 = VERTEX_POINT ( 'NONE', #3291 ) ;
#857 = CARTESIAN_POINT ( 'NONE',  ( 3.999999999999996400, 5.461608615131721900E-015, -23.37499999999994000 ) ) ;
#858 = CIRCLE ( 'NONE', #3324, 3.464101615137755700 ) ;
#859 = CARTESIAN_POINT ( 'NONE',  ( 4.720288238941220700E-014, -3.350480947161662100, -23.99999999999994700 ) ) ;
#860 = CARTESIAN_POINT ( 'NONE',  ( -2.309401076758445600, -4.000000000000032900, -14.58333333333330000 ) ) ;
#861 = CARTESIAN_POINT ( 'NONE',  ( -3.350480947161662100, -6.100733027540754000E-015, -7.249999999999982200 ) ) ;
#862 = ORIENTED_EDGE ( 'NONE', *, *, #3021, .F. ) ;
#863 = CARTESIAN_POINT ( 'NONE',  ( 1.934401076758450300, 3.350480947161689200, -6.583333333333312600 ) ) ;
#864 = CARTESIAN_POINT ( 'NONE',  ( -2.901601615137771700, 1.675240473580788000, -10.45833333333330600 ) ) ;
#865 = CARTESIAN_POINT ( 'NONE',  ( -4.000000000000005300, -1.071796769724539600, -15.83034180126144000 ) ) ;
#866 = ORIENTED_EDGE ( 'NONE', *, *, #6849, .T. ) ;
#867 =( BOUNDED_CURVE ( )  B_SPLINE_CURVE ( 2, ( #1209, #7342, #5533, #2995, #4805, #1152, #1762, #7282, #3625 ),
 .UNSPECIFIED., .F., .T. ) 
 B_SPLINE_CURVE_WITH_KNOTS ( ( 3, 2, 2, 2, 3 ),
 ( 0.4015151515151516600, 0.4040404040404040300, 0.4090909090909091200, 0.4141414141414141400, 0.4166666666666668000 ),
 .UNSPECIFIED. ) 
 CURVE ( )  GEOMETRIC_REPRESENTATION_ITEM ( )  RATIONAL_B_SPLINE_CURVE ( ( 0.9330127018922193000, 0.9330127018922229600, 1.000000000000000000, 0.8660254037844387100, 1.000000000000000000, 0.8660254037844387100, 1.000000000000000000, 0.9330127018922156300, 0.9330127018922193000 ) ) 
 REPRESENTATION_ITEM ( '' )  );
#868 = VECTOR ( 'NONE', #1508, 1000.000000000000000 ) ;
#869 = CARTESIAN_POINT ( 'NONE',  ( -1.934401076758417000, -3.350480947161709200, -8.208333333333310800 ) ) ;
#870 = EDGE_CURVE ( 'NONE', #2130, #7056, #6707, .T. ) ;
#871 = ORIENTED_EDGE ( 'NONE', *, *, #1955, .T. ) ;
#872 = VERTEX_POINT ( 'NONE', #6930 ) ;
#873 = CARTESIAN_POINT ( 'NONE',  ( 2.349517249107122100, 2.854169696110614200, -0.4151479703648522900 ) ) ;
#874 = CARTESIAN_POINT ( 'NONE',  ( 3.350480947161659500, 4.648177544792955000E-015, -23.74999999999994700 ) ) ;
#875 = DIRECTION ( 'NONE',  ( -0.0000000000000000000, -0.0000000000000000000, -1.000000000000000000 ) ) ;
#876 = CARTESIAN_POINT ( 'NONE',  ( -2.901601615137722400, -1.675240473580873000, -27.16666666666660400 ) ) ;
#877 = CARTESIAN_POINT ( 'NONE',  ( -1.387281425996364200E-013, 3.350480947161662100, -23.62499999999994300 ) ) ;
#878 = CARTESIAN_POINT ( 'NONE',  ( 2.309401076758560200, -3.999999999999966700, -12.41666666666663900 ) ) ;
#879 =( BOUNDED_CURVE ( )  B_SPLINE_CURVE ( 2, ( #1415, #6307, #6988, #3271, #5723, #6332, #6355, #853, #2665 ),
 .UNSPECIFIED., .F., .T. ) 
 B_SPLINE_CURVE_WITH_KNOTS ( ( 3, 2, 2, 2, 3 ),
 ( 0.1590909090909092000, 0.1616161616161616300, 0.1666666666666666600, 0.1717171717171717100, 0.1742424242424243400 ),
 .UNSPECIFIED. ) 
 CURVE ( )  GEOMETRIC_REPRESENTATION_ITEM ( )  RATIONAL_B_SPLINE_CURVE ( ( 0.9330127018922193000, 0.9330127018922218500, 1.000000000000000000, 0.8660254037844387100, 1.000000000000000000, 0.8660254037844387100, 1.000000000000000000, 0.9330127018922167400, 0.9330127018922193000 ) ) 
 REPRESENTATION_ITEM ( '' )  );
#881 = ADVANCED_FACE ( 'NONE', ( #4323 ), #1048, .T. ) ;
#880 = ORIENTED_EDGE ( 'NONE', *, *, #5485, .F. ) ;
#882 = CARTESIAN_POINT ( 'NONE',  ( -2.901601615137667300, -1.675240473580968300, -28.29166666666660000 ) ) ;
#883 = EDGE_CURVE ( 'NONE', #6780, #4317, #3270, .T. ) ;
#884 = CARTESIAN_POINT ( 'NONE',  ( -2.949656542291313200, 1.824763905747159600, -29.52730504245615600 ) ) ;
#885 = CARTESIAN_POINT ( 'NONE',  ( -0.4785443010491410300, 3.187813934107873100, -37.74715226105278300 ) ) ;
#886 = CARTESIAN_POINT ( 'NONE',  ( 2.901601615137722900, 1.675240473580871900, -3.666666666666652800 ) ) ;
#887 = FACE_OUTER_BOUND ( 'NONE', #2462, .T. ) ;
#888 = ORIENTED_EDGE ( 'NONE', *, *, #4804, .T. ) ;
#889 = CARTESIAN_POINT ( 'NONE',  ( -3.350480947161662100, 5.984528588920930300E-015, -4.374999999999987600 ) ) ;
#890 = CARTESIAN_POINT ( 'NONE',  ( -1.934401076758449900, -3.350480947161689600, -8.208333333333310800 ) ) ;
#891 = DIRECTION ( 'NONE',  ( 0.0000000000000000000, 0.0000000000000000000, 1.000000000000000000 ) ) ;
#892 = FACE_OUTER_BOUND ( 'NONE', #3156, .T. ) ;
#893 = CARTESIAN_POINT ( 'NONE',  ( 0.0000000000000000000, 0.0000000000000000000, 0.0000000000000000000 ) ) ;
#894 = FACE_OUTER_BOUND ( 'NONE', #3971, .T. ) ;
#895 = CARTESIAN_POINT ( 'NONE',  ( -3.350480947161659500, 2.155592336397733000E-014, -25.37499999999994700 ) ) ;
#896 = CARTESIAN_POINT ( 'NONE',  ( -5.978257117876167100E-014, 4.000000000000000000, -2.124999999999986200 ) ) ;
#897 = CARTESIAN_POINT ( 'NONE',  ( -3.999999999999996400, -1.940614124951058600E-014, -19.74999999999995400 ) ) ;
#898 = LINE ( 'NONE', #5801, #7518 ) ;
#899 = CARTESIAN_POINT ( 'NONE',  ( 1.756368997294211600, 2.450061501753629600, -37.53526225536037900 ) ) ;
#900 = CYLINDRICAL_SURFACE ( 'NONE', #7124, 4.000000000000000000 ) ;
#901 = CARTESIAN_POINT ( 'NONE',  ( 3.350480947161659500, 2.771475861082799400E-014, -22.74999999999995000 ) ) ;
#902 = CARTESIAN_POINT ( 'NONE',  ( -2.901601615137771700, 1.675240473580788000, -30.33333333333326100 ) ) ;
#903 = CARTESIAN_POINT ( 'NONE',  ( -2.309401076758561500, 3.999999999999966200, -21.91666666666661500 ) ) ;
#904 = DIRECTION ( 'NONE',  ( -1.000000000000000000, 0.0000000000000000000, 0.0000000000000000000 ) ) ;
#905 = FACE_OUTER_BOUND ( 'NONE', #3118, .T. ) ;
#906 = ORIENTED_EDGE ( 'NONE', *, *, #7, .F. ) ;
#907 = CARTESIAN_POINT ( 'NONE',  ( 2.999999999999996900, 1.461495874730550000, -37.87049523003148700 ) ) ;
#908 = CARTESIAN_POINT ( 'NONE',  ( -4.000000000000003600, 3.486133158594716000E-015, -13.74999999999997000 ) ) ;
#909 =( BOUNDED_CURVE ( )  B_SPLINE_CURVE ( 2, ( #3798, #1307, #2613, #1361, #5070, #5613, #2559, #773, #6908 ),
 .UNSPECIFIED., .F., .F. ) 
 B_SPLINE_CURVE_WITH_KNOTS ( ( 3, 2, 2, 2, 3 ),
 ( 0.9166666666666668500, 0.9191919191919192300, 0.9242424242424242000, 0.9292929292929292800, 0.9318181818181836600 ),
 .UNSPECIFIED. ) 
 CURVE ( )  GEOMETRIC_REPRESENTATION_ITEM ( )  RATIONAL_B_SPLINE_CURVE ( ( 0.9330127018922194100, 0.9330127018922238500, 1.000000000000000000, 0.8660254037844387100, 1.000000000000000000, 0.8660254037844387100, 1.000000000000000000, 0.9330127018921707800, 0.9330127018922194100 ) ) 
 REPRESENTATION_ITEM ( '' )  );
#910 = CARTESIAN_POINT ( 'NONE',  ( -4.000000000000004400, 1.071796769724443300, -7.919658198738494200 ) ) ;
#911 = CARTESIAN_POINT ( 'NONE',  ( -2.901601615137722400, -1.675240473580873000, -2.166666666666656300 ) ) ;
#912 = CARTESIAN_POINT ( 'NONE',  ( 3.350480947161662100, 4.103155767545721900E-016, 0.0000000000000000000 ) ) ;
#913 = VECTOR ( 'NONE', #4270, 1000.000000000000000 ) ;
#914 = ORIENTED_EDGE ( 'NONE', *, *, #1620, .F. ) ;
#915 = EDGE_CURVE ( 'NONE', #5750, #6339, #5351, .T. ) ;
#916 = CARTESIAN_POINT ( 'NONE',  ( 2.901601615137770400, -1.675240473580789800, -10.95833333333330400 ) ) ;
#917 = CARTESIAN_POINT ( 'NONE',  ( 2.309401076758320000, 4.000000000000105700, -25.08333333333327900 ) ) ;
#918 = CARTESIAN_POINT ( 'NONE',  ( -1.091771255419890100E-013, 3.350480947161662100, -16.62499999999996100 ) ) ;
#919 = ORIENTED_EDGE ( 'NONE', *, *, #4043, .F. ) ;
#920 = ORIENTED_EDGE ( 'NONE', *, *, #727, .F. ) ;
#921 = CARTESIAN_POINT ( 'NONE',  ( 4.000000000000000000, -1.071796769724442800, -7.419658198738495100 ) ) ;
#922 = EDGE_CURVE ( 'NONE', #6655, #4317, #6679, .T. ) ;
#923 = CARTESIAN_POINT ( 'NONE',  ( -2.999999999999997300, -1.732050807568878700, -38.00000000000000000 ) ) ;
#924 = CARTESIAN_POINT ( 'NONE',  ( 3.518188804008241600, 0.7391591262801274800, -29.57901609634901200 ) ) ;
#925 = CARTESIAN_POINT ( 'NONE',  ( 3.350480947161662100, 4.880586422032603200E-015, -4.749999999999987600 ) ) ;
#926 = CARTESIAN_POINT ( 'NONE',  ( 3.464101615137726400, 2.000000000000048800, -19.16666666666662500 ) ) ;
#927 = CARTESIAN_POINT ( 'NONE',  ( 4.000000000000003600, -3.195622062045156800E-014, -16.24999999999996800 ) ) ;
#928 = ORIENTED_EDGE ( 'NONE', *, *, #4573, .T. ) ;
#929 = EDGE_LOOP ( 'NONE', ( #1529, #257, #3512, #7624 ) ) ;
#930 = CARTESIAN_POINT ( 'NONE',  ( -3.256138463697303600, 1.167613760540868700, -0.2483143356797026500 ) ) ;
#931 = DIRECTION ( 'NONE',  ( -0.0000000000000000000, -0.0000000000000000000, -1.000000000000000000 ) ) ;
#932 = CARTESIAN_POINT ( 'NONE',  ( -1.934401076758449900, -3.350480947161689600, -5.083333333333315300 ) ) ;
#933 = EDGE_CURVE ( 'NONE', #7159, #5509, #5236, .T. ) ;
#934 =( BOUNDED_CURVE ( )  B_SPLINE_CURVE ( 2, ( #4157, #2193, #7094, #2890, #7704, #1068, #5343, #2917, #1599 ),
 .UNSPECIFIED., .F., .F. ) 
 B_SPLINE_CURVE_WITH_KNOTS ( ( 3, 2, 2, 2, 3 ),
 ( 0.5984848484848486200, 0.6010101010101009900, 0.6060606060606060800, 0.6111111111111111600, 0.6136363636363637600 ),
 .UNSPECIFIED. ) 
 CURVE ( )  GEOMETRIC_REPRESENTATION_ITEM ( )  RATIONAL_B_SPLINE_CURVE ( ( 0.9330127018922194100, 0.9330127018922238500, 1.000000000000000000, 0.8660254037844387100, 1.000000000000000000, 0.8660254037844387100, 1.000000000000000000, 0.9330127018922164100, 0.9330127018922194100 ) ) 
 REPRESENTATION_ITEM ( '' )  );
#935 = CARTESIAN_POINT ( 'NONE',  ( -4.000000000000000900, -8.947741773726438700E-015, -3.749999999999992000 ) ) ;
#936 = ORIENTED_EDGE ( 'NONE', *, *, #3447, .T. ) ;
#937 = FACE_OUTER_BOUND ( 'NONE', #6611, .T. ) ;
#938 = CARTESIAN_POINT ( 'NONE',  ( 4.720288238941220100E-014, -3.350480947161662100, -15.12499999999996300 ) ) ;
#939 = DIRECTION ( 'NONE',  ( -0.0000000000000000000, -0.0000000000000000000, -1.000000000000000000 ) ) ;
#940 = CARTESIAN_POINT ( 'NONE',  ( 2.309401076758635300, -3.999999999999923600, -21.41666666666661800 ) ) ;
#941 = CARTESIAN_POINT ( 'NONE',  ( 1.538602045787419400E-013, -4.000000000000000000, -25.62499999999993600 ) ) ;
#942 = ORIENTED_EDGE ( 'NONE', *, *, #1752, .T. ) ;
#943 = CIRCLE ( 'NONE', #2430, 4.000000000000011500 ) ;
#944 = CARTESIAN_POINT ( 'NONE',  ( -3.350480947161666100, 0.8977586640477701600, -24.29465819873846400 ) ) ;
#945 = DIRECTION ( 'NONE',  ( -0.0000000000000000000, -0.0000000000000000000, -1.000000000000000000 ) ) ;
#946 = CARTESIAN_POINT ( 'NONE',  ( 3.428263990786256900, -1.370026834750711200, -29.61924833563702100 ) ) ;
#947 = CARTESIAN_POINT ( 'NONE',  ( -1.934401076758443200, -3.350480947161691900, -5.083333333333316200 ) ) ;
#948 = ORIENTED_EDGE ( 'NONE', *, *, #7003, .F. ) ;
#949 = CARTESIAN_POINT ( 'NONE',  ( -3.464101615137673600, -2.000000000000140300, -28.79166666666659300 ) ) ;
#950 = CARTESIAN_POINT ( 'NONE',  ( -5.586370142149013400E-014, 4.000000000000000000, -18.99999999999995400 ) ) ;
#951 = CARTESIAN_POINT ( 'NONE',  ( 3.999999999999996400, 3.311826500664979900E-014, -22.37499999999994700 ) ) ;
#952 = CARTESIAN_POINT ( 'NONE',  ( -3.350480947161662100, -7.262777413738993000E-015, -3.374999999999990200 ) ) ;
#953 = CARTESIAN_POINT ( 'NONE',  ( 0.0000000000000000000, -7.130989006236733300E-015, -29.74999999999999600 ) ) ;
#954 = EDGE_CURVE ( 'NONE', #3083, #12, #5072, .T. ) ;
#955 = CARTESIAN_POINT ( 'NONE',  ( -2.309401076758682300, 3.999999999999897000, -25.91666666666661100 ) ) ;
#956 = ORIENTED_EDGE ( 'NONE', *, *, #1067, .F. ) ;
#957 = CYLINDRICAL_SURFACE ( 'NONE', #4898, 4.000000000000000000 ) ;
#958 = CARTESIAN_POINT ( 'NONE',  ( -2.901601615137771700, 1.675240473580788000, -2.333333333333322400 ) ) ;
#959 = CARTESIAN_POINT ( 'NONE',  ( -4.679256681265763300E-014, 3.350480947161662100, -25.62499999999994000 ) ) ;
#960 = CARTESIAN_POINT ( 'NONE',  ( -4.679256681265763300E-014, 3.350480947161662100, -13.62499999999996400 ) ) ;
#961 = VERTEX_POINT ( 'NONE', #2816 ) ;
#962 = ORIENTED_EDGE ( 'NONE', *, *, #4383, .T. ) ;
#963 = CARTESIAN_POINT ( 'NONE',  ( -2.999999999999996900, -4.038967834731580400E-025, -37.53589838486224300 ) ) ;
#964 = ORIENTED_EDGE ( 'NONE', *, *, #4766, .T. ) ;
#965 = EDGE_CURVE ( 'NONE', #5249, #7638, #542, .T. ) ;
#966 = CARTESIAN_POINT ( 'NONE',  ( -3.350480947161659000, -1.952234568813041300E-014, -23.24999999999994300 ) ) ;
#967 = CARTESIAN_POINT ( 'NONE',  ( 3.350480947161671900, -1.074891057233370800E-014, -21.87499999999995400 ) ) ;
#968 = CARTESIAN_POINT ( 'NONE',  ( 3.464101615137782400, -1.999999999999950700, -15.45833333333329300 ) ) ;
#969 =( BOUNDED_CURVE ( )  B_SPLINE_CURVE ( 2, ( #691, #1305, #53, #4410, #4338, #4939, #5580, #1923, #2530 ),
 .UNSPECIFIED., .F., .T. ) 
 B_SPLINE_CURVE_WITH_KNOTS ( ( 3, 2, 2, 2, 3 ),
 ( 0.09848484848484856400, 0.1010101010101010100, 0.1060606060606060600, 0.1111111111111111000, 0.1136363636363637200 ),
 .UNSPECIFIED. ) 
 CURVE ( )  GEOMETRIC_REPRESENTATION_ITEM ( )  RATIONAL_B_SPLINE_CURVE ( ( 0.9330127018922194100, 0.9330127018922216300, 1.000000000000000000, 0.8660254037844387100, 1.000000000000000000, 0.8660254037844387100, 1.000000000000000000, 0.9330127018922171900, 0.9330127018922194100 ) ) 
 REPRESENTATION_ITEM ( '' )  );
#970 = CARTESIAN_POINT ( 'NONE',  ( 6.485059995551790200E-014, -3.350480947161662100, -6.124999999999981300 ) ) ;
#971 = ORIENTED_EDGE ( 'NONE', *, *, #7032, .F. ) ;
#972 = CARTESIAN_POINT ( 'NONE',  ( 1.934401076758631700, -3.350480947161584800, -19.91666666666662200 ) ) ;
#973 = CARTESIAN_POINT ( 'NONE',  ( -1.934401076758449900, -3.350480947161689600, -31.08333333333326500 ) ) ;
#974 = CARTESIAN_POINT ( 'NONE',  ( 3.350480947161662100, -1.138803498474273900E-014, -8.749999999999978700 ) ) ;
#975 = CARTESIAN_POINT ( 'NONE',  ( -3.464101615137783700, 1.999999999999948500, -21.83333333333328600 ) ) ;
#976 = CARTESIAN_POINT ( 'NONE',  ( 3.999999999999996400, -2.382190991706389700E-014, -27.37499999999994000 ) ) ;
#977 = EDGE_CURVE ( 'NONE', #2950, #7183, #4236, .T. ) ;
#978 = VECTOR ( 'NONE', #5565, 1000.000000000000000 ) ;
#979 = CARTESIAN_POINT ( 'NONE',  ( 0.0000000000000000000, 0.0000000000000000000, -30.00000000000000000 ) ) ;
#980 = DIRECTION ( 'NONE',  ( -1.000000000000000000, 0.0000000000000000000, 0.0000000000000000000 ) ) ;
#981 = DIRECTION ( 'NONE',  ( -1.000000000000000000, 0.0000000000000000000, 0.0000000000000000000 ) ) ;
#982 = CARTESIAN_POINT ( 'NONE',  ( 3.999999999999996400, -2.382190991706389700E-014, -28.24999999999994300 ) ) ;
#983 = CARTESIAN_POINT ( 'NONE',  ( -2.901601615137771700, 1.675240473580788000, -9.333333333333305500 ) ) ;
#984 = FACE_OUTER_BOUND ( 'NONE', #6116, .T. ) ;
#985 = DIRECTION ( 'NONE',  ( 0.0000000000000000000, 0.0000000000000000000, 1.000000000000000000 ) ) ;
#986 = VERTEX_POINT ( 'NONE', #4021 ) ;
#987 = CYLINDRICAL_SURFACE ( 'NONE', #3395, 4.000000000000000000 ) ;
#988 = CARTESIAN_POINT ( 'NONE',  ( 4.720288238941220100E-014, -3.350480947161662100, -29.12499999999993200 ) ) ;
#989 = CARTESIAN_POINT ( 'NONE',  ( -2.901601615137722400, -1.675240473580873000, -15.29166666666662900 ) ) ;
#990 = CARTESIAN_POINT ( 'NONE',  ( 3.464101615137720600, 2.000000000000060000, -6.291666666666643000 ) ) ;
#991 = CARTESIAN_POINT ( 'NONE',  ( 3.999999999999996400, -4.624936657068990400E-014, -17.24999999999996400 ) ) ;
#992 = FACE_OUTER_BOUND ( 'NONE', #365, .T. ) ;
#993 = ORIENTED_EDGE ( 'NONE', *, *, #4430, .T. ) ;
#994 = CARTESIAN_POINT ( 'NONE',  ( 2.901601615137808100, -1.675240473580724900, -22.83333333333327900 ) ) ;
#995 = CARTESIAN_POINT ( 'NONE',  ( -2.309401076758561500, 3.999999999999966200, -15.04166666666662700 ) ) ;
#996 = CARTESIAN_POINT ( 'NONE',  ( 0.2357775955572602700, -3.327975356873890300, -37.86387374173585100 ) ) ;
#997 = DATE_TIME_ROLE ( 'creation_date' ) ;
#998 = CARTESIAN_POINT ( 'NONE',  ( 3.500525627890625800, -1.140731074022020700, -29.61497784417541400 ) ) ;
#999 = VECTOR ( 'NONE', #5336, 1000.000000000000000 ) ;
#1000 = VERTEX_POINT ( 'NONE', #7105 ) ;
#1001 = CARTESIAN_POINT ( 'NONE',  ( -5.171635373371249700E-014, 3.350480947161662100, -4.624999999999984900 ) ) ;
#1002 = CARTESIAN_POINT ( 'NONE',  ( -3.350480947161659500, 1.824409686331234900E-014, -29.37499999999993600 ) ) ;
#1003 =( BOUNDED_CURVE ( )  B_SPLINE_CURVE ( 2, ( #4224, #5428, #3113, #2386, #6670, #7892, #571, #4843, #1215 ),
 .UNSPECIFIED., .F., .F. ) 
 B_SPLINE_CURVE_WITH_KNOTS ( ( 3, 2, 2, 2, 3 ),
 ( 0.8409090909090910500, 0.8434343434343434300, 0.8484848484848485100, 0.8535353535353534800, 0.8560606060606061900 ),
 .UNSPECIFIED. ) 
 CURVE ( )  GEOMETRIC_REPRESENTATION_ITEM ( )  RATIONAL_B_SPLINE_CURVE ( ( 0.9330127018922194100, 0.9330127018922238500, 1.000000000000000000, 0.8660254037844387100, 1.000000000000000000, 0.8660254037844387100, 1.000000000000000000, 0.9330127018922149700, 0.9330127018922194100 ) ) 
 REPRESENTATION_ITEM ( '' )  );
#1004 = CARTESIAN_POINT ( 'NONE',  ( -3.350480947161662600, 4.299564228933483700E-015, -6.249999999999984900 ) ) ;
#1005 = AXIS2_PLACEMENT_3D ( 'NONE', #4936, #6875, #2581 ) ;
#1006 = CARTESIAN_POINT ( 'NONE',  ( -4.000000000000000000, 4.898587196589412800E-016, -30.00000000000000000 ) ) ;
#1007 = CARTESIAN_POINT ( 'NONE',  ( -3.464101615137725500, -2.000000000000050200, -21.66666666666661800 ) ) ;
#1008 = DIRECTION ( 'NONE',  ( -1.000000000000000000, 0.0000000000000000000, 0.0000000000000000000 ) ) ;
#1009 = AXIS2_PLACEMENT_3D ( 'NONE', #6852, #6278, #5671 ) ;
#1010 = CARTESIAN_POINT ( 'NONE',  ( -3.350480947161665200, 3.910279359557073600E-014, -17.37499999999996400 ) ) ;
#1011 = CARTESIAN_POINT ( 'NONE',  ( 2.999999999999997300, -0.3048185826625031100, -37.53587919134194100 ) ) ;
#1012 = VECTOR ( 'NONE', #3183, 1000.000000000000000 ) ;
#1013 = VERTEX_POINT ( 'NONE', #5817 ) ;
#1014 = CARTESIAN_POINT ( 'NONE',  ( 2.901601615137808100, -1.675240473580724900, -22.95833333333327900 ) ) ;
#1015 = ORIENTED_EDGE ( 'NONE', *, *, #1244, .T. ) ;
#1016 = CARTESIAN_POINT ( 'NONE',  ( 1.934401076758545600, -3.350480947161634100, -7.916666666666643900 ) ) ;
#1017 = CARTESIAN_POINT ( 'NONE',  ( 4.000000000000000000, 1.071796769724523200, -10.20534180126145400 ) ) ;
#1018 = EDGE_CURVE ( 'NONE', #5918, #6157, #5162, .T. ) ;
#1019 = CARTESIAN_POINT ( 'NONE',  ( -2.901601615137771700, 1.675240473580788000, -30.45833333333326100 ) ) ;
#1020 = CARTESIAN_POINT ( 'NONE',  ( -1.934401076758449900, -3.350480947161689600, -12.20833333333330000 ) ) ;
#1021 = CARTESIAN_POINT ( 'NONE',  ( -3.350480947161662100, 0.0000000000000000000, 0.0000000000000000000 ) ) ;
#1022 = VERTEX_POINT ( 'NONE', #2737 ) ;
#1023 =( BOUNDED_CURVE ( )  B_SPLINE_CURVE ( 2, ( #3378, #3351, #2058, #3876, #3905, #1440, #5725, #5753, #874 ),
 .UNSPECIFIED., .F., .T. ) 
 B_SPLINE_CURVE_WITH_KNOTS ( ( 3, 2, 2, 2, 3 ),
 ( 0.7500000000000001100, 0.7525252525252524900, 0.7575757575757575700, 0.7626262626262626500, 0.7651515151515152500 ),
 .UNSPECIFIED. ) 
 CURVE ( )  GEOMETRIC_REPRESENTATION_ITEM ( )  RATIONAL_B_SPLINE_CURVE ( ( 0.9330127018922194100, 0.9330127018922223000, 1.000000000000000000, 0.8660254037844387100, 1.000000000000000000, 0.8660254037844387100, 1.000000000000000000, 0.9330127018922164100, 0.9330127018922194100 ) ) 
 REPRESENTATION_ITEM ( '' )  );
#1024 = CARTESIAN_POINT ( 'NONE',  ( -2.309401076758584600, 3.999999999999953400, -12.04166666666663100 ) ) ;
#1025 = ORIENTED_EDGE ( 'NONE', *, *, #4467, .F. ) ;
#1026 = CARTESIAN_POINT ( 'NONE',  ( 2.901601615137703800, 1.675240473580905700, -12.66666666666663400 ) ) ;
#1027 = CARTESIAN_POINT ( 'NONE',  ( -3.464101615137725500, -2.000000000000050200, -14.79166666666662700 ) ) ;
#1028 = CARTESIAN_POINT ( 'NONE',  ( -4.336808689942017700E-016, -3.464101615137755700, -38.00000000000000000 ) ) ;
#1029 = EDGE_CURVE ( 'NONE', #4294, #1317, #1238, .T. ) ;
#1030 = APPROVAL_STATUS ( 'not_yet_approved' ) ;
#1031 = VERTEX_POINT ( 'NONE', #3505 ) ;
#1032 = EDGE_CURVE ( 'NONE', #1585, #7455, #5658, .T. ) ;
#1033 = CARTESIAN_POINT ( 'NONE',  ( 3.627863687444151900, 0.03325349023625626100, -29.59272253791210600 ) ) ;
#1034 = CARTESIAN_POINT ( 'NONE',  ( 3.464101615137716200, 2.000000000000067100, -16.16666666666662900 ) ) ;
#1035 = EDGE_LOOP ( 'NONE', ( #2032, #6379, #4566, #7562 ) ) ;
#1036 = CARTESIAN_POINT ( 'NONE',  ( 3.350480947161657200, -0.8977586640477985800, -8.794658198738496000 ) ) ;
#1037 = CARTESIAN_POINT ( 'NONE',  ( 4.000000000000011500, -8.947741773726438700E-015, -25.37499999999994000 ) ) ;
#1038 = CARTESIAN_POINT ( 'NONE',  ( -5.586370142149013400E-014, 4.000000000000000000, -26.99999999999994000 ) ) ;
#1039 = DIRECTION ( 'NONE',  ( 1.000000000000000000, 0.0000000000000000000, 0.0000000000000000000 ) ) ;
#1040 = VERTEX_POINT ( 'NONE', #5352 ) ;
#1041 = AXIS2_PLACEMENT_3D ( 'NONE', #979, #7749, #4652 ) ;
#1042 = CARTESIAN_POINT ( 'NONE',  ( -2.901601615137815700, 1.675240473580710700, -28.33333333333326800 ) ) ;
#1043 = CARTESIAN_POINT ( 'NONE',  ( 3.868802153516995600, 5.426829789941481600E-014, -7.749999999999977800 ) ) ;
#1044 = CARTESIAN_POINT ( 'NONE',  ( 4.000000000000011500, -8.947741773726438700E-015, -25.37499999999994000 ) ) ;
#1045 = CARTESIAN_POINT ( 'NONE',  ( 4.720288238941220100E-014, -3.350480947161662100, -31.12499999999992900 ) ) ;
#1046 = CARTESIAN_POINT ( 'NONE',  ( 3.868802153516995600, 5.426829789941480900E-014, -14.87499999999996300 ) ) ;
#1047 = VERTEX_POINT ( 'NONE', #3587 ) ;
#1048 = CYLINDRICAL_SURFACE ( 'NONE', #6740, 3.350480947161662100 ) ;
#1049 = CARTESIAN_POINT ( 'NONE',  ( 0.05746036591744793600, -4.000720897931967300, -0.6272326690228505800 ) ) ;
#1050 = CARTESIAN_POINT ( 'NONE',  ( 0.0000000000000000000, 0.0000000000000000000, 0.0000000000000000000 ) ) ;
#1051 = CARTESIAN_POINT ( 'NONE',  ( 3.464101615137782400, -1.999999999999950700, -13.45833333333329500 ) ) ;
#1052 = ORIENTED_EDGE ( 'NONE', *, *, #2206, .T. ) ;
#1053 = VECTOR ( 'NONE', #4431, 1000.000000000000000 ) ;
#1054 = DIRECTION ( 'NONE',  ( 1.000000000000000000, 0.0000000000000000000, 0.0000000000000000000 ) ) ;
#1055 = CARTESIAN_POINT ( 'NONE',  ( 9.897622059656967000E-014, -4.000000000000000000, -27.62499999999993200 ) ) ;
#1056 = CARTESIAN_POINT ( 'NONE',  ( 2.752293986954498500, 2.199590368304546100, -29.54916641044823700 ) ) ;
#1057 = CARTESIAN_POINT ( 'NONE',  ( 3.396637479829698300, 1.590051074400956800, -0.4526421142961062300 ) ) ;
#1058 = CARTESIAN_POINT ( 'NONE',  ( -2.901601615137710000, -1.675240473580894300, -11.16666666666663600 ) ) ;
#1059 = CARTESIAN_POINT ( 'NONE',  ( -2.999999999999996900, -4.038967834731580400E-025, -37.53589838486224300 ) ) ;
#1060 = ORIENTED_EDGE ( 'NONE', *, *, #5910, .T. ) ;
#1061 = CARTESIAN_POINT ( 'NONE',  ( 0.0000000000000000000, 0.0000000000000000000, 0.0000000000000000000 ) ) ;
#1062 = CARTESIAN_POINT ( 'NONE',  ( 5.635356014114907400E-014, -4.000000000000000000, -27.49999999999993600 ) ) ;
#1063 = EDGE_LOOP ( 'NONE', ( #5364, #2789, #5168, #5079 ) ) ;
#1064 = DIRECTION ( 'NONE',  ( 0.0000000000000000000, 0.0000000000000000000, -1.000000000000000000 ) ) ;
#1065 = CARTESIAN_POINT ( 'NONE',  ( 3.464101615137791700, -1.999999999999935400, -8.333333333333314400 ) ) ;
#1066 = DIRECTION ( 'NONE',  ( 0.0000000000000000000, 0.0000000000000000000, 1.000000000000000000 ) ) ;
#1067 = EDGE_CURVE ( 'NONE', #252, #3429, #2204, .T. ) ;
#1068 = CARTESIAN_POINT ( 'NONE',  ( 1.934401076758396600, 3.350480947161719800, -18.70833333333329000 ) ) ;
#1069 = CARTESIAN_POINT ( 'NONE',  ( 3.868802153516995600, 5.426829789941481600E-014, -11.74999999999997000 ) ) ;
#1070 = ORIENTED_EDGE ( 'NONE', *, *, #3347, .T. ) ;
#1071 = CARTESIAN_POINT ( 'NONE',  ( -3.350480947161662600, -0.8977586640478577600, -2.330341801261469800 ) ) ;
#1072 = CARTESIAN_POINT ( 'NONE',  ( 4.720288238941220100E-014, -3.350480947161662100, -30.12499999999992900 ) ) ;
#1073 = CARTESIAN_POINT ( 'NONE',  ( 1.934401076758545600, -3.350480947161634100, -19.04166666666661800 ) ) ;
#1074 = CARTESIAN_POINT ( 'NONE',  ( 1.934401076758424100, 3.350480947161703400, -13.58333333333329700 ) ) ;
#1075 = CARTESIAN_POINT ( 'NONE',  ( 1.127021684372054500E-013, -4.000000000000000000, -12.62499999999996400 ) ) ;
#1076 = FACE_OUTER_BOUND ( 'NONE', #1116, .T. ) ;
#1077 = EDGE_CURVE ( 'NONE', #89, #4686, #382, .T. ) ;
#1078 = ORIENTED_EDGE ( 'NONE', *, *, #637, .T. ) ;
#1079 = CARTESIAN_POINT ( 'NONE',  ( -3.999999999999996400, -3.834746474454188000E-015, -21.87499999999995000 ) ) ;
#1080 = CARTESIAN_POINT ( 'NONE',  ( -3.464101615137783700, 1.999999999999948500, -20.95833333333327900 ) ) ;
#1081 = FACE_OUTER_BOUND ( 'NONE', #6589, .T. ) ;
#1082 = DIRECTION ( 'NONE',  ( 1.000000000000000000, 0.0000000000000000000, 0.0000000000000000000 ) ) ;
#1083 = CYLINDRICAL_SURFACE ( 'NONE', #1188, 3.350480947161662100 ) ;
#1084 = CARTESIAN_POINT ( 'NONE',  ( -3.464101615137783700, 1.999999999999948500, 0.04166666666667574000 ) ) ;
#1085 = CARTESIAN_POINT ( 'NONE',  ( 1.959389316345328200, 3.115368249107932600, -0.4035647048867597200 ) ) ;
#1086 = DIRECTION ( 'NONE',  ( 0.0000000000000000000, 0.0000000000000000000, 1.000000000000000000 ) ) ;
#1087 = DIRECTION ( 'NONE',  ( -0.0000000000000000000, -0.0000000000000000000, -1.000000000000000000 ) ) ;
#1088 = CARTESIAN_POINT ( 'NONE',  ( 5.635356014114907400E-014, -4.000000000000000000, -25.49999999999994300 ) ) ;
#1089 = EDGE_CURVE ( 'NONE', #2025, #293, #3750, .T. ) ;
#1090 = FACE_OUTER_BOUND ( 'NONE', #6223, .T. ) ;
#1091 = CARTESIAN_POINT ( 'NONE',  ( -3.999999999999992500, 1.071796769724448200, -9.919658198738494200 ) ) ;
#1092 = VECTOR ( 'NONE', #1836, 1000.000000000000000 ) ;
#1093 = CARTESIAN_POINT ( 'NONE',  ( -4.000000000000011500, 2.451913654878283700E-014, -23.87499999999994300 ) ) ;
#1094 = CARTESIAN_POINT ( 'NONE',  ( -4.679256681265764000E-014, 3.350480947161662100, -7.499999999999976900 ) ) ;
#1095 = CARTESIAN_POINT ( 'NONE',  ( 2.901601615137685100, 1.675240473580937000, -27.79166666666660400 ) ) ;
#1096 = CONICAL_SURFACE ( 'NONE', #2307, 6.499999999999999100, 0.7853981633974492800 ) ;
#1097 = ORIENTED_EDGE ( 'NONE', *, *, #7240, .T. ) ;
#1098 = CARTESIAN_POINT ( 'NONE',  ( -3.464101615137725500, -2.000000000000050200, -0.6666666666666633000 ) ) ;
#1099 = CARTESIAN_POINT ( 'NONE',  ( 4.720288238941220100E-014, -3.350480947161662100, -19.12499999999995400 ) ) ;
#1100 = CARTESIAN_POINT ( 'NONE',  ( -2.901601615137776100, 1.675240473580780000, -3.333333333333320600 ) ) ;
#1101 = CARTESIAN_POINT ( 'NONE',  ( -2.013789968094672000, -2.301439434966927600, -37.58105234471541700 ) ) ;
#1102 = CARTESIAN_POINT ( 'NONE',  ( 0.0000000000000000000, 0.0000000000000000000, 0.0000000000000000000 ) ) ;
#1103 = CARTESIAN_POINT ( 'NONE',  ( 1.934401076758424100, 3.350480947161703400, -13.70833333333329800 ) ) ;
#1104 = CARTESIAN_POINT ( 'NONE',  ( 0.0000000000000000000, 0.0000000000000000000, 0.0000000000000000000 ) ) ;
#1105 = CARTESIAN_POINT ( 'NONE',  ( -3.464101615137783700, 1.999999999999948500, -22.95833333333327500 ) ) ;
#1106 = CYLINDRICAL_SURFACE ( 'NONE', #2195, 4.000000000000000000 ) ;
#1107 = EDGE_LOOP ( 'NONE', ( #7067, #428, #2966, #5499 ) ) ;
#1108 =( BOUNDED_CURVE ( )  B_SPLINE_CURVE ( 2, ( #5044, #1387, #3847, #5096, #191, #2029, #2639, #6909, #3267 ),
 .UNSPECIFIED., .F., .F. ) 
 B_SPLINE_CURVE_WITH_KNOTS ( ( 3, 2, 2, 2, 3 ),
 ( 0.2500000000000001100, 0.2525252525252525400, 0.2575757575757575700, 0.2626262626262626500, 0.2651515151515152500 ),
 .UNSPECIFIED. ) 
 CURVE ( )  GEOMETRIC_REPRESENTATION_ITEM ( )  RATIONAL_B_SPLINE_CURVE ( ( 0.9330127018922193000, 0.9330127018922218500, 1.000000000000000000, 0.8660254037844387100, 1.000000000000000000, 0.8660254037844387100, 1.000000000000000000, 0.9330127018922171900, 0.9330127018922194100 ) ) 
 REPRESENTATION_ITEM ( '' )  );
#1109 = DIRECTION ( 'NONE',  ( 0.0000000000000000000, 1.000000000000000000, -8.673617379884010800E-016 ) ) ;
#1110 = CARTESIAN_POINT ( 'NONE',  ( 1.636469668165505100, -2.519285411701742500, -37.53622661908820400 ) ) ;
#1111 = CARTESIAN_POINT ( 'NONE',  ( 4.000000000000004400, 1.071796769724530800, -7.205341801261465000 ) ) ;
#1112 = CARTESIAN_POINT ( 'NONE',  ( -2.309401076758445600, -4.000000000000032900, -1.708333333333320400 ) ) ;
#1113 = DIRECTION ( 'NONE',  ( -0.4999999999999999400, -0.8660254037844387100, 0.0000000000000000000 ) ) ;
#1114 = DIRECTION ( 'NONE',  ( 0.0000000000000000000, 0.0000000000000000000, 1.000000000000000000 ) ) ;
#1115 = DIRECTION ( 'NONE',  ( -0.0000000000000000000, -0.0000000000000000000, -1.000000000000000000 ) ) ;
#1116 = EDGE_LOOP ( 'NONE', ( #3130, #7111, #6887, #1346 ) ) ;
#1117 = CARTESIAN_POINT ( 'NONE',  ( -3.350480947161659000, -0.8977586640478735200, -21.20534180126143700 ) ) ;
#1118 = CARTESIAN_POINT ( 'NONE',  ( -3.350480947161672300, -0.8977586640478483200, -17.20534180126144000 ) ) ;
#1119 = CARTESIAN_POINT ( 'NONE',  ( -4.618802153517005800, -6.535430629823232500E-014, -24.74999999999994300 ) ) ;
#1120 = ORIENTED_EDGE ( 'NONE', *, *, #1684, .T. ) ;
#1121 = CARTESIAN_POINT ( 'NONE',  ( 3.350480947161662600, -3.660439816524453200E-015, -1.749999999999993600 ) ) ;
#1122 = ORIENTED_EDGE ( 'NONE', *, *, #5027, .F. ) ;
#1123 = CARTESIAN_POINT ( 'NONE',  ( 2.901601615137786800, -1.675240473580762000, -28.83333333333326500 ) ) ;
#1124 = DIRECTION ( 'NONE',  ( -1.000000000000000000, 0.0000000000000000000, -0.0000000000000000000 ) ) ;
#1125 = CARTESIAN_POINT ( 'NONE',  ( -2.901601615137722400, -1.675240473580873000, -17.16666666666662500 ) ) ;
#1126 =( BOUNDED_CURVE ( )  B_SPLINE_CURVE ( 2, ( #4067, #364, #5340, #4127, #1653, #5255, #4678, #4627, #3550 ),
 .UNSPECIFIED., .F., .T. ) 
 B_SPLINE_CURVE_WITH_KNOTS ( ( 3, 2, 2, 2, 3 ),
 ( 0.3409090909090909900, 0.3434343434343434300, 0.3484848484848485100, 0.3535353535353535400, 0.3560606060606061900 ),
 .UNSPECIFIED. ) 
 CURVE ( )  GEOMETRIC_REPRESENTATION_ITEM ( )  RATIONAL_B_SPLINE_CURVE ( ( 0.9330127018922194100, 0.9330127018922216300, 1.000000000000000000, 0.8660254037844387100, 1.000000000000000000, 0.8660254037844387100, 1.000000000000000000, 0.9330127018922156300, 0.9330127018922193000 ) ) 
 REPRESENTATION_ITEM ( '' )  );
#1127 = CARTESIAN_POINT ( 'NONE',  ( 2.901601615137793000, -1.675240473580750500, -15.95833333333329700 ) ) ;
#1128 = EDGE_LOOP ( 'NONE', ( #4597, #380, #7824, #7057 ) ) ;
#1129 = EDGE_CURVE ( 'NONE', #2175, #1325, #5932, .T. ) ;
#1130 = CARTESIAN_POINT ( 'NONE',  ( -2.309401076758445600, -4.000000000000032900, -1.583333333333327900 ) ) ;
#1131 = ORIENTED_EDGE ( 'NONE', *, *, #933, .F. ) ;
#1132 = ADVANCED_FACE ( 'NONE', ( #4977 ), #3924, .T. ) ;
#1133 = CARTESIAN_POINT ( 'NONE',  ( 1.934401076758545600, -3.350480947161634100, -22.04166666666661800 ) ) ;
#1134 = CARTESIAN_POINT ( 'NONE',  ( 0.0000000000000000000, 0.0000000000000000000, 0.0000000000000000000 ) ) ;
#1135 = CARTESIAN_POINT ( 'NONE',  ( 6.541842237738583900E-014, -4.000000000000000000, -1.499999999999994400 ) ) ;
#1136 = CARTESIAN_POINT ( 'NONE',  ( -1.009879744684296000, 3.430312612209840000, -0.3302758716741974200 ) ) ;
#1137 = CARTESIAN_POINT ( 'NONE',  ( 3.350480947161659500, -9.819275063375116700E-015, -20.87499999999996100 ) ) ;
#1138 = CARTESIAN_POINT ( 'NONE',  ( 0.0000000000000000000, 0.0000000000000000000, -30.00000000000000000 ) ) ;
#1139 = EDGE_LOOP ( 'NONE', ( #2374, #3887, #3573, #6465 ) ) ;
#1140 = CARTESIAN_POINT ( 'NONE',  ( 3.464101615137726400, 2.000000000000048800, -20.29166666666661500 ) ) ;
#1141 = VECTOR ( 'NONE', #1999, 1000.000000000000000 ) ;
#1142 = DIRECTION ( 'NONE',  ( 1.000000000000000000, 0.0000000000000000000, 0.0000000000000000000 ) ) ;
#1143 = EDGE_CURVE ( 'NONE', #2130, #7056, #276, .T. ) ;
#1144 = EDGE_CURVE ( 'NONE', #4810, #4590, #3644, .T. ) ;
#1145 = CARTESIAN_POINT ( 'NONE',  ( 2.309401076758560200, -3.999999999999966700, -0.5416666666666564200 ) ) ;
#1146 = CARTESIAN_POINT ( 'NONE',  ( 0.0000000000000000000, 0.0000000000000000000, 0.0000000000000000000 ) ) ;
#1147 = CARTESIAN_POINT ( 'NONE',  ( -1.068189119562054500E-013, 4.000000000000000000, -21.99999999999995000 ) ) ;
#1148 = DIRECTION ( 'NONE',  ( 1.000000000000000000, 0.0000000000000000000, 0.0000000000000000000 ) ) ;
#1149 = VERTEX_POINT ( 'NONE', #1222 ) ;
#1150 = VECTOR ( 'NONE', #567, 1000.000000000000000 ) ;
#1151 = DIRECTION ( 'NONE',  ( -0.0000000000000000000, -0.0000000000000000000, -1.000000000000000000 ) ) ;
#1152 = CARTESIAN_POINT ( 'NONE',  ( -2.309401076758431400, -4.000000000000040900, -11.70833333333330000 ) ) ;
#1153 = CARTESIAN_POINT ( 'NONE',  ( 4.618802153517005800, 6.478866617091239000E-014, -30.24999999999993600 ) ) ;
#1154 = CARTESIAN_POINT ( 'NONE',  ( -3.350480947161659500, -2.207884333776653700E-015, -9.249999999999976900 ) ) ;
#1155 = ORIENTED_EDGE ( 'NONE', *, *, #5375, .T. ) ;
#1156 = AXIS2_PLACEMENT_3D ( 'NONE', #5126, #7642, #4516 ) ;
#1157 = FACE_OUTER_BOUND ( 'NONE', #2177, .T. ) ;
#1158 = CARTESIAN_POINT ( 'NONE',  ( 1.934401076758450300, 3.350480947161689200, -14.58333333333329700 ) ) ;
#1159 = CARTESIAN_POINT ( 'NONE',  ( -1.934401076758592400, 3.350480947161607500, -15.54166666666662900 ) ) ;
#1160 = CARTESIAN_POINT ( 'NONE',  ( 4.618802153517005800, 6.478866617091239000E-014, -5.249999999999986700 ) ) ;
#1161 = CARTESIAN_POINT ( 'NONE',  ( -1.934401076758449900, -3.350480947161689600, -18.20833333333329000 ) ) ;
#1162 = CARTESIAN_POINT ( 'NONE',  ( 3.350480947161662600, -5.519710834441634500E-015, -3.749999999999989800 ) ) ;
#1163 =( BOUNDED_CURVE ( )  B_SPLINE_CURVE ( 2, ( #6816, #3153, #4987, #6843, #6737, #3179, #7454, #3792, #1351 ),
 .UNSPECIFIED., .F., .F. ) 
 B_SPLINE_CURVE_WITH_KNOTS ( ( 3, 2, 2, 2, 3 ),
 ( 0.4318181818181819300, 0.4343434343434343600, 0.4393939393939393900, 0.4444444444444444200, 0.4469696969696970700 ),
 .UNSPECIFIED. ) 
 CURVE ( )  GEOMETRIC_REPRESENTATION_ITEM ( )  RATIONAL_B_SPLINE_CURVE ( ( 0.9330127018922194100, 0.9330127018922223000, 1.000000000000000000, 0.8660254037844387100, 1.000000000000000000, 0.8660254037844387100, 1.000000000000000000, 0.9330127018922164100, 0.9330127018922194100 ) ) 
 REPRESENTATION_ITEM ( '' )  );
#1164 = ORIENTED_EDGE ( 'NONE', *, *, #7032, .T. ) ;
#1165 = CARTESIAN_POINT ( 'NONE',  ( 4.000000000000000900, 8.482924019247143800E-015, -3.249999999999993800 ) ) ;
#1166 = LINE ( 'NONE', #6565, #5849 ) ;
#1167 = CARTESIAN_POINT ( 'NONE',  ( 3.350480947161659500, -8.715332896486790000E-016, -14.74999999999996400 ) ) ;
#1168 = CARTESIAN_POINT ( 'NONE',  ( 4.000000000000000000, 0.0000000000000000000, -30.00000000000000000 ) ) ;
#1169 = CARTESIAN_POINT ( 'NONE',  ( 2.309401076758593100, -3.999999999999948000, -6.541666666666643900 ) ) ;
#1170 = CARTESIAN_POINT ( 'NONE',  ( 2.309401076758560200, -3.999999999999966700, -18.54166666666661500 ) ) ;
#1171 = CARTESIAN_POINT ( 'NONE',  ( -1.934401076758449900, -3.350480947161689600, -0.2083333333333272900 ) ) ;
#1172 = CARTESIAN_POINT ( 'NONE',  ( -3.350480947161662100, -7.262777413738993000E-015, -3.249999999999989800 ) ) ;
#1173 = ORIENTED_EDGE ( 'NONE', *, *, #5262, .F. ) ;
#1174 = ORIENTED_EDGE ( 'NONE', *, *, #1403, .T. ) ;
#1175 = CARTESIAN_POINT ( 'NONE',  ( 2.413254827253363400, 2.536988810324779700, -29.54011142795742400 ) ) ;
#1176 = CARTESIAN_POINT ( 'NONE',  ( 4.000000000000000000, 0.0000000000000000000, -30.00000000000000000 ) ) ;
#1177 = ADVANCED_FACE ( 'NONE', ( #4020 ), #4688, .T. ) ;
#1178 = CARTESIAN_POINT ( 'NONE',  ( 1.499413348214704100E-013, -4.000000000000000000, -22.49999999999994700 ) ) ;
#1179 = CARTESIAN_POINT ( 'NONE',  ( -4.000000000000000900, 4.996790860652426900E-015, -6.749999999999987600 ) ) ;
#1180 = CARTESIAN_POINT ( 'NONE',  ( -2.378038508135585700, -3.881116481553804000, -0.7132868132685824500 ) ) ;
#1181 = CARTESIAN_POINT ( 'NONE',  ( -2.309401076758561500, 3.999999999999966200, -28.91666666666660000 ) ) ;
#1182 = VECTOR ( 'NONE', #5029, 1000.000000000000000 ) ;
#1183 = ORIENTED_EDGE ( 'NONE', *, *, #3618, .T. ) ;
#1184 = CARTESIAN_POINT ( 'NONE',  ( -4.000000000000000900, 6.972266317189433600E-015, -4.749999999999991100 ) ) ;
#1185 = EDGE_CURVE ( 'NONE', #7408, #7175, #5746, .T. ) ;
#1186 = CARTESIAN_POINT ( 'NONE',  ( -2.901601615137771700, 1.675240473580788000, -12.33333333333330000 ) ) ;
#1187 = COORDINATED_UNIVERSAL_TIME_OFFSET ( 6, 0, .BEHIND. ) ;
#1188 = AXIS2_PLACEMENT_3D ( 'NONE', #4841, #626, #3581 ) ;
#1189 = VECTOR ( 'NONE', #423, 1000.000000000000000 ) ;
#1190 = CARTESIAN_POINT ( 'NONE',  ( 2.309401076758446100, 4.000000000000032000, -1.083333333333329300 ) ) ;
#1191 = CARTESIAN_POINT ( 'NONE',  ( -3.868802153516995600, -5.474208951679871200E-014, -20.37499999999995000 ) ) ;
#1192 = CARTESIAN_POINT ( 'NONE',  ( 0.0000000000000000000, 0.0000000000000000000, 0.0000000000000000000 ) ) ;
#1193 = CARTESIAN_POINT ( 'NONE',  ( -1.695406354529207400E-013, 4.000000000000000000, -27.12499999999993200 ) ) ;
#1194 = CARTESIAN_POINT ( 'NONE',  ( 4.000000000000005300, -1.034219503716432500E-014, -14.24999999999997200 ) ) ;
#1195 = CARTESIAN_POINT ( 'NONE',  ( 1.934401076758603500, -3.350480947161600800, -14.91666666666662900 ) ) ;
#1196 = EDGE_CURVE ( 'NONE', #5309, #856, #7746, .T. ) ;
#1197 =( BOUNDED_CURVE ( )  B_SPLINE_CURVE ( 2, ( #6832, #4920, #7470, #3803, #1264, #3140, #4950, #7444, #3737 ),
 .UNSPECIFIED., .F., .F. ) 
 B_SPLINE_CURVE_WITH_KNOTS ( ( 3, 2, 2, 2, 3 ),
 ( 0.4621212121212122700, 0.4646464646464646400, 0.4696969696969697200, 0.4747474747474747500, 0.4772727272727274000 ),
 .UNSPECIFIED. ) 
 CURVE ( )  GEOMETRIC_REPRESENTATION_ITEM ( )  RATIONAL_B_SPLINE_CURVE ( ( 0.9330127018922193000, 0.9330127018922229600, 1.000000000000000000, 0.8660254037844387100, 1.000000000000000000, 0.8660254037844387100, 1.000000000000000000, 0.9330127018922156300, 0.9330127018922193000 ) ) 
 REPRESENTATION_ITEM ( '' )  );
#1198 = CARTESIAN_POINT ( 'NONE',  ( -4.000000000000000000, 4.898587196589412800E-016, -30.00000000000000000 ) ) ;
#1199 = VERTEX_POINT ( 'NONE', #1194 ) ;
#1200 = CARTESIAN_POINT ( 'NONE',  ( 4.618802153517005800, 6.478866617091239000E-014, -20.37499999999994700 ) ) ;
#1201 = CARTESIAN_POINT ( 'NONE',  ( -4.000000000000011500, 2.451913654878283700E-014, -23.87499999999994300 ) ) ;
#1202 = DIRECTION ( 'NONE',  ( 0.0000000000000000000, 0.0000000000000000000, 1.000000000000000000 ) ) ;
#1203 = APPROVAL_ROLE ( '' ) ;
#1204 = CARTESIAN_POINT ( 'NONE',  ( 2.309401076758446100, 4.000000000000032000, -7.208333333333308200 ) ) ;
#1205 = CYLINDRICAL_SURFACE ( 'NONE', #322, 4.000000000000000000 ) ;
#1206 = ORIENTED_EDGE ( 'NONE', *, *, #4911, .T. ) ;
#1207 = DIRECTION ( 'NONE',  ( -1.000000000000000000, 0.0000000000000000000, 0.0000000000000000000 ) ) ;
#1208 = CARTESIAN_POINT ( 'NONE',  ( 2.901601615137698900, 1.675240473580914300, -24.66666666666660700 ) ) ;
#1209 = CARTESIAN_POINT ( 'NONE',  ( 4.000000000000005300, -1.243387493232115400E-014, -11.37499999999997000 ) ) ;
#1210 = CARTESIAN_POINT ( 'NONE',  ( -5.586370142149013400E-014, 4.000000000000000000, -29.99999999999993200 ) ) ;
#1211 = CARTESIAN_POINT ( 'NONE',  ( -3.350480947161665200, 1.394453263437886600E-015, -15.24999999999996300 ) ) ;
#1212 = LINE ( 'NONE', #6541, #3226 ) ;
#1213 = ORIENTED_EDGE ( 'NONE', *, *, #1018, .F. ) ;
#1214 = CARTESIAN_POINT ( 'NONE',  ( -2.901601615137771700, 1.675240473580788000, -13.33333333333329800 ) ) ;
#1215 = CARTESIAN_POINT ( 'NONE',  ( 3.350480947161659500, -8.366719580627318400E-015, -26.87499999999994000 ) ) ;
#1216 = CARTESIAN_POINT ( 'NONE',  ( -2.309401076758561500, 3.999999999999966200, -3.916666666666655900 ) ) ;
#1217 = ADVANCED_FACE ( 'NONE', ( #2297 ), #5751, .T. ) ;
#1218 = CARTESIAN_POINT ( 'NONE',  ( -3.999999999999996400, -2.335709216258459900E-014, -22.87499999999994300 ) ) ;
#1219 = CARTESIAN_POINT ( 'NONE',  ( 1.934401076758557500, -3.350480947161627000, -1.916666666666657000 ) ) ;
#1220 = VECTOR ( 'NONE', #373, 1000.000000000000000 ) ;
#1221 = ORIENTED_EDGE ( 'NONE', *, *, #6934, .F. ) ;
#1222 = CARTESIAN_POINT ( 'NONE',  ( -3.350480947161659500, -1.615241696815551800E-014, -19.37499999999995700 ) ) ;
#1223 = ORIENTED_EDGE ( 'NONE', *, *, #3914, .T. ) ;
#1224 = CARTESIAN_POINT ( 'NONE',  ( -9.702173756302660900E-014, 4.000000000000000000, -11.99999999999997300 ) ) ;
#1225 = CARTESIAN_POINT ( 'NONE',  ( -3.350480947161661200, 2.265986553086565600E-015, -0.3749999999999963400 ) ) ;
#1226 = CARTESIAN_POINT ( 'NONE',  ( -2.309401076758445600, -4.000000000000032900, -28.70833333333326500 ) ) ;
#1227 = ORIENTED_EDGE ( 'NONE', *, *, #7851, .F. ) ;
#1228 = CARTESIAN_POINT ( 'NONE',  ( -2.309401076758429600, -4.000000000000041700, -13.70833333333329500 ) ) ;
#1229 = CARTESIAN_POINT ( 'NONE',  ( 3.350480947161663900, -0.8977586640477799300, -26.91965819873846000 ) ) ;
#1230 = EDGE_LOOP ( 'NONE', ( #1408, #4800, #5222, #7263 ) ) ;
#1231 = CARTESIAN_POINT ( 'NONE',  ( -3.464101615137725500, -2.000000000000050200, -4.791666666666647400 ) ) ;
#1232 = DIRECTION ( 'NONE',  ( 0.0000000000000000000, 0.0000000000000000000, 1.000000000000000000 ) ) ;
#1233 = CARTESIAN_POINT ( 'NONE',  ( -4.000000000000000900, -1.071796769724529000, -6.705341801261465800 ) ) ;
#1234 = EDGE_CURVE ( 'NONE', #3083, #7394, #1126, .T. ) ;
#1235 = CARTESIAN_POINT ( 'NONE',  ( 3.350480947161662100, 4.103155767545721900E-016, 0.0000000000000000000 ) ) ;
#1236 = AXIS2_PLACEMENT_3D ( 'NONE', #603, #4927, #4957 ) ;
#1237 = CARTESIAN_POINT ( 'NONE',  ( -2.309401076758445600, -4.000000000000032900, -31.58333333333326100 ) ) ;
#1238 =( BOUNDED_CURVE ( )  B_SPLINE_CURVE ( 2, ( #2173, #7029, #6420, #940, #3420, #6473, #4107, #1690, #7184 ),
 .UNSPECIFIED., .F., .T. ) 
 B_SPLINE_CURVE_WITH_KNOTS ( ( 3, 2, 2, 2, 3 ),
 ( 0.6742424242424244200, 0.6767676767676768000, 0.6818181818181817700, 0.6868686868686868500, 0.6893939393939395600 ),
 .UNSPECIFIED. ) 
 CURVE ( )  GEOMETRIC_REPRESENTATION_ITEM ( )  RATIONAL_B_SPLINE_CURVE ( ( 0.9330127018922194100, 0.9330127018922238500, 1.000000000000000000, 0.8660254037844387100, 1.000000000000000000, 0.8660254037844387100, 1.000000000000000000, 0.9330127018922149700, 0.9330127018922194100 ) ) 
 REPRESENTATION_ITEM ( '' )  );
#1239 = ORIENTED_EDGE ( 'NONE', *, *, #6945, .T. ) ;
#1240 = CARTESIAN_POINT ( 'NONE',  ( -3.350480947161665200, 3.910279359557073600E-014, -17.24999999999996400 ) ) ;
#1241 = ORIENTED_EDGE ( 'NONE', *, *, #6607, .T. ) ;
#1242 = CARTESIAN_POINT ( 'NONE',  ( -4.679256681265764000E-014, 3.350480947161662100, -16.49999999999995700 ) ) ;
#1243 = CARTESIAN_POINT ( 'NONE',  ( 2.901601615137714400, 1.675240473580887000, -15.79166666666662700 ) ) ;
#1244 = EDGE_CURVE ( 'NONE', #1040, #1936, #3746, .T. ) ;
#1245 = CARTESIAN_POINT ( 'NONE',  ( -4.618802153517005800, -6.535430629823232500E-014, -1.749999999999994200 ) ) ;
#1246 = ORIENTED_EDGE ( 'NONE', *, *, #1089, .T. ) ;
#1247 = LINE ( 'NONE', #1825, #6902 ) ;
#1248 = CARTESIAN_POINT ( 'NONE',  ( 7.141564918359106300E-014, -3.350480947161662100, -14.12499999999996400 ) ) ;
#1249 = CARTESIAN_POINT ( 'NONE',  ( 0.0000000000000000000, 0.0000000000000000000, -30.00000000000000000 ) ) ;
#1250 = CARTESIAN_POINT ( 'NONE',  ( -7.880547733083246800E-014, 3.350480947161662100, -8.624999999999975100 ) ) ;
#1251 = CARTESIAN_POINT ( 'NONE',  ( 5.635356014114907400E-014, -4.000000000000000000, -26.62499999999993200 ) ) ;
#1252 = VERTEX_POINT ( 'NONE', #5860 ) ;
#1253 = CARTESIAN_POINT ( 'NONE',  ( 2.901601615137770400, -1.675240473580789800, 1.041666666666669800 ) ) ;
#1254 = CARTESIAN_POINT ( 'NONE',  ( -1.934401076758445200, -3.350480947161691900, -3.083333333333321000 ) ) ;
#1255 = EDGE_CURVE ( 'NONE', #5038, #6022, #7512, .T. ) ;
#1256 = CARTESIAN_POINT ( 'NONE',  ( 4.618802153517005800, 6.478866617091239000E-014, -4.374999999999981300 ) ) ;
#1257 = ADVANCED_FACE ( 'NONE', ( #4119 ), #3562, .T. ) ;
#1258 = CARTESIAN_POINT ( 'NONE',  ( 0.0000000000000000000, 0.0000000000000000000, -30.00000000000000000 ) ) ;
#1259 = DIRECTION ( 'NONE',  ( 1.000000000000000000, 0.0000000000000000000, 0.0000000000000000000 ) ) ;
#1260 = VERTEX_POINT ( 'NONE', #452 ) ;
#1261 = CARTESIAN_POINT ( 'NONE',  ( -2.309401076758445600, -4.000000000000032900, -30.58333333333326800 ) ) ;
#1262 = CARTESIAN_POINT ( 'NONE',  ( -3.406953761837343100, 1.870891461779164400E-014, -0.2173954052450966200 ) ) ;
#1263 = CARTESIAN_POINT ( 'NONE',  ( 3.999999999999997300, -1.071796769724442800, -19.29465819873847500 ) ) ;
#1264 = CARTESIAN_POINT ( 'NONE',  ( 7.141564918359106300E-014, -3.350480947161662100, -13.99999999999996400 ) ) ;
#1265 =( BOUNDED_CURVE ( )  B_SPLINE_CURVE ( 2, ( #2244, #2186, #6457, #6508, #2853, #7145, #4698, #3484, #3979 ),
 .UNSPECIFIED., .F., .F. ) 
 B_SPLINE_CURVE_WITH_KNOTS ( ( 3, 2, 2, 2, 3 ),
 ( 0.6893939393939395600, 0.6919191919191919300, 0.6969696969696970200, 0.7020202020202019900, 0.7045454545454547000 ),
 .UNSPECIFIED. ) 
 CURVE ( )  GEOMETRIC_REPRESENTATION_ITEM ( )  RATIONAL_B_SPLINE_CURVE ( ( 0.9330127018922194100, 0.9330127018922238500, 1.000000000000000000, 0.8660254037844387100, 1.000000000000000000, 0.8660254037844387100, 1.000000000000000000, 0.9330127018922149700, 0.9330127018922194100 ) ) 
 REPRESENTATION_ITEM ( '' )  );
#1266 = CARTESIAN_POINT ( 'NONE',  ( 2.901601615137722900, 1.675240473580871900, -19.66666666666662200 ) ) ;
#1267 = ORIENTED_EDGE ( 'NONE', *, *, #6678, .F. ) ;
#1268 = VERTEX_POINT ( 'NONE', #3462 ) ;
#1269 = CARTESIAN_POINT ( 'NONE',  ( 1.934401076758422800, 3.350480947161704300, -15.70833333333329700 ) ) ;
#1270 = CARTESIAN_POINT ( 'NONE',  ( 4.618802153517005800, 6.478866617091239000E-014, -11.24999999999997500 ) ) ;
#1271 = CARTESIAN_POINT ( 'NONE',  ( 4.000000000000000900, 1.071796769724534300, -6.205341801261465000 ) ) ;
#1272 = CARTESIAN_POINT ( 'NONE',  ( -3.350480947161662100, 3.369928719974892700E-015, -2.249999999999992900 ) ) ;
#1273 = CARTESIAN_POINT ( 'NONE',  ( 3.350480947161662100, 4.103155767545721900E-016, 0.0000000000000000000 ) ) ;
#1274 = CARTESIAN_POINT ( 'NONE',  ( 1.934401076758552700, -3.350480947161629700, -11.04166666666663600 ) ) ;
#1275 = VERTEX_POINT ( 'NONE', #952 ) ;
#1276 = CARTESIAN_POINT ( 'NONE',  ( -5.586370142149013400E-014, 4.000000000000000000, -25.12499999999993600 ) ) ;
#1277 = CARTESIAN_POINT ( 'NONE',  ( 1.934401076758450300, 3.350480947161689200, -0.7083333333333264900 ) ) ;
#1278 = CARTESIAN_POINT ( 'NONE',  ( 4.000000000000000900, 6.856061878569608300E-015, -5.374999999999982200 ) ) ;
#1279 = FACE_OUTER_BOUND ( 'NONE', #6767, .T. ) ;
#1280 = CARTESIAN_POINT ( 'NONE',  ( -5.586370142149013400E-014, 4.000000000000000000, -4.124999999999982200 ) ) ;
#1281 = CARTESIAN_POINT ( 'NONE',  ( 4.000000000000005300, -1.243387493232115400E-014, -11.37499999999997000 ) ) ;
#1282 = EDGE_LOOP ( 'NONE', ( #1173, #4917, #3169, #6010 ) ) ;
#1283 = CARTESIAN_POINT ( 'NONE',  ( -5.253698488722164600E-014, 3.350480947161662100, -5.624999999999982200 ) ) ;
#1284 = CARTESIAN_POINT ( 'NONE',  ( -2.901601615137783300, 1.675240473580767600, -6.333333333333314400 ) ) ;
#1285 = CARTESIAN_POINT ( 'NONE',  ( 2.901601615137780600, -1.675240473580771800, -14.95833333333329500 ) ) ;
#1286 = CARTESIAN_POINT ( 'NONE',  ( -4.000000000000001800, -1.071796769724523600, -2.705341801261472900 ) ) ;
#1287 = PERSON_AND_ORGANIZATION ( #4398, #318 ) ;
#1288 = EDGE_CURVE ( 'NONE', #799, #5121, #2728, .T. ) ;
#1289 = CARTESIAN_POINT ( 'NONE',  ( 1.934401076758450300, 3.350480947161689200, -21.58333333333328200 ) ) ;
#1290 = AXIS2_PLACEMENT_3D ( 'NONE', #3111, #1880, #5593 ) ;
#1291 = CARTESIAN_POINT ( 'NONE',  ( 4.000000000000000000, 0.0000000000000000000, -30.00000000000000000 ) ) ;
#1292 = LINE ( 'NONE', #7061, #4923 ) ;
#1293 = CARTESIAN_POINT ( 'NONE',  ( 5.635356014114907400E-014, -4.000000000000000000, -8.499999999999980500 ) ) ;
#1294 =( BOUNDED_CURVE ( )  B_SPLINE_CURVE ( 2, ( #6667, #540, #6050, #3681, #7833, #1826, #568, #3054, #3002 ),
 .UNSPECIFIED., .F., .F. ) 
 B_SPLINE_CURVE_WITH_KNOTS ( ( 3, 2, 2, 2, 3 ),
 ( 0.9015151515151517100, 0.9040404040404040900, 0.9090909090909090600, 0.9141414141414141400, 0.9166666666666668500 ),
 .UNSPECIFIED. ) 
 CURVE ( )  GEOMETRIC_REPRESENTATION_ITEM ( )  RATIONAL_B_SPLINE_CURVE ( ( 0.9330127018922194100, 0.9330127018922238500, 1.000000000000000000, 0.8660254037844387100, 1.000000000000000000, 0.8660254037844387100, 1.000000000000000000, 0.9330127018922149700, 0.9330127018922194100 ) ) 
 REPRESENTATION_ITEM ( '' )  );
#1295 = ADVANCED_FACE ( 'NONE', ( #2203 ), #7089, .T. ) ;
#1296 = CARTESIAN_POINT ( 'NONE',  ( 2.901601615137711800, 1.675240473580891200, -21.66666666666661500 ) ) ;
#1297 = CARTESIAN_POINT ( 'NONE',  ( -2.309401076758394100, -4.000000000000062200, -20.70833333333328200 ) ) ;
#1298 = EDGE_CURVE ( 'NONE', #7752, #6036, #6087, .T. ) ;
#1299 = CARTESIAN_POINT ( 'NONE',  ( -2.309401076758561500, 3.999999999999966200, -24.04166666666660700 ) ) ;
#1300 = EDGE_CURVE ( 'NONE', #7931, #3186, #3969, .T. ) ;
#1301 = VECTOR ( 'NONE', #4422, 1000.000000000000000 ) ;
#1302 = ORIENTED_EDGE ( 'NONE', *, *, #5425, .F. ) ;
#1303 = CARTESIAN_POINT ( 'NONE',  ( -2.901601615137771700, 1.675240473580788000, -4.458333333333317900 ) ) ;
#1304 = CARTESIAN_POINT ( 'NONE',  ( -3.464101615137725500, -2.000000000000050200, -2.791666666666651400 ) ) ;
#1305 = CARTESIAN_POINT ( 'NONE',  ( 3.999999999999999100, -1.071796769724455900, -1.419658198738509500 ) ) ;
#1306 = CARTESIAN_POINT ( 'NONE',  ( -3.350480947161659500, 1.260818159025089000E-014, -10.37499999999997700 ) ) ;
#1307 = CARTESIAN_POINT ( 'NONE',  ( 3.999999999999987100, -1.071796769724424600, -29.29465819873845700 ) ) ;
#1308 = FACE_OUTER_BOUND ( 'NONE', #1128, .T. ) ;
#1309 = ORIENTED_EDGE ( 'NONE', *, *, #2268, .T. ) ;
#1310 = CARTESIAN_POINT ( 'NONE',  ( 3.464101615137701500, 2.000000000000092400, -16.29166666666662200 ) ) ;
#1311 = DIRECTION ( 'NONE',  ( -0.0000000000000000000, -0.0000000000000000000, -1.000000000000000000 ) ) ;
#1312 = AXIS2_PLACEMENT_3D ( 'NONE', #3491, #421, #1039 ) ;
#1313 = CARTESIAN_POINT ( 'NONE',  ( -1.934401076758444300, -3.350480947161691900, -4.208333333333318800 ) ) ;
#1314 = ORIENTED_EDGE ( 'NONE', *, *, #258, .F. ) ;
#1315 = CARTESIAN_POINT ( 'NONE',  ( -1.934401076758386800, -3.350480947161725600, -16.08333333333329300 ) ) ;
#1316 = CARTESIAN_POINT ( 'NONE',  ( -2.309401076758331900, -4.000000000000098600, -26.70833333333327200 ) ) ;
#1317 = VERTEX_POINT ( 'NONE', #6021 ) ;
#1318 = CARTESIAN_POINT ( 'NONE',  ( -3.868802153516995600, -5.474208951679871900E-014, -22.24999999999994700 ) ) ;
#1319 = CARTESIAN_POINT ( 'NONE',  ( 3.350480947161659500, 4.648177544792955000E-015, -23.87499999999994700 ) ) ;
#1320 = ORIENTED_EDGE ( 'NONE', *, *, #2732, .T. ) ;
#1321 = CARTESIAN_POINT ( 'NONE',  ( 3.464101615137782400, -1.999999999999950700, -8.333333333333314400 ) ) ;
#1322 = CARTESIAN_POINT ( 'NONE',  ( 0.0000000000000000000, -7.130989006236733300E-015, -29.74999999999999600 ) ) ;
#1323 = CARTESIAN_POINT ( 'NONE',  ( -3.350480947161655000, 0.8977586640478083500, -11.29465819873849200 ) ) ;
#1324 = CARTESIAN_POINT ( 'NONE',  ( 3.350480947161667000, 0.8977586640478603100, -8.830341801261454300 ) ) ;
#1325 = VERTEX_POINT ( 'NONE', #4095 ) ;
#1326 = CARTESIAN_POINT ( 'NONE',  ( 3.464101615137726400, 2.000000000000048800, -25.29166666666660400 ) ) ;
#1327 = ORIENTED_EDGE ( 'NONE', *, *, #1511, .F. ) ;
#1328 = CARTESIAN_POINT ( 'NONE',  ( 2.901601615137770400, -1.675240473580789800, -2.958333333333321900 ) ) ;
#1329 = CARTESIAN_POINT ( 'NONE',  ( 3.464101615137726400, 2.000000000000048800, -10.29166666666663400 ) ) ;
#1330 = CARTESIAN_POINT ( 'NONE',  ( -4.706073476491882900E-014, 3.369682535702161400, -29.48891395768721000 ) ) ;
#1331 = ADVANCED_FACE ( 'NONE', ( #203 ), #4502, .T. ) ;
#1332 = CARTESIAN_POINT ( 'NONE',  ( -1.934401076758437900, -3.350480947161696300, -12.08333333333330200 ) ) ;
#1333 = VERTEX_POINT ( 'NONE', #4216 ) ;
#1334 = EDGE_CURVE ( 'NONE', #3332, #7347, #5552, .T. ) ;
#1335 = CYLINDRICAL_SURFACE ( 'NONE', #3218, 4.000000000000000000 ) ;
#1336 = DIRECTION ( 'NONE',  ( -0.0000000000000000000, -0.0000000000000000000, -1.000000000000000000 ) ) ;
#1337 = AXIS2_PLACEMENT_3D ( 'NONE', #3380, #3545, #3571 ) ;
#1338 = CARTESIAN_POINT ( 'NONE',  ( -2.901601615137813000, 1.675240473580716500, -20.33333333333328600 ) ) ;
#1339 = CARTESIAN_POINT ( 'NONE',  ( 3.464101615137795200, -1.999999999999929400, -15.33333333333329700 ) ) ;
#1340 = EDGE_LOOP ( 'NONE', ( #3659, #31, #5267, #3807 ) ) ;
#1341 = CARTESIAN_POINT ( 'NONE',  ( -1.934401076758546400, 3.350480947161633700, -20.41666666666661500 ) ) ;
#1342 = CARTESIAN_POINT ( 'NONE',  ( -2.901601615137719700, -1.675240473580878100, -3.291666666666654100 ) ) ;
#1343 = EDGE_CURVE ( 'NONE', #7365, #464, #2892, .T. ) ;
#1344 = CARTESIAN_POINT ( 'NONE',  ( 3.464101615137726400, 2.000000000000048800, -11.16666666666664100 ) ) ;
#1345 = CARTESIAN_POINT ( 'NONE',  ( -3.350480947161652300, 0.8977586640477970300, -18.29465819873847500 ) ) ;
#1346 = ORIENTED_EDGE ( 'NONE', *, *, #7779, .F. ) ;
#1347 = CARTESIAN_POINT ( 'NONE',  ( 0.0000000000000000000, 0.0000000000000000000, -30.00000000000000000 ) ) ;
#1348 = CARTESIAN_POINT ( 'NONE',  ( 6.649186226253619900E-014, -3.350480947161662100, -7.999999999999976000 ) ) ;
#1349 = CYLINDRICAL_SURFACE ( 'NONE', #4674, 3.350480947161662100 ) ;
#1350 = DIRECTION ( 'NONE',  ( 1.000000000000000000, 0.0000000000000000000, 0.0000000000000000000 ) ) ;
#1351 = CARTESIAN_POINT ( 'NONE',  ( -3.350480947161665200, 3.079417623425332900E-015, -13.37499999999996800 ) ) ;
#1352 = CARTESIAN_POINT ( 'NONE',  ( -1.934401076758546400, 3.350480947161633700, -0.4166666666666598000 ) ) ;
#1353 =( BOUNDED_CURVE ( )  B_SPLINE_CURVE ( 2, ( #4028, #5223, #7083, #2180, #1147, #5443, #4642, #7058, #5245 ),
 .UNSPECIFIED., .F., .T. ) 
 B_SPLINE_CURVE_WITH_KNOTS ( ( 3, 2, 2, 2, 3 ),
 ( 0.6893939393939395600, 0.6919191919191919300, 0.6969696969696970200, 0.7020202020202019900, 0.7045454545454547000 ),
 .UNSPECIFIED. ) 
 CURVE ( )  GEOMETRIC_REPRESENTATION_ITEM ( )  RATIONAL_B_SPLINE_CURVE ( ( 0.9330127018922194100, 0.9330127018922238500, 1.000000000000000000, 0.8660254037844387100, 1.000000000000000000, 0.8660254037844387100, 1.000000000000000000, 0.9330127018922149700, 0.9330127018922194100 ) ) 
 REPRESENTATION_ITEM ( '' )  );
#1354 = CARTESIAN_POINT ( 'NONE',  ( -4.679256681265763300E-014, 3.350480947161662100, -4.624999999999984900 ) ) ;
#1355 = CARTESIAN_POINT ( 'NONE',  ( 9.897622059656967000E-014, -4.000000000000000000, -28.49999999999993600 ) ) ;
#1356 = VERTEX_POINT ( 'NONE', #3024 ) ;
#1357 = ORIENTED_EDGE ( 'NONE', *, *, #2777, .F. ) ;
#1358 = EDGE_CURVE ( 'NONE', #7153, #601, #6931, .T. ) ;
#1359 = CARTESIAN_POINT ( 'NONE',  ( 3.464101615137726400, 2.000000000000048800, -12.29166666666663100 ) ) ;
#1360 = CARTESIAN_POINT ( 'NONE',  ( -2.309401076758611700, 3.999999999999937800, -11.04166666666663400 ) ) ;
#1361 = CARTESIAN_POINT ( 'NONE',  ( 2.309401076758642800, -3.999999999999919600, -29.41666666666660400 ) ) ;
#1362 = CARTESIAN_POINT ( 'NONE',  ( -3.999999999999996400, -3.834746474454188000E-015, -21.87499999999995000 ) ) ;
#1363 =( BOUNDED_CURVE ( )  B_SPLINE_CURVE ( 2, ( #2884, #4150, #3600, #5277, #2911, #1673, #2325, #1118, #5365 ),
 .UNSPECIFIED., .F., .T. ) 
 B_SPLINE_CURVE_WITH_KNOTS ( ( 3, 2, 2, 2, 3 ),
 ( 0.5530303030303032100, 0.5555555555555555800, 0.5606060606060605500, 0.5656565656565656400, 0.5681818181818183400 ),
 .UNSPECIFIED. ) 
 CURVE ( )  GEOMETRIC_REPRESENTATION_ITEM ( )  RATIONAL_B_SPLINE_CURVE ( ( 0.9330127018922194100, 0.9330127018922238500, 1.000000000000000000, 0.8660254037844387100, 1.000000000000000000, 0.8660254037844387100, 1.000000000000000000, 0.9330127018922149700, 0.9330127018922194100 ) ) 
 REPRESENTATION_ITEM ( '' )  );
#1364 = EDGE_LOOP ( 'NONE', ( #566, #5674, #1320, #6047 ) ) ;
#1365 = VERTEX_POINT ( 'NONE', #3000 ) ;
#1366 = CARTESIAN_POINT ( 'NONE',  ( -3.350480947161662100, -8.715332896486790000E-016, -1.249999999999994200 ) ) ;
#1367 = CARTESIAN_POINT ( 'NONE',  ( -2.901601615137720200, -1.675240473580876800, -1.291666666666658500 ) ) ;
#1368 = CARTESIAN_POINT ( 'NONE',  ( 4.720288238941220700E-014, -3.350480947161662100, -20.99999999999995000 ) ) ;
#1369 = CARTESIAN_POINT ( 'NONE',  ( -5.586370142149013400E-014, 4.000000000000000000, -10.99999999999997500 ) ) ;
#1371 = ADVANCED_FACE ( 'NONE', ( #290 ), #3655, .T. ) ;
#1370 = VERTEX_POINT ( 'NONE', #7284 ) ;
#1372 = CARTESIAN_POINT ( 'NONE',  ( -3.999999999999995600, 1.071796769724453900, -17.79465819873848200 ) ) ;
#1373 = DIRECTION ( 'NONE',  ( 0.0000000000000000000, 0.0000000000000000000, 1.000000000000000000 ) ) ;
#1374 = DATE_AND_TIME ( #1856, #6516 ) ;
#1375 =( BOUNDED_CURVE ( )  B_SPLINE_CURVE ( 2, ( #1530, #6515, #5184, #5807, #1572, #2750, #7118, #7093, #3434 ),
 .UNSPECIFIED., .F., .T. ) 
 B_SPLINE_CURVE_WITH_KNOTS ( ( 3, 2, 2, 2, 3 ),
 ( 0.5530303030303032100, 0.5555555555555555800, 0.5606060606060605500, 0.5656565656565656400, 0.5681818181818183400 ),
 .UNSPECIFIED. ) 
 CURVE ( )  GEOMETRIC_REPRESENTATION_ITEM ( )  RATIONAL_B_SPLINE_CURVE ( ( 0.9330127018922194100, 0.9330127018922238500, 1.000000000000000000, 0.8660254037844387100, 1.000000000000000000, 0.8660254037844387100, 1.000000000000000000, 0.9330127018922149700, 0.9330127018922194100 ) ) 
 REPRESENTATION_ITEM ( '' )  );
#1376 = DIRECTION ( 'NONE',  ( 0.0000000000000000000, 0.0000000000000000000, 1.000000000000000000 ) ) ;
#1377 = CARTESIAN_POINT ( 'NONE',  ( 2.901601615137770400, -1.675240473580789800, -23.95833333333327500 ) ) ;
#1378 = CARTESIAN_POINT ( 'NONE',  ( -4.618802153517005800, -6.535430629823232500E-014, -30.87499999999992500 ) ) ;
#1379 = LINE ( 'NONE', #1392, #6742 ) ;
#1380 = EDGE_CURVE ( 'NONE', #3429, #20, #2311, .T. ) ;
#1381 = CARTESIAN_POINT ( 'NONE',  ( -1.934401076758546400, 3.350480947161633700, -1.541666666666657900 ) ) ;
#1382 = CARTESIAN_POINT ( 'NONE',  ( -3.999999999999997300, 1.103942166888326800E-014, -14.74999999999997200 ) ) ;
#1383 = CARTESIAN_POINT ( 'NONE',  ( 5.635356014114907400E-014, -4.000000000000000000, -9.624999999999969800 ) ) ;
#1384 = CARTESIAN_POINT ( 'NONE',  ( -3.999999999999997300, 1.103942166888326800E-014, -14.74999999999997200 ) ) ;
#1385 = DIRECTION ( 'NONE',  ( 1.000000000000000000, 0.0000000000000000000, 0.0000000000000000000 ) ) ;
#1386 = CARTESIAN_POINT ( 'NONE',  ( 1.934401076758577300, -3.350480947161615500, -11.91666666666663400 ) ) ;
#1387 = CARTESIAN_POINT ( 'NONE',  ( 3.999999999999998200, -1.071796769724449300, -7.294658198738505700 ) ) ;
#1388 = CARTESIAN_POINT ( 'NONE',  ( 1.934401076758442300, 3.350480947161693200, -20.58333333333327900 ) ) ;
#1389 = VECTOR ( 'NONE', #985, 1000.000000000000000 ) ;
#1390 = EDGE_LOOP ( 'NONE', ( #1796, #3534, #7458, #7759 ) ) ;
#1391 = EDGE_CURVE ( 'NONE', #6455, #1935, #2108, .T. ) ;
#1392 = CARTESIAN_POINT ( 'NONE',  ( -3.350480947161662100, 0.0000000000000000000, 0.0000000000000000000 ) ) ;
#1393 = CARTESIAN_POINT ( 'NONE',  ( 4.720288238941220700E-014, -3.350480947161662100, -27.99999999999993600 ) ) ;
#1394 = CC_DESIGN_APPROVAL ( #2471, ( #2769 ) ) ;
#1395 = CARTESIAN_POINT ( 'NONE',  ( 3.464101615137782400, -1.999999999999950700, -16.33333333333329700 ) ) ;
#1396 = CARTESIAN_POINT ( 'NONE',  ( -2.999999999999996400, 1.732050807568880500, -33.50000000000000000 ) ) ;
#1397 = LINE ( 'NONE', #1734, #5889 ) ;
#1398 = ORIENTED_EDGE ( 'NONE', *, *, #4573, .F. ) ;
#1399 = DIRECTION ( 'NONE',  ( 0.0000000000000000000, 0.0000000000000000000, 1.000000000000000000 ) ) ;
#1400 = DIRECTION ( 'NONE',  ( -1.000000000000000000, 0.0000000000000000000, 0.0000000000000000000 ) ) ;
#1401 = CARTESIAN_POINT ( 'NONE',  ( -1.934401076758449900, -3.350480947161689600, -28.20833333333327200 ) ) ;
#1402 = CARTESIAN_POINT ( 'NONE',  ( -3.464101615137725500, -2.000000000000050200, -29.79166666666659300 ) ) ;
#1403 = EDGE_CURVE ( 'NONE', #4303, #7365, #2120, .T. ) ;
#1404 = VERTEX_POINT ( 'NONE', #1211 ) ;
#1405 = CARTESIAN_POINT ( 'NONE',  ( -1.934401076758449900, -3.350480947161689600, -4.208333333333318800 ) ) ;
#1406 = CARTESIAN_POINT ( 'NONE',  ( 3.999999999999996400, -4.624936657068990400E-014, -16.37499999999996100 ) ) ;
#1407 = AXIS2_PLACEMENT_3D ( 'NONE', #7578, #3909, #5156 ) ;
#1408 = ORIENTED_EDGE ( 'NONE', *, *, #3089, .F. ) ;
#1409 = CARTESIAN_POINT ( 'NONE',  ( -4.618802153517005800, -6.535430629823232500E-014, -7.874999999999974200 ) ) ;
#1410 = ADVANCED_FACE ( 'NONE', ( #7082 ), #102, .T. ) ;
#1411 = CARTESIAN_POINT ( 'NONE',  ( -3.350480947161659500, -3.311826500664980400E-015, -22.24999999999995000 ) ) ;
#1412 = DIRECTION ( 'NONE',  ( 1.000000000000000000, 0.0000000000000000000, 0.0000000000000000000 ) ) ;
#1413 = AXIS2_PLACEMENT_3D ( 'NONE', #392, #2159, #4755 ) ;
#1414 = VERTEX_POINT ( 'NONE', #2 ) ;
#1415 = CARTESIAN_POINT ( 'NONE',  ( 3.350480947161662600, -5.519710834441634500E-015, -3.749999999999989800 ) ) ;
#1416 = EDGE_LOOP ( 'NONE', ( #1060, #2247, #4211, #7503 ) ) ;
#1417 = CARTESIAN_POINT ( 'NONE',  ( 3.464101615137699800, 2.000000000000096400, -20.29166666666661500 ) ) ;
#1418 = CARTESIAN_POINT ( 'NONE',  ( -1.014953820096184500, -3.789050523121886700, -29.71454267612167000 ) ) ;
#1419 = CARTESIAN_POINT ( 'NONE',  ( 3.868802153516995600, 5.426829789941481600E-014, -25.74999999999993600 ) ) ;
#1420 = CARTESIAN_POINT ( 'NONE',  ( -3.999999999999997300, 1.103942166888326800E-014, -14.74999999999997200 ) ) ;
#1421 = CARTESIAN_POINT ( 'NONE',  ( -3.464101615137783700, 1.999999999999948500, -16.83333333333329300 ) ) ;
#1422 = ORIENTED_EDGE ( 'NONE', *, *, #4230, .F. ) ;
#1423 = ORIENTED_EDGE ( 'NONE', *, *, #4766, .F. ) ;
#1424 = CARTESIAN_POINT ( 'NONE',  ( 2.309401076758570400, -3.999999999999960900, -13.41666666666663600 ) ) ;
#1425 = AXIS2_PLACEMENT_3D ( 'NONE', #2127, #2199, #2228 ) ;
#1426 = CARTESIAN_POINT ( 'NONE',  ( 4.720288238941220100E-014, -3.350480947161662100, -24.12499999999994700 ) ) ;
#1427 = CARTESIAN_POINT ( 'NONE',  ( 2.901601615137770400, -1.675240473580789800, 1.166666666666670100 ) ) ;
#1428 = AXIS2_PLACEMENT_3D ( 'NONE', #2105, #6378, #4564 ) ;
#1429 = ORIENTED_EDGE ( 'NONE', *, *, #689, .T. ) ;
#1430 = CARTESIAN_POINT ( 'NONE',  ( -3.868802153516995600, -5.474208951679871200E-014, -8.374999999999976900 ) ) ;
#1431 = CARTESIAN_POINT ( 'NONE',  ( 3.464101615137795200, -1.999999999999929400, -14.45833333333329100 ) ) ;
#1432 = CARTESIAN_POINT ( 'NONE',  ( -2.309401076758445600, -4.000000000000032900, -9.708333333333303700 ) ) ;
#1433 = CARTESIAN_POINT ( 'NONE',  ( 2.309401076758409700, 4.000000000000054200, -19.20833333333328200 ) ) ;
#1434 =( BOUNDED_CURVE ( )  B_SPLINE_CURVE ( 2, ( #4669, #4750, #5274, #4719, #1055, #5328, #6535, #2292, #6009 ),
 .UNSPECIFIED., .F., .F. ) 
 B_SPLINE_CURVE_WITH_KNOTS ( ( 3, 2, 2, 2, 3 ),
 ( 0.8863636363636365800, 0.8888888888888888400, 0.8939393939393939200, 0.8989898989898990100, 0.9015151515151517100 ),
 .UNSPECIFIED. ) 
 CURVE ( )  GEOMETRIC_REPRESENTATION_ITEM ( )  RATIONAL_B_SPLINE_CURVE ( ( 0.9330127018922193000, 0.9330127018922251800, 1.000000000000000000, 0.8660254037844387100, 1.000000000000000000, 0.8660254037844387100, 1.000000000000000000, 0.9330127018922149700, 0.9330127018922194100 ) ) 
 REPRESENTATION_ITEM ( '' )  );
#1435 = CARTESIAN_POINT ( 'NONE',  ( -3.464101615137722400, -2.000000000000056400, -2.791666666666651400 ) ) ;
#1436 = EDGE_CURVE ( 'NONE', #6705, #986, #777, .T. ) ;
#1437 = EDGE_LOOP ( 'NONE', ( #3202, #2077, #3370, #2537 ) ) ;
#1438 = CARTESIAN_POINT ( 'NONE',  ( -1.934401076758588600, 3.350480947161608800, -11.54166666666663600 ) ) ;
#1439 = CARTESIAN_POINT ( 'NONE',  ( 2.309401076758421200, 4.000000000000046200, -7.208333333333308200 ) ) ;
#1440 = CARTESIAN_POINT ( 'NONE',  ( 1.934401076758416300, 3.350480947161709200, -23.58333333333327900 ) ) ;
#1441 = CARTESIAN_POINT ( 'NONE',  ( 1.934401076758573100, -3.350480947161618600, -7.041666666666645600 ) ) ;
#1442 = CARTESIAN_POINT ( 'NONE',  ( -3.464101615137792100, 1.999999999999934500, -22.95833333333327500 ) ) ;
#1443 = CARTESIAN_POINT ( 'NONE',  ( 3.868802153516995600, 5.426829789941481600E-014, -23.74999999999994300 ) ) ;
#1444 = EDGE_LOOP ( 'NONE', ( #7894, #1541, #6801, #6522 ) ) ;
#1445 = LINE ( 'NONE', #6703, #14 ) ;
#1446 = CARTESIAN_POINT ( 'NONE',  ( 0.0000000000000000000, -6.983528217995591600E-015, -29.48096039929462400 ) ) ;
#1447 = EDGE_CURVE ( 'NONE', #6780, #3758, #4330, .T. ) ;
#1448 = CARTESIAN_POINT ( 'NONE',  ( -3.464101615137783700, 1.999999999999948500, -14.83333333333330000 ) ) ;
#1449 = ADVANCED_FACE ( 'NONE', ( #367 ), #2859, .T. ) ;
#1450 = CARTESIAN_POINT ( 'NONE',  ( -4.000000000000000900, 1.071796769724452600, -3.919658198738504900 ) ) ;
#1451 = EDGE_CURVE ( 'NONE', #5826, #3055, #4658, .T. ) ;
#1452 = CARTESIAN_POINT ( 'NONE',  ( 0.0000000000000000000, 0.0000000000000000000, -30.00000000000000000 ) ) ;
#1453 = DIRECTION ( 'NONE',  ( 0.0000000000000000000, 0.0000000000000000000, 1.000000000000000000 ) ) ;
#1454 = EDGE_LOOP ( 'NONE', ( #3525, #5724, #6414, #5599, #226, #5764 ) ) ;
#1455 = CARTESIAN_POINT ( 'NONE',  ( 0.0000000000000000000, 0.0000000000000000000, -0.1778527147052651200 ) ) ;
#1456 = ORIENTED_EDGE ( 'NONE', *, *, #6900, .F. ) ;
#1457 = CARTESIAN_POINT ( 'NONE',  ( 2.901601615137770400, -1.675240473580789800, -26.95833333333327200 ) ) ;
#1458 = CARTESIAN_POINT ( 'NONE',  ( 3.464101615137782400, -1.999999999999950700, -30.45833333333325800 ) ) ;
#1459 = CARTESIAN_POINT ( 'NONE',  ( -2.901601615137771700, 1.675240473580788000, -8.458333333333309100 ) ) ;
#1460 = CARTESIAN_POINT ( 'NONE',  ( 3.350480947161662100, 5.752119711681282000E-015, -5.874999999999984900 ) ) ;
#1461 = CARTESIAN_POINT ( 'NONE',  ( -2.309401076758561500, 3.999999999999966200, -18.04166666666661800 ) ) ;
#1462 = DIRECTION ( 'NONE',  ( -0.0000000000000000000, -0.0000000000000000000, -1.000000000000000000 ) ) ;
#1463 = ORIENTED_EDGE ( 'NONE', *, *, #7490, .F. ) ;
#1464 = DIRECTION ( 'NONE',  ( 0.0000000000000000000, 0.0000000000000000000, -1.000000000000000000 ) ) ;
#1465 = CARTESIAN_POINT ( 'NONE',  ( -2.901601615137802800, 1.675240473580733600, -25.45833333333327500 ) ) ;
#1466 = CARTESIAN_POINT ( 'NONE',  ( -2.901601615137773500, 1.675240473580784700, -11.45833333333330400 ) ) ;
#1468 = CARTESIAN_POINT ( 'NONE',  ( 2.309401076758409700, 4.000000000000054200, -20.08333333333328200 ) ) ;
#1467 = FACE_OUTER_BOUND ( 'NONE', #1688, .T. ) ;
#1469 = DIRECTION ( 'NONE',  ( 0.0000000000000000000, 1.000000000000000000, -8.673617379884010800E-016 ) ) ;
#1470 = ORIENTED_EDGE ( 'NONE', *, *, #774, .F. ) ;
#1471 = DIRECTION ( 'NONE',  ( -0.0000000000000000000, -0.0000000000000000000, -1.000000000000000000 ) ) ;
#1472 = CARTESIAN_POINT ( 'NONE',  ( -2.901601615137771700, 1.675240473580788000, -23.33333333333327900 ) ) ;
#1473 = CYLINDRICAL_SURFACE ( 'NONE', #4809, 3.350480947161662100 ) ;
#1474 =( BOUNDED_CURVE ( )  B_SPLINE_CURVE ( 2, ( #6121, #1781, #6768, #19, #4261, #5467, #6039, #7906, #3096 ),
 .UNSPECIFIED., .F., .T. ) 
 B_SPLINE_CURVE_WITH_KNOTS ( ( 3, 2, 2, 2, 3 ),
 ( 0.4166666666666668000, 0.4191919191919191700, 0.4242424242424242500, 0.4292929292929292800, 0.4318181818181819300 ),
 .UNSPECIFIED. ) 
 CURVE ( )  GEOMETRIC_REPRESENTATION_ITEM ( )  RATIONAL_B_SPLINE_CURVE ( ( 0.9330127018922193000, 0.9330127018922229600, 1.000000000000000000, 0.8660254037844387100, 1.000000000000000000, 0.8660254037844387100, 1.000000000000000000, 0.9330127018922164100, 0.9330127018922194100 ) ) 
 REPRESENTATION_ITEM ( '' )  );
#1475 = CARTESIAN_POINT ( 'NONE',  ( 2.309401076758446100, 4.000000000000032000, -14.08333333333330400 ) ) ;
#1476 =( BOUNDED_CURVE ( )  B_SPLINE_CURVE ( 2, ( #5676, #752, #6911, #1980, #2591, #1439, #5752, #2005, #6883 ),
 .UNSPECIFIED., .F., .T. ) 
 B_SPLINE_CURVE_WITH_KNOTS ( ( 3, 2, 2, 2, 3 ),
 ( 0.2651515151515152500, 0.2676767676767676800, 0.2727272727272727100, 0.2777777777777777900, 0.2803030303030303900 ),
 .UNSPECIFIED. ) 
 CURVE ( )  GEOMETRIC_REPRESENTATION_ITEM ( )  RATIONAL_B_SPLINE_CURVE ( ( 0.9330127018922194100, 0.9330127018922216300, 1.000000000000000000, 0.8660254037844387100, 1.000000000000000000, 0.8660254037844387100, 1.000000000000000000, 0.9330127018922171900, 0.9330127018922194100 ) ) 
 REPRESENTATION_ITEM ( '' )  );
#1477 = CARTESIAN_POINT ( 'NONE',  ( -8.329578972239084500E-014, 4.000000000000000000, -26.12499999999993600 ) ) ;
#1478 = VECTOR ( 'NONE', #2852, 1000.000000000000000 ) ;
#1479 = CARTESIAN_POINT ( 'NONE',  ( -4.000000000000003600, 1.626862140677534300E-015, -15.74999999999996600 ) ) ;
#1480 = CARTESIAN_POINT ( 'NONE',  ( -2.309401076758586400, 3.999999999999952500, -14.04166666666662700 ) ) ;
#1481 = CARTESIAN_POINT ( 'NONE',  ( -4.679256681265764000E-014, 3.350480947161662100, -6.499999999999979600 ) ) ;
#1482 = LINE ( 'NONE', #2817, #3314 ) ;
#1483 = EDGE_CURVE ( 'NONE', #134, #3983, #4424, .T. ) ;
#1484 = CARTESIAN_POINT ( 'NONE',  ( -3.868802153516995600, -5.474208951679871200E-014, -11.37499999999997000 ) ) ;
#1485 = CARTESIAN_POINT ( 'NONE',  ( 3.999999999999996400, -1.071796769724446800, -14.41965819873848000 ) ) ;
#1486 = AXIS2_PLACEMENT_3D ( 'NONE', #5673, #1336, #3900 ) ;
#1487 = CARTESIAN_POINT ( 'NONE',  ( -3.999999999999994200, 1.071796769724426400, -18.91965819873846800 ) ) ;
#1488 = ADVANCED_FACE ( 'NONE', ( #5445 ), #5740, .T. ) ;
#1489 = ORIENTED_EDGE ( 'NONE', *, *, #75, .T. ) ;
#1490 = DIRECTION ( 'NONE',  ( 1.000000000000000000, 0.0000000000000000000, 0.0000000000000000000 ) ) ;
#1491 = CARTESIAN_POINT ( 'NONE',  ( -1.934401076758412600, -3.350480947161710500, -13.08333333333329800 ) ) ;
#1492 = CARTESIAN_POINT ( 'NONE',  ( -3.350480947161656800, 0.8977586640477763800, -19.41965819873847100 ) ) ;
#1493 = EDGE_CURVE ( 'NONE', #2799, #2250, #2791, .T. ) ;
#1494 = CARTESIAN_POINT ( 'NONE',  ( -1.934401076758446500, -3.350480947161691000, -1.083333333333325000 ) ) ;
#1495 =( BOUNDED_CURVE ( )  B_SPLINE_CURVE ( 2, ( #3926, #7035, #6333, #2770, #2151, #2086, #6989, #5150, #3272 ),
 .UNSPECIFIED., .F., .T. ) 
 B_SPLINE_CURVE_WITH_KNOTS ( ( 3, 2, 2, 2, 3 ),
 ( 0.5833333333333334800, 0.5858585858585858600, 0.5909090909090909400, 0.5959595959595959100, 0.5984848484848486200 ),
 .UNSPECIFIED. ) 
 CURVE ( )  GEOMETRIC_REPRESENTATION_ITEM ( )  RATIONAL_B_SPLINE_CURVE ( ( 0.9330127018922194100, 0.9330127018922238500, 1.000000000000000000, 0.8660254037844387100, 1.000000000000000000, 0.8660254037844387100, 1.000000000000000000, 0.9330127018922149700, 0.9330127018922194100 ) ) 
 REPRESENTATION_ITEM ( '' )  );
#1496 = CARTESIAN_POINT ( 'NONE',  ( -3.999999999999996400, -2.335709216258459900E-014, -22.87499999999994300 ) ) ;
#1497 = LINE ( 'NONE', #4963, #2831 ) ;
#1498 = VERTEX_POINT ( 'NONE', #193 ) ;
#1499 = CARTESIAN_POINT ( 'NONE',  ( -3.868802153516995600, -5.474208951679871900E-014, -27.24999999999993600 ) ) ;
#1500 = DIRECTION ( 'NONE',  ( -0.0000000000000000000, -0.0000000000000000000, -1.000000000000000000 ) ) ;
#1501 = ORIENTED_EDGE ( 'NONE', *, *, #5952, .T. ) ;
#1502 = CARTESIAN_POINT ( 'NONE',  ( -2.309401076758445600, -4.000000000000032900, -19.58333333333328600 ) ) ;
#1503 = CARTESIAN_POINT ( 'NONE',  ( -3.704910549362276000, 0.8002171325447723400, -29.66084679797163300 ) ) ;
#1504 = ORIENTED_EDGE ( 'NONE', *, *, #5186, .F. ) ;
#1505 = CARTESIAN_POINT ( 'NONE',  ( -2.027238120741838400, 2.293675140415984100, -37.59350745909827700 ) ) ;
#1506 =( BOUNDED_CURVE ( )  B_SPLINE_CURVE ( 2, ( #5216, #3506, #4108, #5844, #4050, #2205, #4077, #4663, #991 ),
 .UNSPECIFIED., .F., .F. ) 
 B_SPLINE_CURVE_WITH_KNOTS ( ( 3, 2, 2, 2, 3 ),
 ( 0.5378787878787880700, 0.5404040404040404400, 0.5454545454545454100, 0.5505050505050505000, 0.5530303030303032100 ),
 .UNSPECIFIED. ) 
 CURVE ( )  GEOMETRIC_REPRESENTATION_ITEM ( )  RATIONAL_B_SPLINE_CURVE ( ( 0.9330127018922194100, 0.9330127018922238500, 1.000000000000000000, 0.8660254037844387100, 1.000000000000000000, 0.8660254037844387100, 1.000000000000000000, 0.9330127018922149700, 0.9330127018922194100 ) ) 
 REPRESENTATION_ITEM ( '' )  );
#1507 = AXIS2_PLACEMENT_3D ( 'NONE', #503, #1113, #5500 ) ;
#1508 = DIRECTION ( 'NONE',  ( -0.0000000000000000000, -0.0000000000000000000, 1.000000000000000000 ) ) ;
#1509 = EDGE_LOOP ( 'NONE', ( #5551, #7767, #1630 ) ) ;
#1510 = CARTESIAN_POINT ( 'NONE',  ( 1.934401076758545600, -3.350480947161634100, -3.916666666666651900 ) ) ;
#1511 = EDGE_CURVE ( 'NONE', #3541, #354, #1476, .T. ) ;
#1512 = DIRECTION ( 'NONE',  ( -0.0000000000000000000, -0.0000000000000000000, -1.000000000000000000 ) ) ;
#1513 = CARTESIAN_POINT ( 'NONE',  ( -1.934401076758546400, 3.350480947161633700, -7.541666666666644800 ) ) ;
#1514 = CARTESIAN_POINT ( 'NONE',  ( 2.901601615137784600, -1.675240473580764900, -24.83333333333327500 ) ) ;
#1515 = CARTESIAN_POINT ( 'NONE',  ( 3.999999999999996400, -7.785697387528199800E-015, -25.24999999999994700 ) ) ;
#1516 = CARTESIAN_POINT ( 'NONE',  ( -3.350480947161662600, 4.299564228933483700E-015, -6.374999999999984000 ) ) ;
#1517 = ORIENTED_EDGE ( 'NONE', *, *, #6003, .T. ) ;
#1518 = ORIENTED_EDGE ( 'NONE', *, *, #3159, .F. ) ;
#1519 = CARTESIAN_POINT ( 'NONE',  ( 3.350480947161671900, -7.437084071668728600E-015, -25.87499999999994700 ) ) ;
#1520 = CARTESIAN_POINT ( 'NONE',  ( -1.934401076758575500, 3.350480947161617300, -24.54166666666661100 ) ) ;
#1521 = CARTESIAN_POINT ( 'NONE',  ( 2.309401076758594000, -3.999999999999947200, -7.541666666666641200 ) ) ;
#1522 = ORIENTED_EDGE ( 'NONE', *, *, #1391, .T. ) ;
#1523 = CARTESIAN_POINT ( 'NONE',  ( 2.901601615137783300, -1.675240473580767600, -20.95833333333328200 ) ) ;
#1524 = LINE ( 'NONE', #5177, #5058 ) ;
#1525 = CARTESIAN_POINT ( 'NONE',  ( -4.679256681265764000E-014, 3.350480947161662100, -28.49999999999993600 ) ) ;
#1526 = DIRECTION ( 'NONE',  ( -0.0000000000000000000, -0.0000000000000000000, -1.000000000000000000 ) ) ;
#1527 = CARTESIAN_POINT ( 'NONE',  ( 4.618802153517005800, 6.478866617091239000E-014, -18.24999999999995700 ) ) ;
#1528 = CARTESIAN_POINT ( 'NONE',  ( -3.999999999999996400, 3.242103837493085700E-014, -16.74999999999996800 ) ) ;
#1529 = ORIENTED_EDGE ( 'NONE', *, *, #4320, .F. ) ;
#1530 = CARTESIAN_POINT ( 'NONE',  ( 3.999999999999996400, -4.624936657068990400E-014, -16.37499999999996100 ) ) ;
#1531 = CARTESIAN_POINT ( 'NONE',  ( 3.464101615137717100, 2.000000000000065700, -13.29166666666662900 ) ) ;
#1532 = CYLINDRICAL_SURFACE ( 'NONE', #7864, 4.000000000000000000 ) ;
#1533 = CARTESIAN_POINT ( 'NONE',  ( -2.901601615137692200, -1.675240473580925400, -26.16666666666660400 ) ) ;
#1534 = CARTESIAN_POINT ( 'NONE',  ( 2.901601615137722900, 1.675240473580871900, -1.666666666666657000 ) ) ;
#1535 = CARTESIAN_POINT ( 'NONE',  ( 2.901601615137819200, -1.675240473580704900, -21.83333333333328200 ) ) ;
#1536 = CARTESIAN_POINT ( 'NONE',  ( 1.934401076758450300, 3.350480947161689200, -9.708333333333307300 ) ) ;
#1537 = ORIENTED_EDGE ( 'NONE', *, *, #418, .F. ) ;
#1538 = VECTOR ( 'NONE', #764, 1000.000000000000000 ) ;
#1539 = EDGE_CURVE ( 'NONE', #2122, #6330, #2547, .T. ) ;
#1540 = CARTESIAN_POINT ( 'NONE',  ( 1.058904531622933200E-013, -3.350480947161662100, -26.99999999999993600 ) ) ;
#1541 = ORIENTED_EDGE ( 'NONE', *, *, #6885, .T. ) ;
#1542 = LINE ( 'NONE', #2676, #2124 ) ;
#1543 = CARTESIAN_POINT ( 'NONE',  ( -3.464101615137790400, 1.999999999999938000, -19.83333333333328600 ) ) ;
#1544 = CARTESIAN_POINT ( 'NONE',  ( 3.451738259112623600, 0.9659521696819631800, -29.57455705128964100 ) ) ;
#1545 = CARTESIAN_POINT ( 'NONE',  ( -1.934401076758546400, 3.350480947161633700, -31.41666666666659300 ) ) ;
#1546 = CARTESIAN_POINT ( 'NONE',  ( 3.464101615137782400, -1.999999999999950700, -19.33333333333329000 ) ) ;
#1547 = VERTEX_POINT ( 'NONE', #2057 ) ;
#1548 = CARTESIAN_POINT ( 'NONE',  ( 4.000000000000000000, 0.0000000000000000000, -30.00000000000000000 ) ) ;
#1549 = EDGE_CURVE ( 'NONE', #3718, #6623, #879, .T. ) ;
#1550 = ORIENTED_EDGE ( 'NONE', *, *, #1196, .T. ) ;
#1551 = CARTESIAN_POINT ( 'NONE',  ( 3.999999999999996400, -1.045839947578414800E-015, -15.24999999999996600 ) ) ;
#1552 = DIRECTION ( 'NONE',  ( 1.000000000000000000, 0.0000000000000000000, 0.0000000000000000000 ) ) ;
#1553 = CARTESIAN_POINT ( 'NONE',  ( 4.000000000000000000, 0.0000000000000000000, -30.00000000000000000 ) ) ;
#1554 = CARTESIAN_POINT ( 'NONE',  ( 2.901601615137722900, 1.675240473580871900, -2.666666666666655400 ) ) ;
#1555 = ORIENTED_EDGE ( 'NONE', *, *, #3044, .T. ) ;
#1556 = DIRECTION ( 'NONE',  ( -0.8660254037844386000, -0.4999999999999998900, 0.0000000000000000000 ) ) ;
#1557 = CARTESIAN_POINT ( 'NONE',  ( 1.934401076758545600, -3.350480947161634100, -13.04166666666663200 ) ) ;
#1558 = CARTESIAN_POINT ( 'NONE',  ( 7.469817379762764300E-014, -3.350480947161662100, -18.12499999999995700 ) ) ;
#1559 = DATE_AND_TIME ( #394, #4624 ) ;
#1560 = CARTESIAN_POINT ( 'NONE',  ( -3.350480947161658600, -0.8977586640478678600, -8.330341801261456100 ) ) ;
#1561 = DIRECTION ( 'NONE',  ( 0.0000000000000000000, 0.0000000000000000000, 1.000000000000000000 ) ) ;
#1562 = CIRCLE ( 'NONE', #3504, 3.464101615137755700 ) ;
#1563 = CARTESIAN_POINT ( 'NONE',  ( 0.0000000000000000000, 0.0000000000000000000, 0.0000000000000000000 ) ) ;
#1564 = CARTESIAN_POINT ( 'NONE',  ( 2.901601615137772100, -1.675240473580787100, -0.8333333333333257100 ) ) ;
#1565 = CARTESIAN_POINT ( 'NONE',  ( 3.606443156006552600, 0.2738959705275682600, -29.58807837718757800 ) ) ;
#1566 = CARTESIAN_POINT ( 'NONE',  ( -1.934401076758449900, -3.350480947161689600, -30.08333333333326500 ) ) ;
#1567 = CARTESIAN_POINT ( 'NONE',  ( -3.350480947161658600, -0.8977586640478687500, -9.205341801261454300 ) ) ;
#1568 = CARTESIAN_POINT ( 'NONE',  ( -2.309401076758561500, 3.999999999999966200, -20.91666666666661800 ) ) ;
#1569 = CYLINDRICAL_SURFACE ( 'NONE', #6632, 4.000000000000000000 ) ;
#1570 = ORIENTED_EDGE ( 'NONE', *, *, #870, .T. ) ;
#1571 = CARTESIAN_POINT ( 'NONE',  ( -2.309401076758623300, 3.999999999999930700, -23.91666666666661100 ) ) ;
#1572 = CARTESIAN_POINT ( 'NONE',  ( 1.166210381944769700E-013, -4.000000000000000000, -16.62499999999995700 ) ) ;
#1573 = DIRECTION ( 'NONE',  ( -1.000000000000000000, 0.0000000000000000000, 0.0000000000000000000 ) ) ;
#1574 = CARTESIAN_POINT ( 'NONE',  ( 2.901601615137770400, -1.675240473580789800, -5.833333333333315300 ) ) ;
#1575 = PLANE ( 'NONE',  #5809 ) ;
#1576 = VECTOR ( 'NONE', #645, 1000.000000000000000 ) ;
#1577 = ORIENTED_EDGE ( 'NONE', *, *, #2060, .F. ) ;
#1578 = EDGE_CURVE ( 'NONE', #4154, #2655, #7421, .T. ) ;
#1579 = CARTESIAN_POINT ( 'NONE',  ( 2.901601615137722900, 1.675240473580871900, -24.79166666666660700 ) ) ;
#1580 = CARTESIAN_POINT ( 'NONE',  ( -2.901601615137771700, 1.675240473580788000, -16.45833333333329300 ) ) ;
#1581 = CARTESIAN_POINT ( 'NONE',  ( 1.813021965698280400E-013, -4.000000000000000000, -24.62499999999994000 ) ) ;
#1582 = CARTESIAN_POINT ( 'NONE',  ( 3.999999999999996400, -1.661723472263481600E-014, -18.24999999999996100 ) ) ;
#1583 = DIRECTION ( 'NONE',  ( -0.0000000000000000000, -0.0000000000000000000, -1.000000000000000000 ) ) ;
#1584 = CARTESIAN_POINT ( 'NONE',  ( -3.464101615137783700, 1.999999999999948500, -15.95833333333329000 ) ) ;
#1585 = VERTEX_POINT ( 'NONE', #4515 ) ;
#1586 = EDGE_LOOP ( 'NONE', ( #871, #3385, #7536, #2274 ) ) ;
#1587 = EDGE_CURVE ( 'NONE', #1149, #89, #6233, .T. ) ;
#1588 = CARTESIAN_POINT ( 'NONE',  ( 5.479579444220133600E-014, -3.350480947161662100, -0.9999999999999917800 ) ) ;
#1589 = CARTESIAN_POINT ( 'NONE',  ( 1.166210381944769700E-013, -4.000000000000000000, -17.49999999999996100 ) ) ;
#1590 = CARTESIAN_POINT ( 'NONE',  ( 3.868802153516995600, 5.426829789941481600E-014, -30.74999999999992900 ) ) ;
#1591 = ORIENTED_EDGE ( 'NONE', *, *, #7690, .F. ) ;
#1592 =( BOUNDED_CURVE ( )  B_SPLINE_CURVE ( 2, ( #1820, #6802, #6098, #5532, #591, #7941, #1310, #4364, #1926 ),
 .UNSPECIFIED., .F., .F. ) 
 B_SPLINE_CURVE_WITH_KNOTS ( ( 3, 2, 2, 2, 3 ),
 ( 0.5378787878787880700, 0.5404040404040404400, 0.5454545454545454100, 0.5505050505050505000, 0.5530303030303032100 ),
 .UNSPECIFIED. ) 
 CURVE ( )  GEOMETRIC_REPRESENTATION_ITEM ( )  RATIONAL_B_SPLINE_CURVE ( ( 0.9330127018922194100, 0.9330127018922238500, 1.000000000000000000, 0.8660254037844387100, 1.000000000000000000, 0.8660254037844387100, 1.000000000000000000, 0.9330127018922149700, 0.9330127018922194100 ) ) 
 REPRESENTATION_ITEM ( '' )  );
#1593 = CARTESIAN_POINT ( 'NONE',  ( -4.000000000000000000, 4.898587196589412800E-016, -30.00000000000000000 ) ) ;
#1594 = CARTESIAN_POINT ( 'NONE',  ( -2.309401076758561500, 3.999999999999966200, -19.91666666666662200 ) ) ;
#1595 = ADVANCED_FACE ( 'NONE', ( #5834 ), #7739, .T. ) ;
#1596 = DIRECTION ( 'NONE',  ( -1.000000000000000000, 0.0000000000000000000, 0.0000000000000000000 ) ) ;
#1597 = ORIENTED_EDGE ( 'NONE', *, *, #7490, .T. ) ;
#1598 = CARTESIAN_POINT ( 'NONE',  ( 2.999999999999996400, 0.6017897632937236900, -37.58298960234123600 ) ) ;
#1599 = CARTESIAN_POINT ( 'NONE',  ( 3.350480947161659500, 2.324088772396477500E-015, -18.87499999999996100 ) ) ;
#1600 = CARTESIAN_POINT ( 'NONE',  ( 4.000000000000006200, 1.071796769724526500, -8.330341801261454300 ) ) ;
#1601 = CARTESIAN_POINT ( 'NONE',  ( 4.720288238941220700E-014, -3.350480947161662100, -8.999999999999975100 ) ) ;
#1602 = EDGE_LOOP ( 'NONE', ( #4664, #449, #7382, #3816 ) ) ;
#1603 = CARTESIAN_POINT ( 'NONE',  ( 1.934401076758545600, -3.350480947161634100, -31.04166666666659300 ) ) ;
#1604 = FACE_OUTER_BOUND ( 'NONE', #6866, .T. ) ;
#1605 = CARTESIAN_POINT ( 'NONE',  ( 1.934401076758545600, -3.350480947161634100, -12.04166666666663600 ) ) ;
#1606 = CARTESIAN_POINT ( 'NONE',  ( -0.4262449961937100900, 3.323257104184552000, -29.48096039929462700 ) ) ;
#1607 = CARTESIAN_POINT ( 'NONE',  ( 1.934401076758562200, -3.350480947161624400, -22.91666666666661500 ) ) ;
#1608 = CARTESIAN_POINT ( 'NONE',  ( -4.000000000000003600, 1.626862140677534300E-015, -14.87499999999996300 ) ) ;
#1609 = ORIENTED_EDGE ( 'NONE', *, *, #843, .F. ) ;
#1610 = CARTESIAN_POINT ( 'NONE',  ( 3.464101615137782400, -1.999999999999950700, -14.45833333333329100 ) ) ;
#1611 = CARTESIAN_POINT ( 'NONE',  ( 3.464101615137722400, 2.000000000000056000, -3.166666666666658100 ) ) ;
#1612 = CARTESIAN_POINT ( 'NONE',  ( 3.464101615137809000, -1.999999999999905400, -13.45833333333329500 ) ) ;
#1613 = CARTESIAN_POINT ( 'NONE',  ( -3.350480947161662100, 5.984528588920930300E-015, -4.374999999999987600 ) ) ;
#1614 = CARTESIAN_POINT ( 'NONE',  ( -2.901601615137722400, -1.675240473580873000, -30.16666666666660000 ) ) ;
#1615 = VERTEX_POINT ( 'NONE', #6594 ) ;
#1616 = VECTOR ( 'NONE', #240, 1000.000000000000000 ) ;
#1617 = CARTESIAN_POINT ( 'NONE',  ( 3.464101615137719700, 2.000000000000061700, -9.166666666666646500 ) ) ;
#1618 = CARTESIAN_POINT ( 'NONE',  ( -3.464101615137725500, -2.000000000000050200, -25.66666666666660700 ) ) ;
#1619 = CARTESIAN_POINT ( 'NONE',  ( 3.350480947161662100, 0.8977586640478668600, -5.705341801261462300 ) ) ;
#1620 = EDGE_CURVE ( 'NONE', #5865, #7455, #1713, .T. ) ;
#1621 = VERTEX_POINT ( 'NONE', #3483 ) ;
#1622 = CARTESIAN_POINT ( 'NONE',  ( 0.0000000000000000000, 0.0000000000000000000, -0.6326508517134975500 ) ) ;
#1623 = LINE ( 'NONE', #3747, #1053 ) ;
#1624 = CARTESIAN_POINT ( 'NONE',  ( 1.934401076758545600, -3.350480947161634100, -10.91666666666663800 ) ) ;
#1625 =( BOUNDED_CURVE ( )  B_SPLINE_CURVE ( 2, ( #3432, #448, #2188, #6513, #7115, #2855, #4008, #1619, #7147 ),
 .UNSPECIFIED., .F., .T. ) 
 B_SPLINE_CURVE_WITH_KNOTS ( ( 3, 2, 2, 2, 3 ),
 ( 0.2045454545454546400, 0.2070707070707070700, 0.2121212121212121300, 0.2171717171717171800, 0.2196969696969697800 ),
 .UNSPECIFIED. ) 
 CURVE ( )  GEOMETRIC_REPRESENTATION_ITEM ( )  RATIONAL_B_SPLINE_CURVE ( ( 0.9330127018922193000, 0.9330127018922218500, 1.000000000000000000, 0.8660254037844387100, 1.000000000000000000, 0.8660254037844387100, 1.000000000000000000, 0.9330127018922171900, 0.9330127018922194100 ) ) 
 REPRESENTATION_ITEM ( '' )  );
#1626 = CARTESIAN_POINT ( 'NONE',  ( 2.901601615137722900, 1.675240473580871900, -30.79166666666660000 ) ) ;
#1627 = CARTESIAN_POINT ( 'NONE',  ( 4.898587196589426600E-016, -4.000000000000018700, -29.74999999999999300 ) ) ;
#1628 = CARTESIAN_POINT ( 'NONE',  ( 2.901601615137770400, -1.675240473580789800, -13.95833333333329700 ) ) ;
#1629 = CARTESIAN_POINT ( 'NONE',  ( -4.000000000000000000, 4.898587196589412800E-016, -30.00000000000000000 ) ) ;
#1630 = ORIENTED_EDGE ( 'NONE', *, *, #3030, .T. ) ;
#1631 = DIRECTION ( 'NONE',  ( 0.0000000000000000000, 0.0000000000000000000, -1.000000000000000000 ) ) ;
#1632 = ORIENTED_EDGE ( 'NONE', *, *, #3044, .F. ) ;
#1633 = CARTESIAN_POINT ( 'NONE',  ( -3.999999999999993300, 1.071796769724446200, -11.91965819873848900 ) ) ;
#1634 = EDGE_CURVE ( 'NONE', #1912, #4303, #7604, .T. ) ;
#1635 = CARTESIAN_POINT ( 'NONE',  ( 3.350480947161659000, -2.614599868946037200E-015, -12.74999999999997000 ) ) ;
#1636 = CARTESIAN_POINT ( 'NONE',  ( 4.618802153517005800, 6.478866617091239000E-014, -13.37499999999996100 ) ) ;
#1637 = CARTESIAN_POINT ( 'NONE',  ( 0.4785443010491414200, -3.187813934107873100, -37.74715226105279000 ) ) ;
#1638 = CARTESIAN_POINT ( 'NONE',  ( 0.0000000000000000000, 0.0000000000000000000, -30.00000000000000000 ) ) ;
#1639 = CARTESIAN_POINT ( 'NONE',  ( 2.999999999999997300, -1.732050807568883900, -38.00000000000000000 ) ) ;
#1640 = EDGE_LOOP ( 'NONE', ( #2943, #3284, #2692, #174 ) ) ;
#1641 = EDGE_LOOP ( 'NONE', ( #210, #6901, #2782, #5030 ) ) ;
#1642 = CARTESIAN_POINT ( 'NONE',  ( -4.000000000000013300, -1.071796769724512500, -17.70534180126144000 ) ) ;
#1643 = CARTESIAN_POINT ( 'NONE',  ( -1.354456179855998300E-013, 3.350480947161662100, -19.62499999999995400 ) ) ;
#1644 = CARTESIAN_POINT ( 'NONE',  ( 3.464101615137843200, -1.999999999999846100, -26.33333333333327500 ) ) ;
#1645 = CARTESIAN_POINT ( 'NONE',  ( 2.309401076758642800, -3.999999999999919600, -28.54166666666660000 ) ) ;
#1646 = CARTESIAN_POINT ( 'NONE',  ( -3.999999999999999100, 2.556497649636125300E-015, -0.7499999999999986700 ) ) ;
#1647 = AXIS2_PLACEMENT_3D ( 'NONE', #7734, #1631, #4198 ) ;
#1648 = CARTESIAN_POINT ( 'NONE',  ( 3.464101615137726400, 2.000000000000048800, -27.16666666666660700 ) ) ;
#1649 = CARTESIAN_POINT ( 'NONE',  ( 3.464101615137669600, 2.000000000000147000, -22.29166666666660700 ) ) ;
#1650 = EDGE_CURVE ( 'NONE', #3551, #6530, #1375, .T. ) ;
#1651 = LINE ( 'NONE', #3460, #310 ) ;
#1652 = VERTEX_POINT ( 'NONE', #4037 ) ;
#1653 = CARTESIAN_POINT ( 'NONE',  ( 6.813312456955448300E-014, -3.350480947161662100, -9.999999999999971600 ) ) ;
#1654 = CARTESIAN_POINT ( 'NONE',  ( 0.0000000000000000000, 0.0000000000000000000, 0.0000000000000000000 ) ) ;
#1655 = DIRECTION ( 'NONE',  ( -0.0000000000000000000, -0.0000000000000000000, -1.000000000000000000 ) ) ;
#1656 = CARTESIAN_POINT ( 'NONE',  ( 1.934401076758450300, 3.350480947161689200, -11.58333333333330000 ) ) ;
#1657 = CARTESIAN_POINT ( 'NONE',  ( -1.934401076758446100, -3.350480947161691000, -2.208333333333322800 ) ) ;
#1658 = VECTOR ( 'NONE', #1453, 1000.000000000000000 ) ;
#1659 = CARTESIAN_POINT ( 'NONE',  ( -3.868802153516995600, -5.474208951679871200E-014, -31.37499999999993200 ) ) ;
#1660 = CARTESIAN_POINT ( 'NONE',  ( -4.679256681265763300E-014, 3.350480947161662100, -15.62499999999996100 ) ) ;
#1661 = CARTESIAN_POINT ( 'NONE',  ( -3.464101615137676200, -2.000000000000137200, -24.79166666666660400 ) ) ;
#1662 = CARTESIAN_POINT ( 'NONE',  ( -0.8464669810944939200, -2.975393675742718600, -37.62630599202693600 ) ) ;
#1663 = CARTESIAN_POINT ( 'NONE',  ( -3.350480947161659500, 2.475154542602248700E-014, -21.37499999999995700 ) ) ;
#1664 = CARTESIAN_POINT ( 'NONE',  ( 5.635356014114907400E-014, -4.000000000000000000, -14.62499999999996100 ) ) ;
#1665 = CARTESIAN_POINT ( 'NONE',  ( -1.934401076758624600, 3.350480947161588400, -26.41666666666660700 ) ) ;
#1666 =( BOUNDED_CURVE ( )  B_SPLINE_CURVE ( 2, ( #4553, #4603, #1014, #7203, #7152, #5912, #5963, #5886, #2858 ),
 .UNSPECIFIED., .F., .F. ) 
 B_SPLINE_CURVE_WITH_KNOTS ( ( 3, 2, 2, 2, 3 ),
 ( 0.7348484848484849700, 0.7373737373737373500, 0.7424242424242424300, 0.7474747474747475100, 0.7500000000000001100 ),
 .UNSPECIFIED. ) 
 CURVE ( )  GEOMETRIC_REPRESENTATION_ITEM ( )  RATIONAL_B_SPLINE_CURVE ( ( 0.9330127018922194100, 0.9330127018922223000, 1.000000000000000000, 0.8660254037844387100, 1.000000000000000000, 0.8660254037844387100, 1.000000000000000000, 0.9330127018922164100, 0.9330127018922194100 ) ) 
 REPRESENTATION_ITEM ( '' )  );
#1667 = CARTESIAN_POINT ( 'NONE',  ( 5.635356014114907400E-014, -4.000000000000000000, 1.375000000000006200 ) ) ;
#1668 = CONICAL_SURFACE ( 'NONE', #6979, 4.000000000000011500, 1.178097245096171800 ) ;
#1669 = ORIENTED_EDGE ( 'NONE', *, *, #280, .F. ) ;
#1670 = CARTESIAN_POINT ( 'NONE',  ( 2.869480799949243100, 2.369230087158697100, -0.4320900109296931200 ) ) ;
#1671 = CARTESIAN_POINT ( 'NONE',  ( 2.901601615137779300, -1.675240473580774900, -10.83333333333330400 ) ) ;
#1672 = CARTESIAN_POINT ( 'NONE',  ( 1.934401076758393500, 3.350480947161721200, -22.70833333333328200 ) ) ;
#1673 = CARTESIAN_POINT ( 'NONE',  ( -1.934401076758409900, -3.350480947161712700, -17.08333333333329000 ) ) ;
#1674 = CARTESIAN_POINT ( 'NONE',  ( 5.635356014114907400E-014, -4.000000000000000000, -23.49999999999994700 ) ) ;
#1675 = ADVANCED_FACE ( 'NONE', ( #3062 ), #3452, .T. ) ;
#1676 = DIRECTION ( 'NONE',  ( 0.0000000000000000000, 0.0000000000000000000, 1.000000000000000000 ) ) ;
#1677 = AXIS2_PLACEMENT_3D ( 'NONE', #3349, #2765, #7664 ) ;
#1678 = CARTESIAN_POINT ( 'NONE',  ( 2.309401076758594000, -3.999999999999947200, -8.416666666666644800 ) ) ;
#1679 = CARTESIAN_POINT ( 'NONE',  ( -3.464101615137703300, -2.000000000000089300, -27.66666666666660400 ) ) ;
#1680 = ORIENTED_EDGE ( 'NONE', *, *, #6945, .F. ) ;
#1681 = VERTEX_POINT ( 'NONE', #343 ) ;
#1682 = CARTESIAN_POINT ( 'NONE',  ( 3.868802153516995600, 5.426829789941481600E-014, -9.749999999999973400 ) ) ;
#1683 = CARTESIAN_POINT ( 'NONE',  ( 3.464101615137719300, 2.000000000000062600, -10.16666666666664300 ) ) ;
#1684 = EDGE_CURVE ( 'NONE', #3690, #265, #2579, .T. ) ;
#1685 = CARTESIAN_POINT ( 'NONE',  ( 2.901601615137770400, -1.675240473580789800, -28.95833333333326800 ) ) ;
#1686 = CARTESIAN_POINT ( 'NONE',  ( -4.679256681265763300E-014, 3.350480947161662100, -18.62499999999995400 ) ) ;
#1687 = DIRECTION ( 'NONE',  ( -0.0000000000000000000, -0.0000000000000000000, 1.000000000000000000 ) ) ;
#1688 = EDGE_LOOP ( 'NONE', ( #6690, #7915, #6191, #2700, #6331 ) ) ;
#1689 = AXIS2_PLACEMENT_3D ( 'NONE', #5023, #219, #269 ) ;
#1690 = CARTESIAN_POINT ( 'NONE',  ( -3.999999999999996400, -1.071796769724542700, -21.70534180126143700 ) ) ;
#1691 = ORIENTED_EDGE ( 'NONE', *, *, #1899, .F. ) ;
#1692 = VERTEX_POINT ( 'NONE', #319 ) ;
#1693 = CARTESIAN_POINT ( 'NONE',  ( -7.497314333328155600E-014, 4.000000000000000000, -3.124999999999983600 ) ) ;
#1694 = DIRECTION ( 'NONE',  ( -0.0000000000000000000, -0.0000000000000000000, -1.000000000000000000 ) ) ;
#1695 = CARTESIAN_POINT ( 'NONE',  ( 2.309401076758446100, 4.000000000000032000, -21.20833333333327500 ) ) ;
#1696 =( BOUNDED_CURVE ( )  B_SPLINE_CURVE ( 2, ( #5616, #2004, #1466, #1438, #3945, #4512, #3848, #6353, #3296 ),
 .UNSPECIFIED., .F., .T. ) 
 B_SPLINE_CURVE_WITH_KNOTS ( ( 3, 2, 2, 2, 3 ),
 ( 0.3863636363636364600, 0.3888888888888889000, 0.3939393939393939200, 0.3989898989898990100, 0.4015151515151516600 ),
 .UNSPECIFIED. ) 
 CURVE ( )  GEOMETRIC_REPRESENTATION_ITEM ( )  RATIONAL_B_SPLINE_CURVE ( ( 0.9330127018922194100, 0.9330127018922223000, 1.000000000000000000, 0.8660254037844387100, 1.000000000000000000, 0.8660254037844387100, 1.000000000000000000, 0.9330127018922156300, 0.9330127018922193000 ) ) 
 REPRESENTATION_ITEM ( '' )  );
#1697 = CARTESIAN_POINT ( 'NONE',  ( 3.999999999999996400, 5.461608615131721900E-015, -24.24999999999994700 ) ) ;
#1698 = DIRECTION ( 'NONE',  ( -0.0000000000000000000, -0.0000000000000000000, -1.000000000000000000 ) ) ;
#1699 = APPLICATION_PROTOCOL_DEFINITION ( 'international standard', 'config_control_design', 1994, #474 ) ;
#1700 = ORIENTED_EDGE ( 'NONE', *, *, #1143, .T. ) ;
#1701 = EDGE_CURVE ( 'NONE', #420, #6330, #943, .T. ) ;
#1702 = CARTESIAN_POINT ( 'NONE',  ( -5.586370142149013400E-014, 4.000000000000000000, -0.1249999999999905600 ) ) ;
#1703 = CARTESIAN_POINT ( 'NONE',  ( 1.934401076758432100, 3.350480947161698500, -4.708333333333317900 ) ) ;
#1704 = VERTEX_POINT ( 'NONE', #1551 ) ;
#1705 = DIRECTION ( 'NONE',  ( 0.8191520442889934600, 1.003171929053526700E-016, -0.5735764363510437200 ) ) ;
#1706 = DIRECTION ( 'NONE',  ( 0.0000000000000000000, 0.0000000000000000000, 1.000000000000000000 ) ) ;
#1707 = CARTESIAN_POINT ( 'NONE',  ( -4.618802153517005800, -6.535430629823232500E-014, -26.74999999999994000 ) ) ;
#1708 = CARTESIAN_POINT ( 'NONE',  ( -3.350480947161662100, -8.715332896486790000E-016, -1.249999999999994000 ) ) ;
#1709 = ORIENTED_EDGE ( 'NONE', *, *, #5217, .F. ) ;
#1710 = DIRECTION ( 'NONE',  ( 1.000000000000000000, 0.0000000000000000000, 0.0000000000000000000 ) ) ;
#1711 = FACE_OUTER_BOUND ( 'NONE', #7628, .T. ) ;
#1712 = CARTESIAN_POINT ( 'NONE',  ( -2.901601615137771700, 1.675240473580788000, -10.33333333333330600 ) ) ;
#1713 =( BOUNDED_CURVE ( )  B_SPLINE_CURVE ( 2, ( #7168, #7798, #6506, #411, #3516, #7770, #5983, #7595, #7012 ),
 .UNSPECIFIED., .F., .T. ) 
 B_SPLINE_CURVE_WITH_KNOTS ( ( 3, 2, 2, 2, 3 ),
 ( 0.08333333333333341200, 0.08585858585858585600, 0.09090909090909091200, 0.09595959595959595300, 0.09848484848484856400 ),
 .UNSPECIFIED. ) 
 CURVE ( )  GEOMETRIC_REPRESENTATION_ITEM ( )  RATIONAL_B_SPLINE_CURVE ( ( 0.9330127018922194100, 0.9330127018922214100, 1.000000000000000000, 0.8660254037844387100, 1.000000000000000000, 0.8660254037844387100, 1.000000000000000000, 0.9330127018922171900, 0.9330127018922194100 ) ) 
 REPRESENTATION_ITEM ( '' )  );
#1714 = CARTESIAN_POINT ( 'NONE',  ( 3.350480947161659500, -1.981285678467997400E-014, -27.87499999999994700 ) ) ;
#1715 = CARTESIAN_POINT ( 'NONE',  ( -3.464101615137783700, 1.999999999999948500, -0.8333333333333296000 ) ) ;
#1716 = CARTESIAN_POINT ( 'NONE',  ( 1.934401076758450300, 3.350480947161689200, -17.70833333333329000 ) ) ;
#1717 = CARTESIAN_POINT ( 'NONE',  ( 1.934401076758444500, 3.350480947161691900, -3.583333333333319700 ) ) ;
#1718 = EDGE_LOOP ( 'NONE', ( #3995, #6564, #3749, #6959 ) ) ;
#1719 = CARTESIAN_POINT ( 'NONE',  ( -2.764222404442739500, -1.868177065832743500, -37.86387374173583000 ) ) ;
#1720 = CARTESIAN_POINT ( 'NONE',  ( 3.350480947161665700, -8.773435115796703100E-015, -13.87499999999997000 ) ) ;
#1721 = CARTESIAN_POINT ( 'NONE',  ( -3.350480947161662100, -8.715332896486790000E-016, -1.374999999999994200 ) ) ;
#1722 = CARTESIAN_POINT ( 'NONE',  ( 2.309401076758446100, 4.000000000000032000, -20.20833333333328200 ) ) ;
#1723 = ORIENTED_EDGE ( 'NONE', *, *, #1852, .T. ) ;
#1724 = FACE_OUTER_BOUND ( 'NONE', #5925, .T. ) ;
#1725 = CARTESIAN_POINT ( 'NONE',  ( -2.901601615137698900, -1.675240473580914300, -10.29166666666663800 ) ) ;
#1726 = CARTESIAN_POINT ( 'NONE',  ( -3.464101615137789500, 1.999999999999938900, -3.833333333333323300 ) ) ;
#1727 =( NAMED_UNIT ( * ) PLANE_ANGLE_UNIT ( ) SI_UNIT ( $, .RADIAN. ) );
#1728 = CARTESIAN_POINT ( 'NONE',  ( -3.464101615137783700, 1.999999999999948500, 1.041666666666673600 ) ) ;
#1729 = CARTESIAN_POINT ( 'NONE',  ( 2.260339300552965300, -3.209943032684006200, -0.5745763495586795300 ) ) ;
#1730 = CARTESIAN_POINT ( 'NONE',  ( 8.330074156748355900E-014, -4.000000000000000000, -12.49999999999997000 ) ) ;
#1731 = DIRECTION ( 'NONE',  ( -1.000000000000000000, 0.0000000000000000000, 0.0000000000000000000 ) ) ;
#1732 = CARTESIAN_POINT ( 'NONE',  ( -3.350480947161659500, 2.719183863703878900E-014, -16.37499999999996400 ) ) ;
#1733 = EDGE_LOOP ( 'NONE', ( #7169, #4997, #4081, #4606 ) ) ;
#1734 = CARTESIAN_POINT ( 'NONE',  ( 3.350480947161662100, 4.103155767545721900E-016, 0.0000000000000000000 ) ) ;
#1735 = CARTESIAN_POINT ( 'NONE',  ( -2.309401076758561500, 3.999999999999966200, -25.91666666666661100 ) ) ;
#1736 = ORIENTED_EDGE ( 'NONE', *, *, #3131, .T. ) ;
#1737 = DIRECTION ( 'NONE',  ( 1.000000000000000000, 0.0000000000000000000, 0.0000000000000000000 ) ) ;
#1738 = CARTESIAN_POINT ( 'NONE',  ( -3.464101615137799700, 1.999999999999920700, -9.958333333333303700 ) ) ;
#1739 = CARTESIAN_POINT ( 'NONE',  ( 3.350480947161659500, 4.648177544792955000E-015, -23.74999999999994700 ) ) ;
#1740 =( BOUNDED_CURVE ( )  B_SPLINE_CURVE ( 2, ( #634, #7898, #736, #3119, #4929, #1297, #2497, #6787, #7427 ),
 .UNSPECIFIED., .F., .T. ) 
 B_SPLINE_CURVE_WITH_KNOTS ( ( 3, 2, 2, 2, 3 ),
 ( 0.6742424242424244200, 0.6767676767676768000, 0.6818181818181817700, 0.6868686868686868500, 0.6893939393939395600 ),
 .UNSPECIFIED. ) 
 CURVE ( )  GEOMETRIC_REPRESENTATION_ITEM ( )  RATIONAL_B_SPLINE_CURVE ( ( 0.9330127018922194100, 0.9330127018922238500, 1.000000000000000000, 0.8660254037844387100, 1.000000000000000000, 0.8660254037844387100, 1.000000000000000000, 0.9330127018922149700, 0.9330127018922194100 ) ) 
 REPRESENTATION_ITEM ( '' )  );
#1741 = EDGE_CURVE ( 'NONE', #7471, #595, #3548, .T. ) ;
#1742 = CARTESIAN_POINT ( 'NONE',  ( -2.901601615137771700, 1.675240473580788000, -17.33333333333329000 ) ) ;
#1743 = ORIENTED_EDGE ( 'NONE', *, *, #63, .F. ) ;
#1744 = CARTESIAN_POINT ( 'NONE',  ( 1.934401076758581100, -3.350480947161613700, -16.04166666666662900 ) ) ;
#1745 = ORIENTED_EDGE ( 'NONE', *, *, #1800, .F. ) ;
#1746 = CARTESIAN_POINT ( 'NONE',  ( -3.464101615137725500, -2.000000000000050200, -5.666666666666652800 ) ) ;
#1747 = CARTESIAN_POINT ( 'NONE',  ( 1.934401076758450300, 3.350480947161689200, -20.70833333333328200 ) ) ;
#1748 = CARTESIAN_POINT ( 'NONE',  ( -1.934401076758561300, 3.350480947161624400, -7.541666666666644800 ) ) ;
#1749 =( BOUNDED_CURVE ( )  B_SPLINE_CURVE ( 2, ( #6684, #2744, #4005, #4596, #2137, #5829, #6482, #4623, #1002 ),
 .UNSPECIFIED., .F., .F. ) 
 B_SPLINE_CURVE_WITH_KNOTS ( ( 3, 2, 2, 2, 3 ),
 ( 0.9166666666666668500, 0.9191919191919192300, 0.9242424242424242000, 0.9292929292929292800, 0.9318181818181819900 ),
 .UNSPECIFIED. ) 
 CURVE ( )  GEOMETRIC_REPRESENTATION_ITEM ( )  RATIONAL_B_SPLINE_CURVE ( ( 0.9330127018922194100, 0.9330127018922238500, 1.000000000000000000, 0.8660254037844387100, 1.000000000000000000, 0.8660254037844387100, 1.000000000000000000, 0.9330127018922149700, 0.9330127018922194100 ) ) 
 REPRESENTATION_ITEM ( '' )  );
#1750 = CARTESIAN_POINT ( 'NONE',  ( -1.756368997294210300, -2.450061501753628700, -37.53526225536037200 ) ) ;
#1751 = CARTESIAN_POINT ( 'NONE',  ( -1.934401076758567800, 3.350480947161621700, -14.41666666666662900 ) ) ;
#1752 = EDGE_CURVE ( 'NONE', #3490, #7929, #3361, .T. ) ;
#1753 = CARTESIAN_POINT ( 'NONE',  ( -3.999999999999996400, 1.882511905641147000E-014, -11.74999999999997500 ) ) ;
#1754 = VERTEX_POINT ( 'NONE', #1739 ) ;
#1755 = CARTESIAN_POINT ( 'NONE',  ( -5.586370142149013400E-014, 4.000000000000000000, -19.12499999999995000 ) ) ;
#1756 = CARTESIAN_POINT ( 'NONE',  ( -3.464101615137805900, 1.999999999999910700, -22.83333333333328200 ) ) ;
#1757 = CARTESIAN_POINT ( 'NONE',  ( -2.309401076758575300, 3.999999999999958300, -3.916666666666655900 ) ) ;
#1758 = CARTESIAN_POINT ( 'NONE',  ( 2.309401076758446100, 4.000000000000032000, 0.7916666666666739600 ) ) ;
#1759 = CARTESIAN_POINT ( 'NONE',  ( 1.934401076758605500, -3.350480947161599900, -17.04166666666662500 ) ) ;
#1760 = CARTESIAN_POINT ( 'NONE',  ( 3.464101615137841000, -1.999999999999849500, -22.33333333333328200 ) ) ;
#1761 = CARTESIAN_POINT ( 'NONE',  ( -2.901601615137682400, -1.675240473580942500, -21.16666666666661800 ) ) ;
#1762 = CARTESIAN_POINT ( 'NONE',  ( -3.464101615137696700, -2.000000000000101300, -11.79166666666663200 ) ) ;
#1763 = AXIS2_PLACEMENT_3D ( 'NONE', #7539, #157, #3213 ) ;
#1764 = CARTESIAN_POINT ( 'NONE',  ( 4.618802153517005800, 6.478866617091239000E-014, -28.24999999999993600 ) ) ;
#1765 = CARTESIAN_POINT ( 'NONE',  ( 3.350480947161662100, 6.797959659259697200E-015, -2.874999999999990700 ) ) ;
#1766 = EDGE_CURVE ( 'NONE', #4082, #4646, #5541, .T. ) ;
#1768 = CARTESIAN_POINT ( 'NONE',  ( 8.134130668884778400E-014, -4.000000000000000000, -9.624999999999969800 ) ) ;
#1767 = FACE_OUTER_BOUND ( 'NONE', #7919, .T. ) ;
#1769 = CARTESIAN_POINT ( 'NONE',  ( -3.464101615137835200, 1.999999999999859900, -23.95833333333327200 ) ) ;
#1770 = CARTESIAN_POINT ( 'NONE',  ( -1.934401076758449900, -3.350480947161689600, -15.08333333333329300 ) ) ;
#1771 = DIRECTION ( 'NONE',  ( 0.0000000000000000000, 0.9238795325112862900, -0.3826834323650909500 ) ) ;
#1772 = ORIENTED_EDGE ( 'NONE', *, *, #7561, .F. ) ;
#1773 = CARTESIAN_POINT ( 'NONE',  ( 3.464101615137726400, 2.000000000000048800, -6.166666666666651000 ) ) ;
#1774 = ADVANCED_FACE ( 'NONE', ( #2668 ), #6126, .T. ) ;
#1775 = CARTESIAN_POINT ( 'NONE',  ( 2.901601615137722900, 1.675240473580871900, -20.79166666666661800 ) ) ;
#1776 = DIRECTION ( 'NONE',  ( -1.000000000000000000, 0.0000000000000000000, 0.0000000000000000000 ) ) ;
#1777 = DIRECTION ( 'NONE',  ( 0.0000000000000000000, 0.0000000000000000000, 1.000000000000000000 ) ) ;
#1778 = CARTESIAN_POINT ( 'NONE',  ( 3.350480947161668800, 0.8977586640478885100, -20.83034180126143300 ) ) ;
#1779 = CARTESIAN_POINT ( 'NONE',  ( 2.309401076758560200, -3.999999999999966700, -20.54166666666661500 ) ) ;
#1780 = VERTEX_POINT ( 'NONE', #2947 ) ;
#1781 = CARTESIAN_POINT ( 'NONE',  ( -3.350480947161656300, 0.8977586640477930300, -12.41965819873849100 ) ) ;
#1782 = CARTESIAN_POINT ( 'NONE',  ( -4.706073476491882900E-014, 3.369682535702161400, -29.48891395768721000 ) ) ;
#1783 = CARTESIAN_POINT ( 'NONE',  ( 4.000000000000005300, -1.243387493232115400E-014, -12.24999999999997700 ) ) ;
#1784 = CARTESIAN_POINT ( 'NONE',  ( -1.934401076758376800, -3.350480947161732300, -28.08333333333326800 ) ) ;
#1785 = VECTOR ( 'NONE', #939, 1000.000000000000000 ) ;
#1786 = EDGE_LOOP ( 'NONE', ( #79, #942, #6139, #1213 ) ) ;
#1787 = EDGE_CURVE ( 'NONE', #180, #7153, #5879, .T. ) ;
#1788 = CARTESIAN_POINT ( 'NONE',  ( -3.350480947161662100, 0.0000000000000000000, 0.0000000000000000000 ) ) ;
#1789 = AXIS2_PLACEMENT_3D ( 'NONE', #1884, #3712, #4926 ) ;
#1790 = CARTESIAN_POINT ( 'NONE',  ( -3.350480947161659500, 1.103942166888326800E-014, -12.24999999999997300 ) ) ;
#1791 = CARTESIAN_POINT ( 'NONE',  ( -3.464101615137725500, -2.000000000000050200, -31.66666666666659300 ) ) ;
#1792 = ORIENTED_EDGE ( 'NONE', *, *, #6262, .T. ) ;
#1793 = AXIS2_PLACEMENT_3D ( 'NONE', #6014, #1086, #1148 ) ;
#1794 = CARTESIAN_POINT ( 'NONE',  ( -3.464101615137797000, 1.999999999999925800, -4.833333333333320600 ) ) ;
#1795 = DIRECTION ( 'NONE',  ( 0.0000000000000000000, 0.0000000000000000000, 1.000000000000000000 ) ) ;
#1796 = ORIENTED_EDGE ( 'NONE', *, *, #7900, .F. ) ;
#1797 = CARTESIAN_POINT ( 'NONE',  ( -1.934401076758449900, -3.350480947161689600, -13.08333333333330000 ) ) ;
#1798 = CARTESIAN_POINT ( 'NONE',  ( 1.107427335585696800E-013, -4.000000000000000000, -10.62499999999996800 ) ) ;
#1799 = ORIENTED_EDGE ( 'NONE', *, *, #182, .F. ) ;
#1800 = EDGE_CURVE ( 'NONE', #7875, #5249, #5244, .T. ) ;
#1801 = CARTESIAN_POINT ( 'NONE',  ( 3.464101615137726400, 2.000000000000048800, -4.166666666666655400 ) ) ;
#1802 = CARTESIAN_POINT ( 'NONE',  ( 2.901601615137722900, 1.675240473580871900, -17.79166666666662500 ) ) ;
#1803 = DIRECTION ( 'NONE',  ( -1.000000000000000000, 0.0000000000000000000, 0.0000000000000000000 ) ) ;
#1804 = CARTESIAN_POINT ( 'NONE',  ( 2.309401076758574900, -3.999999999999958300, -3.416666666666657200 ) ) ;
#1805 = CARTESIAN_POINT ( 'NONE',  ( -3.350480947161665200, 1.394453263437886600E-015, -15.24999999999996300 ) ) ;
#1806 = CARTESIAN_POINT ( 'NONE',  ( 7.840215437089414000E-014, -4.000000000000000000, -6.624999999999976000 ) ) ;
#1807 = ORIENTED_EDGE ( 'NONE', *, *, #7084, .T. ) ;
#1808 = CARTESIAN_POINT ( 'NONE',  ( -3.464101615137725500, -2.000000000000050200, -19.79166666666661500 ) ) ;
#1809 = LINE ( 'NONE', #6629, #3641 ) ;
#1810 = CARTESIAN_POINT ( 'NONE',  ( -1.934401076758546400, 3.350480947161633700, 0.4583333333333378100 ) ) ;
#1811 = DIRECTION ( 'NONE',  ( 1.000000000000000000, 0.0000000000000000000, 0.0000000000000000000 ) ) ;
#1812 = SECURITY_CLASSIFICATION_LEVEL ( 'unclassified' ) ;
#1813 = EDGE_CURVE ( 'NONE', #6683, #420, #5927, .T. ) ;
#1814 = CARTESIAN_POINT ( 'NONE',  ( 4.618802153517005800, 6.478866617091239000E-014, -7.374999999999975100 ) ) ;
#1815 = CARTESIAN_POINT ( 'NONE',  ( -3.350480947161672300, -0.8977586640478483200, -17.33034180126144000 ) ) ;
#1816 = ADVANCED_FACE ( 'NONE', ( #4113 ), #6489, .T. ) ;
#1817 = CARTESIAN_POINT ( 'NONE',  ( -3.350480947161662600, 0.8977586640477976900, -5.419658198738504900 ) ) ;
#1818 = ORIENTED_EDGE ( 'NONE', *, *, #7643, .F. ) ;
#1819 = VECTOR ( 'NONE', #622, 1000.000000000000000 ) ;
#1820 = CARTESIAN_POINT ( 'NONE',  ( -3.999999999999996400, 3.242103837493085700E-014, -15.87499999999996300 ) ) ;
#1821 = CARTESIAN_POINT ( 'NONE',  ( -4.000000000000000000, -1.045839947578414800E-015, -0.8749999999999916700 ) ) ;
#1822 = CARTESIAN_POINT ( 'NONE',  ( -2.309401076758561500, 3.999999999999966200, -30.91666666666660000 ) ) ;
#1823 =( BOUNDED_CURVE ( )  B_SPLINE_CURVE ( 2, ( #7853, #5391, #6012, #1759, #6041, #6124, #5442, #1815, #4210 ),
 .UNSPECIFIED., .F., .T. ) 
 B_SPLINE_CURVE_WITH_KNOTS ( ( 3, 2, 2, 2, 3 ),
 ( 0.5530303030303032100, 0.5555555555555555800, 0.5606060606060605500, 0.5656565656565656400, 0.5681818181818183400 ),
 .UNSPECIFIED. ) 
 CURVE ( )  GEOMETRIC_REPRESENTATION_ITEM ( )  RATIONAL_B_SPLINE_CURVE ( ( 0.9330127018922194100, 0.9330127018922238500, 1.000000000000000000, 0.8660254037844387100, 1.000000000000000000, 0.8660254037844387100, 1.000000000000000000, 0.9330127018922149700, 0.9330127018922194100 ) ) 
 REPRESENTATION_ITEM ( '' )  );
#1824 = CARTESIAN_POINT ( 'NONE',  ( -4.000000000000000900, -8.250515142007494700E-015, -8.749999999999982200 ) ) ;
#1825 = CARTESIAN_POINT ( 'NONE',  ( -4.000000000000000000, 4.898587196589412800E-016, -30.00000000000000000 ) ) ;
#1826 = CARTESIAN_POINT ( 'NONE',  ( 2.309401076758315100, 4.000000000000107500, -28.20833333333326100 ) ) ;
#1827 = ORIENTED_EDGE ( 'NONE', *, *, #7133, .T. ) ;
#1828 = CARTESIAN_POINT ( 'NONE',  ( 2.901601615137722900, 1.675240473580871900, -12.66666666666663400 ) ) ;
#1829 = DIRECTION ( 'NONE',  ( -0.0000000000000000000, -0.0000000000000000000, -1.000000000000000000 ) ) ;
#1830 = CARTESIAN_POINT ( 'NONE',  ( 2.309401076758560200, -3.999999999999966700, -3.416666666666657200 ) ) ;
#1831 = CARTESIAN_POINT ( 'NONE',  ( 2.309401076758423400, 4.000000000000045300, -6.083333333333317900 ) ) ;
#1832 = CARTESIAN_POINT ( 'NONE',  ( 2.901601615137722900, 1.675240473580871900, -22.79166666666661500 ) ) ;
#1833 = VERTEX_POINT ( 'NONE', #7285 ) ;
#1834 = CARTESIAN_POINT ( 'NONE',  ( 1.934401076758578600, -3.350480947161614600, -14.04166666666663100 ) ) ;
#1835 = CONICAL_SURFACE ( 'NONE', #473, 6.499999999999999100, 0.7853981633974492800 ) ;
#1836 = DIRECTION ( 'NONE',  ( -0.0000000000000000000, -0.0000000000000000000, 1.000000000000000000 ) ) ;
#1837 = CARTESIAN_POINT ( 'NONE',  ( -3.464101615137713500, -2.000000000000072400, -6.791666666666643900 ) ) ;
#1838 = CARTESIAN_POINT ( 'NONE',  ( 2.309401076758446100, 4.000000000000032000, -24.20833333333327500 ) ) ;
#1839 = CARTESIAN_POINT ( 'NONE',  ( -2.901601615137771700, 1.675240473580788000, -0.4583333333333268800 ) ) ;
#1840 = CARTESIAN_POINT ( 'NONE',  ( -3.350480947161660800, -0.8977586640478632000, -3.205341801261468100 ) ) ;
#1841 = VERTEX_POINT ( 'NONE', #4096 ) ;
#1842 = VERTEX_POINT ( 'NONE', #2353 ) ;
#1843 = CARTESIAN_POINT ( 'NONE',  ( 3.464101615137726400, 2.000000000000048800, -5.291666666666645600 ) ) ;
#1844 = AXIS2_PLACEMENT_3D ( 'NONE', #1050, #5325, #3449 ) ;
#1845 = CARTESIAN_POINT ( 'NONE',  ( 3.350480947161662100, 5.752119711681282000E-015, -5.874999999999984900 ) ) ;
#1846 = CARTESIAN_POINT ( 'NONE',  ( 3.464101615137790800, -1.999999999999937200, -6.333333333333317900 ) ) ;
#1847 = SHAPE_DEFINITION_REPRESENTATION ( #6122, #4523 ) ;
#1848 = CARTESIAN_POINT ( 'NONE',  ( 5.635356014114907400E-014, -4.000000000000000000, -29.49999999999993200 ) ) ;
#1849 = EDGE_LOOP ( 'NONE', ( #2182, #5159, #7356, #3722 ) ) ;
#1850 = DIRECTION ( 'NONE',  ( -1.000000000000000000, 0.0000000000000000000, 0.0000000000000000000 ) ) ;
#1851 =( BOUNDED_CURVE ( )  B_SPLINE_CURVE ( 2, ( #3419, #2866, #3445, #7712, #1558, #5920, #2231, #400, #7129 ),
 .UNSPECIFIED., .F., .T. ) 
 B_SPLINE_CURVE_WITH_KNOTS ( ( 3, 2, 2, 2, 3 ),
 ( 0.5833333333333334800, 0.5858585858585858600, 0.5909090909090909400, 0.5959595959595959100, 0.5984848484848486200 ),
 .UNSPECIFIED. ) 
 CURVE ( )  GEOMETRIC_REPRESENTATION_ITEM ( )  RATIONAL_B_SPLINE_CURVE ( ( 0.9330127018922194100, 0.9330127018922238500, 1.000000000000000000, 0.8660254037844387100, 1.000000000000000000, 0.8660254037844387100, 1.000000000000000000, 0.9330127018922149700, 0.9330127018922194100 ) ) 
 REPRESENTATION_ITEM ( '' )  );
#1852 = EDGE_CURVE ( 'NONE', #3639, #3083, #7557, .T. ) ;
#1853 = CARTESIAN_POINT ( 'NONE',  ( 3.350480947161662100, -3.137519842735245200E-015, -6.874999999999983100 ) ) ;
#1854 =( BOUNDED_CURVE ( )  B_SPLINE_CURVE ( 2, ( #7033, #7640, #3998, #5846, #2690, #6986, #7593, #5296, #4743 ),
 .UNSPECIFIED., .F., .F. ) 
 B_SPLINE_CURVE_WITH_KNOTS ( ( 3, 2, 2, 2, 3 ),
 ( 0.08333333333333341200, 0.08585858585858585600, 0.09090909090909091200, 0.09595959595959595300, 0.09848484848484856400 ),
 .UNSPECIFIED. ) 
 CURVE ( )  GEOMETRIC_REPRESENTATION_ITEM ( )  RATIONAL_B_SPLINE_CURVE ( ( 0.9330127018922194100, 0.9330127018922214100, 1.000000000000000000, 0.8660254037844387100, 1.000000000000000000, 0.8660254037844387100, 1.000000000000000000, 0.9330127018922171900, 0.9330127018922194100 ) ) 
 REPRESENTATION_ITEM ( '' )  );
#1855 = CARTESIAN_POINT ( 'NONE',  ( 1.934401076758450300, 3.350480947161689200, -16.58333333333329700 ) ) ;
#1856 = CALENDAR_DATE ( 2021, 9, 7 ) ;
#1857 = CARTESIAN_POINT ( 'NONE',  ( 3.350480947161676300, 0.8977586640478605300, -15.83034180126144400 ) ) ;
#1858 = VECTOR ( 'NONE', #3770, 1000.000000000000000 ) ;
#1859 = CARTESIAN_POINT ( 'NONE',  ( -2.309401076758561500, 3.999999999999966200, -8.916666666666644800 ) ) ;
#1861 = ADVANCED_FACE ( 'NONE', ( #3260 ), #2485, .T. ) ;
#1860 = ORIENTED_EDGE ( 'NONE', *, *, #3447, .F. ) ;
#1862 = DIRECTION ( 'NONE',  ( -0.0000000000000000000, -0.0000000000000000000, -1.000000000000000000 ) ) ;
#1863 = DIRECTION ( 'NONE',  ( -0.0000000000000000000, -0.0000000000000000000, -1.000000000000000000 ) ) ;
#1864 = VECTOR ( 'NONE', #5615, 1000.000000000000000 ) ;
#1865 = EDGE_CURVE ( 'NONE', #3843, #3429, #1247, .T. ) ;
#1866 = CARTESIAN_POINT ( 'NONE',  ( -3.464101615137799700, 1.999999999999920700, -10.83333333333330900 ) ) ;
#1867 = CARTESIAN_POINT ( 'NONE',  ( -4.618802153517005800, -6.535430629823232500E-014, -26.87499999999993600 ) ) ;
#1868 = EDGE_CURVE ( 'NONE', #1356, #6104, #4870, .T. ) ;
#1869 = CARTESIAN_POINT ( 'NONE',  ( 2.309401076758439400, 4.000000000000036400, -4.083333333333322400 ) ) ;
#1870 = AXIS2_PLACEMENT_3D ( 'NONE', #2597, #7499, #5652 ) ;
#1871 = CARTESIAN_POINT ( 'NONE',  ( -3.464101615137725500, -2.000000000000050200, -3.791666666666649600 ) ) ;
#1872 = ORIENTED_EDGE ( 'NONE', *, *, #6741, .T. ) ;
#1873 = CARTESIAN_POINT ( 'NONE',  ( -3.239974556325913500, -2.388199453213073500, -0.6504916894494537900 ) ) ;
#1874 = CYLINDRICAL_SURFACE ( 'NONE', #6721, 4.000000000000000000 ) ;
#1875 = CARTESIAN_POINT ( 'NONE',  ( 3.464101615137812100, -1.999999999999900300, -19.45833333333328200 ) ) ;
#1876 = ORIENTED_EDGE ( 'NONE', *, *, #883, .F. ) ;
#1877 = CARTESIAN_POINT ( 'NONE',  ( 3.350480947161659500, -4.357666448243394800E-015, -10.74999999999997500 ) ) ;
#1878 = FACE_OUTER_BOUND ( 'NONE', #2209, .T. ) ;
#1879 = VERTEX_POINT ( 'NONE', #6778 ) ;
#1880 = DIRECTION ( 'NONE',  ( -0.0000000000000000000, -0.0000000000000000000, -1.000000000000000000 ) ) ;
#1881 = CARTESIAN_POINT ( 'NONE',  ( 2.901601615137770400, -1.675240473580789800, -17.83333333333329300 ) ) ;
#1882 = CARTESIAN_POINT ( 'NONE',  ( -3.350480947161662100, 0.0000000000000000000, 0.0000000000000000000 ) ) ;
#1883 = CARTESIAN_POINT ( 'NONE',  ( -2.309401076758445600, -4.000000000000032900, -7.583333333333314400 ) ) ;
#1884 = CARTESIAN_POINT ( 'NONE',  ( 0.0000000000000000000, 0.0000000000000000000, -30.00000000000000000 ) ) ;
#1885 = CARTESIAN_POINT ( 'NONE',  ( 3.350480947161662600, -3.660439816524453200E-015, -1.749999999999993600 ) ) ;
#1886 = AXIS2_PLACEMENT_3D ( 'NONE', #5135, #6362, #904 ) ;
#1887 = FACE_OUTER_BOUND ( 'NONE', #1733, .T. ) ;
#1888 = VERTEX_POINT ( 'NONE', #6545 ) ;
#1889 = ORIENTED_EDGE ( 'NONE', *, *, #1865, .T. ) ;
#1890 = CARTESIAN_POINT ( 'NONE',  ( 3.999999999999998200, 1.071796769724541900, -11.20534180126145800 ) ) ;
#1891 = CARTESIAN_POINT ( 'NONE',  ( 3.350480947161661700, 0.8977586640478587600, -0.7053418012614733900 ) ) ;
#1892 = CARTESIAN_POINT ( 'NONE',  ( 5.635356014114907400E-014, -4.000000000000000000, -24.62499999999994000 ) ) ;
#1893 = ORIENTED_EDGE ( 'NONE', *, *, #965, .F. ) ;
#1894 = CARTESIAN_POINT ( 'NONE',  ( 4.720288238941220100E-014, -3.350480947161662100, -0.1249999999999942500 ) ) ;
#1895 = ORIENTED_EDGE ( 'NONE', *, *, #3809, .F. ) ;
#1896 = CARTESIAN_POINT ( 'NONE',  ( -2.309401076758445600, -4.000000000000032900, -2.708333333333318800 ) ) ;
#1897 = ADVANCED_FACE ( 'NONE', ( #6401 ), #1532, .T. ) ;
#1898 = DIRECTION ( 'NONE',  ( -1.000000000000000000, 0.0000000000000000000, 0.0000000000000000000 ) ) ;
#1899 = EDGE_CURVE ( 'NONE', #3841, #4736, #4124, .T. ) ;
#1900 = DIRECTION ( 'NONE',  ( 1.000000000000000000, 0.0000000000000000000, 0.0000000000000000000 ) ) ;
#1901 = AXIS2_PLACEMENT_3D ( 'NONE', #7857, #4214, #619 ) ;
#1902 = CARTESIAN_POINT ( 'NONE',  ( 3.999999999999996400, -1.185285273922203500E-014, -20.37499999999995000 ) ) ;
#1903 = CARTESIAN_POINT ( 'NONE',  ( -2.901601615137720600, -1.675240473580876100, -0.2916666666666605800 ) ) ;
#1904 = AXIS2_PLACEMENT_3D ( 'NONE', #3266, #1583, #5871 ) ;
#1905 = CARTESIAN_POINT ( 'NONE',  ( 3.350480947161654600, -0.8977586640477872600, -15.79465819873848700 ) ) ;
#1906 = ORIENTED_EDGE ( 'NONE', *, *, #7403, .T. ) ;
#1907 = CARTESIAN_POINT ( 'NONE',  ( 3.999999999999996400, -7.785697387528199800E-015, -25.24999999999994700 ) ) ;
#1908 = EDGE_LOOP ( 'NONE', ( #2265, #5229, #7214, #2519 ) ) ;
#1909 = CARTESIAN_POINT ( 'NONE',  ( 3.868802153516995600, 5.426829789941481600E-014, -20.74999999999995400 ) ) ;
#1910 = EDGE_CURVE ( 'NONE', #1404, #7831, #7940, .T. ) ;
#1911 = CARTESIAN_POINT ( 'NONE',  ( -3.464101615137725500, -2.000000000000050200, -8.666666666666646500 ) ) ;
#1912 = VERTEX_POINT ( 'NONE', #3053 ) ;
#1913 = CYLINDRICAL_SURFACE ( 'NONE', #6860, 3.350480947161662100 ) ;
#1914 = CARTESIAN_POINT ( 'NONE',  ( 2.309401076758562900, -3.999999999999964900, -5.416666666666653600 ) ) ;
#1915 = CARTESIAN_POINT ( 'NONE',  ( 1.934401076758428500, 3.350480947161701200, -8.708333333333309100 ) ) ;
#1916 = CARTESIAN_POINT ( 'NONE',  ( 5.635356014114907400E-014, -4.000000000000000000, -25.62499999999993600 ) ) ;
#1917 = ORIENTED_EDGE ( 'NONE', *, *, #5550, .F. ) ;
#1918 = FACE_OUTER_BOUND ( 'NONE', #5992, .T. ) ;
#1919 = CARTESIAN_POINT ( 'NONE',  ( -3.868802153516995600, -5.474208951679871200E-014, -2.374999999999989800 ) ) ;
#1920 = CARTESIAN_POINT ( 'NONE',  ( -3.999999999999987100, -1.071796769724577600, -28.70534180126141900 ) ) ;
#1921 = EDGE_CURVE ( 'NONE', #304, #5526, #5650, .T. ) ;
#1922 = CARTESIAN_POINT ( 'NONE',  ( -3.464101615137783700, 1.999999999999948500, -3.958333333333315300 ) ) ;
#1923 = CARTESIAN_POINT ( 'NONE',  ( -4.000000000000001800, -1.071796769724523600, -1.830341801261467400 ) ) ;
#1924 = CARTESIAN_POINT ( 'NONE',  ( 3.350480947161659500, -4.357666448243394800E-015, -10.87499999999997300 ) ) ;
#1925 = DIRECTION ( 'NONE',  ( 0.0000000000000000000, 0.0000000000000000000, 1.000000000000000000 ) ) ;
#1926 = CARTESIAN_POINT ( 'NONE',  ( 3.999999999999996400, -4.624936657068990400E-014, -16.37499999999996100 ) ) ;
#1927 = ORIENTED_EDGE ( 'NONE', *, *, #7939, .T. ) ;
#1928 = CARTESIAN_POINT ( 'NONE',  ( 9.604287932018360200E-014, -3.350480947161662100, -15.12499999999996300 ) ) ;
#1929 = CARTESIAN_POINT ( 'NONE',  ( -4.000000000000000900, 3.834746474454188000E-015, -2.749999999999994700 ) ) ;
#1930 = CYLINDRICAL_SURFACE ( 'NONE', #5337, 4.000000000000000000 ) ;
#1931 = DIRECTION ( 'NONE',  ( 1.000000000000000000, 0.0000000000000000000, 0.0000000000000000000 ) ) ;
#1932 = CARTESIAN_POINT ( 'NONE',  ( -3.350480947161662100, 0.8977586640477985800, -4.294658198738507500 ) ) ;
#1933 = CARTESIAN_POINT ( 'NONE',  ( 3.999999999999997300, -1.071796769724451700, -3.419658198738506200 ) ) ;
#1934 = CARTESIAN_POINT ( 'NONE',  ( -1.934401076758546400, 3.350480947161633700, -19.41666666666662200 ) ) ;
#1935 = VERTEX_POINT ( 'NONE', #674 ) ;
#1936 = VERTEX_POINT ( 'NONE', #2460 ) ;
#1937 = CARTESIAN_POINT ( 'NONE',  ( 4.618802153517005800, 6.478866617091239000E-014, -10.24999999999997700 ) ) ;
#1938 = ADVANCED_FACE ( 'NONE', ( #7563 ), #6311, .T. ) ;
#1939 = CARTESIAN_POINT ( 'NONE',  ( -2.901601615137815700, 1.675240473580710700, -28.45833333333326800 ) ) ;
#1940 = CARTESIAN_POINT ( 'NONE',  ( -1.934401076758360400, -3.350480947161740700, -19.08333333333329000 ) ) ;
#1941 = ORIENTED_EDGE ( 'NONE', *, *, #2514, .F. ) ;
#1942 = CARTESIAN_POINT ( 'NONE',  ( 3.999999999999996400, 5.461608615131721900E-015, -24.24999999999994700 ) ) ;
#1943 = CARTESIAN_POINT ( 'NONE',  ( -3.464101615137725500, -2.000000000000050200, -27.79166666666659700 ) ) ;
#1944 = CARTESIAN_POINT ( 'NONE',  ( 2.901601615137722900, 1.675240473580871900, -5.791666666666648300 ) ) ;
#1945 = CARTESIAN_POINT ( 'NONE',  ( -3.350480947161662100, 5.112995299272251500E-015, -5.249999999999986700 ) ) ;
#1946 = CARTESIAN_POINT ( 'NONE',  ( 2.309401076758560200, -3.999999999999966700, -10.54166666666663600 ) ) ;
#1947 = CARTESIAN_POINT ( 'NONE',  ( 2.309401076758604600, -3.999999999999942300, -17.54166666666661800 ) ) ;
#1948 = EDGE_LOOP ( 'NONE', ( #4027, #1700, #4891, #6951 ) ) ;
#1949 = CARTESIAN_POINT ( 'NONE',  ( 2.999999999999996400, 1.732050807568880500, -33.50000000000000000 ) ) ;
#1950 = CARTESIAN_POINT ( 'NONE',  ( 2.901601615137702000, 1.675240473580908300, -16.66666666666662500 ) ) ;
#1951 = CARTESIAN_POINT ( 'NONE',  ( 4.000000000000008900, -1.071796769724406900, -21.41965819873847100 ) ) ;
#1952 =( BOUNDED_CURVE ( )  B_SPLINE_CURVE ( 2, ( #4787, #2894, #7782, #5373, #6606, #1657, #3497, #1071, #5915 ),
 .UNSPECIFIED., .F., .F. ) 
 B_SPLINE_CURVE_WITH_KNOTS ( ( 3, 2, 2, 2, 3 ),
 ( 0.09848484848484856400, 0.1010101010101010100, 0.1060606060606060600, 0.1111111111111111000, 0.1136363636363637200 ),
 .UNSPECIFIED. ) 
 CURVE ( )  GEOMETRIC_REPRESENTATION_ITEM ( )  RATIONAL_B_SPLINE_CURVE ( ( 0.9330127018922194100, 0.9330127018922216300, 1.000000000000000000, 0.8660254037844387100, 1.000000000000000000, 0.8660254037844387100, 1.000000000000000000, 0.9330127018922171900, 0.9330127018922194100 ) ) 
 REPRESENTATION_ITEM ( '' )  );
#1953 = CARTESIAN_POINT ( 'NONE',  ( -3.397238402433610200, -0.2537212962286682400, -0.2105926373541857900 ) ) ;
#1954 = CIRCLE ( 'NONE', #4223, 4.000000000000011500 ) ;
#1955 = EDGE_CURVE ( 'NONE', #7394, #1652, #790, .T. ) ;
#1956 = CARTESIAN_POINT ( 'NONE',  ( -3.464101615137714900, -2.000000000000069700, -3.791666666666649600 ) ) ;
#1957 = CARTESIAN_POINT ( 'NONE',  ( -1.934401076758449900, -3.350480947161689600, -20.08333333333329000 ) ) ;
#1958 = CC_DESIGN_PERSON_AND_ORGANIZATION_ASSIGNMENT ( #794, #3480, ( #2769 ) ) ;
#1959 = CONICAL_SURFACE ( 'NONE', #1677, 3.464101615137755700, 0.7853981633974500600 ) ;
#1960 = CARTESIAN_POINT ( 'NONE',  ( 4.618802153517005800, 6.478866617091239000E-014, -9.249999999999976900 ) ) ;
#1961 = CARTESIAN_POINT ( 'NONE',  ( -2.901601615137788100, 1.675240473580759100, -18.33333333333329000 ) ) ;
#1962 = FACE_OUTER_BOUND ( 'NONE', #2840, .T. ) ;
#1963 = EDGE_CURVE ( 'NONE', #7671, #3041, #4701, .T. ) ;
#1964 =( BOUNDED_CURVE ( )  B_SPLINE_CURVE ( 2, ( #4605, #3365, #4555, #7022, #4014, #5784, #2196, #368, #7626 ),
 .UNSPECIFIED., .F., .T. ) 
 B_SPLINE_CURVE_WITH_KNOTS ( ( 3, 2, 2, 2, 3 ),
 ( 0.4772727272727274000, 0.4797979797979797800, 0.4848484848484848600, 0.4898989898989898900, 0.4924242424242425400 ),
 .UNSPECIFIED. ) 
 CURVE ( )  GEOMETRIC_REPRESENTATION_ITEM ( )  RATIONAL_B_SPLINE_CURVE ( ( 0.9330127018922193000, 0.9330127018922229600, 1.000000000000000000, 0.8660254037844387100, 1.000000000000000000, 0.8660254037844387100, 1.000000000000000000, 0.9330127018922164100, 0.9330127018922194100 ) ) 
 REPRESENTATION_ITEM ( '' )  );
#1965 = CARTESIAN_POINT ( 'NONE',  ( 2.901601615137779300, -1.675240473580774900, -10.95833333333330400 ) ) ;
#1966 = CARTESIAN_POINT ( 'NONE',  ( 3.350480947161662100, -1.138803498474273900E-014, -8.874999999999980500 ) ) ;
#1967 = CARTESIAN_POINT ( 'NONE',  ( -2.309401076758445600, -4.000000000000032900, -29.70833333333326500 ) ) ;
#1968 = EDGE_CURVE ( 'NONE', #6623, #5140, #3297, .T. ) ;
#1969 = FACE_OUTER_BOUND ( 'NONE', #7080, .T. ) ;
#1970 = ORIENTED_EDGE ( 'NONE', *, *, #6020, .F. ) ;
#1971 = CARTESIAN_POINT ( 'NONE',  ( -3.868802153516995600, -5.474208951679871200E-014, -1.374999999999991600 ) ) ;
#1972 = CARTESIAN_POINT ( 'NONE',  ( -3.464101615137660700, -2.000000000000163900, -28.66666666666660000 ) ) ;
#1973 = CARTESIAN_POINT ( 'NONE',  ( 2.309401076758560200, -3.999999999999966700, -9.541666666666635900 ) ) ;
#1974 = CARTESIAN_POINT ( 'NONE',  ( -4.000000000000004400, -1.071796769724541600, -17.83034180126143700 ) ) ;
#1975 = ADVANCED_FACE ( 'NONE', ( #7280 ), #4013, .T. ) ;
#1976 = CARTESIAN_POINT ( 'NONE',  ( 0.0000000000000000000, 0.0000000000000000000, -38.00000000000000000 ) ) ;
#1977 = ORIENTED_EDGE ( 'NONE', *, *, #6462, .T. ) ;
#1978 = CARTESIAN_POINT ( 'NONE',  ( -2.309401076758339100, -4.000000000000095000, -18.70833333333328600 ) ) ;
#1979 = CARTESIAN_POINT ( 'NONE',  ( -3.350480947161665200, 1.394453263437886600E-015, -15.37499999999996300 ) ) ;
#1980 = CARTESIAN_POINT ( 'NONE',  ( -2.309401076758579300, 3.999999999999956000, -7.041666666666642100 ) ) ;
#1981 = CARTESIAN_POINT ( 'NONE',  ( 0.0000000000000000000, 0.0000000000000000000, 0.0000000000000000000 ) ) ;
#1982 = CARTESIAN_POINT ( 'NONE',  ( 4.000000000000000900, 6.856061878569608300E-015, -5.374999999999982200 ) ) ;
#1983 = LINE ( 'NONE', #1021, #4471 ) ;
#1984 = ORIENTED_EDGE ( 'NONE', *, *, #4289, .F. ) ;
#1985 = CARTESIAN_POINT ( 'NONE',  ( -4.679256681265764000E-014, 3.350480947161662100, -19.49999999999995400 ) ) ;
#1986 = CARTESIAN_POINT ( 'NONE',  ( -1.934401076758380100, -3.350480947161729200, -24.20833333333327500 ) ) ;
#1987 = ORIENTED_EDGE ( 'NONE', *, *, #5178, .T. ) ;
#1988 = CARTESIAN_POINT ( 'NONE',  ( -5.586370142149013400E-014, 4.000000000000000000, -14.99999999999996600 ) ) ;
#1989 = CARTESIAN_POINT ( 'NONE',  ( 4.000000000000005300, 2.324088772396477500E-015, -10.24999999999997900 ) ) ;
#1990 =( BOUNDED_CURVE ( )  B_SPLINE_CURVE ( 2, ( #2695, #921, #2666, #1521, #5795, #827, #5101, #3298, #7881 ),
 .UNSPECIFIED., .F., .T. ) 
 B_SPLINE_CURVE_WITH_KNOTS ( ( 3, 2, 2, 2, 3 ),
 ( 0.2803030303030303900, 0.2828282828282828200, 0.2878787878787879000, 0.2929292929292929300, 0.2954545454545455300 ),
 .UNSPECIFIED. ) 
 CURVE ( )  GEOMETRIC_REPRESENTATION_ITEM ( )  RATIONAL_B_SPLINE_CURVE ( ( 0.9330127018922194100, 0.9330127018922216300, 1.000000000000000000, 0.8660254037844387100, 1.000000000000000000, 0.8660254037844387100, 1.000000000000000000, 0.9330127018922171900, 0.9330127018922194100 ) ) 
 REPRESENTATION_ITEM ( '' )  );
#1991 = CARTESIAN_POINT ( 'NONE',  ( -7.153918045057625800E-014, 4.000000000000000000, -14.12499999999996100 ) ) ;
#1992 = CARTESIAN_POINT ( 'NONE',  ( 1.934401076758545600, -3.350480947161634100, -25.04166666666660400 ) ) ;
#1993 = ORIENTED_EDGE ( 'NONE', *, *, #6222, .T. ) ;
#1994 = CARTESIAN_POINT ( 'NONE',  ( -3.868802153516995600, -5.474208951679871900E-014, -0.2499999999999937300 ) ) ;
#1995 =( BOUNDED_CURVE ( )  B_SPLINE_CURVE ( 2, ( #2507, #3162, #2713, #4562, #3944, #2689, #1435, #5146, #6957 ),
 .UNSPECIFIED., .F., .F. ) 
 B_SPLINE_CURVE_WITH_KNOTS ( ( 3, 2, 2, 2, 3 ),
 ( 0.1287878787878788700, 0.1313131313131313300, 0.1363636363636363500, 0.1414141414141414100, 0.1439393939393940100 ),
 .UNSPECIFIED. ) 
 CURVE ( )  GEOMETRIC_REPRESENTATION_ITEM ( )  RATIONAL_B_SPLINE_CURVE ( ( 0.9330127018922194100, 0.9330127018922211900, 1.000000000000000000, 0.8660254037844387100, 1.000000000000000000, 0.8660254037844387100, 1.000000000000000000, 0.9330127018922175200, 0.9330127018922194100 ) ) 
 REPRESENTATION_ITEM ( '' )  );
#1996 = CARTESIAN_POINT ( 'NONE',  ( -2.901601615137722400, -1.675240473580873000, -3.291666666666654100 ) ) ;
#1997 = CARTESIAN_POINT ( 'NONE',  ( 3.464101615137782400, -1.999999999999950700, -8.458333333333305500 ) ) ;
#1998 = CARTESIAN_POINT ( 'NONE',  ( 0.0000000000000000000, 0.0000000000000000000, 0.0000000000000000000 ) ) ;
#1999 = DIRECTION ( 'NONE',  ( 0.0000000000000000000, 0.0000000000000000000, 1.000000000000000000 ) ) ;
#2000 = ORIENTED_EDGE ( 'NONE', *, *, #7232, .T. ) ;
#2001 = EDGE_CURVE ( 'NONE', #5367, #4277, #6727, .T. ) ;
#2002 = CYLINDRICAL_SURFACE ( 'NONE', #5510, 4.000000000000000000 ) ;
#2003 = CARTESIAN_POINT ( 'NONE',  ( -3.999999999999995600, 1.071796769724418400, -27.79465819873846000 ) ) ;
#2004 = CARTESIAN_POINT ( 'NONE',  ( -3.350480947161655000, 0.8977586640478083500, -11.41965819873849200 ) ) ;
#2005 = CARTESIAN_POINT ( 'NONE',  ( 4.000000000000000000, 1.071796769724536500, -7.330341801261455200 ) ) ;
#2006 = CARTESIAN_POINT ( 'NONE',  ( 1.264182125876558100E-013, -4.000000000000000000, -26.62499999999993200 ) ) ;
#2007 = CARTESIAN_POINT ( 'NONE',  ( -3.350480947161665200, 3.910279359557073600E-014, -17.24999999999996400 ) ) ;
#2008 = ORIENTED_EDGE ( 'NONE', *, *, #2525, .F. ) ;
#2009 = CARTESIAN_POINT ( 'NONE',  ( -2.901601615137722400, -1.675240473580873000, -28.16666666666660000 ) ) ;
#2010 = CARTESIAN_POINT ( 'NONE',  ( -3.350480947161660800, -0.8977586640478632000, -3.330341801261468500 ) ) ;
#2011 = EDGE_CURVE ( 'NONE', #1888, #1842, #5279, .T. ) ;
#2012 = CARTESIAN_POINT ( 'NONE',  ( 5.635356014114907400E-014, -4.000000000000000000, -16.49999999999996100 ) ) ;
#2013 = ADVANCED_FACE ( 'NONE', ( #3170 ), #2768, .T. ) ;
#2014 = VERTEX_POINT ( 'NONE', #5617 ) ;
#2015 = CARTESIAN_POINT ( 'NONE',  ( 3.999999999999994700, -1.071796769724452800, -8.419658198738494200 ) ) ;
#2016 = CARTESIAN_POINT ( 'NONE',  ( -3.350480947161659500, -4.822484202722690600E-015, -28.37499999999994300 ) ) ;
#2017 = CARTESIAN_POINT ( 'NONE',  ( 3.350480947161665700, -1.051650169509406100E-014, -11.87499999999997700 ) ) ;
#2018 = CARTESIAN_POINT ( 'NONE',  ( -3.350480947161658100, 0.8977586640477697200, -27.29465819873846000 ) ) ;
#2019 = CARTESIAN_POINT ( 'NONE',  ( -3.868802153516995600, -5.474208951679871200E-014, -28.37499999999993600 ) ) ;
#2020 = CARTESIAN_POINT ( 'NONE',  ( 3.868802153516995600, 5.426829789941481600E-014, 0.2500000000000054400 ) ) ;
#2021 = CARTESIAN_POINT ( 'NONE',  ( 2.901601615137770400, -1.675240473580789800, -4.958333333333316200 ) ) ;
#2022 = CARTESIAN_POINT ( 'NONE',  ( -2.309401076758584600, 3.999999999999953400, -12.91666666666663600 ) ) ;
#2023 = ORIENTED_EDGE ( 'NONE', *, *, #4056, .T. ) ;
#2024 = AXIS2_PLACEMENT_3D ( 'NONE', #673, #4390, #1850 ) ;
#2025 = VERTEX_POINT ( 'NONE', #4417 ) ;
#2026 = CARTESIAN_POINT ( 'NONE',  ( -4.618802153517005800, -6.535430629823232500E-014, -9.874999999999968000 ) ) ;
#2027 = CARTESIAN_POINT ( 'NONE',  ( -3.350480947161662100, 0.0000000000000000000, 0.0000000000000000000 ) ) ;
#2028 = CARTESIAN_POINT ( 'NONE',  ( -2.901601615137789900, 1.675240473580756200, -22.33333333333328200 ) ) ;
#2029 = CARTESIAN_POINT ( 'NONE',  ( -2.309401076758436300, -4.000000000000038200, -7.583333333333313500 ) ) ;
#2030 = VERTEX_POINT ( 'NONE', #1366 ) ;
#2031 = ORIENTED_EDGE ( 'NONE', *, *, #3553, .F. ) ;
#2032 = ORIENTED_EDGE ( 'NONE', *, *, #6174, .T. ) ;
#2033 = CARTESIAN_POINT ( 'NONE',  ( 2.309401076758615700, -3.999999999999935600, -29.54166666666659300 ) ) ;
#2034 = CARTESIAN_POINT ( 'NONE',  ( 3.350480947161668800, 0.8977586640478885100, -20.70534180126143700 ) ) ;
#2035 = DIRECTION ( 'NONE',  ( -0.0000000000000000000, -0.0000000000000000000, -1.000000000000000000 ) ) ;
#2036 = CARTESIAN_POINT ( 'NONE',  ( 4.000000000000011500, 2.002967142162725300E-029, -29.74999999999999600 ) ) ;
#2037 = CARTESIAN_POINT ( 'NONE',  ( 2.901601615137770400, -1.675240473580789800, -25.83333333333327500 ) ) ;
#2038 = CARTESIAN_POINT ( 'NONE',  ( -3.999999999999996400, 2.544877205774143000E-014, -25.74999999999994000 ) ) ;
#2039 = CARTESIAN_POINT ( 'NONE',  ( -3.464101615137783700, 1.999999999999948500, -12.83333333333330400 ) ) ;
#2040 = ORIENTED_EDGE ( 'NONE', *, *, #2630, .F. ) ;
#2041 = DIRECTION ( 'NONE',  ( 0.5000000000000004400, -0.8660254037844384900, 0.0000000000000000000 ) ) ;
#2042 = CARTESIAN_POINT ( 'NONE',  ( -3.369830172403186300, 1.343408567808301200, -29.59337532539219900 ) ) ;
#2043 = CARTESIAN_POINT ( 'NONE',  ( 4.720288238941220100E-014, -3.350480947161662100, -27.12499999999993600 ) ) ;
#2044 = CARTESIAN_POINT ( 'NONE',  ( -1.934401076758449900, -3.350480947161689600, 0.9166666666666707400 ) ) ;
#2045 = ORIENTED_EDGE ( 'NONE', *, *, #4333, .T. ) ;
#2046 = EDGE_CURVE ( 'NONE', #4397, #4250, #6368, .T. ) ;
#2047 = CARTESIAN_POINT ( 'NONE',  ( 2.901601615137770400, -1.675240473580789800, -7.958333333333309900 ) ) ;
#2048 = AXIS2_PLACEMENT_3D ( 'NONE', #4996, #5561, #5644 ) ;
#2049 = CARTESIAN_POINT ( 'NONE',  ( -5.586370142149013400E-014, 4.000000000000000000, -9.124999999999971600 ) ) ;
#2050 = VECTOR ( 'NONE', #583, 1000.000000000000000 ) ;
#2051 = CARTESIAN_POINT ( 'NONE',  ( 0.0000000000000000000, 0.0000000000000000000, -30.00000000000000000 ) ) ;
#2052 = ADVANCED_FACE ( 'NONE', ( #937 ), #569, .T. ) ;
#2053 = CARTESIAN_POINT ( 'NONE',  ( 3.350480947161659500, -3.869607806040135100E-014, -16.87499999999996400 ) ) ;
#2054 = LINE ( 'NONE', #335, #2435 ) ;
#2055 = CARTESIAN_POINT ( 'NONE',  ( 3.999999999999997300, -1.071796769724442800, -18.41965819873847500 ) ) ;
#2056 = CARTESIAN_POINT ( 'NONE',  ( -3.464101615137789000, 1.999999999999939800, -1.958333333333319700 ) ) ;
#2057 = CARTESIAN_POINT ( 'NONE',  ( 3.350480947161665200, -2.672702088255949100E-014, -15.87499999999996600 ) ) ;
#2058 = CARTESIAN_POINT ( 'NONE',  ( -2.901601615137777900, 1.675240473580776000, -23.33333333333327900 ) ) ;
#2059 = ORIENTED_EDGE ( 'NONE', *, *, #6990, .T. ) ;
#2060 = EDGE_CURVE ( 'NONE', #76, #1754, #1023, .T. ) ;
#2061 = FACE_OUTER_BOUND ( 'NONE', #735, .T. ) ;
#2062 = DIRECTION ( 'NONE',  ( -1.000000000000000000, 0.0000000000000000000, 0.0000000000000000000 ) ) ;
#2063 = CARTESIAN_POINT ( 'NONE',  ( -3.868802153516995600, -5.474208951679871900E-014, -24.24999999999994300 ) ) ;
#2064 = CARTESIAN_POINT ( 'NONE',  ( -2.901601615137777900, 1.675240473580776000, -23.45833333333327900 ) ) ;
#2065 = CARTESIAN_POINT ( 'NONE',  ( 2.309401076758446100, 4.000000000000032000, -16.08333333333329700 ) ) ;
#2066 =( BOUNDED_CURVE ( )  B_SPLINE_CURVE ( 2, ( #6897, #2018, #4480, #6294, #6923, #3256, #2705, #3864, #813 ),
 .UNSPECIFIED., .F., .T. ) 
 B_SPLINE_CURVE_WITH_KNOTS ( ( 3, 2, 2, 2, 3 ),
 ( 0.8712121212121213300, 0.8737373737373737000, 0.8787878787878787800, 0.8838383838383838700, 0.8863636363636365800 ),
 .UNSPECIFIED. ) 
 CURVE ( )  GEOMETRIC_REPRESENTATION_ITEM ( )  RATIONAL_B_SPLINE_CURVE ( ( 0.9330127018922194100, 0.9330127018922223000, 1.000000000000000000, 0.8660254037844387100, 1.000000000000000000, 0.8660254037844387100, 1.000000000000000000, 0.9330127018922134100, 0.9330127018922193000 ) ) 
 REPRESENTATION_ITEM ( '' )  );
#2067 = LINE ( 'NONE', #646, #152 ) ;
#2068 = ORIENTED_EDGE ( 'NONE', *, *, #6577, .T. ) ;
#2069 = CARTESIAN_POINT ( 'NONE',  ( 3.464101615137723700, 2.000000000000054200, -1.166666666666662300 ) ) ;
#2070 = CARTESIAN_POINT ( 'NONE',  ( 1.127021684372054500E-013, -4.000000000000000000, -13.49999999999997000 ) ) ;
#2071 = DIRECTION ( 'NONE',  ( 1.000000000000000000, 0.0000000000000000000, 0.0000000000000000000 ) ) ;
#2072 = CARTESIAN_POINT ( 'NONE',  ( 2.901601615137722900, 1.675240473580871900, 0.3333333333333384800 ) ) ;
#2073 = EDGE_CURVE ( 'NONE', #161, #4810, #4405, .T. ) ;
#2074 = VECTOR ( 'NONE', #7293, 1000.000000000000000 ) ;
#2075 = ORIENTED_EDGE ( 'NONE', *, *, #5634, .F. ) ;
#2076 = CARTESIAN_POINT ( 'NONE',  ( 1.934401076758545600, -3.350480947161634100, -7.041666666666645600 ) ) ;
#2077 = ORIENTED_EDGE ( 'NONE', *, *, #2777, .T. ) ;
#2078 = CARTESIAN_POINT ( 'NONE',  ( 2.309401076758560200, -3.999999999999966700, -13.54166666666662900 ) ) ;
#2079 = CARTESIAN_POINT ( 'NONE',  ( 0.0000000000000000000, 0.0000000000000000000, -30.38999999999999300 ) ) ;
#2080 = CARTESIAN_POINT ( 'NONE',  ( 2.901601615137702000, 1.675240473580908300, -16.79166666666662500 ) ) ;
#2081 = DIRECTION ( 'NONE',  ( 0.0000000000000000000, 0.0000000000000000000, 1.000000000000000000 ) ) ;
#2082 = CARTESIAN_POINT ( 'NONE',  ( -4.000000000000000900, 3.834746474454188000E-015, -1.874999999999989600 ) ) ;
#2083 = ORIENTED_EDGE ( 'NONE', *, *, #1766, .F. ) ;
#2084 = CARTESIAN_POINT ( 'NONE',  ( -3.350480947161659500, -1.615241696815551800E-014, -19.37499999999995700 ) ) ;
#2085 = ORIENTED_EDGE ( 'NONE', *, *, #6253, .T. ) ;
#2086 = CARTESIAN_POINT ( 'NONE',  ( -1.934401076758384800, -3.350480947161726500, -18.08333333333329000 ) ) ;
#2087 = CARTESIAN_POINT ( 'NONE',  ( -3.350480947161658600, -0.8977586640478673100, -7.330341801261459600 ) ) ;
#2088 = CARTESIAN_POINT ( 'NONE',  ( -2.611834293816774500, -3.026685135949633800, -29.74566921165312300 ) ) ;
#2089 = CARTESIAN_POINT ( 'NONE',  ( -2.901601615137722400, -1.675240473580873000, -26.16666666666660400 ) ) ;
#2090 = CARTESIAN_POINT ( 'NONE',  ( 4.618802153517005800, 6.478866617091239000E-014, -15.24999999999996400 ) ) ;
#2091 = ADVANCED_FACE ( 'NONE', ( #4399 ), #7466, .T. ) ;
#2092 = ORIENTED_EDGE ( 'NONE', *, *, #6788, .T. ) ;
#2093 = EDGE_LOOP ( 'NONE', ( #7257, #3338, #6166, #5560 ) ) ;
#2094 = CARTESIAN_POINT ( 'NONE',  ( -3.876487669237498800, 0.4112610532727729600, -29.70560364373579500 ) ) ;
#2095 =( BOUNDED_CURVE ( )  B_SPLINE_CURVE ( 2, ( #1663, #2318, #7691, #2902, #7187, #7763, #4110, #6559, #967 ),
 .UNSPECIFIED., .F., .F. ) 
 B_SPLINE_CURVE_WITH_KNOTS ( ( 3, 2, 2, 2, 3 ),
 ( 0.6893939393939395600, 0.6919191919191919300, 0.6969696969696970200, 0.7020202020202019900, 0.7045454545454547000 ),
 .UNSPECIFIED. ) 
 CURVE ( )  GEOMETRIC_REPRESENTATION_ITEM ( )  RATIONAL_B_SPLINE_CURVE ( ( 0.9330127018922194100, 0.9330127018922238500, 1.000000000000000000, 0.8660254037844387100, 1.000000000000000000, 0.8660254037844387100, 1.000000000000000000, 0.9330127018922149700, 0.9330127018922194100 ) ) 
 REPRESENTATION_ITEM ( '' )  );
#2096 = AXIS2_PLACEMENT_3D ( 'NONE', #3503, #7182, #1776 ) ;
#2097 = CARTESIAN_POINT ( 'NONE',  ( -3.999999999999997300, 1.103942166888326800E-014, -13.87499999999996600 ) ) ;
#2098 = CARTESIAN_POINT ( 'NONE',  ( 2.901601615137722900, 1.675240473580871900, -6.666666666666645600 ) ) ;
#2099 = ORIENTED_EDGE ( 'NONE', *, *, #3867, .F. ) ;
#2100 = CARTESIAN_POINT ( 'NONE',  ( 1.934401076758545600, -3.350480947161634100, -10.04166666666663900 ) ) ;
#2101 = CARTESIAN_POINT ( 'NONE',  ( -3.350480947161659500, -1.615241696815551800E-014, -19.24999999999995400 ) ) ;
#2102 = CARTESIAN_POINT ( 'NONE',  ( 4.000000000000000900, 5.926426369611017600E-015, -4.374999999999984000 ) ) ;
#2103 = CARTESIAN_POINT ( 'NONE',  ( 0.0000000000000000000, 0.0000000000000000000, 0.0000000000000000000 ) ) ;
#2104 = EDGE_CURVE ( 'NONE', #4736, #1252, #433, .T. ) ;
#2105 = CARTESIAN_POINT ( 'NONE',  ( 0.0000000000000000000, 0.0000000000000000000, -37.60999999999999900 ) ) ;
#2106 = VERTEX_POINT ( 'NONE', #4570 ) ;
#2107 = CARTESIAN_POINT ( 'NONE',  ( 2.901601615137698900, 1.675240473580914300, -24.79166666666660700 ) ) ;
#2108 = LINE ( 'NONE', #596, #2395 ) ;
#2109 =( BOUNDED_CURVE ( )  B_SPLINE_CURVE ( 2, ( #6348, #7028, #2683, #7587, #4533, #3369, #6978, #865, #7611 ),
 .UNSPECIFIED., .F., .T. ) 
 B_SPLINE_CURVE_WITH_KNOTS ( ( 3, 2, 2, 2, 3 ),
 ( 0.5227272727272729300, 0.5252525252525253000, 0.5303030303030302800, 0.5353535353535353600, 0.5378787878787880700 ),
 .UNSPECIFIED. ) 
 CURVE ( )  GEOMETRIC_REPRESENTATION_ITEM ( )  RATIONAL_B_SPLINE_CURVE ( ( 0.9330127018922194100, 0.9330127018922238500, 1.000000000000000000, 0.8660254037844387100, 1.000000000000000000, 0.8660254037844387100, 1.000000000000000000, 0.9330127018922149700, 0.9330127018922194100 ) ) 
 REPRESENTATION_ITEM ( '' )  );
#2110 = CARTESIAN_POINT ( 'NONE',  ( 1.749453158007062200, 3.228452344653063700, -0.3976313997056043500 ) ) ;
#2111 = CARTESIAN_POINT ( 'NONE',  ( -4.336808689942017700E-016, -3.464101615137755700, -38.00000000000000000 ) ) ;
#2112 = CARTESIAN_POINT ( 'NONE',  ( 0.0000000000000000000, 0.0000000000000000000, -38.00000000000000000 ) ) ;
#2113 = CARTESIAN_POINT ( 'NONE',  ( 3.350480947161662100, 7.378981852358816700E-015, -7.874999999999981300 ) ) ;
#2114 = CARTESIAN_POINT ( 'NONE',  ( 2.901601615137770400, -1.675240473580789800, -26.83333333333327200 ) ) ;
#2115 = ORIENTED_EDGE ( 'NONE', *, *, #7348, .T. ) ;
#2116 = FACE_OUTER_BOUND ( 'NONE', #6412, .T. ) ;
#2117 = CARTESIAN_POINT ( 'NONE',  ( -2.309401076758445600, -4.000000000000032900, -17.58333333333329300 ) ) ;
#2118 = CARTESIAN_POINT ( 'NONE',  ( -3.464101615137694900, -2.000000000000104400, -16.66666666666662900 ) ) ;
#2119 = EDGE_CURVE ( 'NONE', #3041, #2448, #1495, .T. ) ;
#2120 = B_SPLINE_CURVE_WITH_KNOTS ( 'NONE', 3,
 ( #1262, #1953, #4298, #6831, #6130, #4948 ),
 .UNSPECIFIED., .F., .F.,
 ( 4, 2, 4 ),
 ( 0.01756614149326156700, 0.01831637364147302400, 0.01906660578968448500 ),
 .UNSPECIFIED. ) ;
#2121 = CARTESIAN_POINT ( 'NONE',  ( 4.000000000000000000, -1.359591931851939300E-014, -8.374999999999978700 ) ) ;
#2122 = VERTEX_POINT ( 'NONE', #4593 ) ;
#2123 = CARTESIAN_POINT ( 'NONE',  ( -3.350480947161661200, 2.265986553086565600E-015, -0.2499999999999962000 ) ) ;
#2124 = VECTOR ( 'NONE', #6970, 1000.000000000000200 ) ;
#2125 = CARTESIAN_POINT ( 'NONE',  ( -1.934401076758546400, 3.350480947161633700, -4.416666666666651900 ) ) ;
#2126 =( BOUNDED_CURVE ( )  B_SPLINE_CURVE ( 2, ( #561, #6713, #4267, #7311, #7341, #3676, #590, #6746, #4292 ),
 .UNSPECIFIED., .F., .F. ) 
 B_SPLINE_CURVE_WITH_KNOTS ( ( 3, 2, 2, 2, 3 ),
 ( 0.2348484848484849500, 0.2373737373737373800, 0.2424242424242424300, 0.2474747474747474900, 0.2500000000000001100 ),
 .UNSPECIFIED. ) 
 CURVE ( )  GEOMETRIC_REPRESENTATION_ITEM ( )  RATIONAL_B_SPLINE_CURVE ( ( 0.9330127018922193000, 0.9330127018922218500, 1.000000000000000000, 0.8660254037844387100, 1.000000000000000000, 0.8660254037844387100, 1.000000000000000000, 0.9330127018922167400, 0.9330127018922193000 ) ) 
 REPRESENTATION_ITEM ( '' )  );
#2127 = CARTESIAN_POINT ( 'NONE',  ( 0.0000000000000000000, 0.0000000000000000000, -30.00000000000000000 ) ) ;
#2128 = CARTESIAN_POINT ( 'NONE',  ( 4.720288238941220100E-014, -3.350480947161662100, -10.12499999999997300 ) ) ;
#2129 = CARTESIAN_POINT ( 'NONE',  ( -3.350480947161658100, -0.8977586640478768500, -25.20534180126143300 ) ) ;
#2130 = VERTEX_POINT ( 'NONE', #2111 ) ;
#2131 = CARTESIAN_POINT ( 'NONE',  ( 3.350480947161669700, 0.8977586640478596400, -16.83034180126144000 ) ) ;
#2132 = ORIENTED_EDGE ( 'NONE', *, *, #742, .T. ) ;
#2133 = CARTESIAN_POINT ( 'NONE',  ( -3.999999999999990700, 1.071796769724412800, -26.79465819873846000 ) ) ;
#2134 = DIRECTION ( 'NONE',  ( 0.7071067811865545700, 0.0000000000000000000, 0.7071067811865404700 ) ) ;
#2135 = ORIENTED_EDGE ( 'NONE', *, *, #2192, .T. ) ;
#2136 = CARTESIAN_POINT ( 'NONE',  ( 4.000000000000000000, 0.0000000000000000000, -30.00000000000000000 ) ) ;
#2137 = CARTESIAN_POINT ( 'NONE',  ( 1.551449134354784100E-013, -3.350480947161662100, -29.12499999999993200 ) ) ;
#2138 = CARTESIAN_POINT ( 'NONE',  ( -5.586370142149013400E-014, 4.000000000000000000, -20.99999999999995400 ) ) ;
#2139 = CARTESIAN_POINT ( 'NONE',  ( 4.000000000000000000, 0.0000000000000000000, -30.00000000000000000 ) ) ;
#2140 = CARTESIAN_POINT ( 'NONE',  ( -3.320993761757637500, 0.9363389104654524800, -0.2422570824961460000 ) ) ;
#2141 = CARTESIAN_POINT ( 'NONE',  ( -4.000000000000000900, 3.834746474454188800E-015, -2.749999999999994700 ) ) ;
#2142 = CARTESIAN_POINT ( 'NONE',  ( -1.934401076758546400, 3.350480947161633700, -2.416666666666655900 ) ) ;
#2143 = CARTESIAN_POINT ( 'NONE',  ( -3.350480947161664800, -0.8977586640479017200, -22.20534180126142900 ) ) ;
#2144 = EDGE_CURVE ( 'NONE', #781, #4303, #1524, .T. ) ;
#2145 = CARTESIAN_POINT ( 'NONE',  ( 4.720288238941220100E-014, -3.350480947161662100, -7.124999999999978700 ) ) ;
#2146 = CARTESIAN_POINT ( 'NONE',  ( 2.999999999999996400, 1.732050807568880500, -33.50000000000000000 ) ) ;
#2147 = CARTESIAN_POINT ( 'NONE',  ( 3.464101615137843200, -1.999999999999846100, -25.45833333333327200 ) ) ;
#2148 = CIRCLE ( 'NONE', #6548, 4.000000000000011500 ) ;
#2149 = ORIENTED_EDGE ( 'NONE', *, *, #358, .T. ) ;
#2150 = CARTESIAN_POINT ( 'NONE',  ( 2.309401076758375000, 4.000000000000073700, -27.08333333333327200 ) ) ;
#2151 = CARTESIAN_POINT ( 'NONE',  ( 7.469817379762764300E-014, -3.350480947161662100, -17.99999999999995700 ) ) ;
#2152 = EDGE_CURVE ( 'NONE', #354, #4322, #1990, .T. ) ;
#2153 = CARTESIAN_POINT ( 'NONE',  ( 0.2343965203549889800, 3.328772721013691700, -37.86467110587594200 ) ) ;
#2154 = CARTESIAN_POINT ( 'NONE',  ( 3.129592233506552000, -2.011788591223969900, -29.63102048667615000 ) ) ;
#2155 = FACE_OUTER_BOUND ( 'NONE', #6296, .T. ) ;
#2156 = VERTEX_POINT ( 'NONE', #3947 ) ;
#2157 = CARTESIAN_POINT ( 'NONE',  ( 3.350480947161661200, -0.8977586640477927000, -4.794658198738504000 ) ) ;
#2158 = CARTESIAN_POINT ( 'NONE',  ( 4.618802153517005800, 6.478866617091239000E-014, -20.24999999999995000 ) ) ;
#2159 = DIRECTION ( 'NONE',  ( 0.0000000000000000000, 0.0000000000000000000, 1.000000000000000000 ) ) ;
#2160 = CYLINDRICAL_SURFACE ( 'NONE', #1005, 3.350480947161662100 ) ;
#2162 = ORIENTED_EDGE ( 'NONE', *, *, #1800, .T. ) ;
#2161 = CARTESIAN_POINT ( 'NONE',  ( 3.350480947161662100, -3.137519842735245200E-015, -6.749999999999983100 ) ) ;
#2163 = CARTESIAN_POINT ( 'NONE',  ( 2.309401076758347000, 4.000000000000090600, -26.08333333333327500 ) ) ;
#2164 = AXIS2_PLACEMENT_3D ( 'NONE', #1622, #5913, #2860 ) ;
#2165 = CARTESIAN_POINT ( 'NONE',  ( 1.934401076758588600, -3.350480947161608800, -25.91666666666660700 ) ) ;
#2166 = ORIENTED_EDGE ( 'NONE', *, *, #1701, .T. ) ;
#2167 = CARTESIAN_POINT ( 'NONE',  ( 4.720288238941220700E-014, -3.350480947161662100, -1.999999999999990000 ) ) ;
#2168 = EDGE_CURVE ( 'NONE', #4322, #653, #283, .T. ) ;
#2169 = CARTESIAN_POINT ( 'NONE',  ( -3.999999999999995600, -1.071796769724536500, -9.705341801261457800 ) ) ;
#2170 = CARTESIAN_POINT ( 'NONE',  ( 3.868802153516995600, 5.426829789941480900E-014, -23.87499999999994300 ) ) ;
#2171 = CARTESIAN_POINT ( 'NONE',  ( 1.934401076758545600, -3.350480947161634100, -14.04166666666663100 ) ) ;
#2172 = DIRECTION ( 'NONE',  ( -1.000000000000000000, 0.0000000000000000000, 0.0000000000000000000 ) ) ;
#2173 = CARTESIAN_POINT ( 'NONE',  ( 3.999999999999996400, -1.185285273922203500E-014, -21.24999999999996100 ) ) ;
#2174 = CARTESIAN_POINT ( 'NONE',  ( -2.999999999999996400, 0.6016686698589414100, -37.58296274648682100 ) ) ;
#2175 = VERTEX_POINT ( 'NONE', #7693 ) ;
#2176 = CARTESIAN_POINT ( 'NONE',  ( -3.350480947161662100, -0.8977586640478768500, -12.33034180126145100 ) ) ;
#2177 = EDGE_LOOP ( 'NONE', ( #2867, #4531, #461, #125 ) ) ;
#2178 = CARTESIAN_POINT ( 'NONE',  ( -1.934401076758354800, -3.350480947161744700, -27.08333333333327200 ) ) ;
#2179 = DIRECTION ( 'NONE',  ( -0.0000000000000000000, -0.0000000000000000000, -1.000000000000000000 ) ) ;
#2180 = CARTESIAN_POINT ( 'NONE',  ( -2.309401076758678300, 3.999999999999899200, -21.91666666666661500 ) ) ;
#2181 = CARTESIAN_POINT ( 'NONE',  ( -2.901601615137720200, -1.675240473580876800, -1.166666666666658300 ) ) ;
#2182 = ORIENTED_EDGE ( 'NONE', *, *, #3652, .F. ) ;
#2183 = CARTESIAN_POINT ( 'NONE',  ( -1.934401076758383500, -3.350480947161727400, -20.08333333333328200 ) ) ;
#2184 = CARTESIAN_POINT ( 'NONE',  ( 3.868802153516995600, 5.426829789941481600E-014, -28.74999999999993600 ) ) ;
#2185 =( BOUNDED_CURVE ( )  B_SPLINE_CURVE ( 2, ( #5457, #6786, #6083, #5514, #576, #7925, #1296, #4897, #4253 ),
 .UNSPECIFIED., .F., .T. ) 
 B_SPLINE_CURVE_WITH_KNOTS ( ( 3, 2, 2, 2, 3 ),
 ( 0.6893939393939395600, 0.6919191919191919300, 0.6969696969696970200, 0.7020202020202019900, 0.7045454545454547000 ),
 .UNSPECIFIED. ) 
 CURVE ( )  GEOMETRIC_REPRESENTATION_ITEM ( )  RATIONAL_B_SPLINE_CURVE ( ( 0.9330127018922194100, 0.9330127018922238500, 1.000000000000000000, 0.8660254037844387100, 1.000000000000000000, 0.8660254037844387100, 1.000000000000000000, 0.9330127018922149700, 0.9330127018922194100 ) ) 
 REPRESENTATION_ITEM ( '' )  );
#2186 = CARTESIAN_POINT ( 'NONE',  ( -3.999999999999996400, 1.071796769724449900, -20.91965819873846800 ) ) ;
#2187 = CARTESIAN_POINT ( 'NONE',  ( -3.464101615137783700, 1.999999999999948500, -18.83333333333329000 ) ) ;
#2188 = CARTESIAN_POINT ( 'NONE',  ( -2.901601615137782800, 1.675240473580768200, -5.333333333333317100 ) ) ;
#2189 = CARTESIAN_POINT ( 'NONE',  ( -2.901601615137799700, 1.675240473580739100, -17.45833333333329000 ) ) ;
#2190 = ORIENTED_EDGE ( 'NONE', *, *, #2104, .T. ) ;
#2191 = DIRECTION ( 'NONE',  ( 0.0000000000000000000, 1.000000000000000000, -8.673617379884010800E-016 ) ) ;
#2192 = EDGE_CURVE ( 'NONE', #1414, #5152, #1809, .T. ) ;
#2193 = CARTESIAN_POINT ( 'NONE',  ( -3.350480947161652300, 0.8977586640477970300, -18.41965819873847800 ) ) ;
#2194 = VECTOR ( 'NONE', #1066, 1000.000000000000000 ) ;
#2195 = AXIS2_PLACEMENT_3D ( 'NONE', #3783, #112, #5587 ) ;
#2196 = CARTESIAN_POINT ( 'NONE',  ( 2.901601615137702900, 1.675240473580907200, -14.79166666666662900 ) ) ;
#2197 = CARTESIAN_POINT ( 'NONE',  ( 1.934401076758545600, -3.350480947161634100, -5.916666666666648300 ) ) ;
#2198 = AXIS2_PLACEMENT_3D ( 'NONE', #893, #1464, #7540 ) ;
#2199 = DIRECTION ( 'NONE',  ( 0.0000000000000000000, 0.0000000000000000000, 1.000000000000000000 ) ) ;
#2200 = CARTESIAN_POINT ( 'NONE',  ( 4.618802153517005800, 6.478866617091239000E-014, -0.2499999999999973900 ) ) ;
#2201 = CARTESIAN_POINT ( 'NONE',  ( 2.901601615137722900, 1.675240473580871900, -16.79166666666662500 ) ) ;
#2202 = ORIENTED_EDGE ( 'NONE', *, *, #6043, .F. ) ;
#2203 = FACE_OUTER_BOUND ( 'NONE', #5568, .T. ) ;
#2204 =( BOUNDED_CURVE ( )  B_SPLINE_CURVE ( 2, ( #2841, #2285, #6555, #2869, #7842, #6613, #4165, #7760, #3533 ),
 .UNSPECIFIED., .F., .T. ) 
 B_SPLINE_CURVE_WITH_KNOTS ( ( 3, 2, 2, 2, 3 ),
 ( 0.1590909090909092000, 0.1616161616161616300, 0.1666666666666666600, 0.1717171717171717100, 0.1742424242424243400 ),
 .UNSPECIFIED. ) 
 CURVE ( )  GEOMETRIC_REPRESENTATION_ITEM ( )  RATIONAL_B_SPLINE_CURVE ( ( 0.9330127018922193000, 0.9330127018922218500, 1.000000000000000000, 0.8660254037844387100, 1.000000000000000000, 0.8660254037844387100, 1.000000000000000000, 0.9330127018922167400, 0.9330127018922193000 ) ) 
 REPRESENTATION_ITEM ( '' )  );
#2205 = CARTESIAN_POINT ( 'NONE',  ( 2.309401076758383900, 4.000000000000067500, -17.08333333333329300 ) ) ;
#2206 = EDGE_CURVE ( 'NONE', #1325, #791, #96, .T. ) ;
#2207 = CARTESIAN_POINT ( 'NONE',  ( -5.828140296178565800E-014, 3.350480947161662100, -12.49999999999996800 ) ) ;
#2208 = CARTESIAN_POINT ( 'NONE',  ( 2.309401076758446100, 4.000000000000032000, -16.20833333333329000 ) ) ;
#2209 = EDGE_LOOP ( 'NONE', ( #5703, #3684, #1302, #4197 ) ) ;
#2210 = APPROVAL ( #555, 'UNSPECIFIED' ) ;
#2211 = FACE_OUTER_BOUND ( 'NONE', #4909, .T. ) ;
#2212 = CARTESIAN_POINT ( 'NONE',  ( 0.9727618792581576000, 2.902477282290651900, -37.59350745909826200 ) ) ;
#2213 = CARTESIAN_POINT ( 'NONE',  ( -2.901601615137718400, -1.675240473580879900, -20.16666666666661800 ) ) ;
#2214 = CARTESIAN_POINT ( 'NONE',  ( 3.999999999999987100, -1.071796769724424600, -28.41965819873845300 ) ) ;
#2215 = ORIENTED_EDGE ( 'NONE', *, *, #109, .T. ) ;
#2216 = AXIS2_PLACEMENT_3D ( 'NONE', #2079, #2687, #3319 ) ;
#2217 = CARTESIAN_POINT ( 'NONE',  ( 4.618802153517005800, 6.478866617091239000E-014, -22.24999999999995000 ) ) ;
#2218 = VERTEX_POINT ( 'NONE', #357 ) ;
#2219 = CARTESIAN_POINT ( 'NONE',  ( 0.0000000000000000000, 0.0000000000000000000, 0.0000000000000000000 ) ) ;
#2220 = EDGE_CURVE ( 'NONE', #1317, #4992, #1353, .T. ) ;
#2221 = CARTESIAN_POINT ( 'NONE',  ( 2.309401076758405700, 4.000000000000056800, -24.08333333333327900 ) ) ;
#2222 = CARTESIAN_POINT ( 'NONE',  ( 3.350480947161662100, 6.797959659259696400E-015, -2.749999999999991100 ) ) ;
#2223 = CARTESIAN_POINT ( 'NONE',  ( -3.020290287111177600, -1.450368628616595800, -0.1778527147052651700 ) ) ;
#2224 = AXIS2_PLACEMENT_3D ( 'NONE', #3382, #1500, #6313 ) ;
#2225 = CARTESIAN_POINT ( 'NONE',  ( 3.350480947161665200, -2.672702088255949100E-014, -15.74999999999996600 ) ) ;
#2226 = CARTESIAN_POINT ( 'NONE',  ( -2.901601615137722400, -1.675240473580873000, -7.166666666666645600 ) ) ;
#2227 = VERTEX_POINT ( 'NONE', #4179 ) ;
#2228 = DIRECTION ( 'NONE',  ( 1.000000000000000000, 0.0000000000000000000, 0.0000000000000000000 ) ) ;
#2229 = CARTESIAN_POINT ( 'NONE',  ( -4.679256681265763300E-014, 3.350480947161662100, -30.62499999999992900 ) ) ;
#2230 = CARTESIAN_POINT ( 'NONE',  ( 3.868802153516995600, 5.426829789941480900E-014, -13.87499999999996400 ) ) ;
#2231 = CARTESIAN_POINT ( 'NONE',  ( -2.901601615137695300, -1.675240473580919900, -18.29166666666662200 ) ) ;
#2232 = AXIS2_PLACEMENT_3D ( 'NONE', #3001, #7202, #1710 ) ;
#2233 = CARTESIAN_POINT ( 'NONE',  ( 3.464101615137810800, -1.999999999999902100, -18.33333333333329300 ) ) ;
#2234 = CARTESIAN_POINT ( 'NONE',  ( 3.999999999999997300, 1.071796769724543600, -12.33034180126144500 ) ) ;
#2235 = LINE ( 'NONE', #4392, #5010 ) ;
#2236 = CARTESIAN_POINT ( 'NONE',  ( -3.350480947161660800, -0.8977586640478967300, -23.20534180126142600 ) ) ;
#2237 = CARTESIAN_POINT ( 'NONE',  ( -3.350480947161662100, 0.0000000000000000000, 0.0000000000000000000 ) ) ;
#2238 = CARTESIAN_POINT ( 'NONE',  ( -3.464101615137783700, 1.999999999999948500, -13.95833333333329500 ) ) ;
#2239 = CARTESIAN_POINT ( 'NONE',  ( -2.901601615137791700, 1.675240473580753300, -26.33333333333327200 ) ) ;
#2240 = CIRCLE ( 'NONE', #3341, 4.000000000000000000 ) ;
#2241 = CARTESIAN_POINT ( 'NONE',  ( 4.000000000000000900, -3.369928719974892700E-015, -7.249999999999986700 ) ) ;
#2242 = CARTESIAN_POINT ( 'NONE',  ( -3.464101615137708200, -2.000000000000081300, -17.66666666666662500 ) ) ;
#2243 = CARTESIAN_POINT ( 'NONE',  ( -2.901601615137712600, -1.675240473580890100, -5.166666666666649200 ) ) ;
#2244 = CARTESIAN_POINT ( 'NONE',  ( -3.999999999999996400, 2.939972297081544000E-014, -20.87499999999995000 ) ) ;
#2245 = DIRECTION ( 'NONE',  ( -0.0000000000000000000, -0.0000000000000000000, -1.000000000000000000 ) ) ;
#2246 = CARTESIAN_POINT ( 'NONE',  ( -4.618802153517005800, -6.535430629823232500E-014, -25.74999999999994000 ) ) ;
#2247 = ORIENTED_EDGE ( 'NONE', *, *, #3404, .T. ) ;
#2248 = CARTESIAN_POINT ( 'NONE',  ( 3.350480947161665700, 1.801168798607269900E-015, -9.749999999999976900 ) ) ;
#2249 = CYLINDRICAL_SURFACE ( 'NONE', #52, 3.350480947161662100 ) ;
#2250 = VERTEX_POINT ( 'NONE', #4001 ) ;
#2251 = CARTESIAN_POINT ( 'NONE',  ( -1.656217656956492400E-013, 4.000000000000000000, -23.99999999999994700 ) ) ;
#2252 = CARTESIAN_POINT ( 'NONE',  ( -3.082000557385043700, 1.606160336953738900, -0.2597223651827449400 ) ) ;
#2253 = CARTESIAN_POINT ( 'NONE',  ( 0.0000000000000000000, 0.0000000000000000000, -30.00000000000000000 ) ) ;
#2254 = CARTESIAN_POINT ( 'NONE',  ( -1.934401076758449900, -3.350480947161689600, -10.08333333333330700 ) ) ;
#2255 = LINE ( 'NONE', #593, #1576 ) ;
#2256 = ORIENTED_EDGE ( 'NONE', *, *, #7533, .F. ) ;
#2257 = EDGE_CURVE ( 'NONE', #4992, #1370, #5165, .T. ) ;
#2258 = CARTESIAN_POINT ( 'NONE',  ( -1.934401076758546400, 3.350480947161633700, -31.54166666666659300 ) ) ;
#2259 = DIRECTION ( 'NONE',  ( 1.131426112287700000E-016, -0.9238795325112867400, -0.3826834323650899500 ) ) ;
#2260 = CARTESIAN_POINT ( 'NONE',  ( -4.679256681265763300E-014, 3.350480947161662100, -11.62499999999996800 ) ) ;
#2261 = CARTESIAN_POINT ( 'NONE',  ( -1.305865696588942500E-016, 3.464101615137755700, -33.50000000000000000 ) ) ;
#2262 = AXIS2_PLACEMENT_3D ( 'NONE', #6487, #1655, #981 ) ;
#2263 = CARTESIAN_POINT ( 'NONE',  ( -3.464101615137783700, 1.999999999999948500, -14.95833333333329300 ) ) ;
#2264 = EDGE_LOOP ( 'NONE', ( #1669, #3094, #4656, #1227 ) ) ;
#2265 = ORIENTED_EDGE ( 'NONE', *, *, #3996, .F. ) ;
#2266 = EDGE_CURVE ( 'NONE', #1260, #2819, #7765, .T. ) ;
#2267 = CARTESIAN_POINT ( 'NONE',  ( -3.999999999999996400, 2.544877205774143000E-014, -24.87499999999994300 ) ) ;
#2268 = EDGE_CURVE ( 'NONE', #196, #7721, #7530, .T. ) ;
#2269 = CARTESIAN_POINT ( 'NONE',  ( 0.9328138867311035500, -3.728615399065075200, -29.68215533457103200 ) ) ;
#2270 = ORIENTED_EDGE ( 'NONE', *, *, #7561, .T. ) ;
#2271 = CARTESIAN_POINT ( 'NONE',  ( 1.934401076758550900, -3.350480947161630600, -8.916666666666641200 ) ) ;
#2272 = AXIS2_PLACEMENT_3D ( 'NONE', #5933, #6429, #4091 ) ;
#2273 = CARTESIAN_POINT ( 'NONE',  ( 4.618802153517005800, 6.478866617091239000E-014, -27.24999999999993600 ) ) ;
#2274 = ORIENTED_EDGE ( 'NONE', *, *, #3914, .F. ) ;
#2275 = CARTESIAN_POINT ( 'NONE',  ( -0.2844163879276910800, 3.348160487212897600, -29.48371812289569100 ) ) ;
#2276 = CARTESIAN_POINT ( 'NONE',  ( -1.934401076758558000, 3.350480947161627000, -2.541666666666655900 ) ) ;
#2277 = AXIS2_PLACEMENT_3D ( 'NONE', #385, #3543, #3325 ) ;
#2278 = CARTESIAN_POINT ( 'NONE',  ( 3.868802153516995600, 5.426829789941481600E-014, -8.749999999999975100 ) ) ;
#2279 = CARTESIAN_POINT ( 'NONE',  ( 3.999999999999996400, -4.996790860652426200E-015, -10.37499999999997200 ) ) ;
#2280 = ORIENTED_EDGE ( 'NONE', *, *, #2327, .T. ) ;
#2281 = CARTESIAN_POINT ( 'NONE',  ( -1.934401076758546400, 3.350480947161633700, -28.54166666666659700 ) ) ;
#2282 = ORIENTED_EDGE ( 'NONE', *, *, #2144, .T. ) ;
#2283 = CARTESIAN_POINT ( 'NONE',  ( 4.720288238941220100E-014, -3.350480947161662100, -14.12499999999996400 ) ) ;
#2284 = CARTESIAN_POINT ( 'NONE',  ( -2.901601615137797500, 1.675240473580742000, -13.33333333333329800 ) ) ;
#2285 = CARTESIAN_POINT ( 'NONE',  ( 3.999999999999997300, -1.071796769724451700, -4.294658198738512000 ) ) ;
#2286 = CARTESIAN_POINT ( 'NONE',  ( 0.3199669862224765500, -3.980693943549019800, -0.6220686978733698200 ) ) ;
#2287 = EDGE_LOOP ( 'NONE', ( #3805, #6581 ) ) ;
#2288 = CARTESIAN_POINT ( 'NONE',  ( -5.586370142149013400E-014, 4.000000000000000000, -17.12499999999995400 ) ) ;
#2289 = FACE_OUTER_BOUND ( 'NONE', #2792, .T. ) ;
#2290 =( BOUNDED_CURVE ( )  B_SPLINE_CURVE ( 2, ( #1420, #6360, #3954, #7550, #3856, #806, #4547, #6407, #2644 ),
 .UNSPECIFIED., .F., .F. ) 
 B_SPLINE_CURVE_WITH_KNOTS ( ( 3, 2, 2, 2, 3 ),
 ( 0.4772727272727274000, 0.4797979797979797800, 0.4848484848484848600, 0.4898989898989898900, 0.4924242424242425400 ),
 .UNSPECIFIED. ) 
 CURVE ( )  GEOMETRIC_REPRESENTATION_ITEM ( )  RATIONAL_B_SPLINE_CURVE ( ( 0.9330127018922193000, 0.9330127018922229600, 1.000000000000000000, 0.8660254037844387100, 1.000000000000000000, 0.8660254037844387100, 1.000000000000000000, 0.9330127018922164100, 0.9330127018922194100 ) ) 
 REPRESENTATION_ITEM ( '' )  );
#2291 = CARTESIAN_POINT ( 'NONE',  ( 2.309401076758440800, 4.000000000000035500, -3.083333333333324200 ) ) ;
#2292 = CARTESIAN_POINT ( 'NONE',  ( -3.999999999999987100, -1.071796769724577600, -27.83034180126141500 ) ) ;
#2293 = CARTESIAN_POINT ( 'NONE',  ( 3.464101615137726400, 2.000000000000048800, 0.7083333333333409200 ) ) ;
#2294 = CARTESIAN_POINT ( 'NONE',  ( 0.6274952793746099200, 3.576057400000243200, -0.3687227142049732700 ) ) ;
#2295 = ADVANCED_FACE ( 'NONE', ( #6895 ), #1335, .T. ) ;
#2296 = ORIENTED_EDGE ( 'NONE', *, *, #1391, .F. ) ;
#2297 = FACE_OUTER_BOUND ( 'NONE', #5212, .T. ) ;
#2298 = DIRECTION ( 'NONE',  ( -0.0000000000000000000, -0.0000000000000000000, 1.000000000000000000 ) ) ;
#2299 = CARTESIAN_POINT ( 'NONE',  ( -9.408258524507297800E-014, 4.000000000000000000, -8.999999999999976900 ) ) ;
#2300 = CARTESIAN_POINT ( 'NONE',  ( -2.309401076758445600, -4.000000000000032900, -27.58333333333327200 ) ) ;
#2301 = CARTESIAN_POINT ( 'NONE',  ( -3.999999999999989800, 1.071796769724416600, -21.91965819873846400 ) ) ;
#2302 = CARTESIAN_POINT ( 'NONE',  ( -3.999999999999994700, 1.071796769724422400, -23.79465819873846800 ) ) ;
#2303 = DIRECTION ( 'NONE',  ( 0.0000000000000000000, 1.000000000000000000, -8.673617379884010800E-016 ) ) ;
#2304 = EDGE_CURVE ( 'NONE', #3490, #7929, #858, .T. ) ;
#2305 = CARTESIAN_POINT ( 'NONE',  ( 3.464101615137812100, -1.999999999999900300, -20.33333333333328600 ) ) ;
#2306 = VERTEX_POINT ( 'NONE', #4316 ) ;
#2307 = AXIS2_PLACEMENT_3D ( 'NONE', #2961, #2179, #4591 ) ;
#2308 = CYLINDRICAL_SURFACE ( 'NONE', #6458, 4.000000000000000000 ) ;
#2309 = CARTESIAN_POINT ( 'NONE',  ( -1.934401076758546400, 3.350480947161633700, -9.416666666666641200 ) ) ;
#2310 =( BOUNDED_CURVE ( )  B_SPLINE_CURVE ( 2, ( #6173, #7433, #129, #3779, #6226, #6248, #6795, #3235, #1382 ),
 .UNSPECIFIED., .F., .T. ) 
 B_SPLINE_CURVE_WITH_KNOTS ( ( 3, 2, 2, 2, 3 ),
 ( 0.4621212121212122700, 0.4646464646464646400, 0.4696969696969697200, 0.4747474747474747500, 0.4772727272727274000 ),
 .UNSPECIFIED. ) 
 CURVE ( )  GEOMETRIC_REPRESENTATION_ITEM ( )  RATIONAL_B_SPLINE_CURVE ( ( 0.9330127018922193000, 0.9330127018922229600, 1.000000000000000000, 0.8660254037844387100, 1.000000000000000000, 0.8660254037844387100, 1.000000000000000000, 0.9330127018922156300, 0.9330127018922193000 ) ) 
 REPRESENTATION_ITEM ( '' )  );
#2311 =( BOUNDED_CURVE ( )  B_SPLINE_CURVE ( 2, ( #1184, #4811, #1794, #2433, #3138, #6181, #5535, #113, #4319 ),
 .UNSPECIFIED., .F., .T. ) 
 B_SPLINE_CURVE_WITH_KNOTS ( ( 3, 2, 2, 2, 3 ),
 ( 0.1742424242424243400, 0.1767676767676767700, 0.1818181818181818200, 0.1868686868686868800, 0.1893939393939394800 ),
 .UNSPECIFIED. ) 
 CURVE ( )  GEOMETRIC_REPRESENTATION_ITEM ( )  RATIONAL_B_SPLINE_CURVE ( ( 0.9330127018922193000, 0.9330127018922218500, 1.000000000000000000, 0.8660254037844387100, 1.000000000000000000, 0.8660254037844387100, 1.000000000000000000, 0.9330127018922171900, 0.9330127018922194100 ) ) 
 REPRESENTATION_ITEM ( '' )  );
#2312 = CARTESIAN_POINT ( 'NONE',  ( 4.618802153517005800, 6.478866617091239000E-014, 0.7500000000000003300 ) ) ;
#2313 = CARTESIAN_POINT ( 'NONE',  ( 4.720288238941220100E-014, -3.350480947161662100, -22.12499999999994700 ) ) ;
#2314 = ORIENTED_EDGE ( 'NONE', *, *, #1620, .T. ) ;
#2315 = VERTEX_POINT ( 'NONE', #1306 ) ;
#2316 = CARTESIAN_POINT ( 'NONE',  ( -4.000000000000003600, 3.486133158594716000E-015, -12.87499999999996400 ) ) ;
#2317 = EDGE_CURVE ( 'NONE', #2991, #7417, #7438, .T. ) ;
#2318 = CARTESIAN_POINT ( 'NONE',  ( -3.350480947161659500, 0.8977586640477962500, -21.41965819873847100 ) ) ;
#2319 = CARTESIAN_POINT ( 'NONE',  ( -2.309401076758561500, 3.999999999999966200, -19.04166666666661800 ) ) ;
#2320 = CARTESIAN_POINT ( 'NONE',  ( 3.464101615137695800, 2.000000000000103000, -29.16666666666660000 ) ) ;
#2321 = CARTESIAN_POINT ( 'NONE',  ( -3.464101615137798400, 1.999999999999924500, -6.833333333333317100 ) ) ;
#2322 = ORIENTED_EDGE ( 'NONE', *, *, #7308, .T. ) ;
#2323 = CARTESIAN_POINT ( 'NONE',  ( 3.464101615137726400, 2.000000000000048800, -0.2916666666666570800 ) ) ;
#2324 = CARTESIAN_POINT ( 'NONE',  ( 1.934401076758419700, 3.350480947161706500, -19.70833333333328200 ) ) ;
#2325 = CARTESIAN_POINT ( 'NONE',  ( -2.901601615137707800, -1.675240473580898600, -17.16666666666662500 ) ) ;
#2326 = CARTESIAN_POINT ( 'NONE',  ( -5.586370142149013400E-014, 4.000000000000000000, -25.99999999999994000 ) ) ;
#2327 = EDGE_CURVE ( 'NONE', #6838, #3569, #7872, .T. ) ;
#2328 = LINE ( 'NONE', #7335, #4617 ) ;
#2329 = ORIENTED_EDGE ( 'NONE', *, *, #954, .F. ) ;
#2330 = CARTESIAN_POINT ( 'NONE',  ( 2.309401076758584600, -3.999999999999953400, -27.41666666666660700 ) ) ;
#2331 = CARTESIAN_POINT ( 'NONE',  ( 2.901601615137770400, -1.675240473580789800, -8.833333333333307300 ) ) ;
#2332 = VECTOR ( 'NONE', #4494, 1000.000000000000000 ) ;
#2333 = FACE_OUTER_BOUND ( 'NONE', #2390, .T. ) ;
#2334 = CARTESIAN_POINT ( 'NONE',  ( 3.464101615137782400, -1.999999999999950700, -4.333333333333321500 ) ) ;
#2335 = CARTESIAN_POINT ( 'NONE',  ( -1.934401076758449900, -3.350480947161689600, -20.20833333333329000 ) ) ;
#2336 = CARTESIAN_POINT ( 'NONE',  ( 0.0000000000000000000, 0.0000000000000000000, -30.00000000000000000 ) ) ;
#2337 =( BOUNDED_CURVE ( )  B_SPLINE_CURVE ( 2, ( #6615, #2956, #5407, #3010, #521, #2985, #5435, #1778, #1137 ),
 .UNSPECIFIED., .F., .F. ) 
 B_SPLINE_CURVE_WITH_KNOTS ( ( 3, 2, 2, 2, 3 ),
 ( 0.6590909090909092800, 0.6616161616161616600, 0.6666666666666666300, 0.6717171717171717100, 0.6742424242424244200 ),
 .UNSPECIFIED. ) 
 CURVE ( )  GEOMETRIC_REPRESENTATION_ITEM ( )  RATIONAL_B_SPLINE_CURVE ( ( 0.9330127018922194100, 0.9330127018922238500, 1.000000000000000000, 0.8660254037844387100, 1.000000000000000000, 0.8660254037844387100, 1.000000000000000000, 0.9330127018922149700, 0.9330127018922194100 ) ) 
 REPRESENTATION_ITEM ( '' )  );
#2338 = CARTESIAN_POINT ( 'NONE',  ( 7.633943610464594000E-014, -3.350480947161662100, -20.12499999999995000 ) ) ;
#2339 = CARTESIAN_POINT ( 'NONE',  ( 2.309401076758570400, -3.999999999999960900, -12.54166666666663100 ) ) ;
#2340 = FACE_OUTER_BOUND ( 'NONE', #3936, .T. ) ;
#2341 = CARTESIAN_POINT ( 'NONE',  ( 0.0000000000000000000, 0.0000000000000000000, -30.00000000000000000 ) ) ;
#2342 = CARTESIAN_POINT ( 'NONE',  ( -2.309401076758561500, 3.999999999999966200, -23.04166666666660700 ) ) ;
#2343 = PERSON_AND_ORGANIZATION ( #4398, #318 ) ;
#2344 = CARTESIAN_POINT ( 'NONE',  ( 1.934401076758390300, 3.350480947161723800, -26.58333333333327200 ) ) ;
#2345 = CARTESIAN_POINT ( 'NONE',  ( -2.309401076758445600, -4.000000000000032900, 1.291666666666673200 ) ) ;
#2346 = ORIENTED_EDGE ( 'NONE', *, *, #4109, .T. ) ;
#2347 = DIRECTION ( 'NONE',  ( -0.7071067811865483500, 0.0000000000000000000, -0.7071067811865468000 ) ) ;
#2348 = DIRECTION ( 'NONE',  ( -1.000000000000000000, 0.0000000000000000000, 0.0000000000000000000 ) ) ;
#2349 = CARTESIAN_POINT ( 'NONE',  ( -4.000000000000008000, 1.071796769724436200, -13.79465819873849100 ) ) ;
#2350 =( BOUNDED_CURVE ( )  B_SPLINE_CURVE ( 2, ( #7658, #5191, #7077, #5214, #2839, #2788, #2760, #7633, #7733 ),
 .UNSPECIFIED., .F., .T. ) 
 B_SPLINE_CURVE_WITH_KNOTS ( ( 3, 2, 2, 2, 3 ),
 ( 0.05303030303030310100, 0.05555555555555555200, 0.06060606060606060800, 0.06565656565656566300, 0.06818181818181826000 ),
 .UNSPECIFIED. ) 
 CURVE ( )  GEOMETRIC_REPRESENTATION_ITEM ( )  RATIONAL_B_SPLINE_CURVE ( ( 0.9330127018922194100, 0.9330127018922213000, 1.000000000000000000, 0.8660254037844387100, 1.000000000000000000, 0.8660254037844387100, 1.000000000000000000, 0.9330127018922174100, 0.9330127018922194100 ) ) 
 REPRESENTATION_ITEM ( '' )  );
#2351 = CARTESIAN_POINT ( 'NONE',  ( 3.464101615137726400, 2.000000000000048800, -26.16666666666660700 ) ) ;
#2352 = CARTESIAN_POINT ( 'NONE',  ( -4.925446027318506500E-014, 3.350480947161662100, -1.499999999999990900 ) ) ;
#2353 = CARTESIAN_POINT ( 'NONE',  ( 3.350480947161659500, -9.819275063375116700E-015, -20.74999999999995700 ) ) ;
#2354 = LINE ( 'NONE', #7218, #160 ) ;
#2355 = ORIENTED_EDGE ( 'NONE', *, *, #6624, .T. ) ;
#2356 = CARTESIAN_POINT ( 'NONE',  ( -3.350480947161659500, 9.296355089585909900E-015, -14.37499999999996800 ) ) ;
#2357 = CARTESIAN_POINT ( 'NONE',  ( -4.679256681265764000E-014, 3.350480947161662100, -17.49999999999995700 ) ) ;
#2358 = CARTESIAN_POINT ( 'NONE',  ( -3.350480947161666600, -0.8977586640478711900, -16.33034180126144000 ) ) ;
#2359 = EDGE_CURVE ( 'NONE', #2315, #7666, #768, .T. ) ;
#2360 = CARTESIAN_POINT ( 'NONE',  ( -3.464101615137783700, 1.999999999999948500, -5.833333333333318800 ) ) ;
#2361 = CARTESIAN_POINT ( 'NONE',  ( 3.868802153516995600, 5.426829789941480900E-014, -17.87499999999995700 ) ) ;
#2362 = CARTESIAN_POINT ( 'NONE',  ( 3.350480947161665700, -8.773435115796703100E-015, -13.74999999999996800 ) ) ;
#2363 = ORIENTED_EDGE ( 'NONE', *, *, #2046, .F. ) ;
#2364 = DIRECTION ( 'NONE',  ( -1.000000000000000000, 0.0000000000000000000, 0.0000000000000000000 ) ) ;
#2365 = CARTESIAN_POINT ( 'NONE',  ( 3.999999999999996400, -3.137519842735244800E-015, -12.37499999999996800 ) ) ;
#2366 = ORIENTED_EDGE ( 'NONE', *, *, #7258, .F. ) ;
#2367 = CARTESIAN_POINT ( 'NONE',  ( 3.464101615137791200, -1.999999999999936300, -6.458333333333310800 ) ) ;
#2368 = CARTESIAN_POINT ( 'NONE',  ( -2.309401076758445600, -4.000000000000032900, -22.70833333333327500 ) ) ;
#2369 = CARTESIAN_POINT ( 'NONE',  ( 4.000000000000004400, 1.071796769724527400, -4.205341801261471200 ) ) ;
#2370 = AXIS2_PLACEMENT_3D ( 'NONE', #1455, #178, #1400 ) ;
#2371 = EDGE_LOOP ( 'NONE', ( #1327, #4946, #1927, #1941 ) ) ;
#2372 = EDGE_CURVE ( 'NONE', #5536, #4041, #6007, .T. ) ;
#2373 = CARTESIAN_POINT ( 'NONE',  ( -5.586370142149013400E-014, 4.000000000000000000, -2.124999999999986200 ) ) ;
#2374 = ORIENTED_EDGE ( 'NONE', *, *, #3727, .F. ) ;
#2375 = ADVANCED_FACE ( 'NONE', ( #3443 ), #6024, .T. ) ;
#2376 = CARTESIAN_POINT ( 'NONE',  ( -1.157421747700621800E-013, 3.350480947161662100, -24.49999999999994300 ) ) ;
#2377 = CARTESIAN_POINT ( 'NONE',  ( -2.999999999999997300, -1.732050807568878700, -38.00000000000000000 ) ) ;
#2378 = CARTESIAN_POINT ( 'NONE',  ( -1.934401076758416300, -3.350480947161709200, -9.208333333333307300 ) ) ;
#2379 = CARTESIAN_POINT ( 'NONE',  ( -4.618802153517005800, -6.535430629823232500E-014, -30.74999999999992900 ) ) ;
#2380 = CARTESIAN_POINT ( 'NONE',  ( -3.999999999999997300, 1.475796370471763300E-014, -9.874999999999975100 ) ) ;
#2381 = ORIENTED_EDGE ( 'NONE', *, *, #1910, .T. ) ;
#2382 = CARTESIAN_POINT ( 'NONE',  ( -2.309401076758433200, -4.000000000000040000, -9.708333333333303700 ) ) ;
#2383 = CARTESIAN_POINT ( 'NONE',  ( -1.381797737045630800E-013, 4.000000000000000000, -24.12499999999994000 ) ) ;
#2384 = LINE ( 'NONE', #4306, #5154 ) ;
#2385 = CARTESIAN_POINT ( 'NONE',  ( -2.901601615137722400, -1.675240473580873000, -15.16666666666662900 ) ) ;
#2386 = CARTESIAN_POINT ( 'NONE',  ( -1.934401076758624600, 3.350480947161588400, -26.54166666666660700 ) ) ;
#2387 = CARTESIAN_POINT ( 'NONE',  ( 3.464101615137726400, 2.000000000000048800, -2.166666666666659400 ) ) ;
#2388 = CARTESIAN_POINT ( 'NONE',  ( -2.901601615137722400, -1.675240473580873000, -17.29166666666662500 ) ) ;
#2389 = CARTESIAN_POINT ( 'NONE',  ( -6.279902207174505100E-014, 3.350480947161662100, -3.499999999999986200 ) ) ;
#2390 = EDGE_LOOP ( 'NONE', ( #6910, #6562, #6101, #281 ) ) ;
#2391 = CARTESIAN_POINT ( 'NONE',  ( 3.999999999999996400, -2.382190991706389700E-014, -27.37499999999994000 ) ) ;
#2392 = CARTESIAN_POINT ( 'NONE',  ( -3.464101615137755700, 0.0000000000000000000, -38.00000000000000000 ) ) ;
#2393 = CARTESIAN_POINT ( 'NONE',  ( -3.464101615137725500, -2.000000000000050200, -21.79166666666661100 ) ) ;
#2394 = ORIENTED_EDGE ( 'NONE', *, *, #7849, .T. ) ;
#2395 = VECTOR ( 'NONE', #3167, 1000.000000000000000 ) ;
#2396 = CARTESIAN_POINT ( 'NONE',  ( -3.464101615137719300, -2.000000000000062600, -24.66666666666661100 ) ) ;
#2397 = CARTESIAN_POINT ( 'NONE',  ( 3.464101615137782400, -1.999999999999950700, 1.541666666666672500 ) ) ;
#2398 = CARTESIAN_POINT ( 'NONE',  ( 3.009467638152604400, -2.467600101900296700, -0.5505059854271532300 ) ) ;
#2399 = CARTESIAN_POINT ( 'NONE',  ( 3.350480947161649700, -0.8977586640477813700, -20.79465819873847100 ) ) ;
#2400 = ORIENTED_EDGE ( 'NONE', *, *, #6433, .T. ) ;
#2401 = CARTESIAN_POINT ( 'NONE',  ( -3.464101615137723300, -2.000000000000054600, -0.7916666666666558600 ) ) ;
#2402 = CARTESIAN_POINT ( 'NONE',  ( -3.464101615137783700, 1.999999999999948500, -30.83333333333326100 ) ) ;
#2403 = ORIENTED_EDGE ( 'NONE', *, *, #6208, .T. ) ;
#2404 =( BOUNDED_CURVE ( )  B_SPLINE_CURVE ( 2, ( #3962, #3413, #7097, #6413, #3438, #2783, #2753, #7121, #2225 ),
 .UNSPECIFIED., .F., .T. ) 
 B_SPLINE_CURVE_WITH_KNOTS ( ( 3, 2, 2, 2, 3 ),
 ( 0.5075757575757576800, 0.5101010101010100600, 0.5151515151515151400, 0.5202020202020202200, 0.5227272727272729300 ),
 .UNSPECIFIED. ) 
 CURVE ( )  GEOMETRIC_REPRESENTATION_ITEM ( )  RATIONAL_B_SPLINE_CURVE ( ( 0.9330127018922194100, 0.9330127018922223000, 1.000000000000000000, 0.8660254037844387100, 1.000000000000000000, 0.8660254037844387100, 1.000000000000000000, 0.9330127018922149700, 0.9330127018922194100 ) ) 
 REPRESENTATION_ITEM ( '' )  );
#2405 = CARTESIAN_POINT ( 'NONE',  ( -2.901601615137784600, 1.675240473580764900, -10.33333333333330600 ) ) ;
#2406 = EDGE_CURVE ( 'NONE', #1692, #3841, #7177, .T. ) ;
#2407 = CARTESIAN_POINT ( 'NONE',  ( -4.000000000000011500, 2.451913654878283700E-014, -23.87499999999994300 ) ) ;
#2408 = CARTESIAN_POINT ( 'NONE',  ( 1.934401076758450300, 3.350480947161689200, -13.58333333333329700 ) ) ;
#2409 = ORIENTED_EDGE ( 'NONE', *, *, #7258, .T. ) ;
#2410 = AXIS2_PLACEMENT_3D ( 'NONE', #7286, #5481, #1124 ) ;
#2411 = ORIENTED_EDGE ( 'NONE', *, *, #6624, .F. ) ;
#2412 = DIRECTION ( 'NONE',  ( 0.0000000000000000000, 0.0000000000000000000, -1.000000000000000000 ) ) ;
#2413 = CARTESIAN_POINT ( 'NONE',  ( 2.309401076758560200, -3.999999999999966700, -5.416666666666651900 ) ) ;
#2414 = ADVANCED_FACE ( 'NONE', ( #3354 ), #2002, .T. ) ;
#2415 = CARTESIAN_POINT ( 'NONE',  ( 4.000000000000000000, 1.071796769724536500, -8.205341801261461400 ) ) ;
#2416 = CARTESIAN_POINT ( 'NONE',  ( 4.966477584993963900E-014, -3.350480947161662100, -1.999999999999990000 ) ) ;
#2417 = CARTESIAN_POINT ( 'NONE',  ( -0.2088758133667126000, -3.994542638975130200, -0.6326508517134975500 ) ) ;
#2418 = CARTESIAN_POINT ( 'NONE',  ( 9.604287932018360200E-014, -3.350480947161662100, -14.99999999999996300 ) ) ;
#2419 = LINE ( 'NONE', #4991, #1012 ) ;
#2420 = EDGE_CURVE ( 'NONE', #3843, #3389, #4928, .T. ) ;
#2421 = DIRECTION ( 'NONE',  ( -0.0000000000000000000, -0.0000000000000000000, -1.000000000000000000 ) ) ;
#2422 = VERTEX_POINT ( 'NONE', #5612 ) ;
#2423 = PLANE ( 'NONE',  #7829 ) ;
#2424 = CARTESIAN_POINT ( 'NONE',  ( 4.618802153517005800, 6.478866617091239000E-014, -21.37499999999994700 ) ) ;
#2425 = CARTESIAN_POINT ( 'NONE',  ( 9.505735083929813300E-014, -4.000000000000000000, -23.62499999999994000 ) ) ;
#2426 = CARTESIAN_POINT ( 'NONE',  ( -4.618802153517005800, -6.535430629823232500E-014, -2.874999999999984000 ) ) ;
#2427 = CARTESIAN_POINT ( 'NONE',  ( 4.000000000000000000, 0.0000000000000000000, -30.00000000000000000 ) ) ;
#2428 = DIRECTION ( 'NONE',  ( 1.000000000000000000, 0.0000000000000000000, 0.0000000000000000000 ) ) ;
#2429 = CARTESIAN_POINT ( 'NONE',  ( -2.901601615137710900, -1.675240473580892800, -9.291666666666641200 ) ) ;
#2430 = AXIS2_PLACEMENT_3D ( 'NONE', #953, #366, #2191 ) ;
#2431 = CARTESIAN_POINT ( 'NONE',  ( 2.309401076758446100, 4.000000000000032000, -28.08333333333326800 ) ) ;
#2432 = VECTOR ( 'NONE', #1694, 1000.000000000000000 ) ;
#2433 = CARTESIAN_POINT ( 'NONE',  ( -2.309401076758576200, 3.999999999999957400, -4.916666666666654500 ) ) ;
#2434 = ORIENTED_EDGE ( 'NONE', *, *, #268, .T. ) ;
#2436 = CARTESIAN_POINT ( 'NONE',  ( 0.0000000000000000000, 0.0000000000000000000, -30.00000000000000000 ) ) ;
#2435 = VECTOR ( 'NONE', #3514, 1000.000000000000000 ) ;
#2437 = CARTESIAN_POINT ( 'NONE',  ( 7.962196071868249500E-014, -3.350480947161662100, -23.99999999999994700 ) ) ;
#2438 =( BOUNDED_SURFACE ( )  B_SPLINE_SURFACE ( 1, 2, ( 
 ( #554, #3642, #5466, #4287, #1253, #5553, #6682, #5523, #6144, #2478, #3095, #1810, #611, #4878, #5494, #48, #4334, #4829, #1894, #1171, #4935, #665, #1839, #3015, #6092, #1277, #6172, #4260, #2606, #4436, #7432, #5066, #7411, #1971, #3778, #1381, #184, #769, #3157, #795, #6274, #3182, #128, #5635, #5664, #1919, #3795, #3125, #6903, #6196, #3840, #6247, #1328, #5039, #4359, #2580, #1996, #2526, #2632, #6299, #3817, #4460, #6818, #7459, #4406, #713, #744, #1405, #103, #5693, #1303, #6874, #1354, #4990, #5606, #5011, #2021, #3751, #685, #3234, #3211, #7509, #77, #4962, #5577, #4380, #1944, #7484, #155, #6225, #2552, #6846, #7027, #3368, #3940, #284, #2736, #5090, #4558, #6373, #6953, #2076, #2145, #2710, #7004, #844, #5190, #1513, #7632, #6396, #4507, #5715, #2047, #3316, #3967, #890, #5118, #1430, #1459, #259, #3869, #7534, #3893, #5788, #5167, #6418, #4532, #5741, #3261, #3288, #6347, #2682, #3342, #1536, #6323, #5769, #7610, #2100, #2128, #6977, #7586, #3920, #864, #302, #4587, #6927, #5814, #820, #916, #208, #5142, #4484, #236, #1484, #2657, #7564, #2260, #4075, #7076, #4711, #7048, #1605, #3418, #1020, #7758, #399, #2787, #430, #5919, #2813, #7711, #5264, #5291, #1557, #3444, #2759, #6524, #5839, #3502, #5892, #960, #4685, #3992, #2230, #1628, #2171, #2283, #5943, #3470, #4104, #6443, #7102, #4045, #351, #372, #1046, #7684, #5316, #938, #6495, #989, #4635, #5239, #4661, #1660, #3392, #327, #2865, #2838, #7157, #7657, #4610, #5213, #4018, #1580, #7128, #7732, #5868, #2201, #6470, #6673, #3006, #3608, #7871, #2388, #4739, #4226, #6029, #6584, #1716, #1802, #2361, #6644, #490, #4845, #1161, #7292, #6056, #4163, #5349, #1686, #2953, #3634, #544, #4763, #1073, #1099, #7839, #3530, #7181, #3559, #5432, #4820, #6082, #4195, #5377, #2896, #2924, #5998, #2335, #2979, #1191, #5968, #5405, #7266, #1747, #1775, #6609, #7238, #3585, #517, #7896, #4252, #6553, #5456, #462, #575, #7786, #4789, #4134, #7811, #1133, #2313, #7209, #2941, #6072, #4365, #4539, #2716, #289, #1832, #6812, #3713, #6366, #7507, #2628, #6245, #4017, #814, #4504, #5035, #6925, #2575, #2170, #1377, #7075, #1426, #4456, #232, #7482, #5087, #3889, #5661, #5867, #1579, #6948, #3417, #1992, #6295, #3257, #3837, #7528, #7683, #6898, #959, #4433, #5711, #4481, #179, #792, #206, #350, #6869, #3813, #6442, #3865, #5112, #5238, #4634, #3207, #1457, #765, #2043, #6320, #5736, #150, #6270, #2786, #2602, #3285, #7559, #3231, #5062, #840, #2654, #1401, #5690, #2019, #5942, #2281, #4074, #489, #4737, #2923, #1685, #7730, #988, #5263, #6523, #5967, #4133, #398, #371, #4684, #3501, #7101, #2812, #7127, #1072, #460, #5376, #7757, #1019, #6469, #2229, #5289, #1626, #6552, #4761, #1603, #1045, #2895, #5315, #1659, #5917, #2258, #2864 ),
 ( #7156, #7180, #4102, #2312, #3529, #4162, #3442, #7784, #2837, #5348, #7208, #6582, #6494, #3469, #429, #2200, #7810, #4710, #3558, #5891, #1098, #7710, #1715, #4044, #4660, #1190, #4225, #7923, #7237, #573, #3658, #1130, #5513, #1245, #6695, #6731, #4788, #6055, #2387, #3607, #7291, #7352, #6643, #631, #4193, #4844, #4251, #7869, #543, #7895, #3683, #5997, #3584, #1830, #6671, #4867, #4894, #4304, #6608, #1216, #516, #5454, #1801, #5486, #2334, #2951, #6107, #2443, #3031, #7321, #3058, #5404, #4279, #6081, #6027, #1160, #7838, #2413, #602, #4818, #1746, #8, #2360, #2977, #5430, #7264, #1773, #3005, #3632, #3789, #67, #39, #4348, #3147, #6758, #2466, #6784, #731, #120, #5028, #7426, #7404, #6137, #1883, #679, #4956, #6213, #145, #4925, #704, #2541, #4980, #1321, #3741, #1293, #5570, #1911, #3173, #5598, #1859, #4423, #3710, #7474, #1960, #6186, #3086, #3115, #2518, #6837, #3810, #6811, #7379, #3769, #759, #4325, #1937, #2493, #4396, #6863, #7451, #6165, #92, #4374, #654, #1369, #5003, #1344, #1270, #5624, #5542, #6239, #2569, #3201, #834, #3857, #7579, #6891, #225, #3305, #785, #5157, #878, #6338, #6361, #4450, #5707, #2039, #3251, #6943, #6995, #6290, #273, #3833, #4498, #3884, #7522, #199, #7551, #3333, #5653, #3223, #1475, #6314, #4522, #4548, #3931, #6263, #860, #170, #5107, #1448, #5133, #1988, #2598, #5760, #2090, #2672, #6969, #2699, #5054, #3911, #5730, #5683, #808, #7502, #2065, #249, #4476, #1395, #7601, #2012, #2621, #5081, #6918, #1421, #2646, #3279, #3431, #7649, #7621, #3980, #2778, #6386, #2117, #6408, #362, #7699, #4675, #7062, #7038, #5781, #1527, #316, #4600, #5857, #7723, #4574, #340, #2187, #4625, #950, #3383, #926, #5203, #1546, #2803, #5227, #1502, #4063, #3358, #7114, #1594, #5831, #2724, #2746, #2158, #6459, #3459, #6430, #7016, #3410, #389, #3956, #1568, #2138, #4034, #6483, #7091, #5803, #7672, #4007, #295, #1007, #4649, #975, #903, #5252, #5180, #5878, #2217, #2828, #482, #3521, #7225, #6511, #7801, #2942, #416, #4806, #535, #5987, #6018, #4093, #5338, #1674, #2885, #6573, #6633, #5935, #7858, #3487, #4151, #3547, #7172, #7774, #7200, #2969, #5278, #2854, #1119, #5957, #4183, #4215, #3601, #5908, #507, #7747, #4753, #1088, #4779, #1618, #2246, #5395, #1735, #2326, #6600, #2351, #4700, #3575, #5366, #5306, #446, #7146, #1707, #7827, #4123, #1038, #7255, #1648, #2273, #4728, #6542, #1062, #2300, #2912, #3077, #7314, #7283, #3650, #2431, #6046, #1764, #6073, #30, #7373, #4342, #6719, #6688, #5422, #1181, #7913, #4271, #5505, #7395, #4242, #7943, #1848, #4296, #620, #3023, #594, #4860, #1210, #2457, #4885, #1153, #3732, #2997, #6775, #1261, #5477, #2379, #2402, #1822, #6129, #3105, #6100, #6661, #3051, #59, #3626, #1237, #1791, #3704, #6156, #6747, #5447 ) ),
 .UNSPECIFIED., .F., .F., .T. ) 
 B_SPLINE_SURFACE_WITH_KNOTS ( ( 2, 2 ),
 ( 3, 2, 2, 2, 2, 2, 2, 2, 2, 2, 2, 2, 2, 2, 2, 2, 2, 2, 2, 2, 2, 2, 2, 2, 2, 2, 2, 2, 2, 2, 2, 2, 2, 2, 2, 2, 2, 2, 2, 2, 2, 2, 2, 2, 2, 2, 2, 2, 2, 2, 2, 2, 2, 2, 2, 2, 2, 2, 2, 2, 2, 2, 2, 2, 2, 2, 2, 2, 2, 2, 2, 2, 2, 2, 2, 2, 2, 2, 2, 2, 2, 2, 2, 2, 2, 2, 2, 2, 2, 2, 2, 2, 2, 2, 2, 2, 2, 2, 2, 2, 2, 2, 2, 2, 2, 2, 2, 2, 2, 2, 2, 2, 2, 2, 2, 2, 2, 2, 2, 2, 2, 2, 2, 2, 2, 2, 2, 2, 2, 2, 2, 2, 2, 2, 2, 2, 2, 2, 2, 2, 2, 2, 2, 2, 2, 2, 2, 2, 2, 2, 2, 2, 2, 2, 2, 2, 2, 2, 2, 2, 2, 2, 2, 2, 2, 2, 2, 2, 2, 2, 2, 2, 2, 2, 2, 2, 2, 2, 2, 2, 2, 2, 2, 2, 2, 2, 2, 2, 2, 2, 2, 2, 2, 2, 2, 2, 2, 2, 3 ),
 ( 0.0000000000000000000, 1.000000000000000000 ),
 ( 0.0000000000000000000, 0.005050505050505050900, 0.01010101010101010200, 0.01515151515151515200, 0.02020202020202020400, 0.02525252525252525200, 0.03030303030303030400, 0.03535353535353535200, 0.04040404040404040700, 0.04545454545454545600, 0.05050505050505050400, 0.05555555555555555200, 0.06060606060606060800, 0.06565656565656566300, 0.07070707070707070400, 0.07575757575757576000, 0.08080808080808081500, 0.08585858585858585600, 0.09090909090909091200, 0.09595959595959595300, 0.1010101010101010100, 0.1060606060606060600, 0.1111111111111111000, 0.1161616161616161600, 0.1212121212121212200, 0.1262626262626262700, 0.1313131313131313300, 0.1363636363636363500, 0.1414141414141414100, 0.1464646464646464600, 0.1515151515151515200, 0.1565656565656565700, 0.1616161616161616300, 0.1666666666666666600, 0.1717171717171717100, 0.1767676767676767700, 0.1818181818181818200, 0.1868686868686868800, 0.1919191919191919100, 0.1969696969696969600, 0.2020202020202020200, 0.2070707070707070700, 0.2121212121212121300, 0.2171717171717171800, 0.2222222222222222100, 0.2272727272727272700, 0.2323232323232323200, 0.2373737373737373800, 0.2424242424242424300, 0.2474747474747474900, 0.2525252525252525400, 0.2575757575757575700, 0.2626262626262626500, 0.2676767676767676800, 0.2727272727272727100, 0.2777777777777777900, 0.2828282828282828200, 0.2878787878787879000, 0.2929292929292929300, 0.2979797979797979600, 0.3030303030303030400, 0.3080808080808080700, 0.3131313131313131500, 0.3181818181818181800, 0.3232323232323232600, 0.3282828282828282900, 0.3333333333333333100, 0.3383838383838384000, 0.3434343434343434300, 0.3484848484848485100, 0.3535353535353535400, 0.3585858585858585600, 0.3636363636363636500, 0.3686868686868686700, 0.3737373737373737600, 0.3787878787878787800, 0.3838383838383838100, 0.3888888888888889000, 0.3939393939393939200, 0.3989898989898990100, 0.4040404040404040300, 0.4090909090909091200, 0.4141414141414141400, 0.4191919191919191700, 0.4242424242424242500, 0.4292929292929292800, 0.4343434343434343600, 0.4393939393939393900, 0.4444444444444444200, 0.4494949494949495000, 0.4545454545454545300, 0.4595959595959596100, 0.4646464646464646400, 0.4696969696969697200, 0.4747474747474747500, 0.4797979797979797800, 0.4848484848484848600, 0.4898989898989898900, 0.4949494949494949700, 0.5000000000000000000, 0.5050505050505050800, 0.5101010101010100600, 0.5151515151515151400, 0.5202020202020202200, 0.5252525252525253000, 0.5303030303030302800, 0.5353535353535353600, 0.5404040404040404400, 0.5454545454545454100, 0.5505050505050505000, 0.5555555555555555800, 0.5606060606060605500, 0.5656565656565656400, 0.5707070707070707200, 0.5757575757575758000, 0.5808080808080807700, 0.5858585858585858600, 0.5909090909090909400, 0.5959595959595959100, 0.6010101010101009900, 0.6060606060606060800, 0.6111111111111111600, 0.6161616161616161300, 0.6212121212121212200, 0.6262626262626263000, 0.6313131313131312700, 0.6363636363636363500, 0.6414141414141414400, 0.6464646464646465200, 0.6515151515151514900, 0.6565656565656565700, 0.6616161616161616600, 0.6666666666666666300, 0.6717171717171717100, 0.6767676767676768000, 0.6818181818181817700, 0.6868686868686868500, 0.6919191919191919300, 0.6969696969696970200, 0.7020202020202019900, 0.7070707070707070700, 0.7121212121212121500, 0.7171717171717171300, 0.7222222222222222100, 0.7272727272727272900, 0.7323232323232323800, 0.7373737373737373500, 0.7424242424242424300, 0.7474747474747475100, 0.7525252525252524900, 0.7575757575757575700, 0.7626262626262626500, 0.7676767676767676200, 0.7727272727272727100, 0.7777777777777777900, 0.7828282828282828700, 0.7878787878787878500, 0.7929292929292929300, 0.7979797979797980100, 0.8030303030303029800, 0.8080808080808080700, 0.8131313131313131500, 0.8181818181818182300, 0.8232323232323232000, 0.8282828282828282900, 0.8333333333333333700, 0.8383838383838383400, 0.8434343434343434300, 0.8484848484848485100, 0.8535353535353534800, 0.8585858585858585600, 0.8636363636363636500, 0.8686868686868687300, 0.8737373737373737000, 0.8787878787878787800, 0.8838383838383838700, 0.8888888888888888400, 0.8939393939393939200, 0.8989898989898990100, 0.9040404040404040900, 0.9090909090909090600, 0.9141414141414141400, 0.9191919191919192300, 0.9242424242424242000, 0.9292929292929292800, 0.9343434343434343600, 0.9393939393939394500, 0.9444444444444444200, 0.9494949494949495000, 0.9545454545454545900, 0.9595959595959595600, 0.9646464646464646400, 0.9696969696969697200, 0.9747474747474747000, 0.9797979797979797800, 0.9848484848484848600, 0.9898989898989899400, 0.9949494949494949200, 1.000000000000000000 ),
 .UNSPECIFIED. ) 
 GEOMETRIC_REPRESENTATION_ITEM ( )  RATIONAL_B_SPLINE_SURFACE ( (
 ( 1.000000000000000000, 0.8660254037844387100, 1.000000000000000000, 0.8660254037844387100, 1.000000000000000000, 0.8660254037844387100, 1.000000000000000000, 0.8660254037844387100, 1.000000000000000000, 0.8660254037844387100, 1.000000000000000000, 0.8660254037844387100, 1.000000000000000000, 0.8660254037844387100, 1.000000000000000000, 0.8660254037844387100, 1.000000000000000000, 0.8660254037844387100, 1.000000000000000000, 0.8660254037844387100, 1.000000000000000000, 0.8660254037844387100, 1.000000000000000000, 0.8660254037844387100, 1.000000000000000000, 0.8660254037844387100, 1.000000000000000000, 0.8660254037844387100, 1.000000000000000000, 0.8660254037844387100, 1.000000000000000000, 0.8660254037844387100, 1.000000000000000000, 0.8660254037844387100, 1.000000000000000000, 0.8660254037844387100, 1.000000000000000000, 0.8660254037844387100, 1.000000000000000000, 0.8660254037844387100, 1.000000000000000000, 0.8660254037844387100, 1.000000000000000000, 0.8660254037844387100, 1.000000000000000000, 0.8660254037844387100, 1.000000000000000000, 0.8660254037844387100, 1.000000000000000000, 0.8660254037844387100, 1.000000000000000000, 0.8660254037844387100, 1.000000000000000000, 0.8660254037844387100, 1.000000000000000000, 0.8660254037844387100, 1.000000000000000000, 0.8660254037844387100, 1.000000000000000000, 0.8660254037844387100, 1.000000000000000000, 0.8660254037844387100, 1.000000000000000000, 0.8660254037844387100, 1.000000000000000000, 0.8660254037844387100, 1.000000000000000000, 0.8660254037844387100, 1.000000000000000000, 0.8660254037844387100, 1.000000000000000000, 0.8660254037844387100, 1.000000000000000000, 0.8660254037844387100, 1.000000000000000000, 0.8660254037844387100, 1.000000000000000000, 0.8660254037844387100, 1.000000000000000000, 0.8660254037844387100, 1.000000000000000000, 0.8660254037844387100, 1.000000000000000000, 0.8660254037844387100, 1.000000000000000000, 0.8660254037844387100, 1.000000000000000000, 0.8660254037844387100, 1.000000000000000000, 0.8660254037844387100, 1.000000000000000000, 0.8660254037844387100, 1.000000000000000000, 0.8660254037844387100, 1.000000000000000000, 0.8660254037844387100, 1.000000000000000000, 0.8660254037844387100, 1.000000000000000000, 0.8660254037844387100, 1.000000000000000000, 0.8660254037844387100, 1.000000000000000000, 0.8660254037844387100, 1.000000000000000000, 0.8660254037844387100, 1.000000000000000000, 0.8660254037844387100, 1.000000000000000000, 0.8660254037844387100, 1.000000000000000000, 0.8660254037844387100, 1.000000000000000000, 0.8660254037844387100, 1.000000000000000000, 0.8660254037844387100, 1.000000000000000000, 0.8660254037844387100, 1.000000000000000000, 0.8660254037844387100, 1.000000000000000000, 0.8660254037844387100, 1.000000000000000000, 0.8660254037844387100, 1.000000000000000000, 0.8660254037844387100, 1.000000000000000000, 0.8660254037844387100, 1.000000000000000000, 0.8660254037844387100, 1.000000000000000000, 0.8660254037844387100, 1.000000000000000000, 0.8660254037844387100, 1.000000000000000000, 0.8660254037844387100, 1.000000000000000000, 0.8660254037844387100, 1.000000000000000000, 0.8660254037844387100, 1.000000000000000000, 0.8660254037844387100, 1.000000000000000000, 0.8660254037844387100, 1.000000000000000000, 0.8660254037844387100, 1.000000000000000000, 0.8660254037844387100, 1.000000000000000000, 0.8660254037844387100, 1.000000000000000000, 0.8660254037844387100, 1.000000000000000000, 0.8660254037844387100, 1.000000000000000000, 0.8660254037844387100, 1.000000000000000000, 0.8660254037844387100, 1.000000000000000000, 0.8660254037844387100, 1.000000000000000000, 0.8660254037844387100, 1.000000000000000000, 0.8660254037844387100, 1.000000000000000000, 0.8660254037844387100, 1.000000000000000000, 0.8660254037844387100, 1.000000000000000000, 0.8660254037844387100, 1.000000000000000000, 0.8660254037844387100, 1.000000000000000000, 0.8660254037844387100, 1.000000000000000000, 0.8660254037844387100, 1.000000000000000000, 0.8660254037844387100, 1.000000000000000000, 0.8660254037844387100, 1.000000000000000000, 0.8660254037844387100, 1.000000000000000000, 0.8660254037844387100, 1.000000000000000000, 0.8660254037844387100, 1.000000000000000000, 0.8660254037844387100, 1.000000000000000000, 0.8660254037844387100, 1.000000000000000000, 0.8660254037844387100, 1.000000000000000000, 0.8660254037844387100, 1.000000000000000000, 0.8660254037844387100, 1.000000000000000000, 0.8660254037844387100, 1.000000000000000000, 0.8660254037844387100, 1.000000000000000000, 0.8660254037844387100, 1.000000000000000000, 0.8660254037844387100, 1.000000000000000000, 0.8660254037844387100, 1.000000000000000000, 0.8660254037844387100, 1.000000000000000000, 0.8660254037844387100, 1.000000000000000000, 0.8660254037844387100, 1.000000000000000000, 0.8660254037844387100, 1.000000000000000000, 0.8660254037844387100, 1.000000000000000000, 0.8660254037844387100, 1.000000000000000000, 0.8660254037844387100, 1.000000000000000000, 0.8660254037844387100, 1.000000000000000000, 0.8660254037844387100, 1.000000000000000000, 0.8660254037844387100, 1.000000000000000000, 0.8660254037844387100, 1.000000000000000000, 0.8660254037844387100, 1.000000000000000000, 0.8660254037844387100, 1.000000000000000000, 0.8660254037844387100, 1.000000000000000000, 0.8660254037844387100, 1.000000000000000000, 0.8660254037844387100, 1.000000000000000000, 0.8660254037844387100, 1.000000000000000000, 0.8660254037844387100, 1.000000000000000000, 0.8660254037844387100, 1.000000000000000000, 0.8660254037844387100, 1.000000000000000000, 0.8660254037844387100, 1.000000000000000000, 0.8660254037844387100, 1.000000000000000000, 0.8660254037844387100, 1.000000000000000000, 0.8660254037844387100, 1.000000000000000000, 0.8660254037844387100, 1.000000000000000000, 0.8660254037844387100, 1.000000000000000000, 0.8660254037844387100, 1.000000000000000000, 0.8660254037844387100, 1.000000000000000000, 0.8660254037844387100, 1.000000000000000000, 0.8660254037844387100, 1.000000000000000000, 0.8660254037844387100, 1.000000000000000000, 0.8660254037844387100, 1.000000000000000000, 0.8660254037844387100, 1.000000000000000000, 0.8660254037844387100, 1.000000000000000000, 0.8660254037844387100, 1.000000000000000000, 0.8660254037844387100, 1.000000000000000000, 0.8660254037844387100, 1.000000000000000000, 0.8660254037844387100, 1.000000000000000000, 0.8660254037844387100, 1.000000000000000000, 0.8660254037844387100, 1.000000000000000000, 0.8660254037844387100, 1.000000000000000000, 0.8660254037844387100, 1.000000000000000000, 0.8660254037844387100, 1.000000000000000000, 0.8660254037844387100, 1.000000000000000000, 0.8660254037844387100, 1.000000000000000000, 0.8660254037844387100, 1.000000000000000000, 0.8660254037844387100, 1.000000000000000000, 0.8660254037844387100, 1.000000000000000000, 0.8660254037844387100, 1.000000000000000000, 0.8660254037844387100, 1.000000000000000000, 0.8660254037844387100, 1.000000000000000000, 0.8660254037844387100, 1.000000000000000000, 0.8660254037844387100, 1.000000000000000000, 0.8660254037844387100, 1.000000000000000000, 0.8660254037844387100, 1.000000000000000000, 0.8660254037844387100, 1.000000000000000000, 0.8660254037844387100, 1.000000000000000000, 0.8660254037844387100, 1.000000000000000000, 0.8660254037844387100, 1.000000000000000000, 0.8660254037844387100, 1.000000000000000000, 0.8660254037844387100, 1.000000000000000000, 0.8660254037844387100, 1.000000000000000000, 0.8660254037844387100, 1.000000000000000000, 0.8660254037844387100, 1.000000000000000000, 0.8660254037844387100, 1.000000000000000000, 0.8660254037844387100, 1.000000000000000000, 0.8660254037844387100, 1.000000000000000000, 0.8660254037844387100, 1.000000000000000000, 0.8660254037844387100, 1.000000000000000000, 0.8660254037844387100, 1.000000000000000000, 0.8660254037844387100, 1.000000000000000000, 0.8660254037844387100, 1.000000000000000000, 0.8660254037844387100, 1.000000000000000000, 0.8660254037844387100, 1.000000000000000000, 0.8660254037844387100, 1.000000000000000000, 0.8660254037844387100, 1.000000000000000000, 0.8660254037844387100, 1.000000000000000000, 0.8660254037844387100, 1.000000000000000000, 0.8660254037844387100, 1.000000000000000000, 0.8660254037844387100, 1.000000000000000000, 0.8660254037844387100, 1.000000000000000000, 0.8660254037844387100, 1.000000000000000000, 0.8660254037844387100, 1.000000000000000000, 0.8660254037844387100, 1.000000000000000000, 0.8660254037844387100, 1.000000000000000000, 0.8660254037844387100, 1.000000000000000000, 0.8660254037844387100, 1.000000000000000000, 0.8660254037844387100, 1.000000000000000000, 0.8660254037844387100, 1.000000000000000000, 0.8660254037844387100, 1.000000000000000000, 0.8660254037844387100, 1.000000000000000000, 0.8660254037844387100, 1.000000000000000000, 0.8660254037844387100, 1.000000000000000000, 0.8660254037844387100, 1.000000000000000000, 0.8660254037844387100, 1.000000000000000000),
 ( 1.000000000000000000, 0.8660254037844387100, 1.000000000000000000, 0.8660254037844387100, 1.000000000000000000, 0.8660254037844387100, 1.000000000000000000, 0.8660254037844387100, 1.000000000000000000, 0.8660254037844387100, 1.000000000000000000, 0.8660254037844387100, 1.000000000000000000, 0.8660254037844387100, 1.000000000000000000, 0.8660254037844387100, 1.000000000000000000, 0.8660254037844387100, 1.000000000000000000, 0.8660254037844387100, 1.000000000000000000, 0.8660254037844387100, 1.000000000000000000, 0.8660254037844387100, 1.000000000000000000, 0.8660254037844387100, 1.000000000000000000, 0.8660254037844387100, 1.000000000000000000, 0.8660254037844387100, 1.000000000000000000, 0.8660254037844387100, 1.000000000000000000, 0.8660254037844387100, 1.000000000000000000, 0.8660254037844387100, 1.000000000000000000, 0.8660254037844387100, 1.000000000000000000, 0.8660254037844387100, 1.000000000000000000, 0.8660254037844387100, 1.000000000000000000, 0.8660254037844387100, 1.000000000000000000, 0.8660254037844387100, 1.000000000000000000, 0.8660254037844387100, 1.000000000000000000, 0.8660254037844387100, 1.000000000000000000, 0.8660254037844387100, 1.000000000000000000, 0.8660254037844387100, 1.000000000000000000, 0.8660254037844387100, 1.000000000000000000, 0.8660254037844387100, 1.000000000000000000, 0.8660254037844387100, 1.000000000000000000, 0.8660254037844387100, 1.000000000000000000, 0.8660254037844387100, 1.000000000000000000, 0.8660254037844387100, 1.000000000000000000, 0.8660254037844387100, 1.000000000000000000, 0.8660254037844387100, 1.000000000000000000, 0.8660254037844387100, 1.000000000000000000, 0.8660254037844387100, 1.000000000000000000, 0.8660254037844387100, 1.000000000000000000, 0.8660254037844387100, 1.000000000000000000, 0.8660254037844387100, 1.000000000000000000, 0.8660254037844387100, 1.000000000000000000, 0.8660254037844387100, 1.000000000000000000, 0.8660254037844387100, 1.000000000000000000, 0.8660254037844387100, 1.000000000000000000, 0.8660254037844387100, 1.000000000000000000, 0.8660254037844387100, 1.000000000000000000, 0.8660254037844387100, 1.000000000000000000, 0.8660254037844387100, 1.000000000000000000, 0.8660254037844387100, 1.000000000000000000, 0.8660254037844387100, 1.000000000000000000, 0.8660254037844387100, 1.000000000000000000, 0.8660254037844387100, 1.000000000000000000, 0.8660254037844387100, 1.000000000000000000, 0.8660254037844387100, 1.000000000000000000, 0.8660254037844387100, 1.000000000000000000, 0.8660254037844387100, 1.000000000000000000, 0.8660254037844387100, 1.000000000000000000, 0.8660254037844387100, 1.000000000000000000, 0.8660254037844387100, 1.000000000000000000, 0.8660254037844387100, 1.000000000000000000, 0.8660254037844387100, 1.000000000000000000, 0.8660254037844387100, 1.000000000000000000, 0.8660254037844387100, 1.000000000000000000, 0.8660254037844387100, 1.000000000000000000, 0.8660254037844387100, 1.000000000000000000, 0.8660254037844387100, 1.000000000000000000, 0.8660254037844387100, 1.000000000000000000, 0.8660254037844387100, 1.000000000000000000, 0.8660254037844387100, 1.000000000000000000, 0.8660254037844387100, 1.000000000000000000, 0.8660254037844387100, 1.000000000000000000, 0.8660254037844387100, 1.000000000000000000, 0.8660254037844387100, 1.000000000000000000, 0.8660254037844387100, 1.000000000000000000, 0.8660254037844387100, 1.000000000000000000, 0.8660254037844387100, 1.000000000000000000, 0.8660254037844387100, 1.000000000000000000, 0.8660254037844387100, 1.000000000000000000, 0.8660254037844387100, 1.000000000000000000, 0.8660254037844387100, 1.000000000000000000, 0.8660254037844387100, 1.000000000000000000, 0.8660254037844387100, 1.000000000000000000, 0.8660254037844387100, 1.000000000000000000, 0.8660254037844387100, 1.000000000000000000, 0.8660254037844387100, 1.000000000000000000, 0.8660254037844387100, 1.000000000000000000, 0.8660254037844387100, 1.000000000000000000, 0.8660254037844387100, 1.000000000000000000, 0.8660254037844387100, 1.000000000000000000, 0.8660254037844387100, 1.000000000000000000, 0.8660254037844387100, 1.000000000000000000, 0.8660254037844387100, 1.000000000000000000, 0.8660254037844387100, 1.000000000000000000, 0.8660254037844387100, 1.000000000000000000, 0.8660254037844387100, 1.000000000000000000, 0.8660254037844387100, 1.000000000000000000, 0.8660254037844387100, 1.000000000000000000, 0.8660254037844387100, 1.000000000000000000, 0.8660254037844387100, 1.000000000000000000, 0.8660254037844387100, 1.000000000000000000, 0.8660254037844387100, 1.000000000000000000, 0.8660254037844387100, 1.000000000000000000, 0.8660254037844387100, 1.000000000000000000, 0.8660254037844387100, 1.000000000000000000, 0.8660254037844387100, 1.000000000000000000, 0.8660254037844387100, 1.000000000000000000, 0.8660254037844387100, 1.000000000000000000, 0.8660254037844387100, 1.000000000000000000, 0.8660254037844387100, 1.000000000000000000, 0.8660254037844387100, 1.000000000000000000, 0.8660254037844387100, 1.000000000000000000, 0.8660254037844387100, 1.000000000000000000, 0.8660254037844387100, 1.000000000000000000, 0.8660254037844387100, 1.000000000000000000, 0.8660254037844387100, 1.000000000000000000, 0.8660254037844387100, 1.000000000000000000, 0.8660254037844387100, 1.000000000000000000, 0.8660254037844387100, 1.000000000000000000, 0.8660254037844387100, 1.000000000000000000, 0.8660254037844387100, 1.000000000000000000, 0.8660254037844387100, 1.000000000000000000, 0.8660254037844387100, 1.000000000000000000, 0.8660254037844387100, 1.000000000000000000, 0.8660254037844387100, 1.000000000000000000, 0.8660254037844387100, 1.000000000000000000, 0.8660254037844387100, 1.000000000000000000, 0.8660254037844387100, 1.000000000000000000, 0.8660254037844387100, 1.000000000000000000, 0.8660254037844387100, 1.000000000000000000, 0.8660254037844387100, 1.000000000000000000, 0.8660254037844387100, 1.000000000000000000, 0.8660254037844387100, 1.000000000000000000, 0.8660254037844387100, 1.000000000000000000, 0.8660254037844387100, 1.000000000000000000, 0.8660254037844387100, 1.000000000000000000, 0.8660254037844387100, 1.000000000000000000, 0.8660254037844387100, 1.000000000000000000, 0.8660254037844387100, 1.000000000000000000, 0.8660254037844387100, 1.000000000000000000, 0.8660254037844387100, 1.000000000000000000, 0.8660254037844387100, 1.000000000000000000, 0.8660254037844387100, 1.000000000000000000, 0.8660254037844387100, 1.000000000000000000, 0.8660254037844387100, 1.000000000000000000, 0.8660254037844387100, 1.000000000000000000, 0.8660254037844387100, 1.000000000000000000, 0.8660254037844387100, 1.000000000000000000, 0.8660254037844387100, 1.000000000000000000, 0.8660254037844387100, 1.000000000000000000, 0.8660254037844387100, 1.000000000000000000, 0.8660254037844387100, 1.000000000000000000, 0.8660254037844387100, 1.000000000000000000, 0.8660254037844387100, 1.000000000000000000, 0.8660254037844387100, 1.000000000000000000, 0.8660254037844387100, 1.000000000000000000, 0.8660254037844387100, 1.000000000000000000, 0.8660254037844387100, 1.000000000000000000, 0.8660254037844387100, 1.000000000000000000, 0.8660254037844387100, 1.000000000000000000, 0.8660254037844387100, 1.000000000000000000, 0.8660254037844387100, 1.000000000000000000, 0.8660254037844387100, 1.000000000000000000, 0.8660254037844387100, 1.000000000000000000, 0.8660254037844387100, 1.000000000000000000, 0.8660254037844387100, 1.000000000000000000, 0.8660254037844387100, 1.000000000000000000, 0.8660254037844387100, 1.000000000000000000, 0.8660254037844387100, 1.000000000000000000, 0.8660254037844387100, 1.000000000000000000, 0.8660254037844387100, 1.000000000000000000, 0.8660254037844387100, 1.000000000000000000, 0.8660254037844387100, 1.000000000000000000, 0.8660254037844387100, 1.000000000000000000, 0.8660254037844387100, 1.000000000000000000, 0.8660254037844387100, 1.000000000000000000, 0.8660254037844387100, 1.000000000000000000, 0.8660254037844387100, 1.000000000000000000, 0.8660254037844387100, 1.000000000000000000, 0.8660254037844387100, 1.000000000000000000, 0.8660254037844387100, 1.000000000000000000, 0.8660254037844387100, 1.000000000000000000, 0.8660254037844387100, 1.000000000000000000, 0.8660254037844387100, 1.000000000000000000, 0.8660254037844387100, 1.000000000000000000, 0.8660254037844387100, 1.000000000000000000, 0.8660254037844387100, 1.000000000000000000, 0.8660254037844387100, 1.000000000000000000, 0.8660254037844387100, 1.000000000000000000, 0.8660254037844387100, 1.000000000000000000, 0.8660254037844387100, 1.000000000000000000, 0.8660254037844387100, 1.000000000000000000, 0.8660254037844387100, 1.000000000000000000, 0.8660254037844387100, 1.000000000000000000, 0.8660254037844387100, 1.000000000000000000, 0.8660254037844387100, 1.000000000000000000, 0.8660254037844387100, 1.000000000000000000, 0.8660254037844387100, 1.000000000000000000, 0.8660254037844387100, 1.000000000000000000) ) ) 
 REPRESENTATION_ITEM ( '' )  SURFACE ( )  );
#2439 = CARTESIAN_POINT ( 'NONE',  ( -4.679256681265764000E-014, 3.350480947161662100, -15.49999999999995900 ) ) ;
#2440 = CARTESIAN_POINT ( 'NONE',  ( -3.350480947161665200, 1.394453263437886600E-015, -15.37499999999996300 ) ) ;
#2441 = LINE ( 'NONE', #1788, #7425 ) ;
#2442 = ORIENTED_EDGE ( 'NONE', *, *, #7592, .T. ) ;
#2443 = CARTESIAN_POINT ( 'NONE',  ( -2.309401076758445600, -4.000000000000032900, -4.583333333333321500 ) ) ;
#2444 = CARTESIAN_POINT ( 'NONE',  ( 2.901601615137780600, -1.675240473580771800, -14.83333333333329300 ) ) ;
#2445 = CARTESIAN_POINT ( 'NONE',  ( 3.350480947161671900, -7.437084071668728600E-015, -25.87499999999994700 ) ) ;
#2446 = CARTESIAN_POINT ( 'NONE',  ( 3.464101615137782400, -1.999999999999950700, -24.45833333333327200 ) ) ;
#2447 = FACE_OUTER_BOUND ( 'NONE', #6244, .T. ) ;
#2448 = VERTEX_POINT ( 'NONE', #3823 ) ;
#2449 = CARTESIAN_POINT ( 'NONE',  ( 2.309401076758560200, -3.999999999999966700, -5.541666666666645600 ) ) ;
#2450 = CARTESIAN_POINT ( 'NONE',  ( 3.999999999999992500, -1.071796769724437000, -17.41965819873847500 ) ) ;
#2451 = ADVANCED_FACE ( 'NONE', ( #6692 ), #7436, .F. ) ;
#2452 = CARTESIAN_POINT ( 'NONE',  ( -5.664014065476736100E-014, 3.350480947161662100, -10.62499999999997200 ) ) ;
#2453 = LINE ( 'NONE', #3818, #3033 ) ;
#2454 = ORIENTED_EDGE ( 'NONE', *, *, #5310, .F. ) ;
#2455 = EDGE_CURVE ( 'NONE', #7183, #3841, #4585, .T. ) ;
#2456 = CARTESIAN_POINT ( 'NONE',  ( 0.0000000000000000000, 0.0000000000000000000, -38.00000000000000000 ) ) ;
#2457 = CARTESIAN_POINT ( 'NONE',  ( 2.309401076758446100, 4.000000000000032000, -30.08333333333326100 ) ) ;
#2458 = ORIENTED_EDGE ( 'NONE', *, *, #2465, .T. ) ;
#2459 = CARTESIAN_POINT ( 'NONE',  ( 2.309401076758413700, 4.000000000000051500, -15.20833333333329300 ) ) ;
#2460 = CARTESIAN_POINT ( 'NONE',  ( 3.350480947161659500, -1.400263485368877800E-014, -17.87499999999996100 ) ) ;
#2461 = CARTESIAN_POINT ( 'NONE',  ( -3.464101615137709100, -2.000000000000079500, -15.66666666666663100 ) ) ;
#2462 = EDGE_LOOP ( 'NONE', ( #4951, #993, #530, #5821 ) ) ;
#2463 = CARTESIAN_POINT ( 'NONE',  ( -2.901601615137722400, -1.675240473580873000, -16.16666666666662900 ) ) ;
#2464 = ORIENTED_EDGE ( 'NONE', *, *, #5754, .F. ) ;
#2465 = EDGE_CURVE ( 'NONE', #2727, #5526, #5861, .T. ) ;
#2466 = CARTESIAN_POINT ( 'NONE',  ( -2.309401076758561500, 3.999999999999966200, -6.916666666666650100 ) ) ;
#2467 = CARTESIAN_POINT ( 'NONE',  ( 3.999999999999996400, -3.137519842735244800E-015, -12.37499999999996800 ) ) ;
#2468 = DIRECTION ( 'NONE',  ( -0.0000000000000000000, -0.0000000000000000000, -1.000000000000000000 ) ) ;
#2469 = B_SPLINE_CURVE_WITH_KNOTS ( 'NONE', 3,
 ( #410, #5903, #7769, #2269, #4595, #4060, #2879, #4004, #4087, #384, #4622, #2154, #3482, #946, #998, #4117, #6537, #1033, #1565, #924, #1544, #5827, #5415, #7907, #1056, #1175, #5954, #441, #3595, #3645, #5330, #2908, #5441, #1782 ),
 .UNSPECIFIED., .F., .F.,
 ( 4, 2, 2, 2, 2, 2, 2, 2, 2, 2, 2, 2, 2, 2, 2, 2, 4 ),
 ( 0.003042864214400818000, 0.003750836271653883900, 0.004458808328906950200, 0.005166780386160015600, 0.005874752443413081000, 0.006582724500666147300, 0.007290696557919213600, 0.007998668615172278100, 0.008706640672425344400, 0.009414612729678409000, 0.01012258478693147400, 0.01083055684418454000, 0.01153852890143760400, 0.01224650095869066900, 0.01295447301594373500, 0.01366244507319679800, 0.01437041713044986300 ),
 .UNSPECIFIED. ) ;
#2470 = CARTESIAN_POINT ( 'NONE',  ( -3.350480947161659500, 9.296355089585909900E-015, -14.37499999999996800 ) ) ;
#2471 = APPROVAL ( #1030, 'UNSPECIFIED' ) ;
#2472 = CARTESIAN_POINT ( 'NONE',  ( -3.999999999999992500, 1.071796769724448200, -10.79465819873849800 ) ) ;
#2473 = CARTESIAN_POINT ( 'NONE',  ( 3.350480947161659500, 2.324088772396477500E-015, -18.87499999999996100 ) ) ;
#2474 = EDGE_LOOP ( 'NONE', ( #5631, #217, #3339, #4976 ) ) ;
#2475 = CARTESIAN_POINT ( 'NONE',  ( 4.618802153517005800, 6.478866617091239000E-014, -27.37499999999992900 ) ) ;
#2476 =( BOUNDED_CURVE ( )  B_SPLINE_CURVE ( 2, ( #7504, #760, #733, #121, #2623, #707, #4426, #172, #3860 ),
 .UNSPECIFIED., .F., .T. ) 
 B_SPLINE_CURVE_WITH_KNOTS ( ( 3, 2, 2, 2, 3 ),
 ( 0.1893939393939394800, 0.1919191919191919100, 0.1969696969696969600, 0.2020202020202020200, 0.2045454545454546400 ),
 .UNSPECIFIED. ) 
 CURVE ( )  GEOMETRIC_REPRESENTATION_ITEM ( )  RATIONAL_B_SPLINE_CURVE ( ( 0.9330127018922194100, 0.9330127018922216300, 1.000000000000000000, 0.8660254037844387100, 1.000000000000000000, 0.8660254037844387100, 1.000000000000000000, 0.9330127018922167400, 0.9330127018922193000 ) ) 
 REPRESENTATION_ITEM ( '' )  );
#2477 = ORIENTED_EDGE ( 'NONE', *, *, #5851, .F. ) ;
#2478 = CARTESIAN_POINT ( 'NONE',  ( -3.868802153516995600, -5.474208951679871200E-014, 0.6250000000000041100 ) ) ;
#2479 = CARTESIAN_POINT ( 'NONE',  ( 3.464101615137722000, 2.000000000000056800, -4.166666666666655400 ) ) ;
#2480 = EDGE_CURVE ( 'NONE', #4250, #2945, #3524, .T. ) ;
#2481 = CARTESIAN_POINT ( 'NONE',  ( 3.464101615137726400, 2.000000000000048800, -3.291666666666650100 ) ) ;
#2482 = CARTESIAN_POINT ( 'NONE',  ( -3.999999999999999100, -1.071796769724521900, -0.7053418012614771600 ) ) ;
#2483 = CARTESIAN_POINT ( 'NONE',  ( -3.350480947161662600, 4.299564228933483700E-015, -6.249999999999984900 ) ) ;
#2484 = ORIENTED_EDGE ( 'NONE', *, *, #3839, .F. ) ;
#2485 = CYLINDRICAL_SURFACE ( 'NONE', #2232, 4.000000000000000000 ) ;
#2486 = CARTESIAN_POINT ( 'NONE',  ( 2.309401076758662800, -3.999999999999908100, -19.54166666666661800 ) ) ;
#2487 = CARTESIAN_POINT ( 'NONE',  ( 3.350480947161657200, -0.8977586640477985800, -8.919658198738496000 ) ) ;
#2488 = CARTESIAN_POINT ( 'NONE',  ( 3.350480947161659900, -0.8977586640477980300, -3.919658198738508000 ) ) ;
#2489 = CARTESIAN_POINT ( 'NONE',  ( 3.350480947161667000, 0.8977586640478603100, -8.705341801261454300 ) ) ;
#2490 = ORIENTED_EDGE ( 'NONE', *, *, #2257, .F. ) ;
#2491 = CARTESIAN_POINT ( 'NONE',  ( -1.934401076758546400, 3.350480947161633700, -21.41666666666661500 ) ) ;
#2492 = DIRECTION ( 'NONE',  ( -0.0000000000000000000, -0.0000000000000000000, -1.000000000000000000 ) ) ;
#2493 = CARTESIAN_POINT ( 'NONE',  ( 3.464101615137782400, -1.999999999999950700, -10.33333333333331100 ) ) ;
#2494 = ADVANCED_FACE ( 'NONE', ( #1604 ), #3919, .F. ) ;
#2495 = DIRECTION ( 'NONE',  ( -0.0000000000000000000, -0.0000000000000000000, -1.000000000000000000 ) ) ;
#2496 = ORIENTED_EDGE ( 'NONE', *, *, #119, .F. ) ;
#2497 = CARTESIAN_POINT ( 'NONE',  ( -3.464101615137678000, -2.000000000000133700, -20.79166666666661500 ) ) ;
#2498 = FACE_OUTER_BOUND ( 'NONE', #1586, .T. ) ;
#2499 = DIRECTION ( 'NONE',  ( -0.0000000000000000000, -0.0000000000000000000, -1.000000000000000000 ) ) ;
#2500 = CARTESIAN_POINT ( 'NONE',  ( -3.464101615137725500, -2.000000000000050200, -23.79166666666660700 ) ) ;
#2501 = CARTESIAN_POINT ( 'NONE',  ( -2.309401076758362600, -4.000000000000079900, -23.70833333333327200 ) ) ;
#2502 = CARTESIAN_POINT ( 'NONE',  ( 3.350480947161659500, -6.565550782020049000E-015, -24.74999999999995000 ) ) ;
#2503 = ORIENTED_EDGE ( 'NONE', *, *, #2104, .F. ) ;
#2504 = VERTEX_POINT ( 'NONE', #2417 ) ;
#2505 = CARTESIAN_POINT ( 'NONE',  ( 3.464101615137726400, 2.000000000000048800, -4.291666666666648300 ) ) ;
#2506 = PLANE ( 'NONE',  #2996 ) ;
#2507 = CARTESIAN_POINT ( 'NONE',  ( 4.000000000000000900, 8.482924019247143800E-015, -2.374999999999988500 ) ) ;
#2508 = CARTESIAN_POINT ( 'NONE',  ( 3.999999999999996400, -4.531973106173131400E-014, -19.37499999999995400 ) ) ;
#2509 = CARTESIAN_POINT ( 'NONE',  ( 3.999999999999996400, -1.185285273922203500E-014, -21.24999999999996100 ) ) ;
#2510 =( BOUNDED_CURVE ( )  B_SPLINE_CURVE ( 2, ( #7376, #1933, #3081, #35, #3168, #7422, #1956, #6859, #2538 ),
 .UNSPECIFIED., .F., .F. ) 
 B_SPLINE_CURVE_WITH_KNOTS ( ( 3, 2, 2, 2, 3 ),
 ( 0.1590909090909092000, 0.1616161616161616300, 0.1666666666666666600, 0.1717171717171717100, 0.1742424242424243400 ),
 .UNSPECIFIED. ) 
 CURVE ( )  GEOMETRIC_REPRESENTATION_ITEM ( )  RATIONAL_B_SPLINE_CURVE ( ( 0.9330127018922193000, 0.9330127018922218500, 1.000000000000000000, 0.8660254037844387100, 1.000000000000000000, 0.8660254037844387100, 1.000000000000000000, 0.9330127018922167400, 0.9330127018922193000 ) ) 
 REPRESENTATION_ITEM ( '' )  );
#2511 = ORIENTED_EDGE ( 'NONE', *, *, #6836, .T. ) ;
#2512 = CARTESIAN_POINT ( 'NONE',  ( -4.000000000000008000, 1.071796769724434200, -14.91965819873848400 ) ) ;
#2513 = DIRECTION ( 'NONE',  ( 1.000000000000000000, 0.0000000000000000000, 0.0000000000000000000 ) ) ;
#2514 = EDGE_CURVE ( 'NONE', #354, #4525, #2384, .T. ) ;
#2515 = CARTESIAN_POINT ( 'NONE',  ( 1.934401076758450300, 3.350480947161689200, -22.58333333333328200 ) ) ;
#2516 = CARTESIAN_POINT ( 'NONE',  ( 7.962196071868249500E-014, -3.350480947161662100, -24.12499999999994700 ) ) ;
#2517 = FACE_OUTER_BOUND ( 'NONE', #3457, .T. ) ;
#2518 = CARTESIAN_POINT ( 'NONE',  ( -2.309401076758445600, -4.000000000000032900, -9.583333333333310800 ) ) ;
#2519 = ORIENTED_EDGE ( 'NONE', *, *, #4986, .F. ) ;
#2520 = CARTESIAN_POINT ( 'NONE',  ( 4.000000000000000000, 0.0000000000000000000, -30.00000000000000000 ) ) ;
#2521 = CARTESIAN_POINT ( 'NONE',  ( -4.000000000000003600, 4.648177544792955100E-014, -17.74999999999996400 ) ) ;
#2522 = EDGE_CURVE ( 'NONE', #6080, #7408, #2960, .T. ) ;
#2523 = CARTESIAN_POINT ( 'NONE',  ( 3.464101615137704600, 2.000000000000087500, -11.16666666666664100 ) ) ;
#2524 = CARTESIAN_POINT ( 'NONE',  ( -3.464101615137783700, 1.999999999999948500, -24.95833333333326800 ) ) ;
#2525 = EDGE_CURVE ( 'NONE', #1935, #7450, #6432, .T. ) ;
#2526 = CARTESIAN_POINT ( 'NONE',  ( -3.868802153516995600, -5.474208951679871200E-014, -3.374999999999987100 ) ) ;
#2527 = DIRECTION ( 'NONE',  ( -0.0000000000000000000, -0.0000000000000000000, -1.000000000000000000 ) ) ;
#2528 = CARTESIAN_POINT ( 'NONE',  ( 3.464101615137782400, -1.999999999999950700, -6.458333333333310800 ) ) ;
#2529 = LINE ( 'NONE', #7393, #4543 ) ;
#2530 = CARTESIAN_POINT ( 'NONE',  ( -4.000000000000000900, 3.834746474454188000E-015, -1.874999999999989600 ) ) ;
#2531 = ADVANCED_FACE ( 'NONE', ( #4220 ), #190, .T. ) ;
#2532 = LINE ( 'NONE', #2136, #2332 ) ;
#2533 =( BOUNDED_CURVE ( )  B_SPLINE_CURVE ( 2, ( #7515, #2003, #6281, #749, #3216, #7491, #3826, #801, #2614 ),
 .UNSPECIFIED., .F., .F. ) 
 B_SPLINE_CURVE_WITH_KNOTS ( ( 3, 2, 2, 2, 3 ),
 ( 0.8712121212121213300, 0.8737373737373737000, 0.8787878787878787800, 0.8838383838383838700, 0.8863636363636365800 ),
 .UNSPECIFIED. ) 
 CURVE ( )  GEOMETRIC_REPRESENTATION_ITEM ( )  RATIONAL_B_SPLINE_CURVE ( ( 0.9330127018922194100, 0.9330127018922223000, 1.000000000000000000, 0.8660254037844387100, 1.000000000000000000, 0.8660254037844387100, 1.000000000000000000, 0.9330127018922134100, 0.9330127018922193000 ) ) 
 REPRESENTATION_ITEM ( '' )  );
#2534 = CARTESIAN_POINT ( 'NONE',  ( 2.901601615137717100, 1.675240473580882300, -8.666666666666641200 ) ) ;
#2535 = CARTESIAN_POINT ( 'NONE',  ( -3.999999999999996400, -2.730804307565861300E-014, -26.87499999999993600 ) ) ;
#2536 = LINE ( 'NONE', #1882, #4637 ) ;
#2537 = ORIENTED_EDGE ( 'NONE', *, *, #6450, .F. ) ;
#2538 = CARTESIAN_POINT ( 'NONE',  ( -4.000000000000000900, 6.972266317189433600E-015, -3.874999999999986700 ) ) ;
#2539 = CARTESIAN_POINT ( 'NONE',  ( -1.934401076758449900, -3.350480947161689600, -18.08333333333329000 ) ) ;
#2540 = CARTESIAN_POINT ( 'NONE',  ( 0.0000000000000000000, 0.0000000000000000000, -30.00000000000000000 ) ) ;
#2541 = CARTESIAN_POINT ( 'NONE',  ( 3.464101615137726400, 2.000000000000048800, -8.166666666666648300 ) ) ;
#2542 = CARTESIAN_POINT ( 'NONE',  ( -3.350480947161659500, -1.615241696815551800E-014, -19.37499999999995700 ) ) ;
#2543 = PRODUCT ( '96144A219_Fine-Thread Alloy Steel Socket Head Screw', '96144A219_Fine-Thread Alloy Steel Socket Head Screw', '', ( #3511 ) ) ;
#2544 = LINE ( 'NONE', #5504, #913 ) ;
#2545 = ORIENTED_EDGE ( 'NONE', *, *, #2922, .F. ) ;
#2546 = CARTESIAN_POINT ( 'NONE',  ( -1.934401076758588600, 3.350480947161608800, -11.41666666666663600 ) ) ;
#2547 =( BOUNDED_CURVE ( )  B_SPLINE_CURVE ( 2, ( #3851, #5702, #218, #2033, #7516, #3902, #5048 ),
 .UNSPECIFIED., .F., .T. ) 
 B_SPLINE_CURVE_WITH_KNOTS ( ( 3, 2, 2, 3 ),
 ( 0.9469696969696971300, 0.9494949494949495000, 0.9545454545454545900, 0.9582677591045804000 ),
 .UNSPECIFIED. ) 
 CURVE ( )  GEOMETRIC_REPRESENTATION_ITEM ( )  RATIONAL_B_SPLINE_CURVE ( ( 0.9330127018922194100, 0.9330127018922238500, 1.000000000000000000, 0.8660254037844387100, 1.000000000000000000, 0.9012585384405542600, 0.9480652107259492900 ) ) 
 REPRESENTATION_ITEM ( '' )  );
#2548 = CARTESIAN_POINT ( 'NONE',  ( 3.999999999999999100, -1.071796769724445900, -5.294658198738507500 ) ) ;
#2549 = DIRECTION ( 'NONE',  ( -1.000000000000000000, 0.0000000000000000000, 0.0000000000000000000 ) ) ;
#2550 = CARTESIAN_POINT ( 'NONE',  ( -2.309401076758561500, 3.999999999999966200, -28.04166666666659700 ) ) ;
#2551 = EDGE_LOOP ( 'NONE', ( #7066, #6440, #166, #782 ) ) ;
#2552 = CARTESIAN_POINT ( 'NONE',  ( 4.720288238941220100E-014, -3.350480947161662100, -6.124999999999981300 ) ) ;
#2553 = CARTESIAN_POINT ( 'NONE',  ( -7.962610848434160400E-014, 3.350480947161662100, -9.624999999999973400 ) ) ;
#2554 = ORIENTED_EDGE ( 'NONE', *, *, #5206, .T. ) ;
#2555 = ORIENTED_EDGE ( 'NONE', *, *, #3205, .T. ) ;
#2556 = CARTESIAN_POINT ( 'NONE',  ( 4.618802153517005800, 6.478866617091239000E-014, -8.374999999999971600 ) ) ;
#2557 = CARTESIAN_POINT ( 'NONE',  ( -3.999999999999991600, 1.071796769724464400, -10.91965819873848900 ) ) ;
#2558 = CARTESIAN_POINT ( 'NONE',  ( 3.464101615137721100, 2.000000000000059100, -5.291666666666645600 ) ) ;
#2559 = CARTESIAN_POINT ( 'NONE',  ( -3.464101615137673600, -2.000000000000140300, -29.66666666666659700 ) ) ;
#2560 = EDGE_CURVE ( 'NONE', #1615, #180, #3175, .T. ) ;
#2561 = CARTESIAN_POINT ( 'NONE',  ( 2.309401076758411900, 4.000000000000053300, -17.20833333333328600 ) ) ;
#2562 = CARTESIAN_POINT ( 'NONE',  ( 3.350480947161659500, -8.715332896486790000E-016, -14.87499999999996400 ) ) ;
#2563 = AXIS2_PLACEMENT_3D ( 'NONE', #4189, #3653, #512 ) ;
#2564 = EDGE_LOOP ( 'NONE', ( #1246, #5898 ) ) ;
#2565 = CARTESIAN_POINT ( 'NONE',  ( 0.0000000000000000000, 0.0000000000000000000, -38.00000000000000000 ) ) ;
#2566 = ORIENTED_EDGE ( 'NONE', *, *, #6222, .F. ) ;
#2567 = CARTESIAN_POINT ( 'NONE',  ( 1.934401076758545600, -3.350480947161634100, -21.91666666666661500 ) ) ;
#2568 = EDGE_CURVE ( 'NONE', #4277, #745, #1740, .T. ) ;
#2569 = CARTESIAN_POINT ( 'NONE',  ( -2.309401076758445600, -4.000000000000032900, -11.58333333333330700 ) ) ;
#2570 = ADVANCED_FACE ( 'NONE', ( #1711 ), #5344, .T. ) ;
#2571 = CARTESIAN_POINT ( 'NONE',  ( 1.934401076758396600, 3.350480947161719800, -18.58333333333329000 ) ) ;
#2572 = EDGE_LOOP ( 'NONE', ( #6405, #4943, #6677, #4327 ) ) ;
#2573 = CYLINDRICAL_SURFACE ( 'NONE', #4495, 4.000000000000000000 ) ;
#2574 = CARTESIAN_POINT ( 'NONE',  ( 3.999999999999995600, -1.071796769724448800, -13.29465819873849200 ) ) ;
#2575 = CARTESIAN_POINT ( 'NONE',  ( 2.901601615137722900, 1.675240473580871900, -23.79166666666661100 ) ) ;
#2576 = CARTESIAN_POINT ( 'NONE',  ( -5.586370142149013400E-014, 4.000000000000000000, -30.12499999999992500 ) ) ;
#2577 = ORIENTED_EDGE ( 'NONE', *, *, #2073, .T. ) ;
#2578 =( BOUNDED_CURVE ( )  B_SPLINE_CURVE ( 2, ( #7744, #532, #1644, #7170, #443, #5417, #6570, #4089, #412 ),
 .UNSPECIFIED., .F., .F. ) 
 B_SPLINE_CURVE_WITH_KNOTS ( ( 3, 2, 2, 2, 3 ),
 ( 0.8257575757575759100, 0.8282828282828282900, 0.8333333333333333700, 0.8383838383838383400, 0.8409090909090910500 ),
 .UNSPECIFIED. ) 
 CURVE ( )  GEOMETRIC_REPRESENTATION_ITEM ( )  RATIONAL_B_SPLINE_CURVE ( ( 0.9330127018922194100, 0.9330127018922238500, 1.000000000000000000, 0.8660254037844387100, 1.000000000000000000, 0.8660254037844387100, 1.000000000000000000, 0.9330127018922149700, 0.9330127018922194100 ) ) 
 REPRESENTATION_ITEM ( '' )  );
#2579 = LINE ( 'NONE', #7675, #4496 ) ;
#2580 = CARTESIAN_POINT ( 'NONE',  ( -1.934401076758449900, -3.350480947161689600, -3.208333333333321500 ) ) ;
#2581 = DIRECTION ( 'NONE',  ( -1.000000000000000000, 0.0000000000000000000, 0.0000000000000000000 ) ) ;
#2582 = EDGE_CURVE ( 'NONE', #7929, #2130, #7834, .T. ) ;
#2583 = CARTESIAN_POINT ( 'NONE',  ( 4.618802153517005800, 6.478866617091239000E-014, -12.37499999999996400 ) ) ;
#2584 = CARTESIAN_POINT ( 'NONE',  ( 3.464101615137810800, -1.999999999999902100, -17.45833333333328600 ) ) ;
#2585 = DIRECTION ( 'NONE',  ( -2.503857664561929400E-016, 1.000000000000000000, 0.0000000000000000000 ) ) ;
#2586 = CARTESIAN_POINT ( 'NONE',  ( -3.350480947161659500, 1.103942166888326800E-014, -12.24999999999997300 ) ) ;
#2587 = DIRECTION ( 'NONE',  ( -0.0000000000000000000, -0.0000000000000000000, -1.000000000000000000 ) ) ;
#2588 = ORIENTED_EDGE ( 'NONE', *, *, #2001, .T. ) ;
#2589 = CARTESIAN_POINT ( 'NONE',  ( 3.464101615137841000, -1.999999999999849500, -21.45833333333327900 ) ) ;
#2590 = FACE_OUTER_BOUND ( 'NONE', #5605, .T. ) ;
#2591 = CARTESIAN_POINT ( 'NONE',  ( -9.310286780575509700E-014, 4.000000000000000000, -7.124999999999975100 ) ) ;
#2592 = DIRECTION ( 'NONE',  ( -0.0000000000000000000, -0.0000000000000000000, -1.000000000000000000 ) ) ;
#2593 = CARTESIAN_POINT ( 'NONE',  ( -2.309401076758437200, -4.000000000000037300, -5.708333333333311700 ) ) ;
#2594 = CARTESIAN_POINT ( 'NONE',  ( -4.679256681265764000E-014, 3.350480947161662100, -27.49999999999993600 ) ) ;
#2595 = ORIENTED_EDGE ( 'NONE', *, *, #7546, .F. ) ;
#2596 = LINE ( 'NONE', #1198, #7859 ) ;
#2597 = CARTESIAN_POINT ( 'NONE',  ( 0.0000000000000000000, 0.0000000000000000000, -30.00000000000000000 ) ) ;
#2598 = CARTESIAN_POINT ( 'NONE',  ( 2.309401076758446100, 4.000000000000032000, -15.08333333333330200 ) ) ;
#2599 = CARTESIAN_POINT ( 'NONE',  ( 1.934401076758426300, 3.350480947161702500, -11.58333333333330200 ) ) ;
#2600 = ORIENTED_EDGE ( 'NONE', *, *, #2986, .T. ) ;
#2601 = ORIENTED_EDGE ( 'NONE', *, *, #63, .T. ) ;
#2602 = CARTESIAN_POINT ( 'NONE',  ( -4.679256681265763300E-014, 3.350480947161662100, -27.62499999999993600 ) ) ;
#2603 = CARTESIAN_POINT ( 'NONE',  ( -1.934401076758546400, 3.350480947161633700, 0.5833333333333379200 ) ) ;
#2604 = ORIENTED_EDGE ( 'NONE', *, *, #5698, .F. ) ;
#2605 = EDGE_CURVE ( 'NONE', #201, #1841, #3825, .T. ) ;
#2606 = CARTESIAN_POINT ( 'NONE',  ( 2.901601615137770400, -1.675240473580789800, -0.9583333333333258200 ) ) ;
#2607 = CARTESIAN_POINT ( 'NONE',  ( 2.901601615137717100, 1.675240473580883000, -9.791666666666639400 ) ) ;
#2608 = FACE_OUTER_BOUND ( 'NONE', #7357, .T. ) ;
#2609 = CARTESIAN_POINT ( 'NONE',  ( -2.309401076758561500, 3.999999999999966200, -12.04166666666663100 ) ) ;
#2610 =( BOUNDED_CURVE ( )  B_SPLINE_CURVE ( 2, ( #2704, #3364, #2305, #3554, #4038, #3492, #5283, #6547, #7120 ),
 .UNSPECIFIED., .F., .F. ) 
 B_SPLINE_CURVE_WITH_KNOTS ( ( 3, 2, 2, 2, 3 ),
 ( 0.6439393939393941400, 0.6464646464646465200, 0.6515151515151514900, 0.6565656565656565700, 0.6590909090909092800 ),
 .UNSPECIFIED. ) 
 CURVE ( )  GEOMETRIC_REPRESENTATION_ITEM ( )  RATIONAL_B_SPLINE_CURVE ( ( 0.9330127018922194100, 0.9330127018922238500, 1.000000000000000000, 0.8660254037844387100, 1.000000000000000000, 0.8660254037844387100, 1.000000000000000000, 0.9330127018922149700, 0.9330127018922194100 ) ) 
 REPRESENTATION_ITEM ( '' )  );
#2612 = ADVANCED_FACE ( 'NONE', ( #2289 ), #1913, .T. ) ;
#2611 = ORIENTED_EDGE ( 'NONE', *, *, #7193, .T. ) ;
#2613 = CARTESIAN_POINT ( 'NONE',  ( 3.464101615137801900, -1.999999999999917600, -29.33333333333326800 ) ) ;
#2614 = CARTESIAN_POINT ( 'NONE',  ( 3.999999999999996400, -2.382190991706389700E-014, -28.24999999999994300 ) ) ;
#2615 = DIRECTION ( 'NONE',  ( 1.000000000000000000, 0.0000000000000000000, 0.0000000000000000000 ) ) ;
#2617 = CARTESIAN_POINT ( 'NONE',  ( -3.350480947161662100, 5.984528588920930300E-015, -4.249999999999987600 ) ) ;
#2616 = CYLINDRICAL_SURFACE ( 'NONE', #5701, 3.350480947161662100 ) ;
#2618 = EDGE_CURVE ( 'NONE', #7717, #2950, #6854, .T. ) ;
#2619 = CARTESIAN_POINT ( 'NONE',  ( -3.868802153516995600, -5.474208951679871900E-014, -28.24999999999993600 ) ) ;
#2620 = CYLINDRICAL_SURFACE ( 'NONE', #2755, 4.000000000000000000 ) ;
#2621 = CARTESIAN_POINT ( 'NONE',  ( -2.309401076758445600, -4.000000000000032900, -16.58333333333329700 ) ) ;
#2622 = ORIENTED_EDGE ( 'NONE', *, *, #3131, .F. ) ;
#2623 = CARTESIAN_POINT ( 'NONE',  ( 6.402996880200876700E-014, -3.350480947161662100, -5.124999999999984000 ) ) ;
#2624 = LINE ( 'NONE', #4428, #1658 ) ;
#2625 = CARTESIAN_POINT ( 'NONE',  ( 2.309401076758442500, 4.000000000000033800, -1.083333333333329000 ) ) ;
#2626 = CARTESIAN_POINT ( 'NONE',  ( 6.977438687657277900E-014, -3.350480947161662100, -12.12499999999996800 ) ) ;
#2627 = CARTESIAN_POINT ( 'NONE',  ( -3.464101615137676200, -2.000000000000137200, -25.66666666666660700 ) ) ;
#2628 = CARTESIAN_POINT ( 'NONE',  ( -1.934401076758449900, -3.350480947161689600, -23.20833333333327900 ) ) ;
#2629 = CARTESIAN_POINT ( 'NONE',  ( 1.934401076758545600, -3.350480947161634100, -0.9166666666666589700 ) ) ;
#2630 = EDGE_CURVE ( 'NONE', #5312, #547, #5024, .T. ) ;
#2631 = ORIENTED_EDGE ( 'NONE', *, *, #7849, .F. ) ;
#2632 = CARTESIAN_POINT ( 'NONE',  ( -2.901601615137771700, 1.675240473580788000, -3.458333333333320600 ) ) ;
#2633 = CARTESIAN_POINT ( 'NONE',  ( 2.309401076758387900, 4.000000000000065700, -13.08333333333330400 ) ) ;
#2634 = AXIS2_PLACEMENT_3D ( 'NONE', #7320, #1829, #6755 ) ;
#2635 = CARTESIAN_POINT ( 'NONE',  ( -5.586370142149013400E-014, 4.000000000000000000, -11.12499999999996600 ) ) ;
#2636 = CARTESIAN_POINT ( 'NONE',  ( 7.644271949225837800E-014, -4.000000000000000000, -4.624999999999980500 ) ) ;
#2637 = FACE_OUTER_BOUND ( 'NONE', #7815, .T. ) ;
#2638 = VERTEX_POINT ( 'NONE', #6267 ) ;
#2639 = CARTESIAN_POINT ( 'NONE',  ( -3.464101615137713500, -2.000000000000072400, -7.666666666666649200 ) ) ;
#2640 = CARTESIAN_POINT ( 'NONE',  ( 2.901601615137779700, -1.675240473580773300, -12.83333333333329800 ) ) ;
#2641 = CARTESIAN_POINT ( 'NONE',  ( -3.350480947161661700, -0.8977586640478592000, -1.330341801261472500 ) ) ;
#2642 = EDGE_LOOP ( 'NONE', ( #111, #2363, #7821, #2059 ) ) ;
#2643 = CARTESIAN_POINT ( 'NONE',  ( 1.934401076758545600, -3.350480947161634100, -25.91666666666660700 ) ) ;
#2644 = CARTESIAN_POINT ( 'NONE',  ( 3.999999999999996400, -1.045839947578414800E-015, -15.24999999999996600 ) ) ;
#2645 = VERTEX_POINT ( 'NONE', #5059 ) ;
#2646 = CARTESIAN_POINT ( 'NONE',  ( -2.309401076758561500, 3.999999999999966200, -16.91666666666662900 ) ) ;
#2647 =( BOUNDED_CURVE ( )  B_SPLINE_CURVE ( 2, ( #2445, #4797, #523, #7901, #3665, #2987, #7330, #7298, #7268 ),
 .UNSPECIFIED., .F., .T. ) 
 B_SPLINE_CURVE_WITH_KNOTS ( ( 3, 2, 2, 2, 3 ),
 ( 0.8257575757575759100, 0.8282828282828282900, 0.8333333333333333700, 0.8383838383838383400, 0.8409090909090910500 ),
 .UNSPECIFIED. ) 
 CURVE ( )  GEOMETRIC_REPRESENTATION_ITEM ( )  RATIONAL_B_SPLINE_CURVE ( ( 0.9330127018922194100, 0.9330127018922238500, 1.000000000000000000, 0.8660254037844387100, 1.000000000000000000, 0.8660254037844387100, 1.000000000000000000, 0.9330127018922149700, 0.9330127018922194100 ) ) 
 REPRESENTATION_ITEM ( '' )  );
#2648 = ADVANCED_FACE ( 'NONE', ( #470 ), #2573, .T. ) ;
#2649 = DIRECTION ( 'NONE',  ( -0.0000000000000000000, -5.481006805486179000E-016, -1.000000000000000000 ) ) ;
#2650 = CARTESIAN_POINT ( 'NONE',  ( -2.309401076758565500, 3.999999999999963600, -0.9166666666666624100 ) ) ;
#2651 = ORIENTED_EDGE ( 'NONE', *, *, #5262, .T. ) ;
#2652 = CARTESIAN_POINT ( 'NONE',  ( -1.934401076758417000, -3.350480947161709200, -8.083333333333310800 ) ) ;
#2653 = CARTESIAN_POINT ( 'NONE',  ( 8.673617379884035500E-016, 3.464101615137756200, -38.00000000000000000 ) ) ;
#2654 = CARTESIAN_POINT ( 'NONE',  ( 4.720288238941220100E-014, -3.350480947161662100, -28.12499999999993600 ) ) ;
#2655 = VERTEX_POINT ( 'NONE', #277 ) ;
#2656 = CARTESIAN_POINT ( 'NONE',  ( 3.868802153516995600, 5.426829789941481600E-014, 1.250000000000003100 ) ) ;
#2657 = CARTESIAN_POINT ( 'NONE',  ( -2.901601615137771700, 1.675240473580788000, -11.45833333333330400 ) ) ;
#2658 = CARTESIAN_POINT ( 'NONE',  ( 4.000000000000000000, 0.0000000000000000000, -30.00000000000000000 ) ) ;
#2659 = CARTESIAN_POINT ( 'NONE',  ( -2.309401076758445600, -4.000000000000032900, -10.70833333333330000 ) ) ;
#2660 = CARTESIAN_POINT ( 'NONE',  ( -1.934401076758403200, -3.350480947161715900, -25.20833333333327500 ) ) ;
#2661 = ORIENTED_EDGE ( 'NONE', *, *, #280, .T. ) ;
#2662 = EDGE_CURVE ( 'NONE', #6157, #4035, #6215, .T. ) ;
#2663 = ORIENTED_EDGE ( 'NONE', *, *, #3776, .F. ) ;
#2664 = DIRECTION ( 'NONE',  ( 0.0000000000000000000, 0.0000000000000000000, 1.000000000000000000 ) ) ;
#2665 = CARTESIAN_POINT ( 'NONE',  ( -3.350480947161662100, 5.984528588920930300E-015, -4.249999999999987600 ) ) ;
#2666 = CARTESIAN_POINT ( 'NONE',  ( 3.464101615137791700, -1.999999999999935400, -7.458333333333308200 ) ) ;
#2667 = EDGE_LOOP ( 'NONE', ( #3849, #2708, #3743, #1860 ) ) ;
#2668 = FACE_OUTER_BOUND ( 'NONE', #1282, .T. ) ;
#2669 = CARTESIAN_POINT ( 'NONE',  ( 1.934401076758450300, 3.350480947161689200, -23.58333333333328200 ) ) ;
#2670 = DIRECTION ( 'NONE',  ( -0.0000000000000000000, -0.0000000000000000000, -1.000000000000000000 ) ) ;
#2671 = EDGE_CURVE ( 'NONE', #2741, #1047, #1542, .T. ) ;
#2672 = CARTESIAN_POINT ( 'NONE',  ( 3.464101615137782400, -1.999999999999950700, -15.33333333333329800 ) ) ;
#2673 = CARTESIAN_POINT ( 'NONE',  ( 3.999999999999991600, -1.071796769724439300, -16.29465819873848500 ) ) ;
#2674 = EDGE_CURVE ( 'NONE', #1031, #1615, #4447, .T. ) ;
#2675 = ORIENTED_EDGE ( 'NONE', *, *, #4097, .T. ) ;
#2676 = CARTESIAN_POINT ( 'NONE',  ( -2.999999999999996400, 1.732050807568880500, -33.50000000000000000 ) ) ;
#2677 = CARTESIAN_POINT ( 'NONE',  ( -9.898117244166237200E-014, 4.000000000000000000, -13.12499999999996300 ) ) ;
#2678 =( BOUNDED_CURVE ( )  B_SPLINE_CURVE ( 2, ( #2440, #3085, #3740, #1159, #4922, #1269, #1243, #1857, #37 ),
 .UNSPECIFIED., .F., .F. ) 
 B_SPLINE_CURVE_WITH_KNOTS ( ( 3, 2, 2, 2, 3 ),
 ( 0.5075757575757576800, 0.5101010101010100600, 0.5151515151515151400, 0.5202020202020202200, 0.5227272727272729300 ),
 .UNSPECIFIED. ) 
 CURVE ( )  GEOMETRIC_REPRESENTATION_ITEM ( )  RATIONAL_B_SPLINE_CURVE ( ( 0.9330127018922194100, 0.9330127018922223000, 1.000000000000000000, 0.8660254037844387100, 1.000000000000000000, 0.8660254037844387100, 1.000000000000000000, 0.9330127018922149700, 0.9330127018922194100 ) ) 
 REPRESENTATION_ITEM ( '' )  );
#2679 = CYLINDRICAL_SURFACE ( 'NONE', #5085, 4.000000000000000000 ) ;
#2680 = CARTESIAN_POINT ( 'NONE',  ( 1.813021965698280400E-013, -4.000000000000000000, -25.49999999999994300 ) ) ;
#2681 = CARTESIAN_POINT ( 'NONE',  ( 2.901601615137770400, -1.675240473580789800, 0.1666666666666721500 ) ) ;
#2682 = CARTESIAN_POINT ( 'NONE',  ( -1.934401076758546400, 3.350480947161633700, -9.541666666666641200 ) ) ;
#2683 = CARTESIAN_POINT ( 'NONE',  ( 3.464101615137809900, -1.999999999999903900, -15.45833333333329300 ) ) ;
#2684 = ORIENTED_EDGE ( 'NONE', *, *, #109, .F. ) ;
#2685 = LINE ( 'NONE', #3812, #868 ) ;
#2686 = CARTESIAN_POINT ( 'NONE',  ( -3.464101615137725500, -2.000000000000050200, -13.79166666666662900 ) ) ;
#2687 = DIRECTION ( 'NONE',  ( -0.0000000000000000000, -0.0000000000000000000, -1.000000000000000000 ) ) ;
#2688 = ADVANCED_FACE ( 'NONE', ( #4598 ), #957, .T. ) ;
#2689 = CARTESIAN_POINT ( 'NONE',  ( -2.309401076758439900, -4.000000000000035500, -2.708333333333318800 ) ) ;
#2690 = CARTESIAN_POINT ( 'NONE',  ( -5.880285373944379000E-014, 4.000000000000000000, -1.999999999999993600 ) ) ;
#2691 = CARTESIAN_POINT ( 'NONE',  ( -2.309401076758574900, 3.999999999999958300, -2.041666666666653600 ) ) ;
#2692 = ORIENTED_EDGE ( 'NONE', *, *, #7119, .F. ) ;
#2693 =( BOUNDED_CURVE ( )  B_SPLINE_CURVE ( 2, ( #7247, #2877, #4694, #5386, #3479, #7138, #2320, #381, #7740 ),
 .UNSPECIFIED., .F., .T. ) 
 B_SPLINE_CURVE_WITH_KNOTS ( ( 3, 2, 2, 2, 3 ),
 ( 0.9015151515151517100, 0.9040404040404040900, 0.9090909090909090600, 0.9141414141414141400, 0.9166666666666668500 ),
 .UNSPECIFIED. ) 
 CURVE ( )  GEOMETRIC_REPRESENTATION_ITEM ( )  RATIONAL_B_SPLINE_CURVE ( ( 0.9330127018922194100, 0.9330127018922238500, 1.000000000000000000, 0.8660254037844387100, 1.000000000000000000, 0.8660254037844387100, 1.000000000000000000, 0.9330127018922149700, 0.9330127018922194100 ) ) 
 REPRESENTATION_ITEM ( '' )  );
#2694 = ORIENTED_EDGE ( 'NONE', *, *, #3390, .F. ) ;
#2695 = CARTESIAN_POINT ( 'NONE',  ( 4.000000000000000900, 8.947741773726438700E-015, -7.374999999999978700 ) ) ;
#2696 = CARTESIAN_POINT ( 'NONE',  ( -1.934401076758406600, -3.350480947161714100, -21.20833333333328200 ) ) ;
#2697 = CARTESIAN_POINT ( 'NONE',  ( 1.934401076758450300, 3.350480947161689200, -26.58333333333326800 ) ) ;
#2698 = CARTESIAN_POINT ( 'NONE',  ( 3.350480947161662100, 4.880586422032603200E-015, -4.749999999999987600 ) ) ;
#2699 = CARTESIAN_POINT ( 'NONE',  ( 5.635356014114907400E-014, -4.000000000000000000, -15.49999999999996600 ) ) ;
#2700 = ORIENTED_EDGE ( 'NONE', *, *, #7741, .F. ) ;
#2701 = CARTESIAN_POINT ( 'NONE',  ( 8.290448533271907500E-014, -3.350480947161662100, -28.12499999999993600 ) ) ;
#2702 = ORIENTED_EDGE ( 'NONE', *, *, #6788, .F. ) ;
#2703 = CARTESIAN_POINT ( 'NONE',  ( -3.464101615137817000, 1.999999999999892100, -15.83333333333329700 ) ) ;
#2704 = CARTESIAN_POINT ( 'NONE',  ( 3.999999999999996400, -4.531973106173131400E-014, -20.24999999999995400 ) ) ;
#2705 = CARTESIAN_POINT ( 'NONE',  ( 2.901601615137685100, 1.675240473580937000, -27.66666666666660400 ) ) ;
#2706 = CARTESIAN_POINT ( 'NONE',  ( 2.901601615137770400, -1.675240473580789800, -6.833333333333312600 ) ) ;
#2707 = CYLINDRICAL_SURFACE ( 'NONE', #6700, 3.350480947161662100 ) ;
#2708 = ORIENTED_EDGE ( 'NONE', *, *, #7392, .T. ) ;
#2709 = EDGE_CURVE ( 'NONE', #7776, #791, #5762, .T. ) ;
#2710 = CARTESIAN_POINT ( 'NONE',  ( -1.934401076758449900, -3.350480947161689600, -7.208333333333310800 ) ) ;
#2711 = VECTOR ( 'NONE', #1925, 1000.000000000000000 ) ;
#2712 = CARTESIAN_POINT ( 'NONE',  ( -1.381797737045630800E-013, 4.000000000000000000, -24.99999999999994300 ) ) ;
#2713 = CARTESIAN_POINT ( 'NONE',  ( 3.464101615137789500, -1.999999999999939400, -2.458333333333319300 ) ) ;
#2714 = FACE_OUTER_BOUND ( 'NONE', #2774, .T. ) ;
#2715 = CARTESIAN_POINT ( 'NONE',  ( -3.999999999999996400, -1.940614124951058600E-014, -18.87499999999995400 ) ) ;
#2716 = CARTESIAN_POINT ( 'NONE',  ( -4.679256681265763300E-014, 3.350480947161662100, -22.62499999999994700 ) ) ;
#2717 = LINE ( 'NONE', #1593, #7337 ) ;
#2718 = EDGE_CURVE ( 'NONE', #4041, #2727, #183, .T. ) ;
#2719 = CARTESIAN_POINT ( 'NONE',  ( -2.901601615137712200, -1.675240473580890800, -6.291666666666646500 ) ) ;
#2720 = LINE ( 'NONE', #6086, #4362 ) ;
#2721 = CARTESIAN_POINT ( 'NONE',  ( -1.740479610712951700, -3.551241489197301900, -29.72787296223343000 ) ) ;
#2722 = CARTESIAN_POINT ( 'NONE',  ( 4.720288238941220700E-014, -3.350480947161662100, -28.99999999999993200 ) ) ;
#2723 = CARTESIAN_POINT ( 'NONE',  ( -3.350480947161659000, -1.952234568813041300E-014, -23.37499999999994700 ) ) ;
#2724 = CARTESIAN_POINT ( 'NONE',  ( 2.309401076758446100, 4.000000000000032000, -20.08333333333329000 ) ) ;
#2725 = ADVANCED_FACE ( 'NONE', ( #3555 ), #7024, .T. ) ;
#2726 = CARTESIAN_POINT ( 'NONE',  ( 3.464101615137809900, -1.999999999999903900, -16.33333333333329700 ) ) ;
#2727 = VERTEX_POINT ( 'NONE', #253 ) ;
#2728 = B_SPLINE_CURVE_WITH_KNOTS ( 'NONE', 3,
 ( #7703, #6514, #2275, #7149 ),
 .UNSPECIFIED., .F., .F.,
 ( 4, 4 ),
 ( 0.01437041713044986300, 0.01479533626961321100 ),
 .UNSPECIFIED. ) ;
#2729 = CARTESIAN_POINT ( 'NONE',  ( -4.000000000000011500, 1.403168596334377600E-012, -29.74999999999999600 ) ) ;
#2730 = CARTESIAN_POINT ( 'NONE',  ( 4.898587196589430600E-016, -4.000000000000022200, -29.74999999999999300 ) ) ;
#2731 = CARTESIAN_POINT ( 'NONE',  ( -4.679256681265764000E-014, 3.350480947161662100, -4.499999999999984900 ) ) ;
#2732 = EDGE_CURVE ( 'NONE', #2766, #2227, #6699, .T. ) ;
#2733 = CARTESIAN_POINT ( 'NONE',  ( 1.255938963778310100E-013, -3.350480947161662100, -21.99999999999994700 ) ) ;
#2734 = VECTOR ( 'NONE', #5045, 1000.000000000000000 ) ;
#2735 = ORIENTED_EDGE ( 'NONE', *, *, #2674, .T. ) ;
#2736 = CARTESIAN_POINT ( 'NONE',  ( -4.679256681265763300E-014, 3.350480947161662100, -6.624999999999979600 ) ) ;
#2737 = CARTESIAN_POINT ( 'NONE',  ( -3.999999999999996400, 3.056176735701367700E-014, -17.87499999999995700 ) ) ;
#2738 = CARTESIAN_POINT ( 'NONE',  ( 3.350480947161659500, -6.565550782020049000E-015, -24.87499999999994700 ) ) ;
#2739 = CARTESIAN_POINT ( 'NONE',  ( -2.309401076758654800, 3.999999999999911600, -26.91666666666660700 ) ) ;
#2740 = EDGE_LOOP ( 'NONE', ( #4311, #4509, #2939, #7846 ) ) ;
#2741 = VERTEX_POINT ( 'NONE', #1396 ) ;
#2742 = CARTESIAN_POINT ( 'NONE',  ( 3.999999999999996400, -4.531973106173131400E-014, -20.24999999999995400 ) ) ;
#2743 = DIRECTION ( 'NONE',  ( -1.000000000000000000, 0.0000000000000000000, 0.0000000000000000000 ) ) ;
#2744 = CARTESIAN_POINT ( 'NONE',  ( 3.350480947161651900, -0.8977586640477749300, -28.91965819873845300 ) ) ;
#2745 = CARTESIAN_POINT ( 'NONE',  ( -3.350480947161661200, 0.8977586640477898100, -29.41965819873845300 ) ) ;
#2746 = CARTESIAN_POINT ( 'NONE',  ( 3.464101615137726400, 2.000000000000048800, -20.16666666666662200 ) ) ;
#2747 = CARTESIAN_POINT ( 'NONE',  ( -3.350480947161659500, -4.822484202722690600E-015, -28.37499999999994300 ) ) ;
#2748 = ORIENTED_EDGE ( 'NONE', *, *, #3435, .F. ) ;
#2749 = ORIENTED_EDGE ( 'NONE', *, *, #4043, .T. ) ;
#2750 = CARTESIAN_POINT ( 'NONE',  ( -2.309401076758398100, -4.000000000000060400, -16.70833333333328600 ) ) ;
#2751 = CARTESIAN_POINT ( 'NONE',  ( 4.000000000000011500, 1.071796769724535400, -13.33034180126144400 ) ) ;
#2752 = AXIS2_PLACEMENT_3D ( 'NONE', #7685, #6471, #6554 ) ;
#2753 = CARTESIAN_POINT ( 'NONE',  ( 2.901601615137714400, 1.675240473580887000, -15.66666666666662700 ) ) ;
#2754 = CARTESIAN_POINT ( 'NONE',  ( 1.934401076758545600, -3.350480947161634100, -2.916666666666654500 ) ) ;
#2755 = AXIS2_PLACEMENT_3D ( 'NONE', #6424, #307, #1490 ) ;
#2756 = CARTESIAN_POINT ( 'NONE',  ( 1.087832986799339100E-013, -4.000000000000000000, -9.499999999999976900 ) ) ;
#2757 = ORIENTED_EDGE ( 'NONE', *, *, #3996, .T. ) ;
#2758 = VECTOR ( 'NONE', #5196, 1000.000000000000000 ) ;
#2759 = CARTESIAN_POINT ( 'NONE',  ( -1.934401076758449900, -3.350480947161689600, -13.20833333333330000 ) ) ;
#2760 = CARTESIAN_POINT ( 'NONE',  ( 2.901601615137720600, 1.675240473580876400, -0.7916666666666597500 ) ) ;
#2761 = CARTESIAN_POINT ( 'NONE',  ( 3.999999999999992500, -1.071796769724437000, -18.29465819873848200 ) ) ;
#2762 = ADVANCED_FACE ( 'NONE', ( #1467 ), #6249, .T. ) ;
#2763 = CARTESIAN_POINT ( 'NONE',  ( -2.999999999999996400, 1.732050807568885200, -38.00000000000000000 ) ) ;
#2764 = EDGE_CURVE ( 'NONE', #2655, #6838, #2476, .T. ) ;
#2765 = DIRECTION ( 'NONE',  ( -0.0000000000000000000, -0.0000000000000000000, -1.000000000000000000 ) ) ;
#2766 = VERTEX_POINT ( 'NONE', #5005 ) ;
#2767 = CARTESIAN_POINT ( 'NONE',  ( -3.350480947161662100, -0.8977586640478753000, -10.33034180126145300 ) ) ;
#2768 = CYLINDRICAL_SURFACE ( 'NONE', #4540, 3.350480947161662100 ) ;
#2769 = PRODUCT_DEFINITION_FORMATION_WITH_SPECIFIED_SOURCE ( 'ANY', '', #2543, .NOT_KNOWN. ) ;
#2770 = CARTESIAN_POINT ( 'NONE',  ( 1.934401076758582400, -3.350480947161612800, -17.91666666666662200 ) ) ;
#2771 = CARTESIAN_POINT ( 'NONE',  ( -4.000000000000003600, 4.648177544792955100E-014, -17.74999999999996400 ) ) ;
#2772 = ADVANCED_FACE ( 'NONE', ( #131 ), #7523, .F. ) ;
#2773 = CARTESIAN_POINT ( 'NONE',  ( -2.901601615137771700, 1.675240473580788000, -31.33333333333326100 ) ) ;
#2774 = EDGE_LOOP ( 'NONE', ( #1517, #312, #2031, #1609 ) ) ;
#2775 =( BOUNDED_CURVE ( )  B_SPLINE_CURVE ( 2, ( #6521, #2863, #1127, #1744, #4100, #426, #456, #2358, #4708 ),
 .UNSPECIFIED., .F., .F. ) 
 B_SPLINE_CURVE_WITH_KNOTS ( ( 3, 2, 2, 2, 3 ),
 ( 0.5227272727272729300, 0.5252525252525253000, 0.5303030303030302800, 0.5353535353535353600, 0.5378787878787880700 ),
 .UNSPECIFIED. ) 
 CURVE ( )  GEOMETRIC_REPRESENTATION_ITEM ( )  RATIONAL_B_SPLINE_CURVE ( ( 0.9330127018922194100, 0.9330127018922238500, 1.000000000000000000, 0.8660254037844387100, 1.000000000000000000, 0.8660254037844387100, 1.000000000000000000, 0.9330127018922149700, 0.9330127018922194100 ) ) 
 REPRESENTATION_ITEM ( '' )  );
#2776 = DIRECTION ( 'NONE',  ( 1.000000000000000000, 0.0000000000000000000, 0.0000000000000000000 ) ) ;
#2777 = EDGE_CURVE ( 'NONE', #2825, #788, #5187, .T. ) ;
#2778 = CARTESIAN_POINT ( 'NONE',  ( 2.309401076758560200, -3.999999999999966700, -17.41666666666662500 ) ) ;
#2779 = EDGE_CURVE ( 'NONE', #5403, #1621, #2899, .T. ) ;
#2780 = CARTESIAN_POINT ( 'NONE',  ( 2.999999999999997300, 1.037119785656364100, -37.70706078087857800 ) ) ;
#2781 = CARTESIAN_POINT ( 'NONE',  ( -4.000000000000008000, 1.071796769724436200, -12.91965819873848500 ) ) ;
#2782 = ORIENTED_EDGE ( 'NONE', *, *, #3764, .F. ) ;
#2783 = CARTESIAN_POINT ( 'NONE',  ( 1.934401076758422800, 3.350480947161704300, -15.58333333333329500 ) ) ;
#2784 = FACE_OUTER_BOUND ( 'NONE', #4947, .T. ) ;
#2785 = CARTESIAN_POINT ( 'NONE',  ( 2.901601615137770400, -1.675240473580789800, -4.833333333333316200 ) ) ;
#2786 = CARTESIAN_POINT ( 'NONE',  ( -1.934401076758546400, 3.350480947161633700, -27.54166666666660400 ) ) ;
#2787 = CARTESIAN_POINT ( 'NONE',  ( -2.901601615137771700, 1.675240473580788000, -12.45833333333330000 ) ) ;
#2788 = CARTESIAN_POINT ( 'NONE',  ( 1.934401076758447200, 3.350480947161690100, -0.7083333333333264900 ) ) ;
#2789 = ORIENTED_EDGE ( 'NONE', *, *, #7533, .T. ) ;
#2790 = CARTESIAN_POINT ( 'NONE',  ( -3.350480947161662100, -6.856061878569608300E-015, -8.374999999999980500 ) ) ;
#2791 =( BOUNDED_CURVE ( )  B_SPLINE_CURVE ( 2, ( #3219, #5125, #3244, #7572, #7544, #6255, #5021, #162, #5646 ),
 .UNSPECIFIED., .F., .T. ) 
 B_SPLINE_CURVE_WITH_KNOTS ( ( 3, 2, 2, 2, 3 ),
 ( 0.3409090909090909900, 0.3434343434343434300, 0.3484848484848485100, 0.3535353535353535400, 0.3560606060606061900 ),
 .UNSPECIFIED. ) 
 CURVE ( )  GEOMETRIC_REPRESENTATION_ITEM ( )  RATIONAL_B_SPLINE_CURVE ( ( 0.9330127018922194100, 0.9330127018922216300, 1.000000000000000000, 0.8660254037844387100, 1.000000000000000000, 0.8660254037844387100, 1.000000000000000000, 0.9330127018922156300, 0.9330127018922193000 ) ) 
 REPRESENTATION_ITEM ( '' )  );
#2792 = EDGE_LOOP ( 'NONE', ( #5470, #6790, #1555, #1423 ) ) ;
#2793 = CARTESIAN_POINT ( 'NONE',  ( 4.000000000000000900, -4.299564228933483700E-015, -1.374999999999990700 ) ) ;
#2794 = ORIENTED_EDGE ( 'NONE', *, *, #1539, .F. ) ;
#2795 = CARTESIAN_POINT ( 'NONE',  ( 3.464101615137827700, -1.999999999999873400, -22.45833333333327500 ) ) ;
#2796 = CARTESIAN_POINT ( 'NONE',  ( 0.0000000000000000000, -7.130989006236733300E-015, -29.74999999999999600 ) ) ;
#2798 = DIRECTION ( 'NONE',  ( 0.0000000000000000000, 0.0000000000000000000, 1.000000000000000000 ) ) ;
#2797 = FACE_OUTER_BOUND ( 'NONE', #5175, .T. ) ;
#2799 = VERTEX_POINT ( 'NONE', #1989 ) ;
#2800 = CARTESIAN_POINT ( 'NONE',  ( 3.464101615137796100, -1.999999999999927600, -17.33333333333329300 ) ) ;
#2801 = CARTESIAN_POINT ( 'NONE',  ( -1.934401076758442300, -3.350480947161693200, -6.083333333333313500 ) ) ;
#2802 = PERSON_AND_ORGANIZATION ( #4398, #318 ) ;
#2803 = CARTESIAN_POINT ( 'NONE',  ( 2.309401076758560200, -3.999999999999966700, -19.41666666666662200 ) ) ;
#2804 = CARTESIAN_POINT ( 'NONE',  ( 0.0000000000000000000, 0.0000000000000000000, -37.60999999999999900 ) ) ;
#2805 = VECTOR ( 'NONE', #195, 1000.000000000000000 ) ;
#2806 = CARTESIAN_POINT ( 'NONE',  ( 3.999999999999987100, 1.071796769724552500, -24.20534180126142200 ) ) ;
#2807 = CARTESIAN_POINT ( 'NONE',  ( 2.901601615137719700, 1.675240473580877700, -2.666666666666655400 ) ) ;
#2808 = CARTESIAN_POINT ( 'NONE',  ( -4.679256681265764000E-014, 3.350480947161662100, -5.499999999999982200 ) ) ;
#2809 = CYLINDRICAL_SURFACE ( 'NONE', #4965, 4.000000000000000000 ) ;
#2810 = CONICAL_SURFACE ( 'NONE', #1337, 3.464101615137755700, 0.7853981633974500600 ) ;
#2811 = EDGE_CURVE ( 'NONE', #6104, #1149, #229, .T. ) ;
#2812 = CARTESIAN_POINT ( 'NONE',  ( 2.901601615137770400, -1.675240473580789800, -29.95833333333326800 ) ) ;
#2813 = CARTESIAN_POINT ( 'NONE',  ( 1.934401076758450300, 3.350480947161689200, -12.70833333333330000 ) ) ;
#2814 = CARTESIAN_POINT ( 'NONE',  ( 2.309401076758639300, -3.999999999999921000, -24.54166666666660400 ) ) ;
#2815 = AXIS2_PLACEMENT_3D ( 'NONE', #6292, #1373, #7527 ) ;
#2816 = CARTESIAN_POINT ( 'NONE',  ( -3.350480947161659500, 2.550687427705134000E-014, -18.37499999999996400 ) ) ;
#2817 = CARTESIAN_POINT ( 'NONE',  ( -4.000000000000000000, 4.898587196589412800E-016, -30.00000000000000000 ) ) ;
#2818 = LINE ( 'NONE', #361, #7227 ) ;
#2819 = VERTEX_POINT ( 'NONE', #6840 ) ;
#2820 = CARTESIAN_POINT ( 'NONE',  ( -3.464101615137789500, 1.999999999999938900, -2.958333333333317900 ) ) ;
#2821 = CARTESIAN_POINT ( 'NONE',  ( -2.309401076758445600, -4.000000000000032900, -16.70833333333328600 ) ) ;
#2822 = DIRECTION ( 'NONE',  ( 0.0000000000000000000, 0.0000000000000000000, 1.000000000000000000 ) ) ;
#2823 = EDGE_CURVE ( 'NONE', #2448, #1356, #7345, .T. ) ;
#2824 = CARTESIAN_POINT ( 'NONE',  ( 0.8464669810944951400, 2.975393675742718600, -37.62630599202691400 ) ) ;
#2825 = VERTEX_POINT ( 'NONE', #5626 ) ;
#2826 = CARTESIAN_POINT ( 'NONE',  ( 4.720288238941220700E-014, -3.350480947161662100, -30.99999999999992900 ) ) ;
#2827 = CARTESIAN_POINT ( 'NONE',  ( -1.934401076758416300, -3.350480947161709200, -9.083333333333305500 ) ) ;
#2828 = CARTESIAN_POINT ( 'NONE',  ( 3.464101615137782400, -1.999999999999950700, -22.33333333333328200 ) ) ;
#2829 = CARTESIAN_POINT ( 'NONE',  ( 3.999999999999996400, 5.461608615131721900E-015, -24.24999999999994700 ) ) ;
#2830 = CARTESIAN_POINT ( 'NONE',  ( 3.000000000000000400, 1.732050807568879200, -38.00000000000000000 ) ) ;
#2831 = VECTOR ( 'NONE', #2527, 1000.000000000000000 ) ;
#2832 = ORIENTED_EDGE ( 'NONE', *, *, #2779, .T. ) ;
#2833 = CARTESIAN_POINT ( 'NONE',  ( -5.007509142669421400E-014, 3.350480947161662100, -2.624999999999988900 ) ) ;
#2834 = CARTESIAN_POINT ( 'NONE',  ( -9.408258524507297800E-014, 4.000000000000000000, -8.124999999999973400 ) ) ;
#2835 = ORIENTED_EDGE ( 'NONE', *, *, #954, .T. ) ;
#2836 = CARTESIAN_POINT ( 'NONE',  ( 3.868802153516995600, 5.426829789941481600E-014, -10.74999999999997200 ) ) ;
#2837 = CARTESIAN_POINT ( 'NONE',  ( -3.464101615137725500, -2.000000000000050200, 0.3333333333333345900 ) ) ;
#2838 = CARTESIAN_POINT ( 'NONE',  ( 2.901601615137770400, -1.675240473580789800, -15.95833333333329700 ) ) ;
#2839 = CARTESIAN_POINT ( 'NONE',  ( -4.843382911967592300E-014, 3.350480947161662100, -0.6249999999999932300 ) ) ;
#2840 = EDGE_LOOP ( 'NONE', ( #3738, #4103, #7486, #7201 ) ) ;
#2841 = CARTESIAN_POINT ( 'NONE',  ( 4.000000000000000900, -6.391244124090313400E-015, -4.249999999999993800 ) ) ;
#2842 = ADVANCED_FACE ( 'NONE', ( #2608 ), #6835, .T. ) ;
#2843 = ORIENTED_EDGE ( 'NONE', *, *, #738, .T. ) ;
#2844 = CARTESIAN_POINT ( 'NONE',  ( 0.0000000000000000000, 0.0000000000000000000, 0.0000000000000000000 ) ) ;
#2845 = CARTESIAN_POINT ( 'NONE',  ( 1.224993428303842800E-013, -4.000000000000000000, -22.62499999999994300 ) ) ;
#2846 = CARTESIAN_POINT ( 'NONE',  ( -5.586370142149013400E-014, 4.000000000000000000, -13.12499999999996300 ) ) ;
#2847 = CARTESIAN_POINT ( 'NONE',  ( -8.461270813721953000E-012, -3.873936507140700100, -29.69778279153754100 ) ) ;
#2848 = CARTESIAN_POINT ( 'NONE',  ( 3.464101615137720600, 2.000000000000060000, -7.166666666666648300 ) ) ;
#2849 = ORIENTED_EDGE ( 'NONE', *, *, #1380, .F. ) ;
#2850 = CARTESIAN_POINT ( 'NONE',  ( 3.798325484591604800, -7.686342592508250300E-013, -0.4914368357597495600 ) ) ;
#2851 = ORIENTED_EDGE ( 'NONE', *, *, #3205, .F. ) ;
#2852 = DIRECTION ( 'NONE',  ( 0.7071067811865483500, 8.659560562354942700E-017, -0.7071067811865468000 ) ) ;
#2853 = CARTESIAN_POINT ( 'NONE',  ( -1.068189119562054500E-013, 4.000000000000000000, -21.12499999999994700 ) ) ;
#2854 = CARTESIAN_POINT ( 'NONE',  ( -3.464101615137725500, -2.000000000000050200, -24.66666666666661100 ) ) ;
#2855 = CARTESIAN_POINT ( 'NONE',  ( 1.934401076758430800, 3.350480947161699900, -5.583333333333315300 ) ) ;
#2856 = ORIENTED_EDGE ( 'NONE', *, *, #4006, .T. ) ;
#2857 = EDGE_CURVE ( 'NONE', #1414, #4397, #4722, .T. ) ;
#2858 = CARTESIAN_POINT ( 'NONE',  ( -3.350480947161659000, -1.952234568813041300E-014, -23.37499999999994700 ) ) ;
#2859 = CYLINDRICAL_SURFACE ( 'NONE', #2024, 3.350480947161662100 ) ;
#2860 = DIRECTION ( 'NONE',  ( 1.000000000000000000, 0.0000000000000000000, 0.0000000000000000000 ) ) ;
#2861 = CARTESIAN_POINT ( 'NONE',  ( 1.934401076758545600, -3.350480947161634100, -11.91666666666663400 ) ) ;
#2862 = AXIS2_PLACEMENT_3D ( 'NONE', #2103, #5748, #305 ) ;
#2863 = CARTESIAN_POINT ( 'NONE',  ( 3.350480947161654600, -0.8977586640477872600, -15.91965819873848400 ) ) ;
#2864 = CARTESIAN_POINT ( 'NONE',  ( -4.679256681265763300E-014, 3.350480947161662100, -31.62499999999993200 ) ) ;
#2865 = CARTESIAN_POINT ( 'NONE',  ( 3.868802153516995600, 5.426829789941480900E-014, -15.87499999999996100 ) ) ;
#2866 = CARTESIAN_POINT ( 'NONE',  ( 3.350480947161655500, -0.8977586640477855900, -17.91965819873847800 ) ) ;
#2867 = ORIENTED_EDGE ( 'NONE', *, *, #5136, .F. ) ;
#2868 = VECTOR ( 'NONE', #3396, 1000.000000000000000 ) ;
#2869 = CARTESIAN_POINT ( 'NONE',  ( 2.309401076758562000, -3.999999999999964900, -4.416666666666654500 ) ) ;
#2870 = CARTESIAN_POINT ( 'NONE',  ( -2.999999999999996900, 1.181276405897124600, -37.75754022355583600 ) ) ;
#2871 = EDGE_CURVE ( 'NONE', #2106, #5332, #5902, .T. ) ;
#2872 = CARTESIAN_POINT ( 'NONE',  ( -2.901601615137705100, -1.675240473580902800, -23.16666666666661500 ) ) ;
#2873 = DIRECTION ( 'NONE',  ( 1.000000000000000000, 0.0000000000000000000, 0.0000000000000000000 ) ) ;
#2874 = CARTESIAN_POINT ( 'NONE',  ( 3.464101615137726400, 2.000000000000048800, -14.29166666666662700 ) ) ;
#2875 = ORIENTED_EDGE ( 'NONE', *, *, #5389, .T. ) ;
#2876 = CYLINDRICAL_SURFACE ( 'NONE', #7800, 3.350480947161662100 ) ;
#2877 = CARTESIAN_POINT ( 'NONE',  ( -4.000000000000006200, 1.071796769724414600, -28.79465819873846000 ) ) ;
#2878 = CARTESIAN_POINT ( 'NONE',  ( 4.000000000000000900, 5.926426369611017600E-015, -5.249999999999990200 ) ) ;
#2879 = CARTESIAN_POINT ( 'NONE',  ( 1.800945891147074600, -3.348939799274476900, -29.66508972180278300 ) ) ;
#2880 = CARTESIAN_POINT ( 'NONE',  ( 3.350480947161659500, -3.794074920937249900E-014, -19.87499999999995400 ) ) ;
#2881 = CARTESIAN_POINT ( 'NONE',  ( -3.350480947161662100, 0.0000000000000000000, 0.0000000000000000000 ) ) ;
#2882 = CARTESIAN_POINT ( 'NONE',  ( 3.350480947161659500, -3.369928719974892300E-015, -28.87499999999994000 ) ) ;
#2883 = ORIENTED_EDGE ( 'NONE', *, *, #4172, .F. ) ;
#2884 = CARTESIAN_POINT ( 'NONE',  ( 3.350480947161659500, -3.869607806040135100E-014, -16.74999999999996800 ) ) ;
#2885 = CARTESIAN_POINT ( 'NONE',  ( -2.309401076758445600, -4.000000000000032900, -23.58333333333328200 ) ) ;
#2887 = ADVANCED_FACE ( 'NONE', ( #887 ), #234, .T. ) ;
#2886 = ORIENTED_EDGE ( 'NONE', *, *, #4530, .T. ) ;
#2888 = EDGE_CURVE ( 'NONE', #2227, #7537, #7580, .T. ) ;
#2889 = CARTESIAN_POINT ( 'NONE',  ( 4.000000000000000000, -1.071796769724442800, -8.294658198738501300 ) ) ;
#2890 = CARTESIAN_POINT ( 'NONE',  ( -1.934401076758570400, 3.350480947161619500, -18.54166666666661800 ) ) ;
#2891 = CARTESIAN_POINT ( 'NONE',  ( -1.934401076758546400, 3.350480947161633700, -7.416666666666643900 ) ) ;
#2892 =( BOUNDED_CURVE ( )  B_SPLINE_CURVE ( 2, ( #6689, #6049, #5479 ),
 .UNSPECIFIED., .F., .T. ) 
 B_SPLINE_CURVE_WITH_KNOTS ( ( 3, 3 ),
 ( 0.05088475249284606800, 0.05303030303030310100 ),
 .UNSPECIFIED. ) 
 CURVE ( )  GEOMETRIC_REPRESENTATION_ITEM ( )  RATIONAL_B_SPLINE_CURVE ( ( 0.9813698110308930500, 0.9330127018922177400, 0.9330127018922194100 ) ) 
 REPRESENTATION_ITEM ( '' )  );
#2893 = ORIENTED_EDGE ( 'NONE', *, *, #215, .T. ) ;
#2894 = CARTESIAN_POINT ( 'NONE',  ( 3.350480947161661200, -0.8977586640478011400, -1.919658198738511700 ) ) ;
#2895 = CARTESIAN_POINT ( 'NONE',  ( -1.934401076758449900, -3.350480947161689600, -31.20833333333325800 ) ) ;
#2896 = CARTESIAN_POINT ( 'NONE',  ( 2.901601615137770400, -1.675240473580789800, -19.95833333333328600 ) ) ;
#2897 = DIRECTION ( 'NONE',  ( -0.0000000000000000000, -0.0000000000000000000, -1.000000000000000000 ) ) ;
#2898 = CARTESIAN_POINT ( 'NONE',  ( 3.350480947161659500, -8.715332896486790000E-016, -14.74999999999996400 ) ) ;
#2899 = LINE ( 'NONE', #811, #1858 ) ;
#2900 = CARTESIAN_POINT ( 'NONE',  ( 3.350480947161667000, 0.8977586640478949500, -28.70534180126141900 ) ) ;
#2901 = ORIENTED_EDGE ( 'NONE', *, *, #7179, .F. ) ;
#2902 = CARTESIAN_POINT ( 'NONE',  ( -1.934401076758644600, 3.350480947161576900, -21.54166666666661500 ) ) ;
#2903 = CARTESIAN_POINT ( 'NONE',  ( 4.618802153517005800, 6.478866617091239000E-014, -17.37499999999995000 ) ) ;
#2904 = CARTESIAN_POINT ( 'NONE',  ( -3.350480947161654100, 0.8977586640477648300, -26.29465819873846000 ) ) ;
#2905 = FACE_OUTER_BOUND ( 'NONE', #6053, .T. ) ;
#2906 = DIRECTION ( 'NONE',  ( -0.0000000000000000000, -0.0000000000000000000, -1.000000000000000000 ) ) ;
#2907 = DIRECTION ( 'NONE',  ( 0.0000000000000000000, 0.0000000000000000000, 1.000000000000000000 ) ) ;
#2908 = CARTESIAN_POINT ( 'NONE',  ( 0.4772391912896396500, 3.365500767529173000, -29.49767550888678600 ) ) ;
#2909 = CARTESIAN_POINT ( 'NONE',  ( -1.934401076758559100, 3.350480947161626100, -4.541666666666651900 ) ) ;
#2910 = CARTESIAN_POINT ( 'NONE',  ( 0.0000000000000000000, 0.0000000000000000000, -30.00000000000000000 ) ) ;
#2911 = CARTESIAN_POINT ( 'NONE',  ( 9.768414162720188600E-014, -3.350480947161662100, -16.99999999999996100 ) ) ;
#2912 = CARTESIAN_POINT ( 'NONE',  ( -3.464101615137725500, -2.000000000000050200, -27.66666666666660400 ) ) ;
#2913 = CARTESIAN_POINT ( 'NONE',  ( 2.309401076758442100, 4.000000000000034600, -1.208333333333321700 ) ) ;
#2914 = AXIS2_PLACEMENT_3D ( 'NONE', #6500, #5949, #2873 ) ;
#2916 = CARTESIAN_POINT ( 'NONE',  ( -2.901601615137772600, 1.675240473580786000, -9.333333333333305500 ) ) ;
#2915 = FACE_OUTER_BOUND ( 'NONE', #6725, .T. ) ;
#2917 = CARTESIAN_POINT ( 'NONE',  ( 3.350480947161658600, 0.8977586640478795200, -18.83034180126143700 ) ) ;
#2918 = CARTESIAN_POINT ( 'NONE',  ( -3.868802153516995600, -5.474208951679871900E-014, -11.24999999999996800 ) ) ;
#2919 = CARTESIAN_POINT ( 'NONE',  ( -2.309401076758609500, 3.999999999999938300, -9.916666666666643000 ) ) ;
#2920 = LINE ( 'NONE', #1291, #1301 ) ;
#2921 = ORIENTED_EDGE ( 'NONE', *, *, #4937, .T. ) ;
#2922 = EDGE_CURVE ( 'NONE', #5332, #252, #7775, .T. ) ;
#2923 = CARTESIAN_POINT ( 'NONE',  ( 3.868802153516995600, 5.426829789941480900E-014, -28.87499999999993600 ) ) ;
#2924 = CARTESIAN_POINT ( 'NONE',  ( 1.934401076758545600, -3.350480947161634100, -20.04166666666662500 ) ) ;
#2925 =( BOUNDED_CURVE ( )  B_SPLINE_CURVE ( 2, ( #7688, #1633, #6474, #1024, #7131, #6527, #7663, #2234, #3398 ),
 .UNSPECIFIED., .F., .F. ) 
 B_SPLINE_CURVE_WITH_KNOTS ( ( 3, 2, 2, 2, 3 ),
 ( 0.4166666666666668000, 0.4191919191919191700, 0.4242424242424242500, 0.4292929292929292800, 0.4318181818181819300 ),
 .UNSPECIFIED. ) 
 CURVE ( )  GEOMETRIC_REPRESENTATION_ITEM ( )  RATIONAL_B_SPLINE_CURVE ( ( 0.9330127018922193000, 0.9330127018922229600, 1.000000000000000000, 0.8660254037844387100, 1.000000000000000000, 0.8660254037844387100, 1.000000000000000000, 0.9330127018922164100, 0.9330127018922194100 ) ) 
 REPRESENTATION_ITEM ( '' )  );
#2926 = CARTESIAN_POINT ( 'NONE',  ( -3.350480947161662100, -7.262777413738993000E-015, -3.374999999999990200 ) ) ;
#2927 = CARTESIAN_POINT ( 'NONE',  ( -3.999999999999988000, 1.071796769724451300, -17.91965819873847100 ) ) ;
#2928 = CARTESIAN_POINT ( 'NONE',  ( 3.464101615137782400, -1.999999999999950700, -19.45833333333328200 ) ) ;
#2929 = VECTOR ( 'NONE', #1311, 1000.000000000000000 ) ;
#2930 = EDGE_LOOP ( 'NONE', ( #6984, #7098, #5302, #4393 ) ) ;
#2931 = ORIENTED_EDGE ( 'NONE', *, *, #154, .F. ) ;
#2932 = CARTESIAN_POINT ( 'NONE',  ( -8.329578972239084500E-014, 4.000000000000000000, -26.99999999999994000 ) ) ;
#2933 = ORIENTED_EDGE ( 'NONE', *, *, #4009, .F. ) ;
#2934 = EDGE_CURVE ( 'NONE', #986, #6757, #3067, .T. ) ;
#2935 = EDGE_CURVE ( 'NONE', #6509, #6022, #5002, .T. ) ;
#2936 = CARTESIAN_POINT ( 'NONE',  ( 3.464101615137726400, 2.000000000000048800, -1.291666666666654500 ) ) ;
#2937 = CARTESIAN_POINT ( 'NONE',  ( 3.759626290075494600, 0.4733305258107137200, -0.4800162538197275700 ) ) ;
#2938 = CARTESIAN_POINT ( 'NONE',  ( 0.0000000000000000000, 0.0000000000000000000, 0.0000000000000000000 ) ) ;
#2939 = ORIENTED_EDGE ( 'NONE', *, *, #4230, .T. ) ;
#2940 = CARTESIAN_POINT ( 'NONE',  ( 4.000000000000011500, 1.071796769724535400, -14.20534180126144700 ) ) ;
#2941 = CARTESIAN_POINT ( 'NONE',  ( -2.901601615137722400, -1.675240473580873000, -22.29166666666661500 ) ) ;
#2942 = CARTESIAN_POINT ( 'NONE',  ( -3.464101615137783700, 1.999999999999948500, -22.83333333333328200 ) ) ;
#2943 = ORIENTED_EDGE ( 'NONE', *, *, #562, .T. ) ;
#2944 = CARTESIAN_POINT ( 'NONE',  ( 3.350480947161659500, 4.648177544792955000E-015, -23.87499999999994700 ) ) ;
#2945 = VERTEX_POINT ( 'NONE', #976 ) ;
#2946 = DIRECTION ( 'NONE',  ( 0.0000000000000000000, 0.0000000000000000000, 1.000000000000000000 ) ) ;
#2947 = CARTESIAN_POINT ( 'NONE',  ( 3.350480947161661200, -9.877377282685029400E-016, -0.7499999999999952300 ) ) ;
#2948 = CARTESIAN_POINT ( 'NONE',  ( 0.0000000000000000000, 0.0000000000000000000, -38.00000000000000000 ) ) ;
#2949 = CARTESIAN_POINT ( 'NONE',  ( 2.901601615137770400, -1.675240473580789800, -16.83333333333329300 ) ) ;
#2950 = VERTEX_POINT ( 'NONE', #7065 ) ;
#2951 = CARTESIAN_POINT ( 'NONE',  ( 2.309401076758560200, -3.999999999999966700, -4.416666666666655400 ) ) ;
#2952 = VERTEX_POINT ( 'NONE', #5228 ) ;
#2953 = CARTESIAN_POINT ( 'NONE',  ( 1.934401076758450300, 3.350480947161689200, -18.70833333333329000 ) ) ;
#2954 = CARTESIAN_POINT ( 'NONE',  ( -3.999999999999996400, 2.544877205774143000E-014, -24.87499999999994300 ) ) ;
#2955 = CARTESIAN_POINT ( 'NONE',  ( 2.901601615137795200, -1.675240473580747800, -19.95833333333328600 ) ) ;
#2956 = CARTESIAN_POINT ( 'NONE',  ( -3.350480947161665700, 0.8977586640477733800, -20.41965819873848200 ) ) ;
#2957 = CARTESIAN_POINT ( 'NONE',  ( -2.309401076758611700, 3.999999999999937800, -11.91666666666663800 ) ) ;
#2958 = ORIENTED_EDGE ( 'NONE', *, *, #5941, .F. ) ;
#2959 = CARTESIAN_POINT ( 'NONE',  ( 4.618802153517005800, 6.478866617091239000E-014, -22.37499999999994000 ) ) ;
#2960 = LINE ( 'NONE', #6645, #3744 ) ;
#2961 = CARTESIAN_POINT ( 'NONE',  ( 0.0000000000000000000, 0.0000000000000000000, -30.38999999999999300 ) ) ;
#2962 = CARTESIAN_POINT ( 'NONE',  ( 3.350480947161655000, 0.8977586640478899500, -26.70534180126142200 ) ) ;
#2963 = DIRECTION ( 'NONE',  ( 0.0000000000000000000, 0.0000000000000000000, 1.000000000000000000 ) ) ;
#2964 = CARTESIAN_POINT ( 'NONE',  ( -3.464101615137783700, 1.999999999999948500, -1.958333333333319700 ) ) ;
#2965 = CARTESIAN_POINT ( 'NONE',  ( -2.309401076758403900, -4.000000000000057700, -11.58333333333330700 ) ) ;
#2966 = ORIENTED_EDGE ( 'NONE', *, *, #1244, .F. ) ;
#2967 = CARTESIAN_POINT ( 'NONE',  ( -9.898117244166237200E-014, 4.000000000000000000, -13.99999999999996800 ) ) ;
#2968 = CARTESIAN_POINT ( 'NONE',  ( 0.0000000000000000000, 4.000000000000000900, -29.75000000000000000 ) ) ;
#2969 = CARTESIAN_POINT ( 'NONE',  ( 5.635356014114907400E-014, -4.000000000000000000, -24.49999999999994700 ) ) ;
#2970 = CARTESIAN_POINT ( 'NONE',  ( -6.762031069330472100E-014, 4.000000000000000000, -10.12499999999997000 ) ) ;
#2971 = CARTESIAN_POINT ( 'NONE',  ( 3.350480947161665700, 1.801168798607269900E-015, -9.749999999999976900 ) ) ;
#2972 = EDGE_CURVE ( 'NONE', #3441, #4961, #1625, .T. ) ;
#2973 = CARTESIAN_POINT ( 'NONE',  ( -3.350480947161677700, -0.8977586640478556500, -24.20534180126142200 ) ) ;
#2974 = ORIENTED_EDGE ( 'NONE', *, *, #1447, .T. ) ;
#2975 = CIRCLE ( 'NONE', #2164, 4.000000000000000000 ) ;
#2976 = CARTESIAN_POINT ( 'NONE',  ( 1.934401076758450300, 3.350480947161689200, -17.58333333333329300 ) ) ;
#2977 = CARTESIAN_POINT ( 'NONE',  ( -2.309401076758561500, 3.999999999999966200, -5.916666666666652800 ) ) ;
#2978 = ADVANCED_FACE ( 'NONE', ( #2517, #7212 ), #6461, .T. ) ;
#2979 = CARTESIAN_POINT ( 'NONE',  ( -2.901601615137722400, -1.675240473580873000, -20.29166666666661800 ) ) ;
#2980 = CARTESIAN_POINT ( 'NONE',  ( 3.350480947161662100, 7.378981852358816700E-015, -7.874999999999981300 ) ) ;
#2981 = ORIENTED_EDGE ( 'NONE', *, *, #7443, .T. ) ;
#2982 = DIRECTION ( 'NONE',  ( -0.0000000000000000000, -0.0000000000000000000, -1.000000000000000000 ) ) ;
#2983 = CARTESIAN_POINT ( 'NONE',  ( -3.464101615137722400, -2.000000000000056400, -3.666666666666656700 ) ) ;
#2984 = VERTEX_POINT ( 'NONE', #7700 ) ;
#2985 = CARTESIAN_POINT ( 'NONE',  ( 1.934401076758442300, 3.350480947161693200, -20.70833333333328200 ) ) ;
#2986 = EDGE_CURVE ( 'NONE', #7709, #4748, #7500, .T. ) ;
#2987 = CARTESIAN_POINT ( 'NONE',  ( -1.934401076758426300, -3.350480947161702500, -26.20833333333327500 ) ) ;
#2988 = CARTESIAN_POINT ( 'NONE',  ( -3.350480947161659500, 2.155592336397733000E-014, -25.24999999999994700 ) ) ;
#2989 = CARTESIAN_POINT ( 'NONE',  ( -2.309401076758561500, 3.999999999999966200, -21.04166666666661100 ) ) ;
#2990 = ORIENTED_EDGE ( 'NONE', *, *, #7, .T. ) ;
#2991 = VERTEX_POINT ( 'NONE', #417 ) ;
#2992 = CARTESIAN_POINT ( 'NONE',  ( -2.309401076758445600, -4.000000000000032900, -0.7083333333333226000 ) ) ;
#2993 = CARTESIAN_POINT ( 'NONE',  ( -4.000000000000001800, -1.071796769724527900, -11.70534180126145300 ) ) ;
#2994 = CARTESIAN_POINT ( 'NONE',  ( 3.350480947161644400, 0.8977586640479050500, -22.83034180126142600 ) ) ;
#2995 = CARTESIAN_POINT ( 'NONE',  ( 2.309401076758598000, -3.999999999999944500, -11.54166666666663200 ) ) ;
#2996 = AXIS2_PLACEMENT_3D ( 'NONE', #3754, #6770, #5639 ) ;
#2997 = CARTESIAN_POINT ( 'NONE',  ( 2.309401076758560200, -3.999999999999966700, -30.41666666666660000 ) ) ;
#2998 = CARTESIAN_POINT ( 'NONE',  ( 0.0000000000000000000, 0.0000000000000000000, -30.00000000000000000 ) ) ;
#2999 = ORIENTED_EDGE ( 'NONE', *, *, #4709, .T. ) ;
#3000 = CARTESIAN_POINT ( 'NONE',  ( 4.000000000000005300, -1.034219503716432500E-014, -13.37499999999996600 ) ) ;
#3001 = CARTESIAN_POINT ( 'NONE',  ( 0.0000000000000000000, 0.0000000000000000000, -30.00000000000000000 ) ) ;
#3002 = CARTESIAN_POINT ( 'NONE',  ( 3.999999999999996400, -4.067155351693835500E-015, -28.37499999999993600 ) ) ;
#3003 = CARTESIAN_POINT ( 'NONE',  ( -3.868802153516995600, -5.474208951679871900E-014, -15.24999999999996100 ) ) ;
#3004 = DIRECTION ( 'NONE',  ( -0.0000000000000000000, -0.0000000000000000000, -1.000000000000000000 ) ) ;
#3005 = CARTESIAN_POINT ( 'NONE',  ( 4.618802153517005800, 6.478866617091239000E-014, -6.249999999999984900 ) ) ;
#3006 = CARTESIAN_POINT ( 'NONE',  ( 1.934401076758545600, -3.350480947161634100, -17.04166666666662500 ) ) ;
#3007 = CARTESIAN_POINT ( 'NONE',  ( -7.798484617732332000E-014, 3.350480947161662100, -7.624999999999976900 ) ) ;
#3008 = AXIS2_PLACEMENT_3D ( 'NONE', #7748, #7092, #1596 ) ;
#3009 = CARTESIAN_POINT ( 'NONE',  ( -3.999999999999996400, -2.730804307565861300E-014, -26.87499999999993600 ) ) ;
#3010 = CARTESIAN_POINT ( 'NONE',  ( -1.934401076758572400, 3.350480947161618600, -20.54166666666661800 ) ) ;
#3011 = FACE_OUTER_BOUND ( 'NONE', #2667, .T. ) ;
#3012 = CARTESIAN_POINT ( 'NONE',  ( -3.350480947161667900, 0.8977586640477847000, -13.41965819873848900 ) ) ;
#3013 = CARTESIAN_POINT ( 'NONE',  ( -2.309401076758445600, -4.000000000000032900, -21.70833333333327900 ) ) ;
#3014 = FACE_OUTER_BOUND ( 'NONE', #2287, .T. ) ;
#3015 = CARTESIAN_POINT ( 'NONE',  ( -1.934401076758546400, 3.350480947161633700, -0.5416666666666598600 ) ) ;
#3016 = DIRECTION ( 'NONE',  ( 0.0000000000000000000, 0.0000000000000000000, 1.000000000000000000 ) ) ;
#3017 = CARTESIAN_POINT ( 'NONE',  ( -3.464101615137725500, -2.000000000000050200, 1.208333333333339900 ) ) ;
#3018 = ORIENTED_EDGE ( 'NONE', *, *, #1741, .F. ) ;
#3019 = ADVANCED_FACE ( 'NONE', ( #5381 ), #2707, .T. ) ;
#3020 = CARTESIAN_POINT ( 'NONE',  ( -2.901601615137667300, -1.675240473580968300, -28.16666666666660000 ) ) ;
#3021 = EDGE_CURVE ( 'NONE', #5848, #767, #6752, .T. ) ;
#3022 = CARTESIAN_POINT ( 'NONE',  ( -1.934401076758406600, -3.350480947161714100, -21.08333333333328200 ) ) ;
#3023 = CARTESIAN_POINT ( 'NONE',  ( -4.618802153517005800, -6.535430629823232500E-014, -29.74999999999993600 ) ) ;
#3024 = CARTESIAN_POINT ( 'NONE',  ( 3.350480947161659500, 2.324088772396477500E-015, -18.74999999999996100 ) ) ;
#3025 = CARTESIAN_POINT ( 'NONE',  ( -4.000000000000000000, -1.071796769724566300, -19.70534180126143300 ) ) ;
#3026 = VECTOR ( 'NONE', #1862, 1000.000000000000000 ) ;
#3027 = ORIENTED_EDGE ( 'NONE', *, *, #5885, .F. ) ;
#3028 =( BOUNDED_CURVE ( )  B_SPLINE_CURVE ( 2, ( #7026, #7100, #3965, #4042, #2756, #301, #5813, #2169, #370 ),
 .UNSPECIFIED., .F., .F. ) 
 B_SPLINE_CURVE_WITH_KNOTS ( ( 3, 2, 2, 2, 3 ),
 ( 0.3106060606060607200, 0.3131313131313131500, 0.3181818181818181800, 0.3232323232323232600, 0.3257575757575758600 ),
 .UNSPECIFIED. ) 
 CURVE ( )  GEOMETRIC_REPRESENTATION_ITEM ( )  RATIONAL_B_SPLINE_CURVE ( ( 0.9330127018922194100, 0.9330127018922223000, 1.000000000000000000, 0.8660254037844387100, 1.000000000000000000, 0.8660254037844387100, 1.000000000000000000, 0.9330127018922171900, 0.9330127018922194100 ) ) 
 REPRESENTATION_ITEM ( '' )  );
#3029 = CARTESIAN_POINT ( 'NONE',  ( 1.934401076758545600, -3.350480947161634100, -12.91666666666663100 ) ) ;
#3030 = EDGE_CURVE ( 'NONE', #7056, #856, #4808, .T. ) ;
#3031 = CARTESIAN_POINT ( 'NONE',  ( -3.464101615137725500, -2.000000000000050200, -4.666666666666654500 ) ) ;
#3032 = CARTESIAN_POINT ( 'NONE',  ( -1.934401076758446100, -3.350480947161691000, -2.083333333333322800 ) ) ;
#3033 = VECTOR ( 'NONE', #6197, 1000.000000000000000 ) ;
#3034 = ORIENTED_EDGE ( 'NONE', *, *, #6395, .T. ) ;
#3035 = CARTESIAN_POINT ( 'NONE',  ( 2.309401076758401700, 4.000000000000058600, -27.20833333333326500 ) ) ;
#3036 = DIRECTION ( 'NONE',  ( -0.0000000000000000000, -0.0000000000000000000, -1.000000000000000000 ) ) ;
#3037 = ORIENTED_EDGE ( 'NONE', *, *, #3347, .F. ) ;
#3038 = CARTESIAN_POINT ( 'NONE',  ( -1.934401076758590200, 3.350480947161607900, -13.54166666666663200 ) ) ;
#3039 = CARTESIAN_POINT ( 'NONE',  ( 2.901601615137688700, 1.675240473580931000, -19.66666666666662200 ) ) ;
#3040 = CARTESIAN_POINT ( 'NONE',  ( -5.586370142149013400E-014, 4.000000000000000000, -21.12499999999994700 ) ) ;
#3041 = VERTEX_POINT ( 'NONE', #5880 ) ;
#3042 = CARTESIAN_POINT ( 'NONE',  ( -2.309401076758685900, 3.999999999999894300, -29.04166666666659300 ) ) ;
#3043 = EDGE_LOOP ( 'NONE', ( #3384, #7006, #5581, #3236 ) ) ;
#3044 = EDGE_CURVE ( 'NONE', #7471, #1498, #1651, .T. ) ;
#3045 = CARTESIAN_POINT ( 'NONE',  ( -5.586370142149013400E-014, 4.000000000000000000, -3.124999999999983600 ) ) ;
#3046 = CARTESIAN_POINT ( 'NONE',  ( -4.000000000000000900, -7.437084071668728600E-015, -7.749999999999984900 ) ) ;
#3047 = CARTESIAN_POINT ( 'NONE',  ( 3.350480947161667900, 0.8977586640478917300, -24.70534180126142200 ) ) ;
#3048 = CARTESIAN_POINT ( 'NONE',  ( 3.999999999999992500, -1.071796769724465700, -19.41965819873847100 ) ) ;
#3049 = AXIS2_PLACEMENT_3D ( 'NONE', #1446, #198, #3883 ) ;
#3050 = CARTESIAN_POINT ( 'NONE',  ( -3.350480947161658600, -0.8977586640478687500, -9.330341801261454300 ) ) ;
#3051 = CARTESIAN_POINT ( 'NONE',  ( 3.464101615137782400, -1.999999999999950700, -31.33333333333326100 ) ) ;
#3052 = ORIENTED_EDGE ( 'NONE', *, *, #4975, .T. ) ;
#3053 = CARTESIAN_POINT ( 'NONE',  ( 3.798325484591604800, -7.686342592508250300E-013, -0.4914368357597495600 ) ) ;
#3054 = CARTESIAN_POINT ( 'NONE',  ( 4.000000000000006200, 1.071796769724568300, -28.33034180126141200 ) ) ;
#3055 = VERTEX_POINT ( 'NONE', #391 ) ;
#3056 = CARTESIAN_POINT ( 'NONE',  ( 1.934401076758545600, -3.350480947161634100, -15.91666666666662900 ) ) ;
#3057 = CARTESIAN_POINT ( 'NONE',  ( 3.464101615137793500, -1.999999999999932700, -10.45833333333330200 ) ) ;
#3058 = CARTESIAN_POINT ( 'NONE',  ( -3.464101615137783700, 1.999999999999948500, -4.833333333333320600 ) ) ;
#3059 = ADVANCED_FACE ( 'NONE', ( #4153 ), #6528, .T. ) ;
#3060 = CARTESIAN_POINT ( 'NONE',  ( -6.272172349671531500E-014, 4.000000000000000000, -5.999999999999985800 ) ) ;
#3061 = ORIENTED_EDGE ( 'NONE', *, *, #7602, .T. ) ;
#3062 = FACE_OUTER_BOUND ( 'NONE', #4241, .T. ) ;
#3063 = CARTESIAN_POINT ( 'NONE',  ( 0.0000000000000000000, 0.0000000000000000000, 0.0000000000000000000 ) ) ;
#3064 = CARTESIAN_POINT ( 'NONE',  ( 3.350480947161671000, 0.8977586640478679700, -13.83034180126144500 ) ) ;
#3065 = CARTESIAN_POINT ( 'NONE',  ( -2.901601615137784100, 1.675240473580766200, -8.458333333333309100 ) ) ;
#3066 = CARTESIAN_POINT ( 'NONE',  ( -4.618802153517005800, -6.535430629823232500E-014, -28.87499999999992900 ) ) ;
#3067 =( BOUNDED_CURVE ( )  B_SPLINE_CURVE ( 2, ( #7039, #5804, #5731, #7553, #2701, #3934, #882, #5158, #2747 ),
 .UNSPECIFIED., .F., .T. ) 
 B_SPLINE_CURVE_WITH_KNOTS ( ( 3, 2, 2, 2, 3 ),
 ( 0.8863636363636365800, 0.8888888888888888400, 0.8939393939393939200, 0.8989898989898990100, 0.9015151515151517100 ),
 .UNSPECIFIED. ) 
 CURVE ( )  GEOMETRIC_REPRESENTATION_ITEM ( )  RATIONAL_B_SPLINE_CURVE ( ( 0.9330127018922193000, 0.9330127018922251800, 1.000000000000000000, 0.8660254037844387100, 1.000000000000000000, 0.8660254037844387100, 1.000000000000000000, 0.9330127018922149700, 0.9330127018922194100 ) ) 
 REPRESENTATION_ITEM ( '' )  );
#3068 = VERTEX_POINT ( 'NONE', #1765 ) ;
#3069 = CARTESIAN_POINT ( 'NONE',  ( 9.505735083929813300E-014, -4.000000000000000000, -24.49999999999994700 ) ) ;
#3070 = AXIS2_PLACEMENT_3D ( 'NONE', #1192, #2495, #1803 ) ;
#3071 = CARTESIAN_POINT ( 'NONE',  ( -2.309401076758561500, 3.999999999999966200, -6.041666666666644800 ) ) ;
#3072 = AXIS2_PLACEMENT_3D ( 'NONE', #3191, #3239, #5584 ) ;
#3073 = CARTESIAN_POINT ( 'NONE',  ( -3.999999999999996400, 3.056176735701367700E-014, -17.87499999999995700 ) ) ;
#3074 = CARTESIAN_POINT ( 'NONE',  ( -3.350480947161662600, 0.8977586640477969200, -6.294658198738503100 ) ) ;
#3075 = VERTEX_POINT ( 'NONE', #2944 ) ;
#3076 = DIRECTION ( 'NONE',  ( 0.0000000000000000000, 0.0000000000000000000, 1.000000000000000000 ) ) ;
#3077 = CARTESIAN_POINT ( 'NONE',  ( -4.618802153517005800, -6.535430629823232500E-014, -27.74999999999994300 ) ) ;
#3078 = VECTOR ( 'NONE', #2421, 1000.000000000000000 ) ;
#3079 = CARTESIAN_POINT ( 'NONE',  ( -5.664014065476736100E-014, 3.350480947161662100, -10.49999999999997200 ) ) ;
#3080 = EDGE_CURVE ( 'NONE', #2030, #1585, #5301, .T. ) ;
#3081 = CARTESIAN_POINT ( 'NONE',  ( 3.464101615137789900, -1.999999999999938500, -3.458333333333316600 ) ) ;
#3082 = CARTESIAN_POINT ( 'NONE',  ( -2.901601615137771700, 1.675240473580788000, -18.33333333333329000 ) ) ;
#3083 = VERTEX_POINT ( 'NONE', #2248 ) ;
#3084 = ORIENTED_EDGE ( 'NONE', *, *, #2465, .F. ) ;
#3085 = CARTESIAN_POINT ( 'NONE',  ( -3.350480947161668300, 0.8977586640477828200, -15.41965819873848500 ) ) ;
#3086 = CARTESIAN_POINT ( 'NONE',  ( 2.309401076758560200, -3.999999999999966700, -9.416666666666644800 ) ) ;
#3087 = DIRECTION ( 'NONE',  ( 0.0000000000000000000, 0.0000000000000000000, 1.000000000000000000 ) ) ;
#3088 = CARTESIAN_POINT ( 'NONE',  ( -3.464101615137785000, 1.999999999999946300, -8.958333333333303700 ) ) ;
#3089 = EDGE_CURVE ( 'NONE', #1268, #6388, #458, .T. ) ;
#3090 = ORIENTED_EDGE ( 'NONE', *, *, #3771, .T. ) ;
#3091 = CARTESIAN_POINT ( 'NONE',  ( -3.464101615137695800, -2.000000000000103000, -13.79166666666662900 ) ) ;
#3092 = CARTESIAN_POINT ( 'NONE',  ( -2.309401076758445600, -4.000000000000032900, -23.70833333333327200 ) ) ;
#3093 = EDGE_CURVE ( 'NONE', #6157, #7929, #3388, .T. ) ;
#3094 = ORIENTED_EDGE ( 'NONE', *, *, #5166, .T. ) ;
#3095 = CARTESIAN_POINT ( 'NONE',  ( -2.901601615137771700, 1.675240473580788000, 0.5416666666666709600 ) ) ;
#3096 = CARTESIAN_POINT ( 'NONE',  ( 3.350480947161659000, -2.614599868946037200E-015, -12.87499999999997000 ) ) ;
#3097 = LINE ( 'NONE', #7819, #3946 ) ;
#3098 = CARTESIAN_POINT ( 'NONE',  ( 3.464101615137782400, -1.999999999999950700, -2.458333333333319300 ) ) ;
#3099 = CARTESIAN_POINT ( 'NONE',  ( -3.464101615137693100, -2.000000000000106100, -17.79166666666661800 ) ) ;
#3101 = ADVANCED_FACE ( 'NONE', ( #1279 ), #7680, .T. ) ;
#3100 = VERTEX_POINT ( 'NONE', #4807 ) ;
#3102 = CARTESIAN_POINT ( 'NONE',  ( 0.0000000000000000000, 0.0000000000000000000, -38.00000000000000000 ) ) ;
#3103 = CARTESIAN_POINT ( 'NONE',  ( -3.350480947161651000, -0.8977586640479031700, -28.20534180126141900 ) ) ;
#3104 = CARTESIAN_POINT ( 'NONE',  ( -2.999999999999997300, -1.732050807568878700, -33.50000000000000000 ) ) ;
#3105 = CARTESIAN_POINT ( 'NONE',  ( 2.309401076758446100, 4.000000000000032000, -31.08333333333326500 ) ) ;
#3106 = LINE ( 'NONE', #73, #7123 ) ;
#3107 =( BOUNDED_CURVE ( )  B_SPLINE_CURVE ( 2, ( #4401, #4479, #737, #5006, #1348, #2652, #4501, #812, #5627 ),
 .UNSPECIFIED., .F., .F. ) 
 B_SPLINE_CURVE_WITH_KNOTS ( ( 3, 2, 2, 2, 3 ),
 ( 0.2803030303030303900, 0.2828282828282828200, 0.2878787878787879000, 0.2929292929292929300, 0.2954545454545455300 ),
 .UNSPECIFIED. ) 
 CURVE ( )  GEOMETRIC_REPRESENTATION_ITEM ( )  RATIONAL_B_SPLINE_CURVE ( ( 0.9330127018922194100, 0.9330127018922216300, 1.000000000000000000, 0.8660254037844387100, 1.000000000000000000, 0.8660254037844387100, 1.000000000000000000, 0.9330127018922171900, 0.9330127018922194100 ) ) 
 REPRESENTATION_ITEM ( '' )  );
#3108 = CARTESIAN_POINT ( 'NONE',  ( -3.464101615137817000, 1.999999999999892100, -14.95833333333329300 ) ) ;
#3110 = CARTESIAN_POINT ( 'NONE',  ( 2.901601615137689500, 1.675240473580929900, -17.66666666666662500 ) ) ;
#3109 = VECTOR ( 'NONE', #6630, 1000.000000000000000 ) ;
#3111 = CARTESIAN_POINT ( 'NONE',  ( 0.0000000000000000000, 0.0000000000000000000, 0.0000000000000000000 ) ) ;
#3112 = CARTESIAN_POINT ( 'NONE',  ( 3.868802153516995600, 5.426829789941481600E-014, -21.74999999999995000 ) ) ;
#3113 = CARTESIAN_POINT ( 'NONE',  ( -2.901601615137791700, 1.675240473580753300, -26.45833333333327200 ) ) ;
#3114 = LINE ( 'NONE', #4599, #4065 ) ;
#3115 = CARTESIAN_POINT ( 'NONE',  ( 5.635356014114907400E-014, -4.000000000000000000, -9.499999999999978700 ) ) ;
#3116 = DIRECTION ( 'NONE',  ( 0.0000000000000000000, 0.0000000000000000000, 1.000000000000000000 ) ) ;
#3117 = B_SPLINE_CURVE_WITH_KNOTS ( 'NONE', 3,
 ( #7059, #2153, #311, #2824, #2212, #3975, #5775, #899, #4594, #3405, #4002, #383 ),
 .UNSPECIFIED., .F., .F.,
 ( 4, 2, 2, 2, 2, 4 ),
 ( 2.544334156074563800E-007, 0.0008948231872789978600, 0.001342107564210693300, 0.001789391941142388400, 0.002683960695005779900, 0.003578529448869171000 ),
 .UNSPECIFIED. ) ;
#3118 = EDGE_LOOP ( 'NONE', ( #491, #3124, #1025, #390, #117 ) ) ;
#3119 = CARTESIAN_POINT ( 'NONE',  ( 2.309401076758635300, -3.999999999999923600, -20.54166666666661500 ) ) ;
#3120 = CARTESIAN_POINT ( 'NONE',  ( 2.901601615137781900, -1.675240473580768900, -18.83333333333329000 ) ) ;
#3121 = CARTESIAN_POINT ( 'NONE',  ( 3.350480947161661200, -9.877377282685029400E-016, -0.7499999999999952300 ) ) ;
#3122 = CARTESIAN_POINT ( 'NONE',  ( -4.618802153517005800, -6.535430629823232500E-014, -25.87499999999993200 ) ) ;
#3123 = LINE ( 'NONE', #3367, #4368 ) ;
#3124 = ORIENTED_EDGE ( 'NONE', *, *, #4864, .T. ) ;
#3125 = CARTESIAN_POINT ( 'NONE',  ( -1.934401076758546400, 3.350480947161633700, -2.541666666666656300 ) ) ;
#3126 = CARTESIAN_POINT ( 'NONE',  ( 3.464101615137815700, -1.999999999999893900, -28.33333333333326800 ) ) ;
#3127 = CARTESIAN_POINT ( 'NONE',  ( 5.635356014114907400E-014, -4.000000000000000000, -3.624999999999983100 ) ) ;
#3128 = CARTESIAN_POINT ( 'NONE',  ( 4.000000000000012400, 1.071796769724533600, -11.33034180126144900 ) ) ;
#3129 = LINE ( 'NONE', #4461, #6464 ) ;
#3130 = ORIENTED_EDGE ( 'NONE', *, *, #7193, .F. ) ;
#3131 = EDGE_CURVE ( 'NONE', #7929, #2130, #3959, .T. ) ;
#3132 = CARTESIAN_POINT ( 'NONE',  ( 9.113848108202662100E-014, -4.000000000000000000, -19.62499999999994700 ) ) ;
#3133 = AXIS2_PLACEMENT_3D ( 'NONE', #138, #58, #2615 ) ;
#3134 = CARTESIAN_POINT ( 'NONE',  ( -3.350480947161662100, -0.8977586640478647500, -15.33034180126144200 ) ) ;
#3135 = CARTESIAN_POINT ( 'NONE',  ( 3.999999999999996400, 5.461608615131721900E-015, -23.37499999999994000 ) ) ;
#3136 =( BOUNDED_CURVE ( )  B_SPLINE_CURVE ( 2, ( #974, #1036, #339, #2271, #5830, #2827, #5877, #1567, #5855 ),
 .UNSPECIFIED., .F., .F. ) 
 B_SPLINE_CURVE_WITH_KNOTS ( ( 3, 2, 2, 2, 3 ),
 ( 0.3106060606060607200, 0.3131313131313131500, 0.3181818181818181800, 0.3232323232323232600, 0.3257575757575758600 ),
 .UNSPECIFIED. ) 
 CURVE ( )  GEOMETRIC_REPRESENTATION_ITEM ( )  RATIONAL_B_SPLINE_CURVE ( ( 0.9330127018922194100, 0.9330127018922223000, 1.000000000000000000, 0.8660254037844387100, 1.000000000000000000, 0.8660254037844387100, 1.000000000000000000, 0.9330127018922171900, 0.9330127018922194100 ) ) 
 REPRESENTATION_ITEM ( '' )  );
#3137 = ORIENTED_EDGE ( 'NONE', *, *, #5027, .T. ) ;
#3138 = CARTESIAN_POINT ( 'NONE',  ( -6.174200605739743300E-014, 4.000000000000000000, -4.999999999999986700 ) ) ;
#3139 = CARTESIAN_POINT ( 'NONE',  ( -2.309401076758339100, -4.000000000000095000, -19.58333333333329000 ) ) ;
#3140 = CARTESIAN_POINT ( 'NONE',  ( -1.934401076758436100, -3.350480947161697200, -14.08333333333329700 ) ) ;
#3141 = ORIENTED_EDGE ( 'NONE', *, *, #2935, .F. ) ;
#3142 = CARTESIAN_POINT ( 'NONE',  ( 2.901601615137722900, 1.675240473580871900, -20.66666666666661800 ) ) ;
#3143 = CARTESIAN_POINT ( 'NONE',  ( 1.934401076758634400, -3.350480947161582200, -24.04166666666661100 ) ) ;
#3144 = ORIENTED_EDGE ( 'NONE', *, *, #4161, .T. ) ;
#3145 = EDGE_LOOP ( 'NONE', ( #118, #7245, #6199, #1895, #880 ) ) ;
#3146 = EDGE_CURVE ( 'NONE', #2952, #6676, #6159, .T. ) ;
#3147 = CARTESIAN_POINT ( 'NONE',  ( -4.618802153517005800, -6.535430629823232500E-014, -6.749999999999984000 ) ) ;
#3148 = ADVANCED_FACE ( 'NONE', ( #7415 ), #3200, .T. ) ;
#3149 = CARTESIAN_POINT ( 'NONE',  ( 3.350480947161659900, -0.8977586640477902600, -18.91965819873847500 ) ) ;
#3150 = CARTESIAN_POINT ( 'NONE',  ( -1.029000421989339200E-013, 4.000000000000000000, -17.99999999999995700 ) ) ;
#3151 =( BOUNDED_CURVE ( )  B_SPLINE_CURVE ( 2, ( #6907, #1487, #262, #4487, #3845, #1433, #771, #213, #3264 ),
 .UNSPECIFIED., .F., .T. ) 
 B_SPLINE_CURVE_WITH_KNOTS ( ( 3, 2, 2, 2, 3 ),
 ( 0.6287878787878789000, 0.6313131313131312700, 0.6363636363636363500, 0.6414141414141414400, 0.6439393939393941400 ),
 .UNSPECIFIED. ) 
 CURVE ( )  GEOMETRIC_REPRESENTATION_ITEM ( )  RATIONAL_B_SPLINE_CURVE ( ( 0.9330127018922194100, 0.9330127018922223000, 1.000000000000000000, 0.8660254037844387100, 1.000000000000000000, 0.8660254037844387100, 1.000000000000000000, 0.9330127018922149700, 0.9330127018922194100 ) ) 
 REPRESENTATION_ITEM ( '' )  );
#3152 = CARTESIAN_POINT ( 'NONE',  ( 3.350480947161659900, -0.8977586640477902600, -18.79465819873847500 ) ) ;
#3153 = CARTESIAN_POINT ( 'NONE',  ( 3.350480947161658100, -0.8977586640477952500, -12.91965819873848900 ) ) ;
#3154 = VERTEX_POINT ( 'NONE', #2847 ) ;
#3155 = CARTESIAN_POINT ( 'NONE',  ( 2.309401076758560200, -3.999999999999966700, -25.54166666666660000 ) ) ;
#3156 = EDGE_LOOP ( 'NONE', ( #7377, #7199, #7639, #2958 ) ) ;
#3157 = CARTESIAN_POINT ( 'NONE',  ( 2.901601615137722900, 1.675240473580871900, -1.791666666666657200 ) ) ;
#3158 = CARTESIAN_POINT ( 'NONE',  ( -3.999999999999996400, -5.694017492371369400E-015, -28.74999999999994300 ) ) ;
#3159 = EDGE_CURVE ( 'NONE', #3163, #3715, #2693, .T. ) ;
#3160 = CARTESIAN_POINT ( 'NONE',  ( -2.309401076758445600, -4.000000000000032900, -6.708333333333309100 ) ) ;
#3161 = CARTESIAN_POINT ( 'NONE',  ( -4.000000000000000900, 6.042630808230842100E-015, -4.874999999999983100 ) ) ;
#3162 = CARTESIAN_POINT ( 'NONE',  ( 4.000000000000003600, -1.071796769724449900, -2.419658198738507500 ) ) ;
#3163 = VERTEX_POINT ( 'NONE', #4115 ) ;
#3164 = CALENDAR_DATE ( 2021, 9, 7 ) ;
#3165 = CARTESIAN_POINT ( 'NONE',  ( -3.999999999999996400, -7.669492948908376000E-015, -26.74999999999994300 ) ) ;
#3166 = CARTESIAN_POINT ( 'NONE',  ( 1.934401076758603500, -3.350480947161600800, -15.04166666666662900 ) ) ;
#3167 = DIRECTION ( 'NONE',  ( -0.0000000000000000000, -0.0000000000000000000, -1.000000000000000000 ) ) ;
#3168 = CARTESIAN_POINT ( 'NONE',  ( 7.546300205294049700E-014, -4.000000000000000000, -3.624999999999983100 ) ) ;
#3169 = ORIENTED_EDGE ( 'NONE', *, *, #774, .T. ) ;
#3170 = FACE_OUTER_BOUND ( 'NONE', #577, .T. ) ;
#3171 = CARTESIAN_POINT ( 'NONE',  ( 1.934401076758545600, -3.350480947161634100, -22.91666666666661500 ) ) ;
#3172 = DIRECTION ( 'NONE',  ( 0.0000000000000000000, 0.0000000000000000000, 1.000000000000000000 ) ) ;
#3173 = CARTESIAN_POINT ( 'NONE',  ( -4.618802153517005800, -6.535430629823232500E-014, -8.749999999999980500 ) ) ;
#3174 = CARTESIAN_POINT ( 'NONE',  ( 1.934401076758559100, -3.350480947161626100, -19.04166666666661800 ) ) ;
#3175 =( BOUNDED_CURVE ( )  B_SPLINE_CURVE ( 2, ( #579, #6112, #3088, #3716, #43, #4427, #4328, #4400, #5656 ),
 .UNSPECIFIED., .F., .T. ) 
 B_SPLINE_CURVE_WITH_KNOTS ( ( 3, 2, 2, 2, 3 ),
 ( 0.3257575757575758600, 0.3282828282828282900, 0.3333333333333333100, 0.3383838383838384000, 0.3409090909090909900 ),
 .UNSPECIFIED. ) 
 CURVE ( )  GEOMETRIC_REPRESENTATION_ITEM ( )  RATIONAL_B_SPLINE_CURVE ( ( 0.9330127018922194100, 0.9330127018922216300, 1.000000000000000000, 0.8660254037844387100, 1.000000000000000000, 0.8660254037844387100, 1.000000000000000000, 0.9330127018922171900, 0.9330127018922194100 ) ) 
 REPRESENTATION_ITEM ( '' )  );
#3176 = ORIENTED_EDGE ( 'NONE', *, *, #1144, .T. ) ;
#3177 = DIRECTION ( 'NONE',  ( -1.000000000000000000, 0.0000000000000000000, 0.0000000000000000000 ) ) ;
#3178 = VECTOR ( 'NONE', #2347, 1000.000000000000000 ) ;
#3179 = CARTESIAN_POINT ( 'NONE',  ( -1.934401076758412600, -3.350480947161710500, -13.20833333333329700 ) ) ;
#3180 = CARTESIAN_POINT ( 'NONE',  ( 3.464101615137726400, 2.000000000000048800, -28.29166666666659700 ) ) ;
#3181 =( BOUNDED_SURFACE ( )  B_SPLINE_SURFACE ( 1, 2, ( 
 ( #3542, #7223, #6653, #4209, #2397, #4723, #1667, #2345, #3017, #5980, #1728, #6067, #7796, #1758, #2293, #6568, #7309, #7194, #4146, #7852, #476, #4751, #1084, #5362, #1702, #529, #2323, #3619, #6040, #1145, #4832, #2992, #4801, #7274, #4771, #3570, #7879, #6593, #2936, #6626, #7822, #4175, #502, #1112, #5390, #6011, #2964, #7249, #2373, #4237, #557, #3694, #3098, #6148, #7416, #1896, #1304, #2426, #4938, #6094, #3045, #6175, #2481, #4964, #5579, #5556, #3127, #5527, #1871, #4337, #1922, #7388, #1280, #3753, #2505, #1256, #7934, #3728, #5497, #7366, #1231, #614, #6796, #6709, #4907, #6123, #1843, #6769, #50, #2449, #80, #666, #6743, #4360, #24, #3071, #4313, #641, #690, #6200, #2528, #6822, #4880, #3160, #4856, #7434, #3780, #4264, #589, #1204, #5471, #1814, #7336, #3672, #4290, #6955, #105, #1409, #3844, #5068, #6227, #822, #5719, #2556, #1997, #7488, #5695, #5637, #3187, #6878, #6301, #186, #2049, #4384, #716, #6275, #6326, #1973, #1383, #1432, #7461, #2026, #7566, #4993, #5091, #5610, #1329, #3237, #3290, #1946, #6850, #2659, #3797, #4462, #132, #3263, #2635, #798, #4486, #6929, #7510, #7538, #4438, #3212, #3870, #6250, #4408, #2609, #746, #5013, #1359, #2583, #3820, #156, #770, #5042, #5667, #212, #6906, #3451, #2846, #5896, #7163, #1636, #1051, #2078, #4691, #5743, #2686, #5926, #2238, #4716, #5326, #5297, #2874, #5272, #1610, #4079, #1664, #7136, #1027, #3508, #2263, #995, #7692, #3478, #5243, #7108, #968, #356, #6531, #6349, #4667, #5873, #1584, #6501, #7738, #2208, #7764, #406, #6478, #4112, #7714, #2821, #4054, #377, #436, #5950, #2288, #6560, #4640, #2903, #4510, #7188, #3538, #3895, #238, #845, #5119, #1461, #6980, #3318, #4025, #6704, #7792, #1170, #3613, #4827, #5974, #584, #5465, #2319, #1755, #7243, #5439, #5385, #2928, #6618, #6062, #7876, #1808, #4141, #469, #6035, #6089, #1722, #1140, #1200, #7216, #1779, #7332, #4744, #4852, #5356, #1080, #2989, #3040, #1695, #6590, #2424, #3568, #4233, #7818, #3013, #2393, #553, #4259, #6681, #7270, #7300, #4204, #2959, #3640, #6006, #4168, #2368, #497, #4769, #1105, #2342, #3592, #7845, #525, #4799, #5410, #7903, #6649, #3092, #2500, #5549, #6817, #1299, #711, #1838, #4356, #5492, #2446, #5576, #1892, #4378, #4988, #4960, #2524, #4931, #1276, #3748, #1326, #6791, #684, #3155, #1916, #663, #7360, #3122, #4903, #6765, #636, #17, #6194, #6117, #4332, #5520, #1251, #6170, #7410, #1867, #7429, #74, #6143, #3775, #7386, #2475, #3721, #46, #100, #5603, #1943, #6221, #4310, #2550, #4285, #6844, #3180, #3667, #7930, #610, #4875, #1226, #6738, #3066, #3691, #6345, #7456, #815, #3258, #4483, #5632, #233, #5113, #1967, #1402, #6899, #5088, #5036, #2576, #6271, #5712, #7529, #1458, #3793, #126, #5691, #5737, #1378, #793, #842, #6870 ),
 ( #4505, #3866, #4403, #2656, #1427, #207, #3890, #2044, #6926, #6321, #3838, #2603, #6949, #5662, #2072, #2020, #2681, #6246, #6975, #741, #151, #1994, #5009, #1352, #5063, #3286, #3208, #3232, #6297, #2629, #7560, #7483, #3815, #4434, #766, #7508, #181, #4457, #1534, #4015, #347, #4607, #2167, #4583, #911, #3387, #958, #2142, #323, #6436, #1554, #300, #7002, #2754, #4556, #6392, #279, #7607, #5209, #5766, #3963, #5163, #886, #5185, #5812, #1510, #3989, #6415, #5785, #7045, #7023, #2125, #2731, #3366, #7629, #7655, #2785, #7679, #3938, #932, #3917, #3414, #5836, #7071, #2808, #4631, #5235, #5863, #1574, #2197, #5141, #6467, #3311, #7585, #256, #4529, #1481, #863, #2098, #6370, #2706, #3340, #4132, #4682, #2226, #5914, #5345, #2891, #1094, #7099, #3439, #1043, #5371, #1016, #425, #487, #6491, #455, #6605, #7706, #7808, #4657, #4040, #2278, #2331, #369, #1601, #4158, #4758, #7178, #983, #2309, #4734, #7780, #3556, #1682, #6550, #5965, #3494, #2254, #6580, #5285, #1712, #5313, #5995, #5887, #5260, #2836, #7727, #1624, #7122, #3468, #4706, #2918, #4070, #6519, #5938, #1656, #7204, #1069, #395, #2861, #7154, #7755, #4099, #3528, #1186, #3682, #5, #4274, #1828, #4247, #570, #3029, #627, #1797, #7920, #6105, #1214, #7890, #6640, #2408, #4222, #6051, #7865, #7261, #4866, #5401, #3629, #4814, #541, #4842, #5453, #1158, #3656, #6077, #5426, #6693, #6668, #1770, #2385, #3003, #7288, #7318, #2439, #7349, #3603, #599, #3582, #3056, #5482, #6724, #2463, #4302, #4889, #5511, #1242, #1855, #4786, #6135, #2949, #7234, #7835, #4191, #1125, #513, #1742, #6025, #2357, #2976, #3786, #4346, #1881, #5566, #5001, #2539, #757, #6754, #3082, #701, #5025, #677, #91, #142, #6161, #116, #6260, #7378, #7472, #4324, #3707, #1934, #1985, #36, #1266, #3806, #4419, #6833, #652, #1957, #4394, #7447, #3198, #1341, #6211, #5621, #3142, #1909, #6235, #4952, #1368, #4978, #5651, #5540, #4921, #2491, #7400, #1289, #6781, #3112, #4370, #2567, #3739, #6184, #5594, #1318, #6862, #729, #65, #2515, #6809, #7423, #3765, #3171, #832, #3330, #7599, #3908, #1472, #3882, #222, #2669, #271, #1443, #7576, #5756, #859, #7549, #6287, #2063, #3855, #5705, #7520, #6914, #4520, #5052, #3276, #4473, #197, #4497, #5104, #805, #3303, #5728, #5077, #6336, #6312, #1419, #2037, #2643, #6940, #6966, #2089, #6993, #3248, #248, #3222, #2697, #5129, #6359, #2114, #3929, #4545, #5155, #876, #1499, #4448, #5778, #2594, #6888, #7498, #3831, #780, #167, #1393, #5680, #2009, #2619, #3428, #3978, #1525, #5202, #4647, #2184, #386, #6384, #2722, #338, #4673, #314, #7669, #7720, #5800, #7696, #5905, #7015, #7113, #3952, #3355, #1566, #1614, #7619, #902, #3456, #4061, #6456, #292, #1590, #4031, #7087, #2826, #973, #5854, #5248, #2773, #1545, #5876 ) ),
 .UNSPECIFIED., .F., .F., .F. ) 
 B_SPLINE_SURFACE_WITH_KNOTS ( ( 2, 2 ),
 ( 3, 2, 2, 2, 2, 2, 2, 2, 2, 2, 2, 2, 2, 2, 2, 2, 2, 2, 2, 2, 2, 2, 2, 2, 2, 2, 2, 2, 2, 2, 2, 2, 2, 2, 2, 2, 2, 2, 2, 2, 2, 2, 2, 2, 2, 2, 2, 2, 2, 2, 2, 2, 2, 2, 2, 2, 2, 2, 2, 2, 2, 2, 2, 2, 2, 2, 2, 2, 2, 2, 2, 2, 2, 2, 2, 2, 2, 2, 2, 2, 2, 2, 2, 2, 2, 2, 2, 2, 2, 2, 2, 2, 2, 2, 2, 2, 2, 2, 2, 2, 2, 2, 2, 2, 2, 2, 2, 2, 2, 2, 2, 2, 2, 2, 2, 2, 2, 2, 2, 2, 2, 2, 2, 2, 2, 2, 2, 2, 2, 2, 2, 2, 2, 2, 2, 2, 2, 2, 2, 2, 2, 2, 2, 2, 2, 2, 2, 2, 2, 2, 2, 2, 2, 2, 2, 2, 2, 2, 2, 2, 2, 2, 2, 2, 2, 2, 2, 2, 2, 2, 2, 2, 2, 2, 2, 2, 2, 2, 2, 2, 2, 2, 2, 2, 2, 2, 2, 2, 2, 2, 2, 2, 2, 2, 2, 2, 2, 2, 3 ),
 ( 0.0000000000000000000, 1.000000000000000000 ),
 ( 0.0000000000000000000, 0.005050505050505050900, 0.01010101010101010200, 0.01515151515151515200, 0.02020202020202020400, 0.02525252525252525200, 0.03030303030303030400, 0.03535353535353535200, 0.04040404040404040700, 0.04545454545454545600, 0.05050505050505050400, 0.05555555555555555200, 0.06060606060606060800, 0.06565656565656566300, 0.07070707070707070400, 0.07575757575757576000, 0.08080808080808081500, 0.08585858585858585600, 0.09090909090909091200, 0.09595959595959595300, 0.1010101010101010100, 0.1060606060606060600, 0.1111111111111111000, 0.1161616161616161600, 0.1212121212121212200, 0.1262626262626262700, 0.1313131313131313300, 0.1363636363636363500, 0.1414141414141414100, 0.1464646464646464600, 0.1515151515151515200, 0.1565656565656565700, 0.1616161616161616300, 0.1666666666666666600, 0.1717171717171717100, 0.1767676767676767700, 0.1818181818181818200, 0.1868686868686868800, 0.1919191919191919100, 0.1969696969696969600, 0.2020202020202020200, 0.2070707070707070700, 0.2121212121212121300, 0.2171717171717171800, 0.2222222222222222100, 0.2272727272727272700, 0.2323232323232323200, 0.2373737373737373800, 0.2424242424242424300, 0.2474747474747474900, 0.2525252525252525400, 0.2575757575757575700, 0.2626262626262626500, 0.2676767676767676800, 0.2727272727272727100, 0.2777777777777777900, 0.2828282828282828200, 0.2878787878787879000, 0.2929292929292929300, 0.2979797979797979600, 0.3030303030303030400, 0.3080808080808080700, 0.3131313131313131500, 0.3181818181818181800, 0.3232323232323232600, 0.3282828282828282900, 0.3333333333333333100, 0.3383838383838384000, 0.3434343434343434300, 0.3484848484848485100, 0.3535353535353535400, 0.3585858585858585600, 0.3636363636363636500, 0.3686868686868686700, 0.3737373737373737600, 0.3787878787878787800, 0.3838383838383838100, 0.3888888888888889000, 0.3939393939393939200, 0.3989898989898990100, 0.4040404040404040300, 0.4090909090909091200, 0.4141414141414141400, 0.4191919191919191700, 0.4242424242424242500, 0.4292929292929292800, 0.4343434343434343600, 0.4393939393939393900, 0.4444444444444444200, 0.4494949494949495000, 0.4545454545454545300, 0.4595959595959596100, 0.4646464646464646400, 0.4696969696969697200, 0.4747474747474747500, 0.4797979797979797800, 0.4848484848484848600, 0.4898989898989898900, 0.4949494949494949700, 0.5000000000000000000, 0.5050505050505050800, 0.5101010101010100600, 0.5151515151515151400, 0.5202020202020202200, 0.5252525252525253000, 0.5303030303030302800, 0.5353535353535353600, 0.5404040404040404400, 0.5454545454545454100, 0.5505050505050505000, 0.5555555555555555800, 0.5606060606060605500, 0.5656565656565656400, 0.5707070707070707200, 0.5757575757575758000, 0.5808080808080807700, 0.5858585858585858600, 0.5909090909090909400, 0.5959595959595959100, 0.6010101010101009900, 0.6060606060606060800, 0.6111111111111111600, 0.6161616161616161300, 0.6212121212121212200, 0.6262626262626263000, 0.6313131313131312700, 0.6363636363636363500, 0.6414141414141414400, 0.6464646464646465200, 0.6515151515151514900, 0.6565656565656565700, 0.6616161616161616600, 0.6666666666666666300, 0.6717171717171717100, 0.6767676767676768000, 0.6818181818181817700, 0.6868686868686868500, 0.6919191919191919300, 0.6969696969696970200, 0.7020202020202019900, 0.7070707070707070700, 0.7121212121212121500, 0.7171717171717171300, 0.7222222222222222100, 0.7272727272727272900, 0.7323232323232323800, 0.7373737373737373500, 0.7424242424242424300, 0.7474747474747475100, 0.7525252525252524900, 0.7575757575757575700, 0.7626262626262626500, 0.7676767676767676200, 0.7727272727272727100, 0.7777777777777777900, 0.7828282828282828700, 0.7878787878787878500, 0.7929292929292929300, 0.7979797979797980100, 0.8030303030303029800, 0.8080808080808080700, 0.8131313131313131500, 0.8181818181818182300, 0.8232323232323232000, 0.8282828282828282900, 0.8333333333333333700, 0.8383838383838383400, 0.8434343434343434300, 0.8484848484848485100, 0.8535353535353534800, 0.8585858585858585600, 0.8636363636363636500, 0.8686868686868687300, 0.8737373737373737000, 0.8787878787878787800, 0.8838383838383838700, 0.8888888888888888400, 0.8939393939393939200, 0.8989898989898990100, 0.9040404040404040900, 0.9090909090909090600, 0.9141414141414141400, 0.9191919191919192300, 0.9242424242424242000, 0.9292929292929292800, 0.9343434343434343600, 0.9393939393939394500, 0.9444444444444444200, 0.9494949494949495000, 0.9545454545454545900, 0.9595959595959595600, 0.9646464646464646400, 0.9696969696969697200, 0.9747474747474747000, 0.9797979797979797800, 0.9848484848484848600, 0.9898989898989899400, 0.9949494949494949200, 1.000000000000000000 ),
 .UNSPECIFIED. ) 
 GEOMETRIC_REPRESENTATION_ITEM ( )  RATIONAL_B_SPLINE_SURFACE ( (
 ( 1.000000000000000000, 0.8660254037844387100, 1.000000000000000000, 0.8660254037844387100, 1.000000000000000000, 0.8660254037844387100, 1.000000000000000000, 0.8660254037844387100, 1.000000000000000000, 0.8660254037844387100, 1.000000000000000000, 0.8660254037844387100, 1.000000000000000000, 0.8660254037844387100, 1.000000000000000000, 0.8660254037844387100, 1.000000000000000000, 0.8660254037844387100, 1.000000000000000000, 0.8660254037844387100, 1.000000000000000000, 0.8660254037844387100, 1.000000000000000000, 0.8660254037844387100, 1.000000000000000000, 0.8660254037844387100, 1.000000000000000000, 0.8660254037844387100, 1.000000000000000000, 0.8660254037844387100, 1.000000000000000000, 0.8660254037844387100, 1.000000000000000000, 0.8660254037844387100, 1.000000000000000000, 0.8660254037844387100, 1.000000000000000000, 0.8660254037844387100, 1.000000000000000000, 0.8660254037844387100, 1.000000000000000000, 0.8660254037844387100, 1.000000000000000000, 0.8660254037844387100, 1.000000000000000000, 0.8660254037844387100, 1.000000000000000000, 0.8660254037844387100, 1.000000000000000000, 0.8660254037844387100, 1.000000000000000000, 0.8660254037844387100, 1.000000000000000000, 0.8660254037844387100, 1.000000000000000000, 0.8660254037844387100, 1.000000000000000000, 0.8660254037844387100, 1.000000000000000000, 0.8660254037844387100, 1.000000000000000000, 0.8660254037844387100, 1.000000000000000000, 0.8660254037844387100, 1.000000000000000000, 0.8660254037844387100, 1.000000000000000000, 0.8660254037844387100, 1.000000000000000000, 0.8660254037844387100, 1.000000000000000000, 0.8660254037844387100, 1.000000000000000000, 0.8660254037844387100, 1.000000000000000000, 0.8660254037844387100, 1.000000000000000000, 0.8660254037844387100, 1.000000000000000000, 0.8660254037844387100, 1.000000000000000000, 0.8660254037844387100, 1.000000000000000000, 0.8660254037844387100, 1.000000000000000000, 0.8660254037844387100, 1.000000000000000000, 0.8660254037844387100, 1.000000000000000000, 0.8660254037844387100, 1.000000000000000000, 0.8660254037844387100, 1.000000000000000000, 0.8660254037844387100, 1.000000000000000000, 0.8660254037844387100, 1.000000000000000000, 0.8660254037844387100, 1.000000000000000000, 0.8660254037844387100, 1.000000000000000000, 0.8660254037844387100, 1.000000000000000000, 0.8660254037844387100, 1.000000000000000000, 0.8660254037844387100, 1.000000000000000000, 0.8660254037844387100, 1.000000000000000000, 0.8660254037844387100, 1.000000000000000000, 0.8660254037844387100, 1.000000000000000000, 0.8660254037844387100, 1.000000000000000000, 0.8660254037844387100, 1.000000000000000000, 0.8660254037844387100, 1.000000000000000000, 0.8660254037844387100, 1.000000000000000000, 0.8660254037844387100, 1.000000000000000000, 0.8660254037844387100, 1.000000000000000000, 0.8660254037844387100, 1.000000000000000000, 0.8660254037844387100, 1.000000000000000000, 0.8660254037844387100, 1.000000000000000000, 0.8660254037844387100, 1.000000000000000000, 0.8660254037844387100, 1.000000000000000000, 0.8660254037844387100, 1.000000000000000000, 0.8660254037844387100, 1.000000000000000000, 0.8660254037844387100, 1.000000000000000000, 0.8660254037844387100, 1.000000000000000000, 0.8660254037844387100, 1.000000000000000000, 0.8660254037844387100, 1.000000000000000000, 0.8660254037844387100, 1.000000000000000000, 0.8660254037844387100, 1.000000000000000000, 0.8660254037844387100, 1.000000000000000000, 0.8660254037844387100, 1.000000000000000000, 0.8660254037844387100, 1.000000000000000000, 0.8660254037844387100, 1.000000000000000000, 0.8660254037844387100, 1.000000000000000000, 0.8660254037844387100, 1.000000000000000000, 0.8660254037844387100, 1.000000000000000000, 0.8660254037844387100, 1.000000000000000000, 0.8660254037844387100, 1.000000000000000000, 0.8660254037844387100, 1.000000000000000000, 0.8660254037844387100, 1.000000000000000000, 0.8660254037844387100, 1.000000000000000000, 0.8660254037844387100, 1.000000000000000000, 0.8660254037844387100, 1.000000000000000000, 0.8660254037844387100, 1.000000000000000000, 0.8660254037844387100, 1.000000000000000000, 0.8660254037844387100, 1.000000000000000000, 0.8660254037844387100, 1.000000000000000000, 0.8660254037844387100, 1.000000000000000000, 0.8660254037844387100, 1.000000000000000000, 0.8660254037844387100, 1.000000000000000000, 0.8660254037844387100, 1.000000000000000000, 0.8660254037844387100, 1.000000000000000000, 0.8660254037844387100, 1.000000000000000000, 0.8660254037844387100, 1.000000000000000000, 0.8660254037844387100, 1.000000000000000000, 0.8660254037844387100, 1.000000000000000000, 0.8660254037844387100, 1.000000000000000000, 0.8660254037844387100, 1.000000000000000000, 0.8660254037844387100, 1.000000000000000000, 0.8660254037844387100, 1.000000000000000000, 0.8660254037844387100, 1.000000000000000000, 0.8660254037844387100, 1.000000000000000000, 0.8660254037844387100, 1.000000000000000000, 0.8660254037844387100, 1.000000000000000000, 0.8660254037844387100, 1.000000000000000000, 0.8660254037844387100, 1.000000000000000000, 0.8660254037844387100, 1.000000000000000000, 0.8660254037844387100, 1.000000000000000000, 0.8660254037844387100, 1.000000000000000000, 0.8660254037844387100, 1.000000000000000000, 0.8660254037844387100, 1.000000000000000000, 0.8660254037844387100, 1.000000000000000000, 0.8660254037844387100, 1.000000000000000000, 0.8660254037844387100, 1.000000000000000000, 0.8660254037844387100, 1.000000000000000000, 0.8660254037844387100, 1.000000000000000000, 0.8660254037844387100, 1.000000000000000000, 0.8660254037844387100, 1.000000000000000000, 0.8660254037844387100, 1.000000000000000000, 0.8660254037844387100, 1.000000000000000000, 0.8660254037844387100, 1.000000000000000000, 0.8660254037844387100, 1.000000000000000000, 0.8660254037844387100, 1.000000000000000000, 0.8660254037844387100, 1.000000000000000000, 0.8660254037844387100, 1.000000000000000000, 0.8660254037844387100, 1.000000000000000000, 0.8660254037844387100, 1.000000000000000000, 0.8660254037844387100, 1.000000000000000000, 0.8660254037844387100, 1.000000000000000000, 0.8660254037844387100, 1.000000000000000000, 0.8660254037844387100, 1.000000000000000000, 0.8660254037844387100, 1.000000000000000000, 0.8660254037844387100, 1.000000000000000000, 0.8660254037844387100, 1.000000000000000000, 0.8660254037844387100, 1.000000000000000000, 0.8660254037844387100, 1.000000000000000000, 0.8660254037844387100, 1.000000000000000000, 0.8660254037844387100, 1.000000000000000000, 0.8660254037844387100, 1.000000000000000000, 0.8660254037844387100, 1.000000000000000000, 0.8660254037844387100, 1.000000000000000000, 0.8660254037844387100, 1.000000000000000000, 0.8660254037844387100, 1.000000000000000000, 0.8660254037844387100, 1.000000000000000000, 0.8660254037844387100, 1.000000000000000000, 0.8660254037844387100, 1.000000000000000000, 0.8660254037844387100, 1.000000000000000000, 0.8660254037844387100, 1.000000000000000000, 0.8660254037844387100, 1.000000000000000000, 0.8660254037844387100, 1.000000000000000000, 0.8660254037844387100, 1.000000000000000000, 0.8660254037844387100, 1.000000000000000000, 0.8660254037844387100, 1.000000000000000000, 0.8660254037844387100, 1.000000000000000000, 0.8660254037844387100, 1.000000000000000000, 0.8660254037844387100, 1.000000000000000000, 0.8660254037844387100, 1.000000000000000000, 0.8660254037844387100, 1.000000000000000000, 0.8660254037844387100, 1.000000000000000000, 0.8660254037844387100, 1.000000000000000000, 0.8660254037844387100, 1.000000000000000000, 0.8660254037844387100, 1.000000000000000000, 0.8660254037844387100, 1.000000000000000000, 0.8660254037844387100, 1.000000000000000000, 0.8660254037844387100, 1.000000000000000000, 0.8660254037844387100, 1.000000000000000000, 0.8660254037844387100, 1.000000000000000000, 0.8660254037844387100, 1.000000000000000000, 0.8660254037844387100, 1.000000000000000000, 0.8660254037844387100, 1.000000000000000000, 0.8660254037844387100, 1.000000000000000000, 0.8660254037844387100, 1.000000000000000000, 0.8660254037844387100, 1.000000000000000000, 0.8660254037844387100, 1.000000000000000000, 0.8660254037844387100, 1.000000000000000000, 0.8660254037844387100, 1.000000000000000000, 0.8660254037844387100, 1.000000000000000000, 0.8660254037844387100, 1.000000000000000000, 0.8660254037844387100, 1.000000000000000000, 0.8660254037844387100, 1.000000000000000000, 0.8660254037844387100, 1.000000000000000000, 0.8660254037844387100, 1.000000000000000000, 0.8660254037844387100, 1.000000000000000000, 0.8660254037844387100, 1.000000000000000000, 0.8660254037844387100, 1.000000000000000000, 0.8660254037844387100, 1.000000000000000000, 0.8660254037844387100, 1.000000000000000000, 0.8660254037844387100, 1.000000000000000000, 0.8660254037844387100, 1.000000000000000000, 0.8660254037844387100, 1.000000000000000000, 0.8660254037844387100, 1.000000000000000000, 0.8660254037844387100, 1.000000000000000000),
 ( 1.000000000000000000, 0.8660254037844387100, 1.000000000000000000, 0.8660254037844387100, 1.000000000000000000, 0.8660254037844387100, 1.000000000000000000, 0.8660254037844387100, 1.000000000000000000, 0.8660254037844387100, 1.000000000000000000, 0.8660254037844387100, 1.000000000000000000, 0.8660254037844387100, 1.000000000000000000, 0.8660254037844387100, 1.000000000000000000, 0.8660254037844387100, 1.000000000000000000, 0.8660254037844387100, 1.000000000000000000, 0.8660254037844387100, 1.000000000000000000, 0.8660254037844387100, 1.000000000000000000, 0.8660254037844387100, 1.000000000000000000, 0.8660254037844387100, 1.000000000000000000, 0.8660254037844387100, 1.000000000000000000, 0.8660254037844387100, 1.000000000000000000, 0.8660254037844387100, 1.000000000000000000, 0.8660254037844387100, 1.000000000000000000, 0.8660254037844387100, 1.000000000000000000, 0.8660254037844387100, 1.000000000000000000, 0.8660254037844387100, 1.000000000000000000, 0.8660254037844387100, 1.000000000000000000, 0.8660254037844387100, 1.000000000000000000, 0.8660254037844387100, 1.000000000000000000, 0.8660254037844387100, 1.000000000000000000, 0.8660254037844387100, 1.000000000000000000, 0.8660254037844387100, 1.000000000000000000, 0.8660254037844387100, 1.000000000000000000, 0.8660254037844387100, 1.000000000000000000, 0.8660254037844387100, 1.000000000000000000, 0.8660254037844387100, 1.000000000000000000, 0.8660254037844387100, 1.000000000000000000, 0.8660254037844387100, 1.000000000000000000, 0.8660254037844387100, 1.000000000000000000, 0.8660254037844387100, 1.000000000000000000, 0.8660254037844387100, 1.000000000000000000, 0.8660254037844387100, 1.000000000000000000, 0.8660254037844387100, 1.000000000000000000, 0.8660254037844387100, 1.000000000000000000, 0.8660254037844387100, 1.000000000000000000, 0.8660254037844387100, 1.000000000000000000, 0.8660254037844387100, 1.000000000000000000, 0.8660254037844387100, 1.000000000000000000, 0.8660254037844387100, 1.000000000000000000, 0.8660254037844387100, 1.000000000000000000, 0.8660254037844387100, 1.000000000000000000, 0.8660254037844387100, 1.000000000000000000, 0.8660254037844387100, 1.000000000000000000, 0.8660254037844387100, 1.000000000000000000, 0.8660254037844387100, 1.000000000000000000, 0.8660254037844387100, 1.000000000000000000, 0.8660254037844387100, 1.000000000000000000, 0.8660254037844387100, 1.000000000000000000, 0.8660254037844387100, 1.000000000000000000, 0.8660254037844387100, 1.000000000000000000, 0.8660254037844387100, 1.000000000000000000, 0.8660254037844387100, 1.000000000000000000, 0.8660254037844387100, 1.000000000000000000, 0.8660254037844387100, 1.000000000000000000, 0.8660254037844387100, 1.000000000000000000, 0.8660254037844387100, 1.000000000000000000, 0.8660254037844387100, 1.000000000000000000, 0.8660254037844387100, 1.000000000000000000, 0.8660254037844387100, 1.000000000000000000, 0.8660254037844387100, 1.000000000000000000, 0.8660254037844387100, 1.000000000000000000, 0.8660254037844387100, 1.000000000000000000, 0.8660254037844387100, 1.000000000000000000, 0.8660254037844387100, 1.000000000000000000, 0.8660254037844387100, 1.000000000000000000, 0.8660254037844387100, 1.000000000000000000, 0.8660254037844387100, 1.000000000000000000, 0.8660254037844387100, 1.000000000000000000, 0.8660254037844387100, 1.000000000000000000, 0.8660254037844387100, 1.000000000000000000, 0.8660254037844387100, 1.000000000000000000, 0.8660254037844387100, 1.000000000000000000, 0.8660254037844387100, 1.000000000000000000, 0.8660254037844387100, 1.000000000000000000, 0.8660254037844387100, 1.000000000000000000, 0.8660254037844387100, 1.000000000000000000, 0.8660254037844387100, 1.000000000000000000, 0.8660254037844387100, 1.000000000000000000, 0.8660254037844387100, 1.000000000000000000, 0.8660254037844387100, 1.000000000000000000, 0.8660254037844387100, 1.000000000000000000, 0.8660254037844387100, 1.000000000000000000, 0.8660254037844387100, 1.000000000000000000, 0.8660254037844387100, 1.000000000000000000, 0.8660254037844387100, 1.000000000000000000, 0.8660254037844387100, 1.000000000000000000, 0.8660254037844387100, 1.000000000000000000, 0.8660254037844387100, 1.000000000000000000, 0.8660254037844387100, 1.000000000000000000, 0.8660254037844387100, 1.000000000000000000, 0.8660254037844387100, 1.000000000000000000, 0.8660254037844387100, 1.000000000000000000, 0.8660254037844387100, 1.000000000000000000, 0.8660254037844387100, 1.000000000000000000, 0.8660254037844387100, 1.000000000000000000, 0.8660254037844387100, 1.000000000000000000, 0.8660254037844387100, 1.000000000000000000, 0.8660254037844387100, 1.000000000000000000, 0.8660254037844387100, 1.000000000000000000, 0.8660254037844387100, 1.000000000000000000, 0.8660254037844387100, 1.000000000000000000, 0.8660254037844387100, 1.000000000000000000, 0.8660254037844387100, 1.000000000000000000, 0.8660254037844387100, 1.000000000000000000, 0.8660254037844387100, 1.000000000000000000, 0.8660254037844387100, 1.000000000000000000, 0.8660254037844387100, 1.000000000000000000, 0.8660254037844387100, 1.000000000000000000, 0.8660254037844387100, 1.000000000000000000, 0.8660254037844387100, 1.000000000000000000, 0.8660254037844387100, 1.000000000000000000, 0.8660254037844387100, 1.000000000000000000, 0.8660254037844387100, 1.000000000000000000, 0.8660254037844387100, 1.000000000000000000, 0.8660254037844387100, 1.000000000000000000, 0.8660254037844387100, 1.000000000000000000, 0.8660254037844387100, 1.000000000000000000, 0.8660254037844387100, 1.000000000000000000, 0.8660254037844387100, 1.000000000000000000, 0.8660254037844387100, 1.000000000000000000, 0.8660254037844387100, 1.000000000000000000, 0.8660254037844387100, 1.000000000000000000, 0.8660254037844387100, 1.000000000000000000, 0.8660254037844387100, 1.000000000000000000, 0.8660254037844387100, 1.000000000000000000, 0.8660254037844387100, 1.000000000000000000, 0.8660254037844387100, 1.000000000000000000, 0.8660254037844387100, 1.000000000000000000, 0.8660254037844387100, 1.000000000000000000, 0.8660254037844387100, 1.000000000000000000, 0.8660254037844387100, 1.000000000000000000, 0.8660254037844387100, 1.000000000000000000, 0.8660254037844387100, 1.000000000000000000, 0.8660254037844387100, 1.000000000000000000, 0.8660254037844387100, 1.000000000000000000, 0.8660254037844387100, 1.000000000000000000, 0.8660254037844387100, 1.000000000000000000, 0.8660254037844387100, 1.000000000000000000, 0.8660254037844387100, 1.000000000000000000, 0.8660254037844387100, 1.000000000000000000, 0.8660254037844387100, 1.000000000000000000, 0.8660254037844387100, 1.000000000000000000, 0.8660254037844387100, 1.000000000000000000, 0.8660254037844387100, 1.000000000000000000, 0.8660254037844387100, 1.000000000000000000, 0.8660254037844387100, 1.000000000000000000, 0.8660254037844387100, 1.000000000000000000, 0.8660254037844387100, 1.000000000000000000, 0.8660254037844387100, 1.000000000000000000, 0.8660254037844387100, 1.000000000000000000, 0.8660254037844387100, 1.000000000000000000, 0.8660254037844387100, 1.000000000000000000, 0.8660254037844387100, 1.000000000000000000, 0.8660254037844387100, 1.000000000000000000, 0.8660254037844387100, 1.000000000000000000, 0.8660254037844387100, 1.000000000000000000, 0.8660254037844387100, 1.000000000000000000, 0.8660254037844387100, 1.000000000000000000, 0.8660254037844387100, 1.000000000000000000, 0.8660254037844387100, 1.000000000000000000, 0.8660254037844387100, 1.000000000000000000, 0.8660254037844387100, 1.000000000000000000, 0.8660254037844387100, 1.000000000000000000, 0.8660254037844387100, 1.000000000000000000, 0.8660254037844387100, 1.000000000000000000, 0.8660254037844387100, 1.000000000000000000, 0.8660254037844387100, 1.000000000000000000, 0.8660254037844387100, 1.000000000000000000, 0.8660254037844387100, 1.000000000000000000, 0.8660254037844387100, 1.000000000000000000, 0.8660254037844387100, 1.000000000000000000, 0.8660254037844387100, 1.000000000000000000, 0.8660254037844387100, 1.000000000000000000, 0.8660254037844387100, 1.000000000000000000, 0.8660254037844387100, 1.000000000000000000, 0.8660254037844387100, 1.000000000000000000, 0.8660254037844387100, 1.000000000000000000, 0.8660254037844387100, 1.000000000000000000, 0.8660254037844387100, 1.000000000000000000, 0.8660254037844387100, 1.000000000000000000, 0.8660254037844387100, 1.000000000000000000, 0.8660254037844387100, 1.000000000000000000, 0.8660254037844387100, 1.000000000000000000, 0.8660254037844387100, 1.000000000000000000, 0.8660254037844387100, 1.000000000000000000, 0.8660254037844387100, 1.000000000000000000, 0.8660254037844387100, 1.000000000000000000, 0.8660254037844387100, 1.000000000000000000, 0.8660254037844387100, 1.000000000000000000, 0.8660254037844387100, 1.000000000000000000, 0.8660254037844387100, 1.000000000000000000, 0.8660254037844387100, 1.000000000000000000, 0.8660254037844387100, 1.000000000000000000) ) ) 
 REPRESENTATION_ITEM ( '' )  SURFACE ( )  );
#3182 = CARTESIAN_POINT ( 'NONE',  ( 1.934401076758545600, -3.350480947161634100, -2.041666666666656700 ) ) ;
#3183 = DIRECTION ( 'NONE',  ( -0.0000000000000000000, -0.0000000000000000000, -1.000000000000000000 ) ) ;
#3184 = ORIENTED_EDGE ( 'NONE', *, *, #1234, .T. ) ;
#3185 = AXIS2_PLACEMENT_3D ( 'NONE', #6019, #4668, #6532 ) ;
#3186 = VERTEX_POINT ( 'NONE', #499 ) ;
#3187 = CARTESIAN_POINT ( 'NONE',  ( -3.464101615137725500, -2.000000000000050200, -8.791666666666639400 ) ) ;
#3188 = AXIS2_PLACEMENT_3D ( 'NONE', #4389, #5672, #1412 ) ;
#3189 = CARTESIAN_POINT ( 'NONE',  ( -4.000000000000011500, 2.835388302323702600E-014, -20.74999999999995700 ) ) ;
#3190 = ADVANCED_FACE ( 'NONE', ( #2797 ), #6163, .T. ) ;
#3191 = CARTESIAN_POINT ( 'NONE',  ( 0.0000000000000000000, 0.0000000000000000000, -30.00000000000000000 ) ) ;
#3192 = ORIENTED_EDGE ( 'NONE', *, *, #3898, .T. ) ;
#3193 = CARTESIAN_POINT ( 'NONE',  ( 0.0000000000000000000, 0.0000000000000000000, -30.00000000000000000 ) ) ;
#3194 = CARTESIAN_POINT ( 'NONE',  ( -2.309401076758592200, 3.999999999999948000, -20.04166666666661500 ) ) ;
#3195 = VERTEX_POINT ( 'NONE', #6504 ) ;
#3196 = EDGE_CURVE ( 'NONE', #7347, #4810, #4122, .T. ) ;
#3197 = CARTESIAN_POINT ( 'NONE',  ( 3.999999999999996400, -1.045839947578414800E-015, -15.24999999999996600 ) ) ;
#3198 = CARTESIAN_POINT ( 'NONE',  ( -2.901601615137771700, 1.675240473580788000, -20.33333333333328600 ) ) ;
#3199 = CARTESIAN_POINT ( 'NONE',  ( -3.464101615137705500, -2.000000000000085700, -23.66666666666661500 ) ) ;
#3200 = CYLINDRICAL_SURFACE ( 'NONE', #3185, 4.000000000000000000 ) ;
#3201 = CARTESIAN_POINT ( 'NONE',  ( -3.464101615137725500, -2.000000000000050200, -11.66666666666663900 ) ) ;
#3202 = ORIENTED_EDGE ( 'NONE', *, *, #6322, .F. ) ;
#3203 = CARTESIAN_POINT ( 'NONE',  ( -1.934401076758570400, 3.350480947161619500, -18.41666666666662200 ) ) ;
#3204 = COORDINATED_UNIVERSAL_TIME_OFFSET ( 6, 0, .BEHIND. ) ;
#3205 = EDGE_CURVE ( 'NONE', #4590, #252, #6726, .T. ) ;
#3206 = CARTESIAN_POINT ( 'NONE',  ( 9.932540393422017000E-014, -3.350480947161662100, -18.99999999999995400 ) ) ;
#3207 = CARTESIAN_POINT ( 'NONE',  ( 3.868802153516995600, 5.426829789941480900E-014, -26.87499999999993600 ) ) ;
#3208 = CARTESIAN_POINT ( 'NONE',  ( 2.901601615137722900, 1.675240473580871900, -0.6666666666666596400 ) ) ;
#3209 = EDGE_CURVE ( 'NONE', #547, #6160, #3097, .T. ) ;
#3210 = FACE_OUTER_BOUND ( 'NONE', #1035, .T. ) ;
#3211 = CARTESIAN_POINT ( 'NONE',  ( -2.901601615137722400, -1.675240473580873000, -5.291666666666649200 ) ) ;
#3212 = CARTESIAN_POINT ( 'NONE',  ( -2.309401076758445600, -4.000000000000032900, -11.70833333333330000 ) ) ;
#3213 = DIRECTION ( 'NONE',  ( -1.000000000000000000, 0.0000000000000000000, 0.0000000000000000000 ) ) ;
#3214 = CARTESIAN_POINT ( 'NONE',  ( 3.999999999999995600, 1.071796769724549400, -19.20534180126143700 ) ) ;
#3215 = CYLINDRICAL_SURFACE ( 'NONE', #1793, 4.000000000000000000 ) ;
#3216 = CARTESIAN_POINT ( 'NONE',  ( -1.695406354529207400E-013, 4.000000000000000000, -27.99999999999994000 ) ) ;
#3217 = CARTESIAN_POINT ( 'NONE',  ( -3.350480947161662100, -6.856061878569608300E-015, -8.374999999999980500 ) ) ;
#3218 = AXIS2_PLACEMENT_3D ( 'NONE', #4803, #1114, #6202 ) ;
#3219 = CARTESIAN_POINT ( 'NONE',  ( 4.000000000000005300, 2.324088772396477500E-015, -10.24999999999997900 ) ) ;
#3220 = CYLINDRICAL_SURFACE ( 'NONE', #1425, 4.000000000000000000 ) ;
#3221 = ORIENTED_EDGE ( 'NONE', *, *, #3513, .F. ) ;
#3222 = CARTESIAN_POINT ( 'NONE',  ( -4.679256681265764000E-014, 3.350480947161662100, -26.49999999999994000 ) ) ;
#3223 = CARTESIAN_POINT ( 'NONE',  ( -5.586370142149013400E-014, 4.000000000000000000, -13.99999999999997000 ) ) ;
#3224 = ADVANCED_FACE ( 'NONE', ( #5959 ), #38, .T. ) ;
#3225 = CARTESIAN_POINT ( 'NONE',  ( -3.350480947161661700, -0.8977586640478934000, -19.33034180126143700 ) ) ;
#3226 = VECTOR ( 'NONE', #7799, 1000.000000000000000 ) ;
#3227 = ORIENTED_EDGE ( 'NONE', *, *, #5739, .F. ) ;
#3228 = DIRECTION ( 'NONE',  ( -1.000000000000000000, 0.0000000000000000000, 0.0000000000000000000 ) ) ;
#3229 = CARTESIAN_POINT ( 'NONE',  ( 3.350480947161667000, 0.8977586640478949500, -28.83034180126141900 ) ) ;
#3230 = CARTESIAN_POINT ( 'NONE',  ( 4.000000000000000900, 8.947741773726438700E-015, -7.374999999999978700 ) ) ;
#3231 = CARTESIAN_POINT ( 'NONE',  ( 3.868802153516995600, 5.426829789941480900E-014, -27.87499999999993600 ) ) ;
#3232 = CARTESIAN_POINT ( 'NONE',  ( 3.868802153516995600, 5.426829789941481600E-014, -0.7499999999999924500 ) ) ;
#3233 = ORIENTED_EDGE ( 'NONE', *, *, #4986, .T. ) ;
#3234 = CARTESIAN_POINT ( 'NONE',  ( -1.934401076758449900, -3.350480947161689600, -5.208333333333317100 ) ) ;
#3235 = CARTESIAN_POINT ( 'NONE',  ( -4.000000000000000000, -1.071796769724548300, -14.70534180126144700 ) ) ;
#3236 = ORIENTED_EDGE ( 'NONE', *, *, #5585, .T. ) ;
#3237 = CARTESIAN_POINT ( 'NONE',  ( 4.618802153517005800, 6.478866617091239000E-014, -10.37499999999997000 ) ) ;
#3238 = CARTESIAN_POINT ( 'NONE',  ( -3.999999999999996400, 3.056176735701367700E-014, -18.74999999999996100 ) ) ;
#3239 = DIRECTION ( 'NONE',  ( 0.0000000000000000000, 0.0000000000000000000, 1.000000000000000000 ) ) ;
#3240 = EDGE_CURVE ( 'NONE', #595, #2156, #5978, .T. ) ;
#3241 = CARTESIAN_POINT ( 'NONE',  ( -3.350480947161662100, 0.0000000000000000000, 0.0000000000000000000 ) ) ;
#3242 = CARTESIAN_POINT ( 'NONE',  ( 2.309401076758608200, -3.999999999999939200, -21.54166666666660700 ) ) ;
#3243 = EDGE_LOOP ( 'NONE', ( #2933, #3376, #3061, #7306 ) ) ;
#3244 = CARTESIAN_POINT ( 'NONE',  ( 3.464101615137807200, -1.999999999999909000, -10.33333333333330900 ) ) ;
#3245 = ORIENTED_EDGE ( 'NONE', *, *, #1539, .T. ) ;
#3246 = CARTESIAN_POINT ( 'NONE',  ( -3.464101615137703300, -2.000000000000089300, -26.79166666666660000 ) ) ;
#3247 = CARTESIAN_POINT ( 'NONE',  ( 5.479579444220133600E-014, -3.350480947161662100, -1.124999999999991800 ) ) ;
#3248 = CARTESIAN_POINT ( 'NONE',  ( -2.901601615137771700, 1.675240473580788000, -26.33333333333327200 ) ) ;
#3249 = CARTESIAN_POINT ( 'NONE',  ( 4.000000000000000000, 0.0000000000000000000, -30.00000000000000000 ) ) ;
#3250 = EDGE_CURVE ( 'NONE', #1000, #3195, #5744, .T. ) ;
#3251 = CARTESIAN_POINT ( 'NONE',  ( -2.309401076758561500, 3.999999999999966200, -12.91666666666663600 ) ) ;
#3252 = MANIFOLD_SOLID_BREP ( 'Revolve1', #127 ) ;
#3253 = ORIENTED_EDGE ( 'NONE', *, *, #2709, .T. ) ;
#3254 = CARTESIAN_POINT ( 'NONE',  ( 3.464101615137792100, -1.999999999999934500, -8.458333333333305500 ) ) ;
#3255 = CARTESIAN_POINT ( 'NONE',  ( 0.0000000000000000000, 0.0000000000000000000, -38.00000000000000000 ) ) ;
#3256 = CARTESIAN_POINT ( 'NONE',  ( 1.934401076758412600, 3.350480947161710500, -27.58333333333327200 ) ) ;
#3257 = CARTESIAN_POINT ( 'NONE',  ( -1.934401076758449900, -3.350480947161689600, -25.20833333333327500 ) ) ;
#3258 = CARTESIAN_POINT ( 'NONE',  ( 3.464101615137726400, 2.000000000000048800, -29.29166666666659300 ) ) ;
#3259 = ORIENTED_EDGE ( 'NONE', *, *, #5496, .T. ) ;
#3260 = FACE_OUTER_BOUND ( 'NONE', #4101, .T. ) ;
#3261 = CARTESIAN_POINT ( 'NONE',  ( -2.901601615137722400, -1.675240473580873000, -9.291666666666641200 ) ) ;
#3262 = CARTESIAN_POINT ( 'NONE',  ( -3.464101615137709100, -2.000000000000079500, -14.79166666666662700 ) ) ;
#3263 = CARTESIAN_POINT ( 'NONE',  ( -2.309401076758561500, 3.999999999999966200, -11.04166666666663400 ) ) ;
#3264 = CARTESIAN_POINT ( 'NONE',  ( 3.999999999999996400, -4.531973106173131400E-014, -19.37499999999995400 ) ) ;
#3265 = ADVANCED_FACE ( 'NONE', ( #1076 ), #5864, .T. ) ;
#3266 = CARTESIAN_POINT ( 'NONE',  ( 0.0000000000000000000, 0.0000000000000000000, 0.0000000000000000000 ) ) ;
#3267 = CARTESIAN_POINT ( 'NONE',  ( -4.000000000000000900, -7.437084071668728600E-015, -7.749999999999984900 ) ) ;
#3268 = EDGE_LOOP ( 'NONE', ( #2901, #1772, #2577, #3176 ) ) ;
#3269 = CARTESIAN_POINT ( 'NONE',  ( -3.350480947161666100, 0.8977586640477701600, -24.41965819873846400 ) ) ;
#3270 = LINE ( 'NONE', #3896, #1616 ) ;
#3271 = CARTESIAN_POINT ( 'NONE',  ( 1.934401076758547100, -3.350480947161633200, -3.916666666666651900 ) ) ;
#3272 = CARTESIAN_POINT ( 'NONE',  ( -3.350480947161659500, 2.550687427705134000E-014, -18.24999999999995700 ) ) ;
#3273 = CARTESIAN_POINT ( 'NONE',  ( -2.901601615137711800, -1.675240473580891700, -7.291666666666645600 ) ) ;
#3274 = CARTESIAN_POINT ( 'NONE',  ( 3.350480947161649700, -0.8977586640477813700, -20.91965819873847100 ) ) ;
#3275 = AXIS2_PLACEMENT_3D ( 'NONE', #7479, #6841, #3228 ) ;
#3276 = CARTESIAN_POINT ( 'NONE',  ( 2.901601615137770400, -1.675240473580789800, -24.83333333333327500 ) ) ;
#3277 = ORIENTED_EDGE ( 'NONE', *, *, #1032, .T. ) ;
#3278 = CYLINDRICAL_SURFACE ( 'NONE', #687, 3.350480947161662100 ) ;
#3279 = CARTESIAN_POINT ( 'NONE',  ( -5.586370142149013400E-014, 4.000000000000000000, -16.99999999999996100 ) ) ;
#3280 = CARTESIAN_POINT ( 'NONE',  ( -1.009406073202981500E-013, 4.000000000000000000, -15.99999999999996300 ) ) ;
#3281 = CARTESIAN_POINT ( 'NONE',  ( 3.350480947161659500, -3.369928719974892300E-015, -28.87499999999994000 ) ) ;
#3282 =( BOUNDED_CURVE ( )  B_SPLINE_CURVE ( 2, ( #5794, #2133, #6400, #2739, #2932, #2150, #7847, #3375, #3973 ),
 .UNSPECIFIED., .F., .T. ) 
 B_SPLINE_CURVE_WITH_KNOTS ( ( 3, 2, 2, 2, 3 ),
 ( 0.8409090909090910500, 0.8434343434343434300, 0.8484848484848485100, 0.8535353535353534800, 0.8560606060606061900 ),
 .UNSPECIFIED. ) 
 CURVE ( )  GEOMETRIC_REPRESENTATION_ITEM ( )  RATIONAL_B_SPLINE_CURVE ( ( 0.9330127018922194100, 0.9330127018922238500, 1.000000000000000000, 0.8660254037844387100, 1.000000000000000000, 0.8660254037844387100, 1.000000000000000000, 0.9330127018922149700, 0.9330127018922194100 ) ) 
 REPRESENTATION_ITEM ( '' )  );
#3283 = ORIENTED_EDGE ( 'NONE', *, *, #2220, .F. ) ;
#3284 = ORIENTED_EDGE ( 'NONE', *, *, #5136, .T. ) ;
#3285 = CARTESIAN_POINT ( 'NONE',  ( 1.934401076758450300, 3.350480947161689200, -27.70833333333326800 ) ) ;
#3286 = CARTESIAN_POINT ( 'NONE',  ( 1.934401076758450300, 3.350480947161689200, -0.5833333333333263800 ) ) ;
#3287 = EDGE_CURVE ( 'NONE', #6273, #6190, #1474, .T. ) ;
#3288 = CARTESIAN_POINT ( 'NONE',  ( -3.868802153516995600, -5.474208951679871200E-014, -9.374999999999975100 ) ) ;
#3289 = CARTESIAN_POINT ( 'NONE',  ( -3.350480947161659500, 1.824409686331234900E-014, -29.24999999999993600 ) ) ;
#3290 = CARTESIAN_POINT ( 'NONE',  ( 3.464101615137782400, -1.999999999999950700, -10.45833333333330200 ) ) ;
#3291 = CARTESIAN_POINT ( 'NONE',  ( -3.464101615137755700, 0.0000000000000000000, -38.00000000000000000 ) ) ;
#3292 = EDGE_LOOP ( 'NONE', ( #5709, #2023, #2190, #444 ) ) ;
#3293 = DIRECTION ( 'NONE',  ( 0.0000000000000000000, 0.0000000000000000000, 1.000000000000000000 ) ) ;
#3294 = VERTEX_POINT ( 'NONE', #612 ) ;
#3295 = CARTESIAN_POINT ( 'NONE',  ( -3.350480947161659000, -2.295037662741521500E-014, -27.24999999999993600 ) ) ;
#3296 = CARTESIAN_POINT ( 'NONE',  ( 3.350480947161665700, -1.051650169509406100E-014, -11.87499999999997700 ) ) ;
#3297 =( BOUNDED_CURVE ( )  B_SPLINE_CURVE ( 2, ( #2617, #1932, #754, #194, #7495, #3802, #725, #6234, #6207 ),
 .UNSPECIFIED., .F., .T. ) 
 B_SPLINE_CURVE_WITH_KNOTS ( ( 3, 2, 2, 2, 3 ),
 ( 0.1742424242424243400, 0.1767676767676767700, 0.1818181818181818200, 0.1868686868686868800, 0.1893939393939394800 ),
 .UNSPECIFIED. ) 
 CURVE ( )  GEOMETRIC_REPRESENTATION_ITEM ( )  RATIONAL_B_SPLINE_CURVE ( ( 0.9330127018922193000, 0.9330127018922218500, 1.000000000000000000, 0.8660254037844387100, 1.000000000000000000, 0.8660254037844387100, 1.000000000000000000, 0.9330127018922171900, 0.9330127018922194100 ) ) 
 REPRESENTATION_ITEM ( '' )  );
#3298 = CARTESIAN_POINT ( 'NONE',  ( -3.999999999999996400, -1.071796769724535600, -7.830341801261454300 ) ) ;
#3299 = EDGE_CURVE ( 'NONE', #3983, #5341, #2328, .T. ) ;
#3300 = CARTESIAN_POINT ( 'NONE',  ( -3.350480947161662100, 0.0000000000000000000, 0.0000000000000000000 ) ) ;
#3301 = ORIENTED_EDGE ( 'NONE', *, *, #3606, .T. ) ;
#3302 = CARTESIAN_POINT ( 'NONE',  ( 0.0000000000000000000, 0.0000000000000000000, 0.0000000000000000000 ) ) ;
#3303 = CARTESIAN_POINT ( 'NONE',  ( -2.901601615137771700, 1.675240473580788000, -25.33333333333327500 ) ) ;
#3304 = CARTESIAN_POINT ( 'NONE',  ( -1.934401076758598200, 3.350480947161603900, -23.54166666666661800 ) ) ;
#3305 = CARTESIAN_POINT ( 'NONE',  ( 3.464101615137726400, 2.000000000000048800, -12.16666666666663900 ) ) ;
#3306 = ADVANCED_FACE ( 'NONE', ( #703 ), #5682, .T. ) ;
#3307 = CARTESIAN_POINT ( 'NONE',  ( -3.464101615137808100, 1.999999999999907200, -25.95833333333326800 ) ) ;
#3308 = FACE_OUTER_BOUND ( 'NONE', #7315, .T. ) ;
#3309 = CARTESIAN_POINT ( 'NONE',  ( -3.237399293546120200, 1.512872656597780600, -29.57086590130090900 ) ) ;
#3310 = CARTESIAN_POINT ( 'NONE',  ( 0.0000000000000000000, 0.0000000000000000000, 0.0000000000000000000 ) ) ;
#3311 = CARTESIAN_POINT ( 'NONE',  ( -2.901601615137722400, -1.675240473580873000, -6.166666666666646500 ) ) ;
#3312 = EDGE_CURVE ( 'NONE', #1199, #831, #2310, .T. ) ;
#3313 = VECTOR ( 'NONE', #5335, 1000.000000000000000 ) ;
#3314 = VECTOR ( 'NONE', #3421, 1000.000000000000000 ) ;
#3315 = ORIENTED_EDGE ( 'NONE', *, *, #2206, .F. ) ;
#3316 = CARTESIAN_POINT ( 'NONE',  ( 1.934401076758545600, -3.350480947161634100, -8.041666666666643000 ) ) ;
#3317 = CARTESIAN_POINT ( 'NONE',  ( -3.999999999999993300, 1.071796769724446200, -12.79465819873849100 ) ) ;
#3318 = CARTESIAN_POINT ( 'NONE',  ( 2.309401076758446100, 4.000000000000032000, -18.20833333333328600 ) ) ;
#3319 = DIRECTION ( 'NONE',  ( -1.000000000000000000, 0.0000000000000000000, 0.0000000000000000000 ) ) ;
#3320 = CARTESIAN_POINT ( 'NONE',  ( -3.350480947161659500, 1.103942166888326800E-014, -12.37499999999997300 ) ) ;
#3321 = FACE_OUTER_BOUND ( 'NONE', #929, .T. ) ;
#3322 = ORIENTED_EDGE ( 'NONE', *, *, #1380, .T. ) ;
#3323 = CARTESIAN_POINT ( 'NONE',  ( -3.350480947161671900, 2.062628785501874300E-014, -24.37499999999995000 ) ) ;
#3324 = AXIS2_PLACEMENT_3D ( 'NONE', #3102, #693, #1898 ) ;
#3325 = DIRECTION ( 'NONE',  ( 1.000000000000000000, 0.0000000000000000000, 0.0000000000000000000 ) ) ;
#3326 = CARTESIAN_POINT ( 'NONE',  ( -3.999999999999994200, 1.071796769724426400, -19.79465819873847800 ) ) ;
#3327 = CARTESIAN_POINT ( 'NONE',  ( 2.901601615137772100, -1.675240473580787100, -0.9583333333333258200 ) ) ;
#3328 = DIRECTION ( 'NONE',  ( 0.0000000000000000000, 0.0000000000000000000, 1.000000000000000000 ) ) ;
#3329 = ORIENTED_EDGE ( 'NONE', *, *, #306, .F. ) ;
#3330 = CARTESIAN_POINT ( 'NONE',  ( -1.934401076758449900, -3.350480947161689600, -23.08333333333327500 ) ) ;
#3331 = CARTESIAN_POINT ( 'NONE',  ( 3.350480947161662100, 5.752119711681282000E-015, -5.749999999999984900 ) ) ;
#3332 = VERTEX_POINT ( 'NONE', #49 ) ;
#3333 = CARTESIAN_POINT ( 'NONE',  ( -3.464101615137783700, 1.999999999999948500, -13.83333333333330200 ) ) ;
#3334 = CARTESIAN_POINT ( 'NONE',  ( 2.309401076758602000, -3.999999999999942700, -16.41666666666662900 ) ) ;
#3335 = CARTESIAN_POINT ( 'NONE',  ( 1.087832986799339100E-013, -4.000000000000000000, -8.624999999999973400 ) ) ;
#3336 = EDGE_LOOP ( 'NONE', ( #4118, #4188, #3377, #2409 ) ) ;
#3337 = DIRECTION ( 'NONE',  ( -0.0000000000000000000, -0.0000000000000000000, -1.000000000000000000 ) ) ;
#3338 = ORIENTED_EDGE ( 'NONE', *, *, #5663, .T. ) ;
#3339 = ORIENTED_EDGE ( 'NONE', *, *, #3461, .T. ) ;
#3340 = CARTESIAN_POINT ( 'NONE',  ( 1.934401076758545600, -3.350480947161634100, -6.916666666666645600 ) ) ;
#3341 = AXIS2_PLACEMENT_3D ( 'NONE', #4825, #4203, #524 ) ;
#3342 = CARTESIAN_POINT ( 'NONE',  ( -4.679256681265763300E-014, 3.350480947161662100, -9.624999999999973400 ) ) ;
#3343 = CARTESIAN_POINT ( 'NONE',  ( -6.957974557194048300E-014, 4.000000000000000000, -12.99999999999997000 ) ) ;
#3344 = CARTESIAN_POINT ( 'NONE',  ( -4.000000000000004400, -1.071796769724541600, -18.70534180126143700 ) ) ;
#3345 = ADVANCED_FACE ( 'NONE', ( #7109 ), #2160, .T. ) ;
#3346 = ORIENTED_EDGE ( 'NONE', *, *, #7148, .T. ) ;
#3347 = EDGE_CURVE ( 'NONE', #3481, #12, #4953, .T. ) ;
#3348 = ORIENTED_EDGE ( 'NONE', *, *, #5698, .T. ) ;
#3349 = CARTESIAN_POINT ( 'NONE',  ( 0.0000000000000000000, 0.0000000000000000000, -38.00000000000000000 ) ) ;
#3350 = CARTESIAN_POINT ( 'NONE',  ( 3.999999999999998200, 1.071796769724529200, -2.330341801261467200 ) ) ;
#3351 = CARTESIAN_POINT ( 'NONE',  ( -3.350480947161657200, 0.8977586640477730500, -23.29465819873847100 ) ) ;
#3352 = CARTESIAN_POINT ( 'NONE',  ( -3.350480947161662600, 4.299564228933483700E-015, -6.374999999999984000 ) ) ;
#3353 = VERTEX_POINT ( 'NONE', #5607 ) ;
#3354 = FACE_OUTER_BOUND ( 'NONE', #1602, .T. ) ;
#3355 = CARTESIAN_POINT ( 'NONE',  ( 4.720288238941220700E-014, -3.350480947161662100, -29.99999999999992900 ) ) ;
#3356 = CARTESIAN_POINT ( 'NONE',  ( -2.617034016985671400, 2.092093576117752800, -29.48096039929462400 ) ) ;
#3357 = EDGE_CURVE ( 'NONE', #1754, #3075, #2419, .T. ) ;
#3358 = CARTESIAN_POINT ( 'NONE',  ( -4.618802153517005800, -6.535430629823232500E-014, -19.74999999999995400 ) ) ;
#3359 = CARTESIAN_POINT ( 'NONE',  ( 3.999999999999996400, -9.993581721304852300E-015, -26.37499999999994000 ) ) ;
#3360 = EDGE_CURVE ( 'NONE', #3041, #1936, #2453, .T. ) ;
#3361 = B_SPLINE_CURVE_WITH_KNOTS ( 'NONE', 3,
 ( #2830, #3960, #907, #7652, #2780, #1598, #4680, #1011, #7068, #3412, #5282, #4602 ),
 .UNSPECIFIED., .F., .F.,
 ( 4, 2, 2, 2, 2, 4 ),
 ( 0.001880741524372208600, 0.002329270620790460300, 0.002777799717208711800, 0.003674857910045220700, 0.004571916102881729700, 0.005468974295718238700 ),
 .UNSPECIFIED. ) ;
#3362 = ORIENTED_EDGE ( 'NONE', *, *, #2119, .F. ) ;
#3363 = CARTESIAN_POINT ( 'NONE',  ( -2.309401076758615700, 3.999999999999935600, -15.91666666666663100 ) ) ;
#3364 = CARTESIAN_POINT ( 'NONE',  ( 3.999999999999992500, -1.071796769724465700, -20.29465819873846800 ) ) ;
#3365 = CARTESIAN_POINT ( 'NONE',  ( -3.350480947161656800, 0.8977586640477912500, -14.41965819873848500 ) ) ;
#3366 = CARTESIAN_POINT ( 'NONE',  ( 1.934401076758450300, 3.350480947161689200, -4.583333333333317900 ) ) ;
#3367 = CARTESIAN_POINT ( 'NONE',  ( -3.350480947161662100, 0.0000000000000000000, 0.0000000000000000000 ) ) ;
#3368 = CARTESIAN_POINT ( 'NONE',  ( -3.868802153516995600, -5.474208951679871200E-014, -6.374999999999981300 ) ) ;
#3369 = CARTESIAN_POINT ( 'NONE',  ( -2.309401076758370100, -4.000000000000075500, -15.70833333333329000 ) ) ;
#3370 = ORIENTED_EDGE ( 'NONE', *, *, #154, .T. ) ;
#3371 = FACE_OUTER_BOUND ( 'NONE', #2264, .T. ) ;
#3372 = CARTESIAN_POINT ( 'NONE',  ( -2.309401076758368400, -4.000000000000077300, -18.58333333333329300 ) ) ;
#3373 = CARTESIAN_POINT ( 'NONE',  ( 0.0000000000000000000, 0.0000000000000000000, -30.00000000000000000 ) ) ;
#3374 = CARTESIAN_POINT ( 'NONE',  ( 6.499999999999999100, 0.0000000000000000000, -30.38999999999999300 ) ) ;
#3375 = CARTESIAN_POINT ( 'NONE',  ( 3.999999999999991600, 1.071796769724561800, -27.20534180126142600 ) ) ;
#3376 = ORIENTED_EDGE ( 'NONE', *, *, #3500, .F. ) ;
#3377 = ORIENTED_EDGE ( 'NONE', *, *, #669, .T. ) ;
#3378 = CARTESIAN_POINT ( 'NONE',  ( -3.350480947161659000, -1.952234568813041300E-014, -23.24999999999994300 ) ) ;
#3379 = CARTESIAN_POINT ( 'NONE',  ( -2.407617150156788900, -3.178006639699153100, -29.74128605069617500 ) ) ;
#3380 = CARTESIAN_POINT ( 'NONE',  ( 0.0000000000000000000, 0.0000000000000000000, -38.00000000000000000 ) ) ;
#3381 =( BOUNDED_CURVE ( )  B_SPLINE_CURVE ( 2, ( #6120, #18, #4854, #3042, #7334, #3668, #639, #4905, #7272 ),
 .UNSPECIFIED., .F., .T. ) 
 B_SPLINE_CURVE_WITH_KNOTS ( ( 3, 2, 2, 2, 3 ),
 ( 0.9318181818181819900, 0.9343434343434343600, 0.9393939393939394500, 0.9444444444444444200, 0.9469696969696971300 ),
 .UNSPECIFIED. ) 
 CURVE ( )  GEOMETRIC_REPRESENTATION_ITEM ( )  RATIONAL_B_SPLINE_CURVE ( ( 0.9330127018922194100, 0.9330127018922238500, 1.000000000000000000, 0.8660254037844387100, 1.000000000000000000, 0.8660254037844387100, 1.000000000000000000, 0.9330127018922149700, 0.9330127018922194100 ) ) 
 REPRESENTATION_ITEM ( '' )  );
#3382 = CARTESIAN_POINT ( 'NONE',  ( 0.0000000000000000000, 0.0000000000000000000, 0.0000000000000000000 ) ) ;
#3383 = CARTESIAN_POINT ( 'NONE',  ( 2.309401076758446100, 4.000000000000032000, -19.08333333333329000 ) ) ;
#3384 = ORIENTED_EDGE ( 'NONE', *, *, #2168, .F. ) ;
#3385 = ORIENTED_EDGE ( 'NONE', *, *, #5538, .T. ) ;
#3386 = CARTESIAN_POINT ( 'NONE',  ( -3.350480947161662100, 3.369928719974892700E-015, -2.249999999999992900 ) ) ;
#3387 = CARTESIAN_POINT ( 'NONE',  ( -3.868802153516995600, -5.474208951679871900E-014, -2.249999999999989300 ) ) ;
#3388 = LINE ( 'NONE', #4780, #5578 ) ;
#3389 = VERTEX_POINT ( 'NONE', #1278 ) ;
#3390 = EDGE_CURVE ( 'NONE', #479, #3163, #104, .T. ) ;
#3391 = ADVANCED_FACE ( 'NONE', ( #546 ), #4846, .T. ) ;
#3392 = CARTESIAN_POINT ( 'NONE',  ( 1.934401076758450300, 3.350480947161689200, -15.70833333333329700 ) ) ;
#3393 = DIRECTION ( 'NONE',  ( 0.0000000000000000000, 0.0000000000000000000, 1.000000000000000000 ) ) ;
#3394 = COORDINATED_UNIVERSAL_TIME_OFFSET ( 6, 0, .BEHIND. ) ;
#3395 = AXIS2_PLACEMENT_3D ( 'NONE', #6242, #5710, #1552 ) ;
#3396 = DIRECTION ( 'NONE',  ( -0.0000000000000000000, -0.0000000000000000000, -1.000000000000000000 ) ) ;
#3397 =( BOUNDED_CURVE ( )  B_SPLINE_CURVE ( 2, ( #2102, #187, #5069, #823, #2636, #6351, #4463, #5144, #3821 ),
 .UNSPECIFIED., .F., .T. ) 
 B_SPLINE_CURVE_WITH_KNOTS ( ( 3, 2, 2, 2, 3 ),
 ( 0.1893939393939394800, 0.1919191919191919100, 0.1969696969696969600, 0.2020202020202020200, 0.2045454545454546400 ),
 .UNSPECIFIED. ) 
 CURVE ( )  GEOMETRIC_REPRESENTATION_ITEM ( )  RATIONAL_B_SPLINE_CURVE ( ( 0.9330127018922194100, 0.9330127018922216300, 1.000000000000000000, 0.8660254037844387100, 1.000000000000000000, 0.8660254037844387100, 1.000000000000000000, 0.9330127018922167400, 0.9330127018922193000 ) ) 
 REPRESENTATION_ITEM ( '' )  );
#3398 = CARTESIAN_POINT ( 'NONE',  ( 3.999999999999996400, -3.137519842735244800E-015, -12.37499999999996800 ) ) ;
#3399 = LINE ( 'NONE', #7863, #5872 ) ;
#3400 = CARTESIAN_POINT ( 'NONE',  ( 1.934401076758367000, 3.350480947161737200, -25.70833333333327500 ) ) ;
#3401 = CARTESIAN_POINT ( 'NONE',  ( 3.350480947161665700, 1.801168798607269900E-015, -9.874999999999976900 ) ) ;
#3402 = CARTESIAN_POINT ( 'NONE',  ( -4.000000000000003600, -1.071796769724575800, -22.70534180126142900 ) ) ;
#3403 = LINE ( 'NONE', #4491, #1864 ) ;
#3404 = EDGE_CURVE ( 'NONE', #486, #89, #1497, .T. ) ;
#3405 = CARTESIAN_POINT ( 'NONE',  ( 2.521455698950859000, 2.008338488598761600, -37.74715226105278300 ) ) ;
#3406 = LINE ( 'NONE', #3861, #6536 ) ;
#3407 = CARTESIAN_POINT ( 'NONE',  ( -3.350480947161662100, -6.856061878569608300E-015, -8.249999999999978700 ) ) ;
#3408 = CARTESIAN_POINT ( 'NONE',  ( 6.402996880200876700E-014, -3.350480947161662100, -4.999999999999984000 ) ) ;
#3409 = CARTESIAN_POINT ( 'NONE',  ( -3.999999999999994200, -1.071796769724550300, -28.83034180126141200 ) ) ;
#3410 = CARTESIAN_POINT ( 'NONE',  ( -3.464101615137725500, -2.000000000000050200, -20.66666666666661800 ) ) ;
#3411 = EDGE_LOOP ( 'NONE', ( #2085, #556, #6206, #3583 ) ) ;
#3412 = CARTESIAN_POINT ( 'NONE',  ( 2.999999999999998200, -1.181126606571307100, -37.74807188293021900 ) ) ;
#3413 = CARTESIAN_POINT ( 'NONE',  ( -3.350480947161668300, 0.8977586640477828200, -15.29465819873848400 ) ) ;
#3414 = CARTESIAN_POINT ( 'NONE',  ( -3.868802153516995600, -5.474208951679871900E-014, -5.249999999999982200 ) ) ;
#3415 = FACE_OUTER_BOUND ( 'NONE', #266, .T. ) ;
#3416 = ORIENTED_EDGE ( 'NONE', *, *, #4333, .F. ) ;
#3417 = CARTESIAN_POINT ( 'NONE',  ( 2.901601615137770400, -1.675240473580789800, -24.95833333333327500 ) ) ;
#3418 = CARTESIAN_POINT ( 'NONE',  ( 4.720288238941220100E-014, -3.350480947161662100, -12.12499999999996800 ) ) ;
#3419 = CARTESIAN_POINT ( 'NONE',  ( 3.350480947161659500, -1.400263485368877800E-014, -17.87499999999996100 ) ) ;
#3420 = CARTESIAN_POINT ( 'NONE',  ( 6.369648909094049500E-014, -4.000000000000000000, -21.49999999999995000 ) ) ;
#3421 = DIRECTION ( 'NONE',  ( 0.0000000000000000000, 0.0000000000000000000, 1.000000000000000000 ) ) ;
#3422 = DIRECTION ( 'NONE',  ( 0.0000000000000000000, 1.000000000000000000, -8.673617379884010800E-016 ) ) ;
#3423 = ORIENTED_EDGE ( 'NONE', *, *, #4506, .T. ) ;
#3424 =( BOUNDED_CURVE ( )  B_SPLINE_CURVE ( 2, ( #99, #710, #661, #4902, #3774, #5630, #4930, #1891, #3121 ),
 .UNSPECIFIED., .F., .F. ) 
 B_SPLINE_CURVE_WITH_KNOTS ( ( 3, 2, 2, 2, 3 ),
 ( 0.05303030303030310100, 0.05555555555555555200, 0.06060606060606060800, 0.06565656565656566300, 0.06818181818181826000 ),
 .UNSPECIFIED. ) 
 CURVE ( )  GEOMETRIC_REPRESENTATION_ITEM ( )  RATIONAL_B_SPLINE_CURVE ( ( 0.9330127018922194100, 0.9330127018922213000, 1.000000000000000000, 0.8660254037844387100, 1.000000000000000000, 0.8660254037844387100, 1.000000000000000000, 0.9330127018922174100, 0.9330127018922194100 ) ) 
 REPRESENTATION_ITEM ( '' )  );
#3425 = ORIENTED_EDGE ( 'NONE', *, *, #475, .F. ) ;
#3426 = CARTESIAN_POINT ( 'NONE',  ( -2.901601615137814300, 1.675240473580713600, -24.33333333333327500 ) ) ;
#3427 = CARTESIAN_POINT ( 'NONE',  ( -3.350480947161661700, -0.8977586640478592000, -1.205341801261472500 ) ) ;
#3428 = CARTESIAN_POINT ( 'NONE',  ( -2.901601615137771700, 1.675240473580788000, -28.33333333333326800 ) ) ;
#3429 = VERTEX_POINT ( 'NONE', #3752 ) ;
#3430 = CARTESIAN_POINT ( 'NONE',  ( -3.350480947161662100, -0.8977586640478623100, -6.205341801261463200 ) ) ;
#3431 = CARTESIAN_POINT ( 'NONE',  ( 2.309401076758446100, 4.000000000000032000, -17.08333333333329300 ) ) ;
#3432 = CARTESIAN_POINT ( 'NONE',  ( -3.350480947161662100, 5.112995299272251500E-015, -5.249999999999986700 ) ) ;
#3433 = VERTEX_POINT ( 'NONE', #2101 ) ;
#3434 = CARTESIAN_POINT ( 'NONE',  ( -4.000000000000003600, 4.648177544792955100E-014, -16.87499999999996400 ) ) ;
#3435 = EDGE_CURVE ( 'NONE', #3055, #6013, #2109, .T. ) ;
#3436 = DIRECTION ( 'NONE',  ( -0.0000000000000000000, -0.0000000000000000000, -1.000000000000000000 ) ) ;
#3437 = AXIS2_PLACEMENT_3D ( 'NONE', #6936, #852, #6987 ) ;
#3438 = CARTESIAN_POINT ( 'NONE',  ( -8.454989540539648100E-014, 3.350480947161662100, -15.49999999999995900 ) ) ;
#3439 = CARTESIAN_POINT ( 'NONE',  ( 2.901601615137722900, 1.675240473580871900, -7.666666666666644800 ) ) ;
#3440 = CARTESIAN_POINT ( 'NONE',  ( 4.000000000000000000, 0.0000000000000000000, -30.00000000000000000 ) ) ;
#3441 = VERTEX_POINT ( 'NONE', #1945 ) ;
#3442 = CARTESIAN_POINT ( 'NONE',  ( 5.635356014114907400E-014, -4.000000000000000000, 0.5000000000000008900 ) ) ;
#3443 = FACE_OUTER_BOUND ( 'NONE', #2371, .T. ) ;
#3444 = CARTESIAN_POINT ( 'NONE',  ( 4.720288238941220100E-014, -3.350480947161662100, -13.12499999999996600 ) ) ;
#3445 = CARTESIAN_POINT ( 'NONE',  ( 2.901601615137793900, -1.675240473580749100, -17.95833333333329300 ) ) ;
#3446 = CARTESIAN_POINT ( 'NONE',  ( -3.999999999999996400, 3.056176735701367700E-014, -18.74999999999996100 ) ) ;
#3447 = EDGE_CURVE ( 'NONE', #2218, #3294, #3129, .T. ) ;
#3448 = CARTESIAN_POINT ( 'NONE',  ( 4.000000000000000900, -6.391244124090313400E-015, -3.374999999999987600 ) ) ;
#3449 = DIRECTION ( 'NONE',  ( -1.000000000000000000, 0.0000000000000000000, 0.0000000000000000000 ) ) ;
#3450 = ORIENTED_EDGE ( 'NONE', *, *, #1741, .T. ) ;
#3451 = CARTESIAN_POINT ( 'NONE',  ( -2.309401076758561500, 3.999999999999966200, -13.04166666666662900 ) ) ;
#3452 = CYLINDRICAL_SURFACE ( 'NONE', #4733, 3.350480947161662100 ) ;
#3453 = AXIS2_PLACEMENT_3D ( 'NONE', #4173, #500, #7165 ) ;
#3454 = CARTESIAN_POINT ( 'NONE',  ( -3.350480947161662100, -0.8977586640478623100, -6.330341801261462300 ) ) ;
#3455 = CARTESIAN_POINT ( 'NONE',  ( 3.656466348266448100, 0.9320060062280313100, -0.4688425151541872300 ) ) ;
#3456 = CARTESIAN_POINT ( 'NONE',  ( -1.934401076758546400, 3.350480947161633700, -30.41666666666660000 ) ) ;
#3457 = EDGE_LOOP ( 'NONE', ( #6289, #2611 ) ) ;
#3458 = CARTESIAN_POINT ( 'NONE',  ( 3.464101615137801900, -1.999999999999917600, -28.45833333333326100 ) ) ;
#3459 = CARTESIAN_POINT ( 'NONE',  ( 2.309401076758560200, -3.999999999999966700, -20.41666666666661800 ) ) ;
#3460 = CARTESIAN_POINT ( 'NONE',  ( -3.350480947161662100, 0.0000000000000000000, 0.0000000000000000000 ) ) ;
#3461 = EDGE_CURVE ( 'NONE', #2819, #4440, #4371, .T. ) ;
#3462 = CARTESIAN_POINT ( 'NONE',  ( -4.000000000000000000, -1.045839947578414800E-015, -0.8749999999999916700 ) ) ;
#3463 = DIRECTION ( 'NONE',  ( 0.0000000000000000000, 0.0000000000000000000, 1.000000000000000000 ) ) ;
#3464 = CARTESIAN_POINT ( 'NONE',  ( 2.901601615137719700, 1.675240473580877700, -2.791666666666655400 ) ) ;
#3465 = ORIENTED_EDGE ( 'NONE', *, *, #6976, .T. ) ;
#3466 = DIRECTION ( 'NONE',  ( -0.0000000000000000000, -0.0000000000000000000, -1.000000000000000000 ) ) ;
#3467 = CYLINDRICAL_SURFACE ( 'NONE', #6848, 3.350480947161662100 ) ;
#3468 = CARTESIAN_POINT ( 'NONE',  ( -1.934401076758449900, -3.350480947161689600, -11.08333333333330400 ) ) ;
#3469 = CARTESIAN_POINT ( 'NONE',  ( 2.309401076758446100, 4.000000000000032000, -0.08333333333333131600 ) ) ;
#3470 = CARTESIAN_POINT ( 'NONE',  ( -2.901601615137722400, -1.675240473580873000, -14.29166666666663100 ) ) ;
#3471 = CARTESIAN_POINT ( 'NONE',  ( 3.999999999999996400, -7.785697387528199800E-015, -24.37499999999995000 ) ) ;
#3472 = ORIENTED_EDGE ( 'NONE', *, *, #2266, .T. ) ;
#3473 = CARTESIAN_POINT ( 'NONE',  ( -0.2343965203549878100, -3.328772721013691300, -37.86467110587593500 ) ) ;
#3474 = ORIENTED_EDGE ( 'NONE', *, *, #4619, .T. ) ;
#3475 = CARTESIAN_POINT ( 'NONE',  ( -6.499999999999999100, 7.960204194457794500E-016, -30.38999999999999300 ) ) ;
#3476 = DIRECTION ( 'NONE',  ( -0.0000000000000000000, -0.0000000000000000000, -1.000000000000000000 ) ) ;
#3477 = DIRECTION ( 'NONE',  ( -0.0000000000000000000, -0.0000000000000000000, -1.000000000000000000 ) ) ;
#3478 = CARTESIAN_POINT ( 'NONE',  ( 2.309401076758446100, 4.000000000000032000, -15.20833333333329300 ) ) ;
#3479 = CARTESIAN_POINT ( 'NONE',  ( -1.420986434618346100E-013, 4.000000000000000000, -28.99999999999993600 ) ) ;
#3480 = PERSON_AND_ORGANIZATION_ROLE ( 'design_supplier' ) ;
#3481 = VERTEX_POINT ( 'NONE', #6300 ) ;
#3482 = CARTESIAN_POINT ( 'NONE',  ( 3.243098055168733400, -1.804292061963963700, -29.62727617548711500 ) ) ;
#3483 = CARTESIAN_POINT ( 'NONE',  ( 4.000000000000000900, -4.299564228933483700E-015, -2.249999999999996400 ) ) ;
#3484 = CARTESIAN_POINT ( 'NONE',  ( 4.000000000000016000, 1.071796769724532700, -21.33034180126142900 ) ) ;
#3485 = AXIS2_PLACEMENT_3D ( 'NONE', #4164, #7897, #7324 ) ;
#3486 = PERSON_AND_ORGANIZATION ( #4398, #318 ) ;
#3487 = CARTESIAN_POINT ( 'NONE',  ( -5.586370142149013400E-014, 4.000000000000000000, -23.99999999999994700 ) ) ;
#3488 = CARTESIAN_POINT ( 'NONE',  ( 0.0000000000000000000, 0.0000000000000000000, -38.00000000000000000 ) ) ;
#3489 = FACE_OUTER_BOUND ( 'NONE', #34, .T. ) ;
#3490 = VERTEX_POINT ( 'NONE', #5143 ) ;
#3491 = CARTESIAN_POINT ( 'NONE',  ( 0.0000000000000000000, 0.0000000000000000000, -30.00000000000000000 ) ) ;
#3492 = CARTESIAN_POINT ( 'NONE',  ( -2.309401076758366600, -4.000000000000078200, -20.58333333333328600 ) ) ;
#3493 = CARTESIAN_POINT ( 'NONE',  ( 3.350480947161665700, -1.051650169509406100E-014, -11.74999999999997500 ) ) ;
#3494 = CARTESIAN_POINT ( 'NONE',  ( 4.720288238941220700E-014, -3.350480947161662100, -9.999999999999971600 ) ) ;
#3495 = LINE ( 'NONE', #137, #6748 ) ;
#3496 =( BOUNDED_CURVE ( )  B_SPLINE_CURVE ( 2, ( #709, #2548, #4354, #1914, #6142, #6192, #6947, #7558, #205 ),
 .UNSPECIFIED., .F., .T. ) 
 B_SPLINE_CURVE_WITH_KNOTS ( ( 3, 2, 2, 2, 3 ),
 ( 0.1893939393939394800, 0.1919191919191919100, 0.1969696969696969600, 0.2020202020202020200, 0.2045454545454546400 ),
 .UNSPECIFIED. ) 
 CURVE ( )  GEOMETRIC_REPRESENTATION_ITEM ( )  RATIONAL_B_SPLINE_CURVE ( ( 0.9330127018922194100, 0.9330127018922216300, 1.000000000000000000, 0.8660254037844387100, 1.000000000000000000, 0.8660254037844387100, 1.000000000000000000, 0.9330127018922167400, 0.9330127018922193000 ) ) 
 REPRESENTATION_ITEM ( '' )  );
#3497 = CARTESIAN_POINT ( 'NONE',  ( -2.901601615137719700, -1.675240473580877200, -2.291666666666656300 ) ) ;
#3498 = EDGE_LOOP ( 'NONE', ( #6965, #2566, #2832, #928 ) ) ;
#3499 = VECTOR ( 'NONE', #6539, 1000.000000000000000 ) ;
#3500 = EDGE_CURVE ( 'NONE', #7910, #5826, #7210, .T. ) ;
#3501 = CARTESIAN_POINT ( 'NONE',  ( 2.901601615137722900, 1.675240473580871900, -29.79166666666659700 ) ) ;
#3502 = CARTESIAN_POINT ( 'NONE',  ( -2.901601615137771700, 1.675240473580788000, -13.45833333333329800 ) ) ;
#3503 = CARTESIAN_POINT ( 'NONE',  ( 0.0000000000000000000, 0.0000000000000000000, 0.0000000000000000000 ) ) ;
#3504 = AXIS2_PLACEMENT_3D ( 'NONE', #2565, #650, #6209 ) ;
#3505 = CARTESIAN_POINT ( 'NONE',  ( 4.000000000000000000, -1.359591931851939400E-014, -8.374999999999978700 ) ) ;
#3506 = CARTESIAN_POINT ( 'NONE',  ( -3.999999999999988000, 1.071796769724452800, -16.79465819873848500 ) ) ;
#3507 = EDGE_LOOP ( 'NONE', ( #7374, #2749, #5350, #5906 ) ) ;
#3508 = CARTESIAN_POINT ( 'NONE',  ( -4.618802153517005800, -6.535430629823232500E-014, -14.87499999999995900 ) ) ;
#3509 = FACE_OUTER_BOUND ( 'NONE', #2642, .T. ) ;
#3510 = EDGE_CURVE ( 'NONE', #7721, #5916, #6612, .T. ) ;
#3511 = MECHANICAL_CONTEXT ( 'NONE', #5901, 'mechanical' ) ;
#3512 = ORIENTED_EDGE ( 'NONE', *, *, #5186, .T. ) ;
#3513 = EDGE_CURVE ( 'NONE', #3055, #1704, #6285, .T. ) ;
#3514 = DIRECTION ( 'NONE',  ( 0.0000000000000000000, 0.0000000000000000000, 1.000000000000000000 ) ) ;
#3515 = ORIENTED_EDGE ( 'NONE', *, *, #5659, .F. ) ;
#3516 = CARTESIAN_POINT ( 'NONE',  ( -4.925446027318506500E-014, 3.350480947161662100, -1.624999999999991100 ) ) ;
#3517 = CARTESIAN_POINT ( 'NONE',  ( 4.000000000000012400, -1.289869268680045000E-014, -21.37499999999995400 ) ) ;
#3518 = CARTESIAN_POINT ( 'NONE',  ( -2.901601615137789900, 1.675240473580756200, -22.45833333333328200 ) ) ;
#3519 = AXIS2_PLACEMENT_3D ( 'NONE', #2540, #3172, #3787 ) ;
#3520 = CARTESIAN_POINT ( 'NONE',  ( 4.000000000000006200, 1.071796769724526500, -9.205341801261461400 ) ) ;
#3521 = CARTESIAN_POINT ( 'NONE',  ( 5.635356014114907400E-014, -4.000000000000000000, -22.49999999999994700 ) ) ;
#3522 = CARTESIAN_POINT ( 'NONE',  ( -1.934401076758593700, 3.350480947161606600, -17.54166666666662500 ) ) ;
#3523 = CARTESIAN_POINT ( 'NONE',  ( -3.464101615137697500, -2.000000000000099900, -9.791666666666635900 ) ) ;
#3524 =( BOUNDED_CURVE ( )  B_SPLINE_CURVE ( 2, ( #3009, #3687, #6701, #7383, #1193, #3035, #7926, #7326, #2391 ),
 .UNSPECIFIED., .F., .T. ) 
 B_SPLINE_CURVE_WITH_KNOTS ( ( 3, 2, 2, 2, 3 ),
 ( 0.8712121212121213300, 0.8737373737373737000, 0.8787878787878787800, 0.8838383838383838700, 0.8863636363636365800 ),
 .UNSPECIFIED. ) 
 CURVE ( )  GEOMETRIC_REPRESENTATION_ITEM ( )  RATIONAL_B_SPLINE_CURVE ( ( 0.9330127018922194100, 0.9330127018922223000, 1.000000000000000000, 0.8660254037844387100, 1.000000000000000000, 0.8660254037844387100, 1.000000000000000000, 0.9330127018922134100, 0.9330127018922193000 ) ) 
 REPRESENTATION_ITEM ( '' )  );
#3525 = ORIENTED_EDGE ( 'NONE', *, *, #2671, .T. ) ;
#3526 = CARTESIAN_POINT ( 'NONE',  ( -4.000000000000000000, 4.898587196589412800E-016, -30.00000000000000000 ) ) ;
#3527 = ORIENTED_EDGE ( 'NONE', *, *, #2152, .T. ) ;
#3528 = CARTESIAN_POINT ( 'NONE',  ( -3.868802153516995600, -5.474208951679871900E-014, -12.24999999999996800 ) ) ;
#3529 = CARTESIAN_POINT ( 'NONE',  ( 3.464101615137782400, -1.999999999999950700, 0.6666666666666671800 ) ) ;
#3530 = CARTESIAN_POINT ( 'NONE',  ( -2.901601615137722400, -1.675240473580873000, -19.29166666666662200 ) ) ;
#3531 = ORIENTED_EDGE ( 'NONE', *, *, #7939, .F. ) ;
#3532 =( BOUNDED_CURVE ( )  B_SPLINE_CURVE ( 2, ( #243, #7568, #3922, #5822, #1540, #2178, #287, #4538, #3295 ),
 .UNSPECIFIED., .F., .F. ) 
 B_SPLINE_CURVE_WITH_KNOTS ( ( 3, 2, 2, 2, 3 ),
 ( 0.8560606060606061900, 0.8585858585858585600, 0.8636363636363636500, 0.8686868686868687300, 0.8712121212121213300 ),
 .UNSPECIFIED. ) 
 CURVE ( )  GEOMETRIC_REPRESENTATION_ITEM ( )  RATIONAL_B_SPLINE_CURVE ( ( 0.9330127018922194100, 0.9330127018922238500, 1.000000000000000000, 0.8660254037844387100, 1.000000000000000000, 0.8660254037844387100, 1.000000000000000000, 0.9330127018922164100, 0.9330127018922194100 ) ) 
 REPRESENTATION_ITEM ( '' )  );
#3533 = CARTESIAN_POINT ( 'NONE',  ( -4.000000000000000900, 6.972266317189433600E-015, -4.749999999999991100 ) ) ;
#3534 = ORIENTED_EDGE ( 'NONE', *, *, #7701, .F. ) ;
#3535 = ORIENTED_EDGE ( 'NONE', *, *, #3461, .F. ) ;
#3536 = CARTESIAN_POINT ( 'NONE',  ( 3.350480947161665700, 0.8977586640478610900, -3.830341801261468100 ) ) ;
#3537 = CARTESIAN_POINT ( 'NONE',  ( 3.999999999999996400, 3.311826500664979900E-014, -22.37499999999994700 ) ) ;
#3538 = CARTESIAN_POINT ( 'NONE',  ( 5.635356014114907400E-014, -4.000000000000000000, -17.62499999999995400 ) ) ;
#3539 = CARTESIAN_POINT ( 'NONE',  ( 2.027238120741839300, -2.293675140415981900, -37.59350745909827700 ) ) ;
#3540 =( NAMED_UNIT ( * ) SI_UNIT ( $, .STERADIAN. ) SOLID_ANGLE_UNIT ( ) );
#3541 = VERTEX_POINT ( 'NONE', #237 ) ;
#3542 = CARTESIAN_POINT ( 'NONE',  ( -5.586370142149013400E-014, 4.000000000000000000, 1.875000000000005100 ) ) ;
#3543 = DIRECTION ( 'NONE',  ( 0.0000000000000000000, 0.0000000000000000000, 1.000000000000000000 ) ) ;
#3544 = ORIENTED_EDGE ( 'NONE', *, *, #5375, .F. ) ;
#3545 = DIRECTION ( 'NONE',  ( -0.0000000000000000000, -0.0000000000000000000, -1.000000000000000000 ) ) ;
#3546 = CARTESIAN_POINT ( 'NONE',  ( 8.306281315711577900E-016, -3.464101615137754800, -33.50000000000000000 ) ) ;
#3547 = CARTESIAN_POINT ( 'NONE',  ( 3.464101615137726400, 2.000000000000048800, -24.16666666666661100 ) ) ;
#3548 =( BOUNDED_CURVE ( )  B_SPLINE_CURVE ( 2, ( #3386, #6431, #4068, #6463, #4579, #4628, #2807, #5256, #2222 ),
 .UNSPECIFIED., .F., .T. ) 
 B_SPLINE_CURVE_WITH_KNOTS ( ( 3, 2, 2, 2, 3 ),
 ( 0.1136363636363637200, 0.1161616161616161600, 0.1212121212121212200, 0.1262626262626262700, 0.1287878787878788700 ),
 .UNSPECIFIED. ) 
 CURVE ( )  GEOMETRIC_REPRESENTATION_ITEM ( )  RATIONAL_B_SPLINE_CURVE ( ( 0.9330127018922194100, 0.9330127018922216300, 1.000000000000000000, 0.8660254037844387100, 1.000000000000000000, 0.8660254037844387100, 1.000000000000000000, 0.9330127018922175200, 0.9330127018922194100 ) ) 
 REPRESENTATION_ITEM ( '' )  );
#3549 = CARTESIAN_POINT ( 'NONE',  ( -3.464101615137788600, 1.999999999999940700, -0.9583333333333223800 ) ) ;
#3550 = CARTESIAN_POINT ( 'NONE',  ( -3.350480947161659500, 1.260818159025089000E-014, -10.24999999999997700 ) ) ;
#3551 = VERTEX_POINT ( 'NONE', #1406 ) ;
#3552 = CARTESIAN_POINT ( 'NONE',  ( -3.999999999999997300, 1.475796370471763300E-014, -9.874999999999975100 ) ) ;
#3553 = EDGE_CURVE ( 'NONE', #5960, #2014, #2350, .T. ) ;
#3554 = CARTESIAN_POINT ( 'NONE',  ( 2.309401076758662800, -3.999999999999908100, -20.41666666666661800 ) ) ;
#3555 = FACE_OUTER_BOUND ( 'NONE', #2740, .T. ) ;
#3556 = CARTESIAN_POINT ( 'NONE',  ( 2.901601615137722900, 1.675240473580871900, -9.666666666666639400 ) ) ;
#3557 = CARTESIAN_POINT ( 'NONE',  ( -1.746736968548521000, -3.183736420138571600, -0.3412308979168732200 ) ) ;
#3558 = CARTESIAN_POINT ( 'NONE',  ( 5.635356014114907400E-014, -4.000000000000000000, -0.4999999999999970000 ) ) ;
#3559 = CARTESIAN_POINT ( 'NONE',  ( -2.901601615137771700, 1.675240473580788000, -19.45833333333328600 ) ) ;
#3560 = CARTESIAN_POINT ( 'NONE',  ( -3.350480947161662100, -7.262777413738993000E-015, -3.249999999999989800 ) ) ;
#3561 = ORIENTED_EDGE ( 'NONE', *, *, #6450, .T. ) ;
#3562 = CYLINDRICAL_SURFACE ( 'NONE', #1041, 4.000000000000000000 ) ;
#3563 = CARTESIAN_POINT ( 'NONE',  ( 0.0000000000000000000, 0.0000000000000000000, -30.00000000000000000 ) ) ;
#3564 = CARTESIAN_POINT ( 'NONE',  ( -3.350480947161659500, 9.296355089585909900E-015, -14.24999999999996600 ) ) ;
#3565 = EDGE_CURVE ( 'NONE', #3186, #5121, #5962, .T. ) ;
#3566 =( BOUNDED_CURVE ( )  B_SPLINE_CURVE ( 2, ( #1853, #6806, #4544, #1441, #5076, #7596, #3273, #2087, #6886 ),
 .UNSPECIFIED., .F., .F. ) 
 B_SPLINE_CURVE_WITH_KNOTS ( ( 3, 2, 2, 2, 3 ),
 ( 0.2500000000000001100, 0.2525252525252525400, 0.2575757575757575700, 0.2626262626262626500, 0.2651515151515152500 ),
 .UNSPECIFIED. ) 
 CURVE ( )  GEOMETRIC_REPRESENTATION_ITEM ( )  RATIONAL_B_SPLINE_CURVE ( ( 0.9330127018922193000, 0.9330127018922218500, 1.000000000000000000, 0.8660254037844387100, 1.000000000000000000, 0.8660254037844387100, 1.000000000000000000, 0.9330127018922171900, 0.9330127018922194100 ) ) 
 REPRESENTATION_ITEM ( '' )  );
#3567 = CARTESIAN_POINT ( 'NONE',  ( -3.350480947161662100, 0.0000000000000000000, 0.0000000000000000000 ) ) ;
#3568 = CARTESIAN_POINT ( 'NONE',  ( 3.464101615137782400, -1.999999999999950700, -21.45833333333327900 ) ) ;
#3569 = VERTEX_POINT ( 'NONE', #1460 ) ;
#3570 = CARTESIAN_POINT ( 'NONE',  ( -2.309401076758561500, 3.999999999999966200, -1.041666666666655200 ) ) ;
#3571 = DIRECTION ( 'NONE',  ( -1.000000000000000000, 0.0000000000000000000, 0.0000000000000000000 ) ) ;
#3572 = DIRECTION ( 'NONE',  ( 1.000000000000000000, 0.0000000000000000000, 0.0000000000000000000 ) ) ;
#3573 = ORIENTED_EDGE ( 'NONE', *, *, #1634, .T. ) ;
#3574 = CARTESIAN_POINT ( 'NONE',  ( -3.350480947161659500, 2.155592336397733000E-014, -25.24999999999994700 ) ) ;
#3575 = CARTESIAN_POINT ( 'NONE',  ( 3.464101615137782400, -1.999999999999950700, -26.33333333333327500 ) ) ;
#3576 = ORIENTED_EDGE ( 'NONE', *, *, #3764, .T. ) ;
#3577 = CARTESIAN_POINT ( 'NONE',  ( 4.000000000000001800, 1.071796769724523000, -1.330341801261468500 ) ) ;
#3578 = EDGE_CURVE ( 'NONE', #5848, #1317, #5418, .T. ) ;
#3579 = CARTESIAN_POINT ( 'NONE',  ( -2.901601615137678900, -1.675240473580948100, -29.16666666666659700 ) ) ;
#3580 = CARTESIAN_POINT ( 'NONE',  ( 3.464101615137807200, -1.999999999999909000, -9.458333333333305500 ) ) ;
#3581 = DIRECTION ( 'NONE',  ( -1.000000000000000000, 0.0000000000000000000, 0.0000000000000000000 ) ) ;
#3582 = CARTESIAN_POINT ( 'NONE',  ( 2.901601615137770400, -1.675240473580789800, -15.83333333333329700 ) ) ;
#3583 = ORIENTED_EDGE ( 'NONE', *, *, #5838, .F. ) ;
#3584 = CARTESIAN_POINT ( 'NONE',  ( 3.464101615137782400, -1.999999999999950700, -3.333333333333324600 ) ) ;
#3585 = CARTESIAN_POINT ( 'NONE',  ( 1.934401076758545600, -3.350480947161634100, -21.04166666666661800 ) ) ;
#3586 = CARTESIAN_POINT ( 'NONE',  ( -8.290863309837818400E-014, 3.350480947161662100, -13.49999999999996400 ) ) ;
#3587 = CARTESIAN_POINT ( 'NONE',  ( -1.305865696588942500E-016, 3.464101615137755700, -33.50000000000000000 ) ) ;
#3588 = DIRECTION ( 'NONE',  ( 0.0000000000000000000, 0.0000000000000000000, 1.000000000000000000 ) ) ;
#3589 = CARTESIAN_POINT ( 'NONE',  ( 2.309401076758417700, 4.000000000000048000, -12.08333333333330400 ) ) ;
#3590 = EDGE_LOOP ( 'NONE', ( #4969, #6304, #3824, #6195 ) ) ;
#3591 = CARTESIAN_POINT ( 'NONE',  ( 3.999999999999996400, 2.788906526875773200E-015, -18.37499999999995400 ) ) ;
#3592 = CARTESIAN_POINT ( 'NONE',  ( -5.586370142149013400E-014, 4.000000000000000000, -23.12499999999994000 ) ) ;
#3593 = CARTESIAN_POINT ( 'NONE',  ( -3.350480947161662100, -6.100733027540754000E-015, -7.374999999999982200 ) ) ;
#3594 = DIRECTION ( 'NONE',  ( -1.000000000000000000, 0.0000000000000000000, 0.0000000000000000000 ) ) ;
#3595 = CARTESIAN_POINT ( 'NONE',  ( 1.617558539201982000, 3.053803533105758900, -29.52119577509155900 ) ) ;
#3596 = CARTESIAN_POINT ( 'NONE',  ( -3.464101615137710900, -2.000000000000075500, -11.66666666666663800 ) ) ;
#3597 = ADVANCED_FACE ( 'NONE', ( #3804 ), #6496, .F. ) ;
#3598 = CARTESIAN_POINT ( 'NONE',  ( -3.350480947161671900, 2.062628785501874300E-014, -24.24999999999995000 ) ) ;
#3599 = CARTESIAN_POINT ( 'NONE',  ( -3.350480947161653200, 0.8977586640477681600, -22.41965819873846800 ) ) ;
#3600 = CARTESIAN_POINT ( 'NONE',  ( 2.901601615137781500, -1.675240473580770400, -16.83333333333329300 ) ) ;
#3601 = CARTESIAN_POINT ( 'NONE',  ( 2.309401076758446100, 4.000000000000032000, -25.08333333333327900 ) ) ;
#3602 = FACE_OUTER_BOUND ( 'NONE', #3615, .T. ) ;
#3603 = CARTESIAN_POINT ( 'NONE',  ( 2.901601615137722900, 1.675240473580871900, -15.66666666666662700 ) ) ;
#3604 = CARTESIAN_POINT ( 'NONE',  ( -2.379776134348134500, -3.028516910769080400, -0.4951912700443792900 ) ) ;
#3605 = ORIENTED_EDGE ( 'NONE', *, *, #6779, .T. ) ;
#3606 = EDGE_CURVE ( 'NONE', #1936, #961, #1851, .T. ) ;
#3607 = CARTESIAN_POINT ( 'NONE',  ( 4.618802153517005800, 6.478866617091239000E-014, -2.249999999999993300 ) ) ;
#3608 = CARTESIAN_POINT ( 'NONE',  ( 4.720288238941220100E-014, -3.350480947161662100, -17.12499999999996100 ) ) ;
#3609 = CARTESIAN_POINT ( 'NONE',  ( -1.934401076758558200, 3.350480947161626600, -3.416666666666652800 ) ) ;
#3610 = CARTESIAN_POINT ( 'NONE',  ( 3.350480947161668800, -0.8977586640477600600, -21.91965819873846800 ) ) ;
#3611 = CARTESIAN_POINT ( 'NONE',  ( 3.464101615137794400, -1.999999999999931200, -12.45833333333329700 ) ) ;
#3612 = CARTESIAN_POINT ( 'NONE',  ( -3.350480947161659500, -1.615241696815551800E-014, -19.24999999999995400 ) ) ;
#3613 = CARTESIAN_POINT ( 'NONE',  ( 5.635356014114907400E-014, -4.000000000000000000, -18.62499999999995000 ) ) ;
#3614 = CYLINDRICAL_SURFACE ( 'NONE', #3437, 4.000000000000000000 ) ;
#3615 = EDGE_LOOP ( 'NONE', ( #1570, #5419 ) ) ;
#3616 = CARTESIAN_POINT ( 'NONE',  ( 3.350480947161659500, -8.366719580627318400E-015, -26.87499999999994000 ) ) ;
#3617 = EDGE_CURVE ( 'NONE', #6013, #2766, #7150, .T. ) ;
#3618 = EDGE_CURVE ( 'NONE', #2448, #961, #1983, .T. ) ;
#3619 = CARTESIAN_POINT ( 'NONE',  ( 4.618802153517005800, 6.478866617091239000E-014, -0.3749999999999899000 ) ) ;
#3620 = CARTESIAN_POINT ( 'NONE',  ( -2.309401076758431400, -4.000000000000040900, -12.58333333333330400 ) ) ;
#3621 = CARTESIAN_POINT ( 'NONE',  ( -2.309401076758437200, -4.000000000000037300, -6.583333333333317900 ) ) ;
#3622 = VECTOR ( 'NONE', #3393, 1000.000000000000000 ) ;
#3623 = EDGE_LOOP ( 'NONE', ( #4869, #1736, #297, #5084 ) ) ;
#3624 = CARTESIAN_POINT ( 'NONE',  ( 1.934401076758608600, -3.350480947161597700, -20.91666666666661800 ) ) ;
#3625 = CARTESIAN_POINT ( 'NONE',  ( -3.999999999999996400, 1.289869268680045000E-014, -11.87499999999997200 ) ) ;
#3626 = CARTESIAN_POINT ( 'NONE',  ( 5.635356014114907400E-014, -4.000000000000000000, -31.49999999999993200 ) ) ;
#3627 = ORIENTED_EDGE ( 'NONE', *, *, #4530, .F. ) ;
#3628 =( BOUNDED_CURVE ( )  B_SPLINE_CURVE ( 2, ( #5534, #2488, #697, #4945, #85, #1313, #4608, #6492, #889 ),
 .UNSPECIFIED., .F., .T. ) 
 B_SPLINE_CURVE_WITH_KNOTS ( ( 3, 2, 2, 2, 3 ),
 ( 0.1590909090909092000, 0.1616161616161616300, 0.1666666666666666600, 0.1717171717171717100, 0.1742424242424243400 ),
 .UNSPECIFIED. ) 
 CURVE ( )  GEOMETRIC_REPRESENTATION_ITEM ( )  RATIONAL_B_SPLINE_CURVE ( ( 0.9330127018922193000, 0.9330127018922218500, 1.000000000000000000, 0.8660254037844387100, 1.000000000000000000, 0.8660254037844387100, 1.000000000000000000, 0.9330127018922167400, 0.9330127018922193000 ) ) 
 REPRESENTATION_ITEM ( '' )  );
#3629 = CARTESIAN_POINT ( 'NONE',  ( -2.901601615137722400, -1.675240473580873000, -14.16666666666663100 ) ) ;
#3630 = CARTESIAN_POINT ( 'NONE',  ( -3.350480947161661200, 2.265986553086565600E-015, -0.3749999999999963400 ) ) ;
#3631 = VERTEX_POINT ( 'NONE', #5815 ) ;
#3632 = CARTESIAN_POINT ( 'NONE',  ( 3.464101615137782400, -1.999999999999950700, -6.333333333333317900 ) ) ;
#3633 = ADVANCED_FACE ( 'NONE', ( #7355 ), #68, .T. ) ;
#3634 = CARTESIAN_POINT ( 'NONE',  ( 2.901601615137722900, 1.675240473580871900, -18.79166666666662200 ) ) ;
#3635 = CARTESIAN_POINT ( 'NONE',  ( 0.0000000000000000000, 0.0000000000000000000, 0.0000000000000000000 ) ) ;
#3636 = CARTESIAN_POINT ( 'NONE',  ( 7.448328461362261500E-014, -4.000000000000000000, -3.499999999999990200 ) ) ;
#3637 = CARTESIAN_POINT ( 'NONE',  ( -3.999999999999996400, -7.669492948908376000E-015, -25.87499999999993600 ) ) ;
#3638 = CARTESIAN_POINT ( 'NONE',  ( 2.309401076758382100, 4.000000000000069300, -18.20833333333328600 ) ) ;
#3639 = VERTEX_POINT ( 'NONE', #6444 ) ;
#3640 = CARTESIAN_POINT ( 'NONE',  ( 3.464101615137782400, -1.999999999999950700, -22.45833333333327500 ) ) ;
#3641 = VECTOR ( 'NONE', #2798, 1000.000000000000000 ) ;
#3642 = CARTESIAN_POINT ( 'NONE',  ( 1.934401076758450300, 3.350480947161689200, 1.291666666666669200 ) ) ;
#3643 = CARTESIAN_POINT ( 'NONE',  ( 4.000000000000000900, -6.391244124090313400E-015, -4.249999999999993800 ) ) ;
#3644 =( BOUNDED_CURVE ( )  B_SPLINE_CURVE ( 2, ( #1165, #5489, #549, #1804, #3636, #6085, #2983, #6702, #5460 ),
 .UNSPECIFIED., .F., .T. ) 
 B_SPLINE_CURVE_WITH_KNOTS ( ( 3, 2, 2, 2, 3 ),
 ( 0.1287878787878788700, 0.1313131313131313300, 0.1363636363636363500, 0.1414141414141414100, 0.1439393939393940100 ),
 .UNSPECIFIED. ) 
 CURVE ( )  GEOMETRIC_REPRESENTATION_ITEM ( )  RATIONAL_B_SPLINE_CURVE ( ( 0.9330127018922194100, 0.9330127018922211900, 1.000000000000000000, 0.8660254037844387100, 1.000000000000000000, 0.8660254037844387100, 1.000000000000000000, 0.9330127018922175200, 0.9330127018922194100 ) ) 
 REPRESENTATION_ITEM ( '' )  );
#3645 = CARTESIAN_POINT ( 'NONE',  ( 1.175193144987071200, 3.225322254344659400, -29.51164662852530200 ) ) ;
#3646 = CARTESIAN_POINT ( 'NONE',  ( 3.350480947161662100, 0.8977586640478668600, -5.830341801261463200 ) ) ;
#3647 = ORIENTED_EDGE ( 'NONE', *, *, #2046, .T. ) ;
#3648 = VECTOR ( 'NONE', #33, 1000.000000000000000 ) ;
#3649 = CARTESIAN_POINT ( 'NONE',  ( 1.934401076758367000, 3.350480947161737200, -25.58333333333327500 ) ) ;
#3650 = CARTESIAN_POINT ( 'NONE',  ( -5.586370142149013400E-014, 4.000000000000000000, -27.99999999999994000 ) ) ;
#3651 = CARTESIAN_POINT ( 'NONE',  ( -3.999999999999996400, -1.940614124951058600E-014, -19.74999999999995400 ) ) ;
#3652 = EDGE_CURVE ( 'NONE', #6736, #559, #437, .T. ) ;
#3653 = DIRECTION ( 'NONE',  ( 0.0000000000000000000, 0.0000000000000000000, -1.000000000000000000 ) ) ;
#3654 = ORIENTED_EDGE ( 'NONE', *, *, #5993, .F. ) ;
#3655 = CONICAL_SURFACE ( 'NONE', #4630, 4.000000000000011500, 1.178097245096171800 ) ;
#3656 = CARTESIAN_POINT ( 'NONE',  ( 2.901601615137722900, 1.675240473580871900, -14.66666666666662900 ) ) ;
#3657 = CARTESIAN_POINT ( 'NONE',  ( -2.309401076758403900, -4.000000000000057700, -10.70833333333330000 ) ) ;
#3658 = CARTESIAN_POINT ( 'NONE',  ( 5.635356014114907400E-014, -4.000000000000000000, -1.499999999999994700 ) ) ;
#3659 = ORIENTED_EDGE ( 'NONE', *, *, #6395, .F. ) ;
#3660 = CARTESIAN_POINT ( 'NONE',  ( 2.901601615137792600, -1.675240473580751800, -13.95833333333329700 ) ) ;
#3661 = CARTESIAN_POINT ( 'NONE',  ( 1.934401076758585700, -3.350480947161610600, -22.04166666666661500 ) ) ;
#3662 = EDGE_LOOP ( 'NONE', ( #7304, #3034, #3735, #2663 ) ) ;
#3663 = CARTESIAN_POINT ( 'NONE',  ( 6.499999999999999100, 0.0000000000000000000, -38.00000000000000000 ) ) ;
#3664 = EDGE_CURVE ( 'NONE', #6509, #7875, #282, .T. ) ;
#3665 = CARTESIAN_POINT ( 'NONE',  ( 1.288764209918675700E-013, -3.350480947161662100, -26.12499999999994000 ) ) ;
#3666 = CARTESIAN_POINT ( 'NONE',  ( -2.309401076758590000, 3.999999999999948900, -18.04166666666661800 ) ) ;
#3667 = CARTESIAN_POINT ( 'NONE',  ( 4.618802153517005800, 6.478866617091239000E-014, -28.37499999999993200 ) ) ;
#3668 = CARTESIAN_POINT ( 'NONE',  ( 2.309401076758343100, 4.000000000000092400, -29.20833333333326100 ) ) ;
#3669 = CARTESIAN_POINT ( 'NONE',  ( 2.901601615137809500, -1.675240473580722000, -26.95833333333327200 ) ) ;
#3670 = ORIENTED_EDGE ( 'NONE', *, *, #6873, .F. ) ;
#3671 = ORIENTED_EDGE ( 'NONE', *, *, #7133, .F. ) ;
#3672 = CARTESIAN_POINT ( 'NONE',  ( 2.309401076758560200, -3.999999999999966700, -7.541666666666640300 ) ) ;
#3673 = CARTESIAN_POINT ( 'NONE',  ( 3.999999999999995600, -1.071796769724450800, -11.29465819873849600 ) ) ;
#3674 = ADVANCED_FACE ( 'NONE', ( #7531 ), #7715, .T. ) ;
#3675 = CARTESIAN_POINT ( 'NONE',  ( -7.798484617732332000E-014, 3.350480947161662100, -7.499999999999976900 ) ) ;
#3676 = CARTESIAN_POINT ( 'NONE',  ( 1.934401076758430300, 3.350480947161700300, -6.708333333333312600 ) ) ;
#3677 = CARTESIAN_POINT ( 'NONE',  ( -3.464101615137721100, -2.000000000000059100, -19.79166666666661500 ) ) ;
#3678 = EDGE_LOOP ( 'NONE', ( #7269, #2403, #3930, #906 ) ) ;
#3679 = CARTESIAN_POINT ( 'NONE',  ( -1.934401076758562200, 3.350480947161624400, -8.416666666666641200 ) ) ;
#3680 = CARTESIAN_POINT ( 'NONE',  ( 3.350480947161659500, -1.400263485368877800E-014, -17.74999999999996100 ) ) ;
#3681 = CARTESIAN_POINT ( 'NONE',  ( -2.309401076758599700, 3.999999999999943600, -28.04166666666659700 ) ) ;
#3682 = CARTESIAN_POINT ( 'NONE',  ( -1.934401076758546400, 3.350480947161633700, -12.41666666666663200 ) ) ;
#3683 = CARTESIAN_POINT ( 'NONE',  ( 3.464101615137726400, 2.000000000000048800, -3.166666666666658100 ) ) ;
#3684 = ORIENTED_EDGE ( 'NONE', *, *, #7279, .T. ) ;
#3685 = CARTESIAN_POINT ( 'NONE',  ( 3.464101615137720200, 2.000000000000060800, -8.166666666666648300 ) ) ;
#3686 = CARTESIAN_POINT ( 'NONE',  ( -2.901601615137719700, -1.675240473580877200, -2.166666666666656300 ) ) ;
#3687 = CARTESIAN_POINT ( 'NONE',  ( -3.999999999999995600, 1.071796769724418400, -26.91965819873846000 ) ) ;
#3688 = FACE_OUTER_BOUND ( 'NONE', #3043, .T. ) ;
#3689 = CARTESIAN_POINT ( 'NONE',  ( -2.901601615137797500, 1.675240473580742000, -13.45833333333329800 ) ) ;
#3690 = VERTEX_POINT ( 'NONE', #5378 ) ;
#3691 = CARTESIAN_POINT ( 'NONE',  ( -3.464101615137783700, 1.999999999999948500, -28.95833333333326500 ) ) ;
#3692 = CYLINDRICAL_SURFACE ( 'NONE', #5590, 3.350480947161662100 ) ;
#3693 = CARTESIAN_POINT ( 'NONE',  ( -4.000000000000018700, -1.071796769724521200, -23.83034180126142200 ) ) ;
#3694 = CARTESIAN_POINT ( 'NONE',  ( 4.618802153517005800, 6.478866617091239000E-014, -2.374999999999985800 ) ) ;
#3695 = FACE_OUTER_BOUND ( 'NONE', #5398, .T. ) ;
#3696 = ORIENTED_EDGE ( 'NONE', *, *, #1549, .F. ) ;
#3697 = CARTESIAN_POINT ( 'NONE',  ( -9.702173756302660900E-014, 4.000000000000000000, -11.12499999999996600 ) ) ;
#3698 = CARTESIAN_POINT ( 'NONE',  ( 2.901601615137717500, 1.675240473580881500, -7.666666666666644800 ) ) ;
#3699 = CARTESIAN_POINT ( 'NONE',  ( 7.742243693157625900E-014, -4.000000000000000000, -6.499999999999984000 ) ) ;
#3700 = CYLINDRICAL_SURFACE ( 'NONE', #6981, 4.000000000000000000 ) ;
#3701 = EDGE_CURVE ( 'NONE', #2984, #6455, #6488, .T. ) ;
#3702 = DIRECTION ( 'NONE',  ( -0.0000000000000000000, -0.0000000000000000000, -1.000000000000000000 ) ) ;
#3703 = CARTESIAN_POINT ( 'NONE',  ( -3.350480947161662100, 5.984528588920930300E-015, -4.374999999999987600 ) ) ;
#3704 = CARTESIAN_POINT ( 'NONE',  ( -4.618802153517005800, -6.535430629823232500E-014, -31.74999999999993200 ) ) ;
#3705 = AXIS2_PLACEMENT_3D ( 'NONE', #3302, #3928, #3881 ) ;
#3706 = ORIENTED_EDGE ( 'NONE', *, *, #1358, .T. ) ;
#3707 = CARTESIAN_POINT ( 'NONE',  ( -2.901601615137771700, 1.675240473580788000, -19.33333333333328600 ) ) ;
#3708 = CARTESIAN_POINT ( 'NONE',  ( 0.0000000000000000000, 0.0000000000000000000, -30.38999999999999300 ) ) ;
#3709 = EDGE_CURVE ( 'NONE', #2156, #1275, #6871, .T. ) ;
#3710 = CARTESIAN_POINT ( 'NONE',  ( 2.309401076758446100, 4.000000000000032000, -9.083333333333312600 ) ) ;
#3711 = ADVANCED_FACE ( 'NONE', ( #5219 ), #165, .T. ) ;
#3712 = DIRECTION ( 'NONE',  ( 0.0000000000000000000, 0.0000000000000000000, 1.000000000000000000 ) ) ;
#3713 = CARTESIAN_POINT ( 'NONE',  ( 2.901601615137770400, -1.675240473580789800, -22.95833333333327900 ) ) ;
#3714 = LINE ( 'NONE', #680, #2074 ) ;
#3715 = VERTEX_POINT ( 'NONE', #4790 ) ;
#3716 = CARTESIAN_POINT ( 'NONE',  ( -2.309401076758609500, 3.999999999999938300, -9.041666666666639400 ) ) ;
#3717 = PRODUCT_DEFINITION ( 'UNKNOWN', '', #2769, #3819 ) ;
#3718 = VERTEX_POINT ( 'NONE', #1162 ) ;
#3719 = CARTESIAN_POINT ( 'NONE',  ( -2.309401076758582400, 3.999999999999954300, -10.91666666666664100 ) ) ;
#3720 = CARTESIAN_POINT ( 'NONE',  ( -1.116331119576415800, -3.159039000828982100, -0.1778527147052650400 ) ) ;
#3721 = CARTESIAN_POINT ( 'NONE',  ( 3.464101615137782400, -1.999999999999950700, -27.45833333333326500 ) ) ;
#3722 = ORIENTED_EDGE ( 'NONE', *, *, #7358, .F. ) ;
#3723 = CARTESIAN_POINT ( 'NONE',  ( 4.000000000000000900, -3.369928719974892700E-015, -7.249999999999986700 ) ) ;
#3724 = CARTESIAN_POINT ( 'NONE',  ( 3.350480947161662100, 6.797959659259696400E-015, -2.749999999999991100 ) ) ;
#3725 = ORIENTED_EDGE ( 'NONE', *, *, #4817, .F. ) ;
#3726 = ORIENTED_EDGE ( 'NONE', *, *, #6942, .F. ) ;
#3727 = EDGE_CURVE ( 'NONE', #6820, #781, #830, .T. ) ;
#3728 = CARTESIAN_POINT ( 'NONE',  ( 2.309401076758560200, -3.999999999999966700, -4.541666666666647400 ) ) ;
#3729 = CARTESIAN_POINT ( 'NONE',  ( -1.116331119576415800, -3.159039000828982100, -0.1778527147052650400 ) ) ;
#3730 = DIRECTION ( 'NONE',  ( -0.0000000000000000000, -0.0000000000000000000, -1.000000000000000000 ) ) ;
#3731 = CARTESIAN_POINT ( 'NONE',  ( -3.464101615137691300, -2.000000000000109700, -21.79166666666661100 ) ) ;
#3732 = CARTESIAN_POINT ( 'NONE',  ( 3.464101615137782400, -1.999999999999950700, -30.33333333333326800 ) ) ;
#3733 =( BOUNDED_CURVE ( )  B_SPLINE_CURVE ( 2, ( #2723, #294, #2064, #3304, #877, #5779, #5105, #6941, #4521 ),
 .UNSPECIFIED., .F., .F. ) 
 B_SPLINE_CURVE_WITH_KNOTS ( ( 3, 2, 2, 2, 3 ),
 ( 0.7500000000000001100, 0.7525252525252524900, 0.7575757575757575700, 0.7626262626262626500, 0.7651515151515152500 ),
 .UNSPECIFIED. ) 
 CURVE ( )  GEOMETRIC_REPRESENTATION_ITEM ( )  RATIONAL_B_SPLINE_CURVE ( ( 0.9330127018922194100, 0.9330127018922223000, 1.000000000000000000, 0.8660254037844387100, 1.000000000000000000, 0.8660254037844387100, 1.000000000000000000, 0.9330127018922164100, 0.9330127018922194100 ) ) 
 REPRESENTATION_ITEM ( '' )  );
#3734 = CARTESIAN_POINT ( 'NONE',  ( -2.309401076758615700, 3.999999999999935600, -15.04166666666662700 ) ) ;
#3735 = ORIENTED_EDGE ( 'NONE', *, *, #5550, .T. ) ;
#3736 = CARTESIAN_POINT ( 'NONE',  ( 3.999999999999996400, 2.788906526875773200E-015, -19.24999999999995700 ) ) ;
#3737 = CARTESIAN_POINT ( 'NONE',  ( -3.350480947161659500, 9.296355089585909900E-015, -14.24999999999996600 ) ) ;
#3738 = ORIENTED_EDGE ( 'NONE', *, *, #7392, .F. ) ;
#3739 = CARTESIAN_POINT ( 'NONE',  ( 4.720288238941220700E-014, -3.350480947161662100, -21.99999999999994700 ) ) ;
#3740 = CARTESIAN_POINT ( 'NONE',  ( -2.901601615137798800, 1.675240473580740500, -15.45833333333329500 ) ) ;
#3741 = CARTESIAN_POINT ( 'NONE',  ( 2.309401076758560200, -3.999999999999966700, -8.416666666666646500 ) ) ;
#3742 = CARTESIAN_POINT ( 'NONE',  ( -3.350480947161662600, -0.8977586640478577600, -2.205341801261470700 ) ) ;
#3743 = ORIENTED_EDGE ( 'NONE', *, *, #6403, .T. ) ;
#3744 = VECTOR ( 'NONE', #2982, 1000.000000000000000 ) ;
#3745 = DIRECTION ( 'NONE',  ( 0.0000000000000000000, 0.0000000000000000000, 1.000000000000000000 ) ) ;
#3746 =( BOUNDED_CURVE ( )  B_SPLINE_CURVE ( 2, ( #1010, #7777, #2189, #3522, #5281, #5911, #4010, #7117, #342 ),
 .UNSPECIFIED., .F., .T. ) 
 B_SPLINE_CURVE_WITH_KNOTS ( ( 3, 2, 2, 2, 3 ),
 ( 0.5681818181818183400, 0.5707070707070707200, 0.5757575757575758000, 0.5808080808080807700, 0.5833333333333334800 ),
 .UNSPECIFIED. ) 
 CURVE ( )  GEOMETRIC_REPRESENTATION_ITEM ( )  RATIONAL_B_SPLINE_CURVE ( ( 0.9330127018922194100, 0.9330127018922238500, 1.000000000000000000, 0.8660254037844387100, 1.000000000000000000, 0.8660254037844387100, 1.000000000000000000, 0.9330127018922149700, 0.9330127018922194100 ) ) 
 REPRESENTATION_ITEM ( '' )  );
#3747 = CARTESIAN_POINT ( 'NONE',  ( -3.350480947161662100, 0.0000000000000000000, 0.0000000000000000000 ) ) ;
#3748 = CARTESIAN_POINT ( 'NONE',  ( 2.309401076758446100, 4.000000000000032000, -25.20833333333327200 ) ) ;
#3749 = ORIENTED_EDGE ( 'NONE', *, *, #5597, .T. ) ;
#3750 = CIRCLE ( 'NONE', #1647, 3.464101615137755700 ) ;
#3751 = CARTESIAN_POINT ( 'NONE',  ( 1.934401076758545600, -3.350480947161634100, -5.041666666666651000 ) ) ;
#3752 = CARTESIAN_POINT ( 'NONE',  ( -4.000000000000000900, 6.972266317189433600E-015, -4.749999999999991100 ) ) ;
#3753 = CARTESIAN_POINT ( 'NONE',  ( 2.309401076758446100, 4.000000000000032000, -4.208333333333314400 ) ) ;
#3754 = CARTESIAN_POINT ( 'NONE',  ( -2.999999999999997300, -1.732050807568878700, -33.50000000000000000 ) ) ;
#3755 = ADVANCED_FACE ( 'NONE', ( #5037 ), #6964, .T. ) ;
#3756 = CARTESIAN_POINT ( 'NONE',  ( 3.350480947161665700, -1.051650169509406100E-014, -11.74999999999997500 ) ) ;
#3757 = CARTESIAN_POINT ( 'NONE',  ( -4.000000000000019500, -1.071796769724517200, -19.83034180126142900 ) ) ;
#3758 = VERTEX_POINT ( 'NONE', #5406 ) ;
#3759 = CARTESIAN_POINT ( 'NONE',  ( -3.350480947161662100, 0.0000000000000000000, 0.0000000000000000000 ) ) ;
#3760 = CARTESIAN_POINT ( 'NONE',  ( 3.464101615137789000, -1.999999999999940300, -2.333333333333325900 ) ) ;
#3761 = VECTOR ( 'NONE', #6744, 1000.000000000000000 ) ;
#3762 = CARTESIAN_POINT ( 'NONE',  ( -7.880547733083246800E-014, 3.350480947161662100, -8.499999999999975100 ) ) ;
#3763 = CARTESIAN_POINT ( 'NONE',  ( -3.464101615137833400, 1.999999999999863000, -19.95833333333328200 ) ) ;
#3764 = EDGE_CURVE ( 'NONE', #4472, #6655, #5480, .T. ) ;
#3765 = CARTESIAN_POINT ( 'NONE',  ( 2.901601615137770400, -1.675240473580789800, -22.83333333333327900 ) ) ;
#3766 = ORIENTED_EDGE ( 'NONE', *, *, #1436, .T. ) ;
#3767 = EDGE_LOOP ( 'NONE', ( #1456, #4066, #2282, #1174, #4003, #396, #4604, #7724 ) ) ;
#3768 = CARTESIAN_POINT ( 'NONE',  ( 2.309401076758580200, -3.999999999999955600, -23.41666666666661500 ) ) ;
#3769 = CARTESIAN_POINT ( 'NONE',  ( -5.586370142149013400E-014, 4.000000000000000000, -9.999999999999976900 ) ) ;
#3770 = DIRECTION ( 'NONE',  ( 0.0000000000000000000, 0.0000000000000000000, 1.000000000000000000 ) ) ;
#3771 = EDGE_CURVE ( 'NONE', #2156, #3718, #5773, .T. ) ;
#3772 = CARTESIAN_POINT ( 'NONE',  ( -3.999999999999997300, 1.475796370471763300E-014, -10.74999999999998000 ) ) ;
#3773 = EDGE_LOOP ( 'NONE', ( #6971, #5138, #468, #6236 ) ) ;
#3774 = CARTESIAN_POINT ( 'NONE',  ( -4.843382911967592300E-014, 3.350480947161662100, -0.4999999999999930600 ) ) ;
#3775 = CARTESIAN_POINT ( 'NONE',  ( 2.309401076758446100, 4.000000000000032000, -27.20833333333326500 ) ) ;
#3776 = EDGE_CURVE ( 'NONE', #7667, #479, #4293, .T. ) ;
#3777 =( BOUNDED_CURVE ( )  B_SPLINE_CURVE ( 2, ( #800, #6800, #6881, #136, #6824, #4411, #1950, #4388, #720 ),
 .UNSPECIFIED., .F., .F. ) 
 B_SPLINE_CURVE_WITH_KNOTS ( ( 3, 2, 2, 2, 3 ),
 ( 0.5378787878787880700, 0.5404040404040404400, 0.5454545454545454100, 0.5505050505050505000, 0.5530303030303032100 ),
 .UNSPECIFIED. ) 
 CURVE ( )  GEOMETRIC_REPRESENTATION_ITEM ( )  RATIONAL_B_SPLINE_CURVE ( ( 0.9330127018922194100, 0.9330127018922238500, 1.000000000000000000, 0.8660254037844387100, 1.000000000000000000, 0.8660254037844387100, 1.000000000000000000, 0.9330127018922149700, 0.9330127018922194100 ) ) 
 REPRESENTATION_ITEM ( '' )  );
#3778 = CARTESIAN_POINT ( 'NONE',  ( -2.901601615137771700, 1.675240473580788000, -1.458333333333325000 ) ) ;
#3779 = CARTESIAN_POINT ( 'NONE',  ( 2.309401076758599700, -3.999999999999943600, -14.41666666666663200 ) ) ;
#3780 = CARTESIAN_POINT ( 'NONE',  ( -3.464101615137783700, 1.999999999999948500, -6.958333333333309100 ) ) ;
#3781 = ORIENTED_EDGE ( 'NONE', *, *, #7457, .T. ) ;
#3782 = DIRECTION ( 'NONE',  ( 1.000000000000000000, 0.0000000000000000000, 0.0000000000000000000 ) ) ;
#3783 = CARTESIAN_POINT ( 'NONE',  ( 0.0000000000000000000, 0.0000000000000000000, -30.00000000000000000 ) ) ;
#3784 = CARTESIAN_POINT ( 'NONE',  ( -2.901601615137784100, 1.675240473580766200, -8.333333333333309100 ) ) ;
#3785 = CARTESIAN_POINT ( 'NONE',  ( 2.309401076758437200, 4.000000000000037300, -20.20833333333327900 ) ) ;
#3786 = CARTESIAN_POINT ( 'NONE',  ( 2.901601615137722900, 1.675240473580871900, -17.66666666666662500 ) ) ;
#3787 = DIRECTION ( 'NONE',  ( 1.000000000000000000, 0.0000000000000000000, 0.0000000000000000000 ) ) ;
#3788 = CYLINDRICAL_SURFACE ( 'NONE', #450, 3.350480947161662100 ) ;
#3789 = CARTESIAN_POINT ( 'NONE',  ( 2.309401076758560200, -3.999999999999966700, -6.416666666666651000 ) ) ;
#3790 = ADVANCED_FACE ( 'NONE', ( #6772 ), #4080, .T. ) ;
#3791 = VECTOR ( 'NONE', #4765, 1000.000000000000000 ) ;
#3792 = CARTESIAN_POINT ( 'NONE',  ( -3.350480947161663000, -0.8977586640478630900, -13.33034180126144700 ) ) ;
#3793 = CARTESIAN_POINT ( 'NONE',  ( 2.309401076758560200, -3.999999999999966700, -30.54166666666658600 ) ) ;
#3794 = ORIENTED_EDGE ( 'NONE', *, *, #1255, .T. ) ;
#3795 = CARTESIAN_POINT ( 'NONE',  ( -2.901601615137771700, 1.675240473580788000, -2.458333333333322400 ) ) ;
#3796 = CARTESIAN_POINT ( 'NONE',  ( -3.350480947161659500, -2.207884333776653700E-015, -9.374999999999978700 ) ) ;
#3797 = CARTESIAN_POINT ( 'NONE',  ( -3.464101615137725500, -2.000000000000050200, -10.79166666666663400 ) ) ;
#3798 = CARTESIAN_POINT ( 'NONE',  ( 3.999999999999996400, -4.067155351693835500E-015, -29.24999999999994300 ) ) ;
#3799 = ORIENTED_EDGE ( 'NONE', *, *, #358, .F. ) ;
#3800 = EDGE_CURVE ( 'NONE', #5856, #6080, #2185, .T. ) ;
#3801 = DIRECTION ( 'NONE',  ( 1.000000000000000000, 0.0000000000000000000, 0.0000000000000000000 ) ) ;
#3802 = CARTESIAN_POINT ( 'NONE',  ( 1.934401076758432100, 3.350480947161698500, -4.583333333333317900 ) ) ;
#3803 = CARTESIAN_POINT ( 'NONE',  ( 1.934401076758578600, -3.350480947161614600, -13.91666666666663100 ) ) ;
#3804 = FACE_OUTER_BOUND ( 'NONE', #6265, .T. ) ;
#3805 = ORIENTED_EDGE ( 'NONE', *, *, #7546, .T. ) ;
#3806 = CARTESIAN_POINT ( 'NONE',  ( 3.868802153516995600, 5.426829789941481600E-014, -19.74999999999995400 ) ) ;
#3807 = ORIENTED_EDGE ( 'NONE', *, *, #1766, .T. ) ;
#3808 = ORIENTED_EDGE ( 'NONE', *, *, #2871, .F. ) ;
#3809 = EDGE_CURVE ( 'NONE', #2741, #2025, #4653, .T. ) ;
#3810 = CARTESIAN_POINT ( 'NONE',  ( -4.618802153517005800, -6.535430629823232500E-014, -9.749999999999978700 ) ) ;
#3811 = CARTESIAN_POINT ( 'NONE',  ( 3.350480947161658600, 0.8977586640478795200, -18.70534180126143700 ) ) ;
#3812 = CARTESIAN_POINT ( 'NONE',  ( -6.499999999999999100, 7.960204194457794500E-016, -38.00000000000000000 ) ) ;
#3813 = CARTESIAN_POINT ( 'NONE',  ( -3.868802153516995600, -5.474208951679871200E-014, -26.37499999999994300 ) ) ;
#3814 = ORIENTED_EDGE ( 'NONE', *, *, #1029, .F. ) ;
#3815 = CARTESIAN_POINT ( 'NONE',  ( -2.901601615137722400, -1.675240473580873000, -1.166666666666658300 ) ) ;
#3816 = ORIENTED_EDGE ( 'NONE', *, *, #4989, .T. ) ;
#3817 = CARTESIAN_POINT ( 'NONE',  ( -4.679256681265763300E-014, 3.350480947161662100, -3.624999999999986200 ) ) ;
#3818 = CARTESIAN_POINT ( 'NONE',  ( 3.350480947161662100, 4.103155767545721900E-016, 0.0000000000000000000 ) ) ;
#3819 = DESIGN_CONTEXT ( 'detailed design', #474, 'design' ) ;
#3820 = CARTESIAN_POINT ( 'NONE',  ( 3.464101615137782400, -1.999999999999950700, -12.45833333333329700 ) ) ;
#3821 = CARTESIAN_POINT ( 'NONE',  ( -4.000000000000000900, 6.042630808230842100E-015, -4.874999999999983100 ) ) ;
#3822 = ADVANCED_FACE ( 'NONE', ( #5713 ), #4745, .T. ) ;
#3823 = CARTESIAN_POINT ( 'NONE',  ( -3.350480947161659500, 2.550687427705134000E-014, -18.24999999999995700 ) ) ;
#3824 = ORIENTED_EDGE ( 'NONE', *, *, #5941, .T. ) ;
#3825 = LINE ( 'NONE', #1273, #6591 ) ;
#3826 = CARTESIAN_POINT ( 'NONE',  ( 3.464101615137682000, 2.000000000000126600, -28.16666666666660400 ) ) ;
#3827 = DIRECTION ( 'NONE',  ( -0.0000000000000000000, -0.0000000000000000000, -1.000000000000000000 ) ) ;
#3828 = DIRECTION ( 'NONE',  ( -0.0000000000000000000, -0.0000000000000000000, -1.000000000000000000 ) ) ;
#3829 = CARTESIAN_POINT ( 'NONE',  ( 3.350480947161661200, -9.877377282685029400E-016, -0.8749999999999953400 ) ) ;
#3830 = EDGE_LOOP ( 'NONE', ( #6091, #849, #5329, #2314, #964, #1906, #3233, #3918, #5776, #6251, #7252, #2280, #6614, #1164, #7716, #3576, #7737, #4692, #4382, #1070, #4638, #21, #2893, #2045, #2990, #5128, #457, #2215, #4033, #5041, #4775, #5931, #6813, #4500, #4702, #1015, #3301, #7296, #439, #4478, #6872, #4715, #7431, #5951, #662, #2875, #7645, #6147, #3052, #962, #5237, #5438, #1489, #2921, #4654, #5714, #6793, #7577, #866, #4248, #3253, #153, #1518, #2694, #1917, #2083, #447, #3997, #5757, #6118, #1893, #4379, #5623, #6636, #6782, #2490, #3283, #3814, #1470, #3892, #2503, #1691, #3835, #5820, #70, #6551, #87, #7597, #5999, #4892, #4679, #189, #7583, #2366, #3535, #5675, #2931, #920, #5738, #5899, #7478, #6125, #4145, #7465, #7025, #4301, #3531, #700, #6291, #1314, #2849, #956, #2851, #7088, #4792, #1398, #2464, #3084, #169, #4369, #4933 ) ) ;
#3831 = CARTESIAN_POINT ( 'NONE',  ( 3.868802153516995600, 5.426829789941481600E-014, -27.74999999999993600 ) ) ;
#3832 = CARTESIAN_POINT ( 'NONE',  ( -3.999999999999996400, -2.335709216258459900E-014, -23.74999999999995000 ) ) ;
#3833 = CARTESIAN_POINT ( 'NONE',  ( 3.464101615137782400, -1.999999999999950700, -13.33333333333330400 ) ) ;
#3834 =( BOUNDED_CURVE ( )  B_SPLINE_CURVE ( 2, ( #2017, #177, #789, #5061, #2626, #204, #5845, #2176, #4023 ),
 .UNSPECIFIED., .F., .T. ) 
 B_SPLINE_CURVE_WITH_KNOTS ( ( 3, 2, 2, 2, 3 ),
 ( 0.4015151515151516600, 0.4040404040404040300, 0.4090909090909091200, 0.4141414141414141400, 0.4166666666666668000 ),
 .UNSPECIFIED. ) 
 CURVE ( )  GEOMETRIC_REPRESENTATION_ITEM ( )  RATIONAL_B_SPLINE_CURVE ( ( 0.9330127018922193000, 0.9330127018922229600, 1.000000000000000000, 0.8660254037844387100, 1.000000000000000000, 0.8660254037844387100, 1.000000000000000000, 0.9330127018922156300, 0.9330127018922193000 ) ) 
 REPRESENTATION_ITEM ( '' )  );
#3835 = ORIENTED_EDGE ( 'NONE', *, *, #2455, .F. ) ;
#3836 = DIRECTION ( 'NONE',  ( -0.0000000000000000000, -0.0000000000000000000, -1.000000000000000000 ) ) ;
#3837 = CARTESIAN_POINT ( 'NONE',  ( -2.901601615137722400, -1.675240473580873000, -25.29166666666660700 ) ) ;
#3838 = CARTESIAN_POINT ( 'NONE',  ( -2.901601615137771700, 1.675240473580788000, 0.6666666666666710700 ) ) ;
#3839 = EDGE_CURVE ( 'NONE', #1585, #7471, #7877, .T. ) ;
#3840 = CARTESIAN_POINT ( 'NONE',  ( 2.901601615137722900, 1.675240473580871900, -2.791666666666655400 ) ) ;
#3841 = VERTEX_POINT ( 'NONE', #6697 ) ;
#3842 = AXIS2_PLACEMENT_3D ( 'NONE', #332, #7665, #528 ) ;
#3843 = VERTEX_POINT ( 'NONE', #7381 ) ;
#3844 = CARTESIAN_POINT ( 'NONE',  ( -3.464101615137783700, 1.999999999999948500, -7.958333333333307300 ) ) ;
#3845 = CARTESIAN_POINT ( 'NONE',  ( -1.617028959383776600E-013, 4.000000000000000000, -19.12499999999995000 ) ) ;
#3846 = CARTESIAN_POINT ( 'NONE',  ( 4.000000000000000000, 0.0000000000000000000, -30.00000000000000000 ) ) ;
#3847 = CARTESIAN_POINT ( 'NONE',  ( 3.464101615137791200, -1.999999999999936300, -7.333333333333316200 ) ) ;
#3848 = CARTESIAN_POINT ( 'NONE',  ( 2.901601615137716200, 1.675240473580884100, -11.79166666666663600 ) ) ;
#3849 = ORIENTED_EDGE ( 'NONE', *, *, #5547, .F. ) ;
#3850 = ORIENTED_EDGE ( 'NONE', *, *, #1813, .T. ) ;
#3851 = CARTESIAN_POINT ( 'NONE',  ( 4.000000000000012400, -4.996790860652426200E-015, -29.37499999999993600 ) ) ;
#3852 = CARTESIAN_POINT ( 'NONE',  ( -3.350480947161671900, 2.393811435568371800E-014, -20.24999999999995400 ) ) ;
#3853 = EDGE_CURVE ( 'NONE', #1833, #3195, #3714, .T. ) ;
#3854 = CARTESIAN_POINT ( 'NONE',  ( -3.350480947161671900, 2.062628785501874000E-014, -24.37499999999995000 ) ) ;
#3855 = CARTESIAN_POINT ( 'NONE',  ( -2.901601615137771700, 1.675240473580788000, -24.33333333333327500 ) ) ;
#3856 = CARTESIAN_POINT ( 'NONE',  ( -7.153918045057625800E-014, 4.000000000000000000, -14.99999999999996400 ) ) ;
#3857 = CARTESIAN_POINT ( 'NONE',  ( -3.464101615137783700, 1.999999999999948500, -11.83333333333330700 ) ) ;
#3859 = ADVANCED_FACE ( 'NONE', ( #1887 ), #6096, .T. ) ;
#3858 = ORIENTED_EDGE ( 'NONE', *, *, #3209, .T. ) ;
#3860 = CARTESIAN_POINT ( 'NONE',  ( -3.350480947161662100, 5.112995299272251500E-015, -5.374999999999986700 ) ) ;
#3861 = CARTESIAN_POINT ( 'NONE',  ( -4.000000000000000000, 4.898587196589412800E-016, -30.00000000000000000 ) ) ;
#3862 =( BOUNDED_CURVE ( )  B_SPLINE_CURVE ( 2, ( #895, #851, #1465, #264, #7054, #3400, #6451, #5172, #1519 ),
 .UNSPECIFIED., .F., .F. ) 
 B_SPLINE_CURVE_WITH_KNOTS ( ( 3, 2, 2, 2, 3 ),
 ( 0.8106060606060607700, 0.8131313131313131500, 0.8181818181818182300, 0.8232323232323232000, 0.8257575757575759100 ),
 .UNSPECIFIED. ) 
 CURVE ( )  GEOMETRIC_REPRESENTATION_ITEM ( )  RATIONAL_B_SPLINE_CURVE ( ( 0.9330127018922194100, 0.9330127018922238500, 1.000000000000000000, 0.8660254037844387100, 1.000000000000000000, 0.8660254037844387100, 1.000000000000000000, 0.9330127018922149700, 0.9330127018922194100 ) ) 
 REPRESENTATION_ITEM ( '' )  );
#3863 = APPROVAL_DATE_TIME ( #7686, #2471 ) ;
#3864 = CARTESIAN_POINT ( 'NONE',  ( 3.350480947161671400, 0.8977586640478998300, -27.70534180126142200 ) ) ;
#3865 = CARTESIAN_POINT ( 'NONE',  ( -1.934401076758546400, 3.350480947161633700, -26.54166666666660400 ) ) ;
#3866 = CARTESIAN_POINT ( 'NONE',  ( 1.934401076758450300, 3.350480947161689200, 1.416666666666669400 ) ) ;
#3867 = EDGE_CURVE ( 'NONE', #62, #2991, #6119, .T. ) ;
#3868 = FACE_BOUND ( 'NONE', #6720, .T. ) ;
#3869 = CARTESIAN_POINT ( 'NONE',  ( -4.679256681265763300E-014, 3.350480947161662100, -8.624999999999975100 ) ) ;
#3870 = CARTESIAN_POINT ( 'NONE',  ( -3.464101615137725500, -2.000000000000050200, -11.79166666666663200 ) ) ;
#3871 = DIRECTION ( 'NONE',  ( 1.000000000000000000, 0.0000000000000000000, 0.0000000000000000000 ) ) ;
#3872 = CARTESIAN_POINT ( 'NONE',  ( 3.350480947161650600, -0.8977586640477781500, -24.91965819873846800 ) ) ;
#3873 = VECTOR ( 'NONE', #3337, 1000.000000000000000 ) ;
#3874 = CARTESIAN_POINT ( 'NONE',  ( -3.464101615137817400, 1.999999999999890300, -16.95833333333328600 ) ) ;
#3875 = AXIS2_PLACEMENT_3D ( 'NONE', #1981, #3828, #4542 ) ;
#3876 = CARTESIAN_POINT ( 'NONE',  ( -1.934401076758598200, 3.350480947161603900, -23.41666666666661500 ) ) ;
#3877 = LINE ( 'NONE', #5475, #7036 ) ;
#3878 = ORIENTED_EDGE ( 'NONE', *, *, #742, .F. ) ;
#3879 = CARTESIAN_POINT ( 'NONE',  ( 3.350480947161662100, 4.103155767545721900E-016, 0.0000000000000000000 ) ) ;
#3880 = FACE_OUTER_BOUND ( 'NONE', #1908, .T. ) ;
#3881 = DIRECTION ( 'NONE',  ( -1.000000000000000000, 0.0000000000000000000, 0.0000000000000000000 ) ) ;
#3882 = CARTESIAN_POINT ( 'NONE',  ( -1.934401076758546400, 3.350480947161633700, -23.41666666666661500 ) ) ;
#3883 = DIRECTION ( 'NONE',  ( 0.0000000000000000000, 1.000000000000000000, -1.035507142606715400E-015 ) ) ;
#3884 = CARTESIAN_POINT ( 'NONE',  ( 5.635356014114907400E-014, -4.000000000000000000, -13.49999999999997000 ) ) ;
#3885 = CARTESIAN_POINT ( 'NONE',  ( -2.309401076758654800, 3.999999999999911600, -26.04166666666660000 ) ) ;
#3886 = LINE ( 'NONE', #6718, #6865 ) ;
#3887 = ORIENTED_EDGE ( 'NONE', *, *, #6900, .T. ) ;
#3888 = CARTESIAN_POINT ( 'NONE',  ( 3.350480947161662100, 4.103155767545721900E-016, 0.0000000000000000000 ) ) ;
#3889 = CARTESIAN_POINT ( 'NONE',  ( -1.934401076758546400, 3.350480947161633700, -24.54166666666661100 ) ) ;
#3890 = CARTESIAN_POINT ( 'NONE',  ( 4.720288238941220700E-014, -3.350480947161662100, 1.000000000000003800 ) ) ;
#3891 = FACE_OUTER_BOUND ( 'NONE', #5684, .T. ) ;
#3892 = ORIENTED_EDGE ( 'NONE', *, *, #7361, .F. ) ;
#3893 = CARTESIAN_POINT ( 'NONE',  ( 2.901601615137722900, 1.675240473580871900, -8.791666666666643000 ) ) ;
#3894 = ORIENTED_EDGE ( 'NONE', *, *, #2972, .T. ) ;
#3895 = CARTESIAN_POINT ( 'NONE',  ( -2.309401076758445600, -4.000000000000032900, -17.70833333333328600 ) ) ;
#3896 = CARTESIAN_POINT ( 'NONE',  ( -3.350480947161662100, 0.0000000000000000000, 0.0000000000000000000 ) ) ;
#3897 = ADVANCED_FACE ( 'NONE', ( #3891 ), #734, .T. ) ;
#3898 = EDGE_CURVE ( 'NONE', #4699, #4130, #776, .T. ) ;
#3899 = CARTESIAN_POINT ( 'NONE',  ( -3.464101615137706900, -2.000000000000082600, -18.79166666666661500 ) ) ;
#3900 = DIRECTION ( 'NONE',  ( -1.000000000000000000, 0.0000000000000000000, 0.0000000000000000000 ) ) ;
#3901 = VERTEX_POINT ( 'NONE', #2467 ) ;
#3902 = CARTESIAN_POINT ( 'NONE',  ( -1.635526924343220400, -4.000000000000035500, -29.68401699437721300 ) ) ;
#3903 = VERTEX_POINT ( 'NONE', #6696 ) ;
#3904 = ORIENTED_EDGE ( 'NONE', *, *, #562, .F. ) ;
#3905 = CARTESIAN_POINT ( 'NONE',  ( -1.387281425996364200E-013, 3.350480947161662100, -23.49999999999994300 ) ) ;
#3906 = CARTESIAN_POINT ( 'NONE',  ( -3.464101615137714000, -2.000000000000071500, -5.791666666666644800 ) ) ;
#3907 = CARTESIAN_POINT ( 'NONE',  ( 3.350480947161659500, -8.366719580627318400E-015, -26.74999999999994300 ) ) ;
#3908 = CARTESIAN_POINT ( 'NONE',  ( -3.868802153516995600, -5.474208951679871900E-014, -23.24999999999994700 ) ) ;
#3909 = DIRECTION ( 'NONE',  ( -0.0000000000000000000, -0.0000000000000000000, -1.000000000000000000 ) ) ;
#3910 = EDGE_CURVE ( 'NONE', #653, #7752, #5869, .T. ) ;
#3911 = CARTESIAN_POINT ( 'NONE',  ( -3.464101615137725500, -2.000000000000050200, -15.66666666666663100 ) ) ;
#3912 = CARTESIAN_POINT ( 'NONE',  ( -6.174200605739743300E-014, 4.000000000000000000, -4.124999999999982200 ) ) ;
#3913 = VERTEX_POINT ( 'NONE', #1218 ) ;
#3914 = EDGE_CURVE ( 'NONE', #7394, #2315, #7046, .T. ) ;
#3915 = EDGE_LOOP ( 'NONE', ( #2149, #3766, #4954, #78 ) ) ;
#3916 = CARTESIAN_POINT ( 'NONE',  ( -3.464101615137815700, 1.999999999999893900, -12.95833333333329500 ) ) ;
#3917 = CARTESIAN_POINT ( 'NONE',  ( -2.901601615137722400, -1.675240473580873000, -5.166666666666649200 ) ) ;
#3918 = ORIENTED_EDGE ( 'NONE', *, *, #587, .T. ) ;
#3919 = CONICAL_SURFACE ( 'NONE', #7158, 3.464101615137755700, 0.7853981633974500600 ) ;
#3920 = CARTESIAN_POINT ( 'NONE',  ( -3.868802153516995600, -5.474208951679871200E-014, -10.37499999999997200 ) ) ;
#3921 = CARTESIAN_POINT ( 'NONE',  ( 1.934401076758574200, -3.350480947161618600, -8.041666666666643000 ) ) ;
#3922 = CARTESIAN_POINT ( 'NONE',  ( 2.901601615137809500, -1.675240473580722000, -26.83333333333327200 ) ) ;
#3923 = ORIENTED_EDGE ( 'NONE', *, *, #6666, .F. ) ;
#3924 = CYLINDRICAL_SURFACE ( 'NONE', #7372, 3.350480947161662100 ) ;
#3925 = CARTESIAN_POINT ( 'NONE',  ( 2.901601615137718900, 1.675240473580879200, -4.791666666666651000 ) ) ;
#3926 = CARTESIAN_POINT ( 'NONE',  ( 3.350480947161659500, -1.400263485368877800E-014, -17.74999999999996100 ) ) ;
#3927 = CARTESIAN_POINT ( 'NONE',  ( 3.350480947161660300, -0.8977586640478026900, -0.9196581987385141800 ) ) ;
#3928 = DIRECTION ( 'NONE',  ( -0.0000000000000000000, -0.0000000000000000000, -1.000000000000000000 ) ) ;
#3929 = CARTESIAN_POINT ( 'NONE',  ( 1.934401076758545600, -3.350480947161634100, -26.91666666666660400 ) ) ;
#3930 = ORIENTED_EDGE ( 'NONE', *, *, #4665, .T. ) ;
#3931 = CARTESIAN_POINT ( 'NONE',  ( 2.309401076758560200, -3.999999999999966700, -14.41666666666663400 ) ) ;
#3932 =( BOUNDED_CURVE ( )  B_SPLINE_CURVE ( 2, ( #3197, #5000, #1339, #5618, #6132, #64, #2461, #6753, #4321 ),
 .UNSPECIFIED., .F., .F. ) 
 B_SPLINE_CURVE_WITH_KNOTS ( ( 3, 2, 2, 2, 3 ),
 ( 0.4924242424242425400, 0.4949494949494949700, 0.5000000000000000000, 0.5050505050505050800, 0.5075757575757576800 ),
 .UNSPECIFIED. ) 
 CURVE ( )  GEOMETRIC_REPRESENTATION_ITEM ( )  RATIONAL_B_SPLINE_CURVE ( ( 0.9330127018922194100, 0.9330127018922223000, 1.000000000000000000, 0.8660254037844387100, 1.000000000000000000, 0.8660254037844387100, 1.000000000000000000, 0.9330127018922164100, 0.9330127018922194100 ) ) 
 REPRESENTATION_ITEM ( '' )  );
#3933 = ADVANCED_FACE ( 'NONE', ( #2637 ), #7617, .T. ) ;
#3934 = CARTESIAN_POINT ( 'NONE',  ( -1.934401076758376800, -3.350480947161732300, -28.20833333333327200 ) ) ;
#3935 = CARTESIAN_POINT ( 'NONE',  ( -3.464101615137710000, -2.000000000000077700, -13.66666666666663600 ) ) ;
#3936 = EDGE_LOOP ( 'NONE', ( #4559, #1522, #2684, #6974 ) ) ;
#3937 = ORIENTED_EDGE ( 'NONE', *, *, #2119, .T. ) ;
#3938 = CARTESIAN_POINT ( 'NONE',  ( 4.720288238941220700E-014, -3.350480947161662100, -4.999999999999984000 ) ) ;
#3939 = EDGE_CURVE ( 'NONE', #7875, #4746, #5628, .T. ) ;
#3940 = CARTESIAN_POINT ( 'NONE',  ( -2.901601615137771700, 1.675240473580788000, -6.458333333333314400 ) ) ;
#3941 = CARTESIAN_POINT ( 'NONE',  ( 1.146616033158412100E-013, -4.000000000000000000, -14.62499999999996100 ) ) ;
#3942 = CARTESIAN_POINT ( 'NONE',  ( 3.350480947161662100, 4.103155767545721900E-016, 0.0000000000000000000 ) ) ;
#3943 = ORIENTED_EDGE ( 'NONE', *, *, #3578, .F. ) ;
#3944 = CARTESIAN_POINT ( 'NONE',  ( 7.448328461362261500E-014, -4.000000000000000000, -2.624999999999984900 ) ) ;
#3945 = CARTESIAN_POINT ( 'NONE',  ( -8.126737079135990000E-014, 3.350480947161662100, -11.62499999999996800 ) ) ;
#3947 = CARTESIAN_POINT ( 'NONE',  ( -3.350480947161662100, -7.262777413738993000E-015, -3.249999999999989800 ) ) ;
#3946 = VECTOR ( 'NONE', #6093, 1000.000000000000000 ) ;
#3948 = EDGE_CURVE ( 'NONE', #6036, #6189, #7634, .T. ) ;
#3949 = CARTESIAN_POINT ( 'NONE',  ( 0.0000000000000000000, 0.0000000000000000000, 0.0000000000000000000 ) ) ;
#3950 = ORIENTED_EDGE ( 'NONE', *, *, #3360, .F. ) ;
#3951 = DIRECTION ( 'NONE',  ( 0.0000000000000000000, 0.0000000000000000000, 1.000000000000000000 ) ) ;
#3952 = CARTESIAN_POINT ( 'NONE',  ( 1.934401076758545600, -3.350480947161634100, -29.91666666666659700 ) ) ;
#3953 =( BOUNDED_CURVE ( )  B_SPLINE_CURVE ( 2, ( #7253, #3599, #3518, #4148, #4726, #1672, #6659, #2994, #7281 ),
 .UNSPECIFIED., .F., .F. ) 
 B_SPLINE_CURVE_WITH_KNOTS ( ( 3, 2, 2, 2, 3 ),
 ( 0.7196969696969698300, 0.7222222222222222100, 0.7272727272727272900, 0.7323232323232323800, 0.7348484848484849700 ),
 .UNSPECIFIED. ) 
 CURVE ( )  GEOMETRIC_REPRESENTATION_ITEM ( )  RATIONAL_B_SPLINE_CURVE ( ( 0.9330127018922194100, 0.9330127018922238500, 1.000000000000000000, 0.8660254037844387100, 1.000000000000000000, 0.8660254037844387100, 1.000000000000000000, 0.9330127018922164100, 0.9330127018922194100 ) ) 
 REPRESENTATION_ITEM ( '' )  );
#3954 = CARTESIAN_POINT ( 'NONE',  ( -3.464101615137801900, 1.999999999999917600, -14.83333333333329800 ) ) ;
#3955 = LINE ( 'NONE', #7814, #3791 ) ;
#3956 = CARTESIAN_POINT ( 'NONE',  ( -3.464101615137783700, 1.999999999999948500, -20.83333333333328600 ) ) ;
#3957 = CARTESIAN_POINT ( 'NONE',  ( 8.721961132475508300E-014, -4.000000000000000000, -16.49999999999996100 ) ) ;
#3958 = LINE ( 'NONE', #755, #978 ) ;
#3959 = B_SPLINE_CURVE_WITH_KNOTS ( 'NONE', 3,
 ( #7256, #5368, #7860, #7191, #3539, #4171, #1110, #6620, #6008, #1637, #996, #1028 ),
 .UNSPECIFIED., .F., .F.,
 ( 4, 2, 2, 2, 2, 4 ),
 ( 2.544334156067870200E-007, 0.0008948231872789959100, 0.001342107564210690900, 0.001789391941142386200, 0.002683960695005775100, 0.003578529448869165400 ),
 .UNSPECIFIED. ) ;
#3960 = CARTESIAN_POINT ( 'NONE',  ( 2.999999999999996400, 1.598070486230078300, -37.93300983933059500 ) ) ;
#3961 = CARTESIAN_POINT ( 'NONE',  ( -1.636469668165504200, 2.519285411701743800, -37.53622661908820400 ) ) ;
#3962 = CARTESIAN_POINT ( 'NONE',  ( -3.350480947161665200, 1.394453263437886600E-015, -15.24999999999996300 ) ) ;
#3963 = CARTESIAN_POINT ( 'NONE',  ( -4.679256681265764000E-014, 3.350480947161662100, -3.499999999999986200 ) ) ;
#3964 = EDGE_CURVE ( 'NONE', #2952, #4557, #7346, .T. ) ;
#3965 = CARTESIAN_POINT ( 'NONE',  ( 3.464101615137792100, -1.999999999999934500, -9.333333333333310800 ) ) ;
#3966 = FACE_OUTER_BOUND ( 'NONE', #7762, .T. ) ;
#3967 = CARTESIAN_POINT ( 'NONE',  ( 4.720288238941220100E-014, -3.350480947161662100, -8.124999999999975100 ) ) ;
#3968 = CARTESIAN_POINT ( 'NONE',  ( -2.309401076758595700, 3.999999999999946300, -24.91666666666661100 ) ) ;
#3969 =( BOUNDED_CURVE ( )  B_SPLINE_CURVE ( 2, ( #7916, #5449, #1123, #537, #484, #7343, #3579, #7229, #4185 ),
 .UNSPECIFIED., .F., .T. ) 
 B_SPLINE_CURVE_WITH_KNOTS ( ( 3, 2, 2, 2, 3 ),
 ( 0.9166666666666668500, 0.9191919191919192300, 0.9242424242424242000, 0.9292929292929292800, 0.9318181818181819900 ),
 .UNSPECIFIED. ) 
 CURVE ( )  GEOMETRIC_REPRESENTATION_ITEM ( )  RATIONAL_B_SPLINE_CURVE ( ( 0.9330127018922194100, 0.9330127018922238500, 1.000000000000000000, 0.8660254037844387100, 1.000000000000000000, 0.8660254037844387100, 1.000000000000000000, 0.9330127018922149700, 0.9330127018922194100 ) ) 
 REPRESENTATION_ITEM ( '' )  );
#3970 = CYLINDRICAL_SURFACE ( 'NONE', #3519, 4.000000000000000000 ) ;
#3971 = EDGE_LOOP ( 'NONE', ( #5046, #2856, #850, #509 ) ) ;
#3972 = DIRECTION ( 'NONE',  ( 1.000000000000000000, 0.0000000000000000000, 0.0000000000000000000 ) ) ;
#3973 = CARTESIAN_POINT ( 'NONE',  ( 3.999999999999996400, -9.993581721304852300E-015, -27.24999999999994300 ) ) ;
#3974 = AXIS2_PLACEMENT_3D ( 'NONE', #1322, #2649, #5082 ) ;
#3975 = CARTESIAN_POINT ( 'NONE',  ( 1.230691844023540800, 2.753561347701287200, -37.54837837872109700 ) ) ;
#3976 = CARTESIAN_POINT ( 'NONE',  ( -3.350480947161659500, -4.822484202722690600E-015, -28.37499999999994300 ) ) ;
#3977 = ORIENTED_EDGE ( 'NONE', *, *, #915, .F. ) ;
#3978 = CARTESIAN_POINT ( 'NONE',  ( -1.934401076758546400, 3.350480947161633700, -28.41666666666660400 ) ) ;
#3979 = CARTESIAN_POINT ( 'NONE',  ( 4.000000000000012400, -1.289869268680045000E-014, -21.37499999999995400 ) ) ;
#3980 = CARTESIAN_POINT ( 'NONE',  ( 3.464101615137782400, -1.999999999999950700, -17.33333333333329300 ) ) ;
#3981 = CARTESIAN_POINT ( 'NONE',  ( -3.999999999999990700, 1.071796769724412800, -25.91965819873845300 ) ) ;
#3982 = CARTESIAN_POINT ( 'NONE',  ( -3.400314804089575200, 0.4728598489106902200, -0.2300225587059129800 ) ) ;
#3983 = VERTEX_POINT ( 'NONE', #4727 ) ;
#3984 = CARTESIAN_POINT ( 'NONE',  ( -2.999999999999997300, -1.732050807568878700, -33.50000000000000000 ) ) ;
#3985 = AXIS2_PLACEMENT_3D ( 'NONE', #5265, #5840, #2172 ) ;
#3986 = CARTESIAN_POINT ( 'NONE',  ( 2.901601615137821000, -1.675240473580702000, -25.83333333333327500 ) ) ;
#3987 = ORIENTED_EDGE ( 'NONE', *, *, #1451, .F. ) ;
#3988 = VERTEX_POINT ( 'NONE', #2968 ) ;
#3989 = CARTESIAN_POINT ( 'NONE',  ( 4.720288238941220700E-014, -3.350480947161662100, -3.999999999999986200 ) ) ;
#3990 = AXIS2_PLACEMENT_3D ( 'NONE', #5772, #7009, #3972 ) ;
#3991 = CARTESIAN_POINT ( 'NONE',  ( -3.999999999999996400, -1.940614124951058900E-014, -19.74999999999995400 ) ) ;
#3992 = CARTESIAN_POINT ( 'NONE',  ( 2.901601615137722900, 1.675240473580871900, -13.79166666666663100 ) ) ;
#3993 = CARTESIAN_POINT ( 'NONE',  ( -6.370144093603319600E-014, 4.000000000000000000, -6.124999999999977800 ) ) ;
#3994 = CARTESIAN_POINT ( 'NONE',  ( 4.000000000000000000, 0.0000000000000000000, -30.00000000000000000 ) ) ;
#3995 = ORIENTED_EDGE ( 'NONE', *, *, #1436, .F. ) ;
#3996 = EDGE_CURVE ( 'NONE', #595, #3068, #1212, .T. ) ;
#3997 = ORIENTED_EDGE ( 'NONE', *, *, #6990, .F. ) ;
#3998 = CARTESIAN_POINT ( 'NONE',  ( -3.464101615137788600, 1.999999999999940700, -1.833333333333327500 ) ) ;
#3999 = CARTESIAN_POINT ( 'NONE',  ( 3.999999999999996400, 3.311826500664979900E-014, -23.24999999999994300 ) ) ;
#4000 =( BOUNDED_CURVE ( )  B_SPLINE_CURVE ( 2, ( #1496, #5103, #1442, #291, #7598, #7037, #5726, #4519, #857 ),
 .UNSPECIFIED., .F., .T. ) 
 B_SPLINE_CURVE_WITH_KNOTS ( ( 3, 2, 2, 2, 3 ),
 ( 0.7500000000000001100, 0.7525252525252524900, 0.7575757575757575700, 0.7626262626262626500, 0.7651515151515152500 ),
 .UNSPECIFIED. ) 
 CURVE ( )  GEOMETRIC_REPRESENTATION_ITEM ( )  RATIONAL_B_SPLINE_CURVE ( ( 0.9330127018922194100, 0.9330127018922223000, 1.000000000000000000, 0.8660254037844387100, 1.000000000000000000, 0.8660254037844387100, 1.000000000000000000, 0.9330127018922164100, 0.9330127018922194100 ) ) 
 REPRESENTATION_ITEM ( '' )  );
#4001 = CARTESIAN_POINT ( 'NONE',  ( -3.999999999999997300, 1.475796370471763300E-014, -10.74999999999998000 ) ) ;
#4002 = CARTESIAN_POINT ( 'NONE',  ( 2.764222404442742100, 1.868177065832744300, -37.86387374173584400 ) ) ;
#4003 = ORIENTED_EDGE ( 'NONE', *, *, #306, .T. ) ;
#4004 = CARTESIAN_POINT ( 'NONE',  ( 2.194320748710795000, -3.079566254288699200, -29.65633182235564600 ) ) ;
#4005 = CARTESIAN_POINT ( 'NONE',  ( 2.901601615137786800, -1.675240473580762000, -28.95833333333326800 ) ) ;
#4006 = EDGE_CURVE ( 'NONE', #134, #1547, #1397, .T. ) ;
#4007 = CARTESIAN_POINT ( 'NONE',  ( 5.635356014114907400E-014, -4.000000000000000000, -21.49999999999995000 ) ) ;
#4008 = CARTESIAN_POINT ( 'NONE',  ( 2.901601615137718400, 1.675240473580879900, -5.666666666666648300 ) ) ;
#4009 = EDGE_CURVE ( 'NONE', #5826, #831, #4465, .T. ) ;
#4010 = CARTESIAN_POINT ( 'NONE',  ( 2.901601615137689500, 1.675240473580929900, -17.79166666666662500 ) ) ;
#4011 = ORIENTED_EDGE ( 'NONE', *, *, #5609, .F. ) ;
#4012 = CARTESIAN_POINT ( 'NONE',  ( 8.673617379884035500E-016, 3.464101615137756200, -38.00000000000000000 ) ) ;
#4013 = CYLINDRICAL_SURFACE ( 'NONE', #5816, 3.350480947161662100 ) ;
#4014 = CARTESIAN_POINT ( 'NONE',  ( -5.992266526880394200E-014, 3.350480947161662100, -14.62499999999996300 ) ) ;
#4015 = CARTESIAN_POINT ( 'NONE',  ( 3.868802153516995600, 5.426829789941481600E-014, -1.749999999999990500 ) ) ;
#4016 = CARTESIAN_POINT ( 'NONE',  ( -1.934401076758429400, -3.350480947161700300, -22.08333333333328200 ) ) ;
#4017 = CARTESIAN_POINT ( 'NONE',  ( -3.868802153516995600, -5.474208951679871200E-014, -23.37499999999994300 ) ) ;
#4018 = CARTESIAN_POINT ( 'NONE',  ( -3.868802153516995600, -5.474208951679871200E-014, -16.37499999999995700 ) ) ;
#4019 = ORIENTED_EDGE ( 'NONE', *, *, #2935, .T. ) ;
#4020 = FACE_OUTER_BOUND ( 'NONE', #5176, .T. ) ;
#4021 = CARTESIAN_POINT ( 'NONE',  ( 3.350480947161659500, -1.981285678467997400E-014, -27.87499999999994700 ) ) ;
#4022 = DIRECTION ( 'NONE',  ( 0.0000000000000000000, 0.0000000000000000000, 1.000000000000000000 ) ) ;
#4023 = CARTESIAN_POINT ( 'NONE',  ( -3.350480947161659500, 1.103942166888326800E-014, -12.37499999999997300 ) ) ;
#4024 = CARTESIAN_POINT ( 'NONE',  ( -3.999999999999996400, -2.335709216258459900E-014, -22.87499999999994300 ) ) ;
#4025 = CARTESIAN_POINT ( 'NONE',  ( 3.464101615137726400, 2.000000000000048800, -18.29166666666661800 ) ) ;
#4026 = ORIENTED_EDGE ( 'NONE', *, *, #4655, .T. ) ;
#4027 = ORIENTED_EDGE ( 'NONE', *, *, #164, .T. ) ;
#4028 = CARTESIAN_POINT ( 'NONE',  ( -3.999999999999996400, 2.939972297081544000E-014, -21.74999999999995700 ) ) ;
#4029 =( BOUNDED_CURVE ( )  B_SPLINE_CURVE ( 2, ( #2016, #838, #1939, #6216, #175, #5110, #7480, #3229, #3281 ),
 .UNSPECIFIED., .F., .F. ) 
 B_SPLINE_CURVE_WITH_KNOTS ( ( 3, 2, 2, 2, 3 ),
 ( 0.9015151515151517100, 0.9040404040404040900, 0.9090909090909090600, 0.9141414141414141400, 0.9166666666666668500 ),
 .UNSPECIFIED. ) 
 CURVE ( )  GEOMETRIC_REPRESENTATION_ITEM ( )  RATIONAL_B_SPLINE_CURVE ( ( 0.9330127018922194100, 0.9330127018922238500, 1.000000000000000000, 0.8660254037844387100, 1.000000000000000000, 0.8660254037844387100, 1.000000000000000000, 0.9330127018922149700, 0.9330127018922194100 ) ) 
 REPRESENTATION_ITEM ( '' )  );
#4030 = CARTESIAN_POINT ( 'NONE',  ( -3.350480947161662100, 5.112995299272251500E-015, -5.374999999999986700 ) ) ;
#4031 = CARTESIAN_POINT ( 'NONE',  ( 2.901601615137770400, -1.675240473580789800, -30.83333333333326100 ) ) ;
#4032 = CARTESIAN_POINT ( 'NONE',  ( 3.999999999999996400, -4.067155351693835500E-015, -28.37499999999993600 ) ) ;
#4033 = ORIENTED_EDGE ( 'NONE', *, *, #2525, .T. ) ;
#4034 = CARTESIAN_POINT ( 'NONE',  ( 2.309401076758446100, 4.000000000000032000, -21.08333333333328200 ) ) ;
#4035 = VERTEX_POINT ( 'NONE', #3546 ) ;
#4036 = CARTESIAN_POINT ( 'NONE',  ( 0.0000000000000000000, 0.0000000000000000000, 0.0000000000000000000 ) ) ;
#4037 = CARTESIAN_POINT ( 'NONE',  ( 3.350480947161659500, -4.357666448243394800E-015, -10.74999999999997500 ) ) ;
#4038 = CARTESIAN_POINT ( 'NONE',  ( 9.113848108202662100E-014, -4.000000000000000000, -20.49999999999995400 ) ) ;
#4039 = CARTESIAN_POINT ( 'NONE',  ( -3.350480947161663900, -0.8977586640479050500, -26.20534180126142200 ) ) ;
#4040 = CARTESIAN_POINT ( 'NONE',  ( 2.901601615137722900, 1.675240473580871900, -8.666666666666641200 ) ) ;
#4041 = VERTEX_POINT ( 'NONE', #1646 ) ;
#4042 = CARTESIAN_POINT ( 'NONE',  ( 2.309401076758566400, -3.999999999999963600, -9.416666666666643000 ) ) ;
#4043 = EDGE_CURVE ( 'NONE', #4762, #7671, #1363, .T. ) ;
#4044 = CARTESIAN_POINT ( 'NONE',  ( -2.309401076758561500, 3.999999999999966200, -0.9166666666666626300 ) ) ;
#4045 = CARTESIAN_POINT ( 'NONE',  ( -4.679256681265763300E-014, 3.350480947161662100, -14.62499999999996300 ) ) ;
#4046 = CARTESIAN_POINT ( 'NONE',  ( 3.350480947161662100, 4.103155767545721900E-016, 0.0000000000000000000 ) ) ;
#4047 = PERSON_AND_ORGANIZATION ( #4398, #318 ) ;
#4048 = CARTESIAN_POINT ( 'NONE',  ( -3.464101615137835200, 1.999999999999859900, -24.83333333333327500 ) ) ;
#4049 = ADVANCED_FACE ( 'NONE', ( #7439 ), #5508, .T. ) ;
#4050 = CARTESIAN_POINT ( 'NONE',  ( -1.303420341900200600E-013, 4.000000000000000000, -16.99999999999996100 ) ) ;
#4051 = LINE ( 'NONE', #3879, #140 ) ;
#4052 = CARTESIAN_POINT ( 'NONE',  ( 1.934401076758340600, 3.350480947161752300, -28.58333333333326500 ) ) ;
#4053 = CARTESIAN_POINT ( 'NONE',  ( 2.309401076758580200, -3.999999999999955600, -22.54166666666660700 ) ) ;
#4054 = CARTESIAN_POINT ( 'NONE',  ( -3.464101615137725500, -2.000000000000050200, -16.79166666666662200 ) ) ;
#4055 = LINE ( 'NONE', #5355, #2432 ) ;
#4056 = EDGE_CURVE ( 'NONE', #5367, #4736, #7141, .T. ) ;
#4057 = CARTESIAN_POINT ( 'NONE',  ( -3.350480947161662100, -8.715332896486790000E-016, -1.249999999999994000 ) ) ;
#4058 = ORIENTED_EDGE ( 'NONE', *, *, #7232, .F. ) ;
#4059 = CYLINDRICAL_SURFACE ( 'NONE', #5314, 4.000000000000000000 ) ;
#4060 = CARTESIAN_POINT ( 'NONE',  ( 1.594280787799007300, -3.463414349882358400, -29.66940495503273200 ) ) ;
#4061 = CARTESIAN_POINT ( 'NONE',  ( -4.679256681265764000E-014, 3.350480947161662100, -30.49999999999992900 ) ) ;
#4062 = CARTESIAN_POINT ( 'NONE',  ( -3.999999999999996400, -1.940614124951058900E-014, -18.87499999999995400 ) ) ;
#4063 = CARTESIAN_POINT ( 'NONE',  ( -3.464101615137725500, -2.000000000000050200, -19.66666666666662200 ) ) ;
#4064 = DIRECTION ( 'NONE',  ( -0.0000000000000000000, -0.0000000000000000000, -1.000000000000000000 ) ) ;
#4065 = VECTOR ( 'NONE', #7697, 1000.000000000000000 ) ;
#4066 = ORIENTED_EDGE ( 'NONE', *, *, #7789, .F. ) ;
#4067 = CARTESIAN_POINT ( 'NONE',  ( 3.350480947161665700, 1.801168798607269900E-015, -9.749999999999976900 ) ) ;
#4068 = CARTESIAN_POINT ( 'NONE',  ( -2.901601615137775700, 1.675240473580780700, -2.333333333333322400 ) ) ;
#4069 = DIRECTION ( 'NONE',  ( -0.0000000000000000000, -0.0000000000000000000, 1.000000000000000000 ) ) ;
#4070 = CARTESIAN_POINT ( 'NONE',  ( -2.901601615137771700, 1.675240473580788000, -11.33333333333330400 ) ) ;
#4071 = DIRECTION ( 'NONE',  ( -0.0000000000000000000, -0.0000000000000000000, -1.000000000000000000 ) ) ;
#4072 = VECTOR ( 'NONE', #388, 1000.000000000000000 ) ;
#4073 = EDGE_LOOP ( 'NONE', ( #2675, #7189, #3227, #1422 ) ) ;
#4074 = CARTESIAN_POINT ( 'NONE',  ( -4.679256681265763300E-014, 3.350480947161662100, -28.62499999999993600 ) ) ;
#4075 = CARTESIAN_POINT ( 'NONE',  ( 1.934401076758450300, 3.350480947161689200, -11.70833333333330200 ) ) ;
#4076 = CARTESIAN_POINT ( 'NONE',  ( -1.230691844023540400, -2.753561347701287700, -37.54837837872111800 ) ) ;
#4077 = CARTESIAN_POINT ( 'NONE',  ( 3.464101615137701500, 2.000000000000092400, -17.16666666666662500 ) ) ;
#4078 = CARTESIAN_POINT ( 'NONE',  ( 3.464101615137722000, 2.000000000000056800, -3.291666666666650100 ) ) ;
#4079 = CARTESIAN_POINT ( 'NONE',  ( 2.309401076758560200, -3.999999999999966700, -14.54166666666662700 ) ) ;
#4080 = CYLINDRICAL_SURFACE ( 'NONE', #3485, 3.350480947161662100 ) ;
#4081 = ORIENTED_EDGE ( 'NONE', *, *, #5339, .T. ) ;
#4082 = VERTEX_POINT ( 'NONE', #481 ) ;
#4083 = ORIENTED_EDGE ( 'NONE', *, *, #922, .F. ) ;
#4084 = CARTESIAN_POINT ( 'NONE',  ( -4.000000000000000900, 3.834746474454188000E-015, -2.749999999999994700 ) ) ;
#4085 = DIRECTION ( 'NONE',  ( 0.0000000000000000000, 0.0000000000000000000, 1.000000000000000000 ) ) ;
#4086 = CARTESIAN_POINT ( 'NONE',  ( -4.000000000000000900, 4.996790860652426900E-015, -6.749999999999987600 ) ) ;
#4087 = CARTESIAN_POINT ( 'NONE',  ( 2.377930180682293200, -2.926340306853703500, -29.65195340461696100 ) ) ;
#4088 = CARTESIAN_POINT ( 'NONE',  ( 2.901601615137688700, 1.675240473580931000, -19.79166666666662200 ) ) ;
#4089 = CARTESIAN_POINT ( 'NONE',  ( -4.000000000000002700, -1.071796769724579600, -26.70534180126142200 ) ) ;
#4090 = ORIENTED_EDGE ( 'NONE', *, *, #3357, .T. ) ;
#4091 = DIRECTION ( 'NONE',  ( 1.000000000000000000, 0.0000000000000000000, 0.0000000000000000000 ) ) ;
#4092 = CARTESIAN_POINT ( 'NONE',  ( 2.309401076758420300, 4.000000000000047100, -9.083333333333310800 ) ) ;
#4093 = CARTESIAN_POINT ( 'NONE',  ( 3.464101615137782400, -1.999999999999950700, -23.33333333333327900 ) ) ;
#4094 = ORIENTED_EDGE ( 'NONE', *, *, #6208, .F. ) ;
#4095 = CARTESIAN_POINT ( 'NONE',  ( -4.000000000000000000, 4.898587196589412800E-016, -30.00000000000000000 ) ) ;
#4096 = CARTESIAN_POINT ( 'NONE',  ( 3.350480947161659500, -8.715332896486790000E-016, -14.87499999999996400 ) ) ;
#4097 = EDGE_CURVE ( 'NONE', #5916, #1681, #7051, .T. ) ;
#4098 = CARTESIAN_POINT ( 'NONE',  ( -3.350480947161667000, 0.8977586640477667200, -28.29465819873845300 ) ) ;
#4099 = CARTESIAN_POINT ( 'NONE',  ( -2.901601615137722400, -1.675240473580873000, -12.16666666666663400 ) ) ;
#4100 = CARTESIAN_POINT ( 'NONE',  ( 7.305691149060935900E-014, -3.350480947161662100, -16.12499999999996100 ) ) ;
#4101 = EDGE_LOOP ( 'NONE', ( #651, #1889, #3322, #7673 ) ) ;
#4102 = CARTESIAN_POINT ( 'NONE',  ( 3.464101615137726400, 2.000000000000048800, 0.8333333333333334800 ) ) ;
#4103 = ORIENTED_EDGE ( 'NONE', *, *, #1650, .F. ) ;
#4104 = CARTESIAN_POINT ( 'NONE',  ( -3.868802153516995600, -5.474208951679871200E-014, -14.37499999999996100 ) ) ;
#4105 = DIRECTION ( 'NONE',  ( 0.0000000000000000000, 0.0000000000000000000, 1.000000000000000000 ) ) ;
#4106 =( BOUNDED_CURVE ( )  B_SPLINE_CURVE ( 2, ( #5097, #6306, #2640, #5124, #7010, #1491, #6329, #5700, #6960 ),
 .UNSPECIFIED., .F., .T. ) 
 B_SPLINE_CURVE_WITH_KNOTS ( ( 3, 2, 2, 2, 3 ),
 ( 0.4318181818181819300, 0.4343434343434343600, 0.4393939393939393900, 0.4444444444444444200, 0.4469696969696970700 ),
 .UNSPECIFIED. ) 
 CURVE ( )  GEOMETRIC_REPRESENTATION_ITEM ( )  RATIONAL_B_SPLINE_CURVE ( ( 0.9330127018922194100, 0.9330127018922223000, 1.000000000000000000, 0.8660254037844387100, 1.000000000000000000, 0.8660254037844387100, 1.000000000000000000, 0.9330127018922164100, 0.9330127018922194100 ) ) 
 REPRESENTATION_ITEM ( '' )  );
#4107 = CARTESIAN_POINT ( 'NONE',  ( -3.464101615137678000, -2.000000000000133700, -21.66666666666661800 ) ) ;
#4108 = CARTESIAN_POINT ( 'NONE',  ( -3.464101615137802800, 1.999999999999915800, -16.83333333333329300 ) ) ;
#4109 = EDGE_CURVE ( 'NONE', #7401, #5038, #3886, .T. ) ;
#4110 = CARTESIAN_POINT ( 'NONE',  ( 2.901601615137711800, 1.675240473580891200, -21.79166666666661500 ) ) ;
#4111 = ORIENTED_EDGE ( 'NONE', *, *, #3435, .T. ) ;
#4112 = CARTESIAN_POINT ( 'NONE',  ( 2.309401076758560200, -3.999999999999966700, -16.54166666666662200 ) ) ;
#4113 = FACE_OUTER_BOUND ( 'NONE', #2572, .T. ) ;
#4114 = CC_DESIGN_PERSON_AND_ORGANIZATION_ASSIGNMENT ( #3486, #5300, ( #2769 ) ) ;
#4115 = CARTESIAN_POINT ( 'NONE',  ( -3.999999999999996400, -5.694017492371369400E-015, -28.74999999999994300 ) ) ;
#4116 = CARTESIAN_POINT ( 'NONE',  ( -4.000000000000001800, 1.071796769724450800, -6.794658198738505700 ) ) ;
#4117 = CARTESIAN_POINT ( 'NONE',  ( 3.597840144129709600, -0.6750629499269461500, -29.60622747144195400 ) ) ;
#4118 = ORIENTED_EDGE ( 'NONE', *, *, #1684, .F. ) ;
#4119 = FACE_OUTER_BOUND ( 'NONE', #1437, .T. ) ;
#4120 = CARTESIAN_POINT ( 'NONE',  ( 0.0000000000000000000, 0.0000000000000000000, -30.00000000000000000 ) ) ;
#4121 = CARTESIAN_POINT ( 'NONE',  ( -4.000000000000000900, -8.250515142007494700E-015, -8.749999999999982200 ) ) ;
#4122 =( BOUNDED_CURVE ( )  B_SPLINE_CURVE ( 2, ( #4084, #7794, #4143, #440, #5327, #2291, #1611, #472, #4749 ),
 .UNSPECIFIED., .F., .T. ) 
 B_SPLINE_CURVE_WITH_KNOTS ( ( 3, 2, 2, 2, 3 ),
 ( 0.1136363636363637200, 0.1161616161616161600, 0.1212121212121212200, 0.1262626262626262700, 0.1287878787878788700 ),
 .UNSPECIFIED. ) 
 CURVE ( )  GEOMETRIC_REPRESENTATION_ITEM ( )  RATIONAL_B_SPLINE_CURVE ( ( 0.9330127018922194100, 0.9330127018922216300, 1.000000000000000000, 0.8660254037844387100, 1.000000000000000000, 0.8660254037844387100, 1.000000000000000000, 0.9330127018922175200, 0.9330127018922194100 ) ) 
 REPRESENTATION_ITEM ( '' )  );
#4123 = CARTESIAN_POINT ( 'NONE',  ( -2.309401076758561500, 3.999999999999966200, -26.91666666666660700 ) ) ;
#4124 =( BOUNDED_CURVE ( )  B_SPLINE_CURVE ( 2, ( #3736, #1263, #4863, #4299, #4245, #3139, #7316, #3025, #3651 ),
 .UNSPECIFIED., .F., .T. ) 
 B_SPLINE_CURVE_WITH_KNOTS ( ( 3, 2, 2, 2, 3 ),
 ( 0.6136363636363637600, 0.6161616161616161300, 0.6212121212121212200, 0.6262626262626263000, 0.6287878787878789000 ),
 .UNSPECIFIED. ) 
 CURVE ( )  GEOMETRIC_REPRESENTATION_ITEM ( )  RATIONAL_B_SPLINE_CURVE ( ( 0.9330127018922194100, 0.9330127018922223000, 1.000000000000000000, 0.8660254037844387100, 1.000000000000000000, 0.8660254037844387100, 1.000000000000000000, 0.9330127018922164100, 0.9330127018922194100 ) ) 
 REPRESENTATION_ITEM ( '' )  );
#4125 = DIRECTION ( 'NONE',  ( 0.0000000000000000000, 0.0000000000000000000, 1.000000000000000000 ) ) ;
#4126 = EDGE_CURVE ( 'NONE', #5444, #6190, #2544, .T. ) ;
#4127 = CARTESIAN_POINT ( 'NONE',  ( 1.934401076758575800, -3.350480947161616400, -9.916666666666639400 ) ) ;
#4128 = CARTESIAN_POINT ( 'NONE',  ( 3.350480947161662100, 4.103155767545721900E-016, 0.0000000000000000000 ) ) ;
#4129 = CARTESIAN_POINT ( 'NONE',  ( -3.350480947161662100, 3.369928719974892700E-015, -2.374999999999992900 ) ) ;
#4130 = VERTEX_POINT ( 'NONE', #7912 ) ;
#4131 = LINE ( 'NONE', #1553, #6325 ) ;
#4132 = CARTESIAN_POINT ( 'NONE',  ( 4.720288238941220700E-014, -3.350480947161662100, -6.999999999999978700 ) ) ;
#4133 = CARTESIAN_POINT ( 'NONE',  ( -2.901601615137771700, 1.675240473580788000, -29.45833333333326800 ) ) ;
#4134 = CARTESIAN_POINT ( 'NONE',  ( 3.868802153516995600, 5.426829789941480900E-014, -21.87499999999995000 ) ) ;
#4135 = CARTESIAN_POINT ( 'NONE',  ( -2.901601615137783700, 1.675240473580766900, -7.458333333333311700 ) ) ;
#4136 = EDGE_LOOP ( 'NONE', ( #4011, #4999, #726, #7922 ) ) ;
#4137 = CARTESIAN_POINT ( 'NONE',  ( 1.934401076758631700, -3.350480947161584800, -20.04166666666662500 ) ) ;
#4138 = VECTOR ( 'NONE', #2259, 1000.000000000000000 ) ;
#4139 = CARTESIAN_POINT ( 'NONE',  ( -3.350480947161656800, 0.8977586640477912500, -14.29465819873848500 ) ) ;
#4140 = CARTESIAN_POINT ( 'NONE',  ( -1.190246993840987500E-013, 3.350480947161662100, -28.49999999999993600 ) ) ;
#4141 = CARTESIAN_POINT ( 'NONE',  ( -4.618802153517005800, -6.535430629823232500E-014, -19.87499999999995000 ) ) ;
#4142 = CARTESIAN_POINT ( 'NONE',  ( -3.350480947161659500, 1.260818159025089000E-014, -10.37499999999997700 ) ) ;
#4143 = CARTESIAN_POINT ( 'NONE',  ( -3.464101615137789000, 1.999999999999939800, -2.833333333333325000 ) ) ;
#4144 = APPLICATION_PROTOCOL_DEFINITION ( 'international standard', 'config_control_design', 1994, #5901 ) ;
#4145 = ORIENTED_EDGE ( 'NONE', *, *, #3948, .F. ) ;
#4146 = CARTESIAN_POINT ( 'NONE',  ( 5.635356014114907400E-014, -4.000000000000000000, 0.3750000000000083800 ) ) ;
#4147 = CARTESIAN_POINT ( 'NONE',  ( -3.350480947161662100, 5.112995299272251500E-015, -5.249999999999986700 ) ) ;
#4148 = CARTESIAN_POINT ( 'NONE',  ( -1.934401076758621900, 3.350480947161590200, -22.54166666666660700 ) ) ;
#4149 = AXIS2_PLACEMENT_3D ( 'NONE', #5524, #3016, #1811 ) ;
#4150 = CARTESIAN_POINT ( 'NONE',  ( 3.350480947161648800, -0.8977586640478101300, -16.79465819873848500 ) ) ;
#4151 = CARTESIAN_POINT ( 'NONE',  ( 2.309401076758446100, 4.000000000000032000, -24.08333333333327900 ) ) ;
#4152 = CARTESIAN_POINT ( 'NONE',  ( -2.901601615137775300, 1.675240473580781500, -1.333333333333324800 ) ) ;
#4153 = FACE_OUTER_BOUND ( 'NONE', #1416, .T. ) ;
#4154 = VERTEX_POINT ( 'NONE', #3703 ) ;
#4155 = DIRECTION ( 'NONE',  ( -1.000000000000000000, 0.0000000000000000000, 0.0000000000000000000 ) ) ;
#4156 = CARTESIAN_POINT ( 'NONE',  ( 3.464101615137829400, -1.999999999999869900, -27.33333333333327200 ) ) ;
#4157 = CARTESIAN_POINT ( 'NONE',  ( -3.350480947161659500, 2.550687427705134000E-014, -18.37499999999996400 ) ) ;
#4158 = CARTESIAN_POINT ( 'NONE',  ( -1.934401076758449900, -3.350480947161689600, -9.083333333333307300 ) ) ;
#4159 = CYLINDRICAL_SURFACE ( 'NONE', #1009, 3.350480947161662100 ) ;
#4160 = CONICAL_SURFACE ( 'NONE', #2262, 3.464101615137755700, 0.7853981633974500600 ) ;
#4161 = EDGE_CURVE ( 'NONE', #1615, #6036, #2255, .T. ) ;
#4162 = CARTESIAN_POINT ( 'NONE',  ( 2.309401076758560200, -3.999999999999966700, 0.5833333333333339300 ) ) ;
#4163 = CARTESIAN_POINT ( 'NONE',  ( -2.901601615137771700, 1.675240473580788000, -18.45833333333329000 ) ) ;
#4164 = CARTESIAN_POINT ( 'NONE',  ( 0.0000000000000000000, 0.0000000000000000000, 0.0000000000000000000 ) ) ;
#4165 = CARTESIAN_POINT ( 'NONE',  ( -3.464101615137714900, -2.000000000000069700, -4.666666666666654500 ) ) ;
#4166 = VECTOR ( 'NONE', #4912, 1000.000000000000000 ) ;
#4167 = CARTESIAN_POINT ( 'NONE',  ( 3.350480947161659500, -3.794074920937249900E-014, -19.87499999999995400 ) ) ;
#4168 = CARTESIAN_POINT ( 'NONE',  ( 5.635356014114907400E-014, -4.000000000000000000, -22.62499999999994300 ) ) ;
#4169 = CYLINDRICAL_SURFACE ( 'NONE', #6828, 3.350480947161662100 ) ;
#4170 = CARTESIAN_POINT ( 'NONE',  ( 4.000000000000007100, -1.071796769724440400, -24.29465819873846800 ) ) ;
#4171 = CARTESIAN_POINT ( 'NONE',  ( 1.769308155976455900, -2.442591075005346100, -37.54837837872109700 ) ) ;
#4172 = EDGE_CURVE ( 'NONE', #6877, #3481, #4785, .T. ) ;
#4173 = CARTESIAN_POINT ( 'NONE',  ( 0.0000000000000000000, 0.0000000000000000000, 0.0000000000000000000 ) ) ;
#4174 = EDGE_CURVE ( 'NONE', #4489, #2825, #867, .T. ) ;
#4175 = CARTESIAN_POINT ( 'NONE',  ( 2.309401076758560200, -3.999999999999966700, -1.541666666666654300 ) ) ;
#4176 = FACE_OUTER_BOUND ( 'NONE', #2093, .T. ) ;
#4177 = VERTEX_POINT ( 'NONE', #4295 ) ;
#4178 = CARTESIAN_POINT ( 'NONE',  ( 3.807384105986351100, -0.2637461305872437800, -0.4977797507461754800 ) ) ;
#4179 = CARTESIAN_POINT ( 'NONE',  ( 4.000000000000003600, -3.195622062045156800E-014, -16.24999999999996800 ) ) ;
#4180 = CARTESIAN_POINT ( 'NONE',  ( 1.934401076758552700, -3.350480947161629700, -10.91666666666663800 ) ) ;
#4181 = CARTESIAN_POINT ( 'NONE',  ( 4.000000000000000900, 5.926426369611017600E-015, -4.374999999999984000 ) ) ;
#4182 = CARTESIAN_POINT ( 'NONE',  ( -3.350480947161659900, 0.8977586640477931400, -25.29465819873846000 ) ) ;
#4183 = CARTESIAN_POINT ( 'NONE',  ( -2.309401076758561500, 3.999999999999966200, -24.91666666666661100 ) ) ;
#4184 = CARTESIAN_POINT ( 'NONE',  ( -4.000000000000000900, 1.071796769724453700, -0.9196581987385106200 ) ) ;
#4185 = CARTESIAN_POINT ( 'NONE',  ( -3.350480947161659500, 1.824409686331234900E-014, -29.24999999999993600 ) ) ;
#4186 = CARTESIAN_POINT ( 'NONE',  ( -4.000000000000000000, 4.898587196589412800E-016, -30.00000000000000000 ) ) ;
#4187 = FACE_OUTER_BOUND ( 'NONE', #7166, .T. ) ;
#4188 = ORIENTED_EDGE ( 'NONE', *, *, #7084, .F. ) ;
#4189 = CARTESIAN_POINT ( 'NONE',  ( 0.0000000000000000000, 0.0000000000000000000, -38.00000000000000000 ) ) ;
#4190 = EDGE_LOOP ( 'NONE', ( #3090, #2601, #5064, #6365 ) ) ;
#4191 = CARTESIAN_POINT ( 'NONE',  ( -1.934401076758449900, -3.350480947161689600, -17.08333333333329000 ) ) ;
#4192 = CARTESIAN_POINT ( 'NONE',  ( 4.000000000000005300, 2.324088772396477500E-015, -10.24999999999997900 ) ) ;
#4193 = CARTESIAN_POINT ( 'NONE',  ( -3.464101615137725500, -2.000000000000050200, -2.666666666666659400 ) ) ;
#4194 = ADVANCED_FACE ( 'NONE', ( #7805 ), #7904, .T. ) ;
#4195 = CARTESIAN_POINT ( 'NONE',  ( 2.901601615137722900, 1.675240473580871900, -19.79166666666662200 ) ) ;
#4196 = DIRECTION ( 'NONE',  ( -0.0000000000000000000, -0.0000000000000000000, -1.000000000000000000 ) ) ;
#4197 = ORIENTED_EDGE ( 'NONE', *, *, #2671, .F. ) ;
#4198 = DIRECTION ( 'NONE',  ( -1.000000000000000000, 0.0000000000000000000, 0.0000000000000000000 ) ) ;
#4199 = ORIENTED_EDGE ( 'NONE', *, *, #5634, .T. ) ;
#4200 = CARTESIAN_POINT ( 'NONE',  ( -2.901601615137786800, 1.675240473580762000, -14.33333333333329700 ) ) ;
#4201 = VERTEX_POINT ( 'NONE', #1790 ) ;
#4202 = CARTESIAN_POINT ( 'NONE',  ( 2.901601615137714900, 1.675240473580885700, -13.79166666666663100 ) ) ;
#4203 = DIRECTION ( 'NONE',  ( 0.0000000000000000000, 0.0000000000000000000, 1.000000000000000000 ) ) ;
#4204 = CARTESIAN_POINT ( 'NONE',  ( 3.464101615137726400, 2.000000000000048800, -22.29166666666660700 ) ) ;
#4205 = CARTESIAN_POINT ( 'NONE',  ( 8.526017644611932100E-014, -4.000000000000000000, -13.62499999999996100 ) ) ;
#4206 = CARTESIAN_POINT ( 'NONE',  ( 3.350480947161663900, -0.8977586640477963600, -2.794658198738510200 ) ) ;
#4207 = PERSON_AND_ORGANIZATION_ROLE ( 'design_owner' ) ;
#4208 = ORIENTED_EDGE ( 'NONE', *, *, #7779, .T. ) ;
#4209 = CARTESIAN_POINT ( 'NONE',  ( 4.618802153517005800, 6.478866617091239000E-014, 1.625000000000005600 ) ) ;
#4210 = CARTESIAN_POINT ( 'NONE',  ( -3.350480947161665200, 3.910279359557073600E-014, -17.37499999999996400 ) ) ;
#4211 = ORIENTED_EDGE ( 'NONE', *, *, #1587, .F. ) ;
#4212 = CARTESIAN_POINT ( 'NONE',  ( -2.309401076758421200, -4.000000000000046200, -22.58333333333328200 ) ) ;
#4213 = CARTESIAN_POINT ( 'NONE',  ( 3.096480947161662100, 3.792095480562293600E-016, 0.0000000000000000000 ) ) ;
#4214 = DIRECTION ( 'NONE',  ( 0.0000000000000000000, 0.0000000000000000000, 1.000000000000000000 ) ) ;
#4215 = CARTESIAN_POINT ( 'NONE',  ( -5.586370142149013400E-014, 4.000000000000000000, -24.99999999999994300 ) ) ;
#4216 = CARTESIAN_POINT ( 'NONE',  ( -6.109999999999989700, 7.721398068624054400E-016, -38.00000000000000000 ) ) ;
#4217 = ORIENTED_EDGE ( 'NONE', *, *, #4418, .T. ) ;
#4218 = CARTESIAN_POINT ( 'NONE',  ( -3.999999999999997300, -1.071796769724574000, -27.70534180126141500 ) ) ;
#4219 = EDGE_CURVE ( 'NONE', #2504, #1268, #4221, .T. ) ;
#4220 = FACE_OUTER_BOUND ( 'NONE', #4482, .T. ) ;
#4221 =( BOUNDED_CURVE ( )  B_SPLINE_CURVE ( 2, ( #563, #1180, #2401, #6687, #1821 ),
 .UNSPECIFIED., .F., .T. ) 
 B_SPLINE_CURVE_WITH_KNOTS ( ( 3, 2, 3 ),
 ( 0.07601965312976234600, 0.08080808080808081500, 0.08333333333333341200 ),
 .UNSPECIFIED. ) 
 CURVE ( )  GEOMETRIC_REPRESENTATION_ITEM ( )  RATIONAL_B_SPLINE_CURVE ( ( 0.9868172720120287300, 0.8729775223873934600, 1.000000000000000000, 0.9330127018922174100, 0.9330127018922194100 ) ) 
 REPRESENTATION_ITEM ( '' )  );
#4222 = CARTESIAN_POINT ( 'NONE',  ( 2.901601615137722900, 1.675240473580871900, -13.66666666666663100 ) ) ;
#4223 = AXIS2_PLACEMENT_3D ( 'NONE', #855, #5127, #1469 ) ;
#4224 = CARTESIAN_POINT ( 'NONE',  ( -3.350480947161659500, -6.623653001329960800E-015, -26.37499999999994300 ) ) ;
#4225 = CARTESIAN_POINT ( 'NONE',  ( 3.464101615137726400, 2.000000000000048800, -1.166666666666662500 ) ) ;
#4226 = CARTESIAN_POINT ( 'NONE',  ( -2.901601615137771700, 1.675240473580788000, -17.45833333333329000 ) ) ;
#4227 = VERTEX_POINT ( 'NONE', #5476 ) ;
#4228 = CARTESIAN_POINT ( 'NONE',  ( -2.999999999999997300, -1.732050807568878700, -38.00000000000000000 ) ) ;
#4229 = CARTESIAN_POINT ( 'NONE',  ( 3.999999999999995600, -1.071796769724448800, -12.41965819873848900 ) ) ;
#4230 = EDGE_CURVE ( 'NONE', #5916, #3631, #5991, .T. ) ;
#4231 = CARTESIAN_POINT ( 'NONE',  ( 3.464101615137718400, 2.000000000000063900, -12.16666666666663800 ) ) ;
#4232 = CARTESIAN_POINT ( 'NONE',  ( 3.350480947161662100, 0.8977586640478603100, -19.70534180126143300 ) ) ;
#4233 = CARTESIAN_POINT ( 'NONE',  ( 2.309401076758560200, -3.999999999999966700, -21.54166666666661100 ) ) ;
#4234 = ORIENTED_EDGE ( 'NONE', *, *, #459, .T. ) ;
#4235 = DIRECTION ( 'NONE',  ( 0.0000000000000000000, 0.0000000000000000000, 1.000000000000000000 ) ) ;
#4236 =( BOUNDED_CURVE ( )  B_SPLINE_CURVE ( 2, ( #1582, #2761, #2233, #4589, #6446, #3372, #7661, #3344, #3446 ),
 .UNSPECIFIED., .F., .T. ) 
 B_SPLINE_CURVE_WITH_KNOTS ( ( 3, 2, 2, 2, 3 ),
 ( 0.5833333333333334800, 0.5858585858585858600, 0.5909090909090909400, 0.5959595959595959100, 0.5984848484848486200 ),
 .UNSPECIFIED. ) 
 CURVE ( )  GEOMETRIC_REPRESENTATION_ITEM ( )  RATIONAL_B_SPLINE_CURVE ( ( 0.9330127018922194100, 0.9330127018922238500, 1.000000000000000000, 0.8660254037844387100, 1.000000000000000000, 0.8660254037844387100, 1.000000000000000000, 0.9330127018922149700, 0.9330127018922194100 ) ) 
 REPRESENTATION_ITEM ( '' )  );
#4237 = CARTESIAN_POINT ( 'NONE',  ( 2.309401076758446100, 4.000000000000032000, -2.208333333333319300 ) ) ;
#4238 = CARTESIAN_POINT ( 'NONE',  ( 0.0000000000000000000, 0.0000000000000000000, -30.00000000000000000 ) ) ;
#4239 = ADVANCED_FACE ( 'NONE', ( #1308 ), #1106, .T. ) ;
#4240 = CARTESIAN_POINT ( 'NONE',  ( -3.464101615137714000, -2.000000000000071500, -6.666666666666650100 ) ) ;
#4241 = EDGE_LOOP ( 'NONE', ( #6346, #2068, #2381, #1984 ) ) ;
#4242 = CARTESIAN_POINT ( 'NONE',  ( 3.464101615137782400, -1.999999999999950700, -29.33333333333326800 ) ) ;
#4243 = EDGE_LOOP ( 'NONE', ( #6807, #7866, #1078, #2458 ) ) ;
#4244 = DIRECTION ( 'NONE',  ( -0.0000000000000000000, -5.481006805486179000E-016, -1.000000000000000000 ) ) ;
#4245 = CARTESIAN_POINT ( 'NONE',  ( 1.185804730731127300E-013, -4.000000000000000000, -19.49999999999995400 ) ) ;
#4246 = CARTESIAN_POINT ( 'NONE',  ( 3.999999999999996400, -7.785697387528199800E-015, -24.37499999999995000 ) ) ;
#4247 = CARTESIAN_POINT ( 'NONE',  ( 3.868802153516995600, 5.426829789941481600E-014, -12.74999999999996600 ) ) ;
#4248 = ORIENTED_EDGE ( 'NONE', *, *, #5089, .T. ) ;
#4249 = ORIENTED_EDGE ( 'NONE', *, *, #5436, .T. ) ;
#4250 = VERTEX_POINT ( 'NONE', #4414 ) ;
#4251 = CARTESIAN_POINT ( 'NONE',  ( -3.464101615137783700, 1.999999999999948500, -2.833333333333325000 ) ) ;
#4252 = CARTESIAN_POINT ( 'NONE',  ( -2.901601615137722400, -1.675240473580873000, -21.29166666666661800 ) ) ;
#4253 = CARTESIAN_POINT ( 'NONE',  ( 3.350480947161671900, -1.074891057233370800E-014, -21.74999999999995400 ) ) ;
#4254 = CARTESIAN_POINT ( 'NONE',  ( -2.901601615137697100, -1.675240473580916800, -14.29166666666663100 ) ) ;
#4255 = CARTESIAN_POINT ( 'NONE',  ( -3.350480947161664800, -0.8977586640479017200, -22.33034180126142900 ) ) ;
#4256 = CARTESIAN_POINT ( 'NONE',  ( 1.934401076758399900, 3.350480947161717600, -14.58333333333329700 ) ) ;
#4257 = ORIENTED_EDGE ( 'NONE', *, *, #4268, .F. ) ;
#4258 = CARTESIAN_POINT ( 'NONE',  ( -1.354456179855998300E-013, 3.350480947161662100, -19.49999999999995400 ) ) ;
#4259 = CARTESIAN_POINT ( 'NONE',  ( -3.464101615137783700, 1.999999999999948500, -21.95833333333327900 ) ) ;
#4260 = CARTESIAN_POINT ( 'NONE',  ( 3.868802153516995600, 5.426829789941480900E-014, -0.8749999999999924500 ) ) ;
#4261 = CARTESIAN_POINT ( 'NONE',  ( -5.828140296178565800E-014, 3.350480947161662100, -12.62499999999996800 ) ) ;
#4262 = PERSON_AND_ORGANIZATION ( #4398, #318 ) ;
#4263 = VECTOR ( 'NONE', #2134, 1000.000000000000000 ) ;
#4264 = CARTESIAN_POINT ( 'NONE',  ( -2.309401076758561500, 3.999999999999966200, -7.041666666666642100 ) ) ;
#4265 = CARTESIAN_POINT ( 'NONE',  ( 1.107427335585696800E-013, -4.000000000000000000, -11.49999999999997200 ) ) ;
#4266 = CARTESIAN_POINT ( 'NONE',  ( -2.935480049481361800, -2.717159708058564800, -0.6326508517134975500 ) ) ;
#4267 = CARTESIAN_POINT ( 'NONE',  ( -2.901601615137783300, 1.675240473580767600, -6.458333333333314400 ) ) ;
#4268 = EDGE_CURVE ( 'NONE', #6916, #5848, #6445, .T. ) ;
#4269 = CARTESIAN_POINT ( 'NONE',  ( -2.309401076758366600, -4.000000000000078200, -19.70833333333328200 ) ) ;
#4270 = DIRECTION ( 'NONE',  ( -0.0000000000000000000, -0.0000000000000000000, -1.000000000000000000 ) ) ;
#4271 = CARTESIAN_POINT ( 'NONE',  ( 2.309401076758446100, 4.000000000000032000, -29.08333333333326800 ) ) ;
#4272 = CARTESIAN_POINT ( 'NONE',  ( 3.464101615137704600, 2.000000000000087500, -10.29166666666663400 ) ) ;
#4273 = CARTESIAN_POINT ( 'NONE',  ( -1.934401076758380100, -3.350480947161729200, -24.08333333333327900 ) ) ;
#4274 = CARTESIAN_POINT ( 'NONE',  ( 1.934401076758450300, 3.350480947161689200, -12.58333333333330000 ) ) ;
#4275 = CARTESIAN_POINT ( 'NONE',  ( -4.000000000000001800, -1.071796769724527900, -10.83034180126144500 ) ) ;
#4276 = CYLINDRICAL_SURFACE ( 'NONE', #2272, 4.000000000000000000 ) ;
#4277 = VERTEX_POINT ( 'NONE', #1902 ) ;
#4278 = EDGE_CURVE ( 'NONE', #6623, #4154, #5798, .T. ) ;
#4279 = CARTESIAN_POINT ( 'NONE',  ( -5.586370142149013400E-014, 4.000000000000000000, -4.999999999999986700 ) ) ;
#4280 = ADVANCED_FACE ( 'NONE', ( #2155 ), #7708, .T. ) ;
#4281 = CARTESIAN_POINT ( 'NONE',  ( 4.000000000000000900, 6.856061878569608300E-015, -6.249999999999987600 ) ) ;
#4282 = CARTESIAN_POINT ( 'NONE',  ( -1.934401076758429400, -3.350480947161700300, -22.20833333333328200 ) ) ;
#4283 = CARTESIAN_POINT ( 'NONE',  ( 3.350480947161659500, -0.8977586640477935900, -14.79465819873848400 ) ) ;
#4284 = CARTESIAN_POINT ( 'NONE',  ( -1.323014690686558000E-013, 4.000000000000000000, -18.12499999999995000 ) ) ;
#4285 = CARTESIAN_POINT ( 'NONE',  ( -5.586370142149013400E-014, 4.000000000000000000, -28.12499999999993200 ) ) ;
#4286 = ORIENTED_EDGE ( 'NONE', *, *, #7179, .T. ) ;
#4287 = CARTESIAN_POINT ( 'NONE',  ( 3.868802153516995600, 5.426829789941480900E-014, 1.125000000000003100 ) ) ;
#4288 = CARTESIAN_POINT ( 'NONE',  ( -3.350480947161659500, -0.8977586640479002800, -27.33034180126141500 ) ) ;
#4289 = EDGE_CURVE ( 'NONE', #1841, #7831, #6549, .T. ) ;
#4290 = CARTESIAN_POINT ( 'NONE',  ( 5.635356014114907400E-014, -4.000000000000000000, -7.624999999999974200 ) ) ;
#4291 = CARTESIAN_POINT ( 'NONE',  ( 2.901601615137718400, 1.675240473580879900, -5.791666666666648300 ) ) ;
#4292 = CARTESIAN_POINT ( 'NONE',  ( 3.350480947161662100, -3.137519842735245200E-015, -6.874999999999983100 ) ) ;
#4293 = LINE ( 'NONE', #2520, #5515 ) ;
#4294 = VERTEX_POINT ( 'NONE', #2509 ) ;
#4295 = CARTESIAN_POINT ( 'NONE',  ( 3.350480947161659500, -6.565550782020049000E-015, -24.87499999999994700 ) ) ;
#4296 = CARTESIAN_POINT ( 'NONE',  ( -2.309401076758445600, -4.000000000000032900, -29.58333333333326800 ) ) ;
#4297 = EDGE_LOOP ( 'NONE', ( #2600, #7278, #1206, #2411 ) ) ;
#4298 = CARTESIAN_POINT ( 'NONE',  ( -3.359552639210483100, -0.5022989017125897300, -0.2038694081852800400 ) ) ;
#4299 = CARTESIAN_POINT ( 'NONE',  ( 2.309401076758576200, -3.999999999999957400, -19.41666666666662200 ) ) ;
#4300 = PLANE ( 'NONE',  #2410 ) ;
#4301 = ORIENTED_EDGE ( 'NONE', *, *, #5585, .F. ) ;
#4302 = CARTESIAN_POINT ( 'NONE',  ( -3.868802153516995600, -5.474208951679871900E-014, -16.24999999999996100 ) ) ;
#4303 = VERTEX_POINT ( 'NONE', #4340 ) ;
#4304 = CARTESIAN_POINT ( 'NONE',  ( -4.618802153517005800, -6.535430629823232500E-014, -3.749999999999988900 ) ) ;
#4305 = CARTESIAN_POINT ( 'NONE',  ( 6.567123110902706300E-014, -3.350480947161662100, -6.999999999999978700 ) ) ;
#4306 = CARTESIAN_POINT ( 'NONE',  ( 4.000000000000000000, 0.0000000000000000000, -30.00000000000000000 ) ) ;
#4307 = CARTESIAN_POINT ( 'NONE',  ( 4.000000000000005300, 2.324088772396477500E-015, -9.374999999999973400 ) ) ;
#4308 = CARTESIAN_POINT ( 'NONE',  ( 0.0000000000000000000, 0.0000000000000000000, 0.0000000000000000000 ) ) ;
#4309 = ORIENTED_EDGE ( 'NONE', *, *, #3146, .F. ) ;
#4310 = CARTESIAN_POINT ( 'NONE',  ( -3.464101615137783700, 1.999999999999948500, -27.95833333333326500 ) ) ;
#4311 = ORIENTED_EDGE ( 'NONE', *, *, #7148, .F. ) ;
#4312 = CARTESIAN_POINT ( 'NONE',  ( 4.000000000000007100, -1.071796769724440400, -23.41965819873846000 ) ) ;
#4313 = CARTESIAN_POINT ( 'NONE',  ( -5.586370142149013400E-014, 4.000000000000000000, -6.124999999999977800 ) ) ;
#4314 = CARTESIAN_POINT ( 'NONE',  ( -2.309401076758592200, 3.999999999999948000, -20.91666666666661800 ) ) ;
#4315 = ADVANCED_FACE ( 'NONE', ( #4187 ), #7524, .F. ) ;
#4316 = CARTESIAN_POINT ( 'NONE',  ( -3.999999999999996400, 1.882511905641147000E-014, -10.87499999999997000 ) ) ;
#4317 = VERTEX_POINT ( 'NONE', #3217 ) ;
#4318 = CARTESIAN_POINT ( 'NONE',  ( -4.000000000000003600, 4.648177544792955100E-014, -16.87499999999996400 ) ) ;
#4319 = CARTESIAN_POINT ( 'NONE',  ( 4.000000000000000900, 5.926426369611017600E-015, -5.249999999999990200 ) ) ;
#4320 = EDGE_CURVE ( 'NONE', #3913, #1370, #6090, .T. ) ;
#4321 = CARTESIAN_POINT ( 'NONE',  ( -4.000000000000003600, 1.626862140677534300E-015, -15.74999999999996600 ) ) ;
#4322 = VERTEX_POINT ( 'NONE', #6180 ) ;
#4323 = FACE_OUTER_BOUND ( 'NONE', #1640, .T. ) ;
#4324 = CARTESIAN_POINT ( 'NONE',  ( -3.868802153516995600, -5.474208951679871900E-014, -19.24999999999995400 ) ) ;
#4325 = CARTESIAN_POINT ( 'NONE',  ( 3.464101615137726400, 2.000000000000048800, -10.16666666666664300 ) ) ;
#4326 = CARTESIAN_POINT ( 'NONE',  ( -9.310286780575509700E-014, 4.000000000000000000, -7.999999999999979600 ) ) ;
#4327 = ORIENTED_EDGE ( 'NONE', *, *, #3618, .F. ) ;
#4328 = CARTESIAN_POINT ( 'NONE',  ( 3.464101615137719300, 2.000000000000062600, -9.291666666666637700 ) ) ;
#4329 = EDGE_CURVE ( 'NONE', #4762, #4959, #5211, .T. ) ;
#4330 =( BOUNDED_CURVE ( )  B_SPLINE_CURVE ( 2, ( #7441, #4916, #3784, #3679, #3762, #4998, #2534, #2489, #6777 ),
 .UNSPECIFIED., .F., .T. ) 
 B_SPLINE_CURVE_WITH_KNOTS ( ( 3, 2, 2, 2, 3 ),
 ( 0.2954545454545455300, 0.2979797979797979600, 0.3030303030303030400, 0.3080808080808080700, 0.3106060606060607200 ),
 .UNSPECIFIED. ) 
 CURVE ( )  GEOMETRIC_REPRESENTATION_ITEM ( )  RATIONAL_B_SPLINE_CURVE ( ( 0.9330127018922194100, 0.9330127018922216300, 1.000000000000000000, 0.8660254037844387100, 1.000000000000000000, 0.8660254037844387100, 1.000000000000000000, 0.9330127018922164100, 0.9330127018922194100 ) ) 
 REPRESENTATION_ITEM ( '' )  );
#4331 = DIRECTION ( 'NONE',  ( 1.000000000000000000, 0.0000000000000000000, 0.0000000000000000000 ) ) ;
#4332 = CARTESIAN_POINT ( 'NONE',  ( 3.464101615137782400, -1.999999999999950700, -26.45833333333326800 ) ) ;
#4333 = EDGE_CURVE ( 'NONE', #2422, #6160, #1696, .T. ) ;
#4334 = CARTESIAN_POINT ( 'NONE',  ( 2.901601615137770400, -1.675240473580789800, 0.04166666666667205600 ) ) ;
#4335 = ORIENTED_EDGE ( 'NONE', *, *, #2420, .T. ) ;
#4336 = CYLINDRICAL_SURFACE ( 'NONE', #224, 4.000000000000000000 ) ;
#4337 = CARTESIAN_POINT ( 'NONE',  ( -4.618802153517005800, -6.535430629823232500E-014, -3.874999999999982700 ) ) ;
#4338 = CARTESIAN_POINT ( 'NONE',  ( 5.929271245910273000E-014, -4.000000000000000000, -1.624999999999987600 ) ) ;
#4339 = CARTESIAN_POINT ( 'NONE',  ( 3.350480947161646600, -0.8977586640477703800, -27.79465819873846400 ) ) ;
#4340 = CARTESIAN_POINT ( 'NONE',  ( -3.406953761837343100, 1.870891461779164400E-014, -0.2173954052450966200 ) ) ;
#4341 = AXIS2_PLACEMENT_3D ( 'NONE', #3193, #6205, #4444 ) ;
#4342 = CARTESIAN_POINT ( 'NONE',  ( -2.309401076758445600, -4.000000000000032900, -28.58333333333327200 ) ) ;
#4343 = ORIENTED_EDGE ( 'NONE', *, *, #1288, .T. ) ;
#4344 = CARTESIAN_POINT ( 'NONE',  ( 3.350480947161662100, 4.103155767545721900E-016, 0.0000000000000000000 ) ) ;
#4345 = CARTESIAN_POINT ( 'NONE',  ( 0.0000000000000000000, 0.0000000000000000000, -30.00000000000000000 ) ) ;
#4346 = CARTESIAN_POINT ( 'NONE',  ( 3.868802153516995600, 5.426829789941481600E-014, -17.74999999999995400 ) ) ;
#4347 = VECTOR ( 'NONE', #4125, 1000.000000000000000 ) ;
#4348 = CARTESIAN_POINT ( 'NONE',  ( -3.464101615137725500, -2.000000000000050200, -6.666666666666650100 ) ) ;
#4350 = ADVANCED_FACE ( 'NONE', ( #2447 ), #6279, .T. ) ;
#4349 = ORIENTED_EDGE ( 'NONE', *, *, #1511, .T. ) ;
#4351 = CARTESIAN_POINT ( 'NONE',  ( 3.350480947161661200, -0.8977586640478011400, -1.794658198738511700 ) ) ;
#4352 = DIRECTION ( 'NONE',  ( 1.000000000000000000, 0.0000000000000000000, 0.0000000000000000000 ) ) ;
#4353 = VECTOR ( 'NONE', #4824, 1000.000000000000000 ) ;
#4354 = CARTESIAN_POINT ( 'NONE',  ( 3.464101615137790400, -1.999999999999938000, -5.333333333333319700 ) ) ;
#4355 = DIRECTION ( 'NONE',  ( -0.8660254037844386000, 0.4999999999999999400, 0.0000000000000000000 ) ) ;
#4356 = CARTESIAN_POINT ( 'NONE',  ( 3.464101615137726400, 2.000000000000048800, -24.29166666666660400 ) ) ;
#4357 = LINE ( 'NONE', #4725, #3109 ) ;
#4358 =( BOUNDED_CURVE ( )  B_SPLINE_CURVE ( 2, ( #2738, #3872, #4488, #5720, #6327, #2660, #4511, #4713, #6422 ),
 .UNSPECIFIED., .F., .F. ) 
 B_SPLINE_CURVE_WITH_KNOTS ( ( 3, 2, 2, 2, 3 ),
 ( 0.7954545454545456400, 0.7979797979797980100, 0.8030303030303029800, 0.8080808080808080700, 0.8106060606060607700 ),
 .UNSPECIFIED. ) 
 CURVE ( )  GEOMETRIC_REPRESENTATION_ITEM ( )  RATIONAL_B_SPLINE_CURVE ( ( 0.9330127018922194100, 0.9330127018922238500, 1.000000000000000000, 0.8660254037844387100, 1.000000000000000000, 0.8660254037844387100, 1.000000000000000000, 0.9330127018922149700, 0.9330127018922194100 ) ) 
 REPRESENTATION_ITEM ( '' )  );
#4359 = CARTESIAN_POINT ( 'NONE',  ( 4.720288238941220100E-014, -3.350480947161662100, -3.124999999999987600 ) ) ;
#4360 = CARTESIAN_POINT ( 'NONE',  ( -4.618802153517005800, -6.535430629823232500E-014, -5.874999999999978700 ) ) ;
#4361 = CARTESIAN_POINT ( 'NONE',  ( 1.934401076758430800, 3.350480947161699900, -5.708333333333315300 ) ) ;
#4362 = VECTOR ( 'NONE', #7328, 1000.000000000000000 ) ;
#4363 = EDGE_CURVE ( 'NONE', #304, #5403, #6217, .T. ) ;
#4364 = CARTESIAN_POINT ( 'NONE',  ( 4.000000000000009800, 1.071796769724525600, -16.33034180126143700 ) ) ;
#4365 = CARTESIAN_POINT ( 'NONE',  ( -2.901601615137771700, 1.675240473580788000, -22.45833333333328200 ) ) ;
#4366 = CARTESIAN_POINT ( 'NONE',  ( 1.934401076758581100, -3.350480947161613700, -15.91666666666662500 ) ) ;
#4367 = CARTESIAN_POINT ( 'NONE',  ( 2.309401076758584600, -3.999999999999953400, -26.54166666666660000 ) ) ;
#4368 = VECTOR ( 'NONE', #4071, 1000.000000000000000 ) ;
#4369 = ORIENTED_EDGE ( 'NONE', *, *, #2372, .F. ) ;
#4370 = CARTESIAN_POINT ( 'NONE',  ( 2.901601615137770400, -1.675240473580789800, -21.83333333333328200 ) ) ;
#4371 =( BOUNDED_CURVE ( )  B_SPLINE_CURVE ( 2, ( #185, #3317, #7565, #2022, #3343, #2633, #260, #5067, #4485 ),
 .UNSPECIFIED., .F., .T. ) 
 B_SPLINE_CURVE_WITH_KNOTS ( ( 3, 2, 2, 2, 3 ),
 ( 0.4166666666666668000, 0.4191919191919191700, 0.4242424242424242500, 0.4292929292929292800, 0.4318181818181819300 ),
 .UNSPECIFIED. ) 
 CURVE ( )  GEOMETRIC_REPRESENTATION_ITEM ( )  RATIONAL_B_SPLINE_CURVE ( ( 0.9330127018922193000, 0.9330127018922229600, 1.000000000000000000, 0.8660254037844387100, 1.000000000000000000, 0.8660254037844387100, 1.000000000000000000, 0.9330127018922164100, 0.9330127018922194100 ) ) 
 REPRESENTATION_ITEM ( '' )  );
#4372 = CARTESIAN_POINT ( 'NONE',  ( 3.350480947161667400, -0.8977586640477878100, -23.91965819873846800 ) ) ;
#4373 = EDGE_CURVE ( 'NONE', #5444, #2984, #4106, .T. ) ;
#4374 = CARTESIAN_POINT ( 'NONE',  ( -3.464101615137783700, 1.999999999999948500, -10.83333333333330900 ) ) ;
#4375 = CARTESIAN_POINT ( 'NONE',  ( 9.932540393422017000E-014, -3.350480947161662100, -19.12499999999995400 ) ) ;
#4376 = ORIENTED_EDGE ( 'NONE', *, *, #2406, .T. ) ;
#4377 = CARTESIAN_POINT ( 'NONE',  ( 9.276035470614702200E-014, -3.350480947161662100, -11.12499999999997000 ) ) ;
#4378 = CARTESIAN_POINT ( 'NONE',  ( -2.309401076758445600, -4.000000000000032900, -24.70833333333326800 ) ) ;
#4379 = ORIENTED_EDGE ( 'NONE', *, *, #4506, .F. ) ;
#4380 = CARTESIAN_POINT ( 'NONE',  ( 1.934401076758450300, 3.350480947161689200, -5.708333333333315300 ) ) ;
#4381 = CARTESIAN_POINT ( 'NONE',  ( -1.934401076758587100, 3.350480947161610200, -9.541666666666641200 ) ) ;
#4382 = ORIENTED_EDGE ( 'NONE', *, *, #4172, .T. ) ;
#4383 = EDGE_CURVE ( 'NONE', #7745, #4177, #5033, .T. ) ;
#4384 = CARTESIAN_POINT ( 'NONE',  ( 2.309401076758446100, 4.000000000000032000, -9.208333333333303700 ) ) ;
#4385 = CARTESIAN_POINT ( 'NONE',  ( -4.000000000000011500, 1.403168596334377600E-012, -29.74999999999999600 ) ) ;
#4386 = ADVANCED_FACE ( 'NONE', ( #336 ), #3614, .T. ) ;
#4387 = CARTESIAN_POINT ( 'NONE',  ( 0.0000000000000000000, 0.0000000000000000000, -30.00000000000000000 ) ) ;
#4388 = CARTESIAN_POINT ( 'NONE',  ( 3.350480947161669700, 0.8977586640478596400, -16.70534180126144000 ) ) ;
#4389 = CARTESIAN_POINT ( 'NONE',  ( 0.0000000000000000000, 0.0000000000000000000, -30.00000000000000000 ) ) ;
#4390 = DIRECTION ( 'NONE',  ( -0.0000000000000000000, -0.0000000000000000000, -1.000000000000000000 ) ) ;
#4391 = ORIENTED_EDGE ( 'NONE', *, *, #3800, .T. ) ;
#4392 = CARTESIAN_POINT ( 'NONE',  ( 4.000000000000000000, 0.0000000000000000000, -30.00000000000000000 ) ) ;
#4393 = ORIENTED_EDGE ( 'NONE', *, *, #7656, .F. ) ;
#4394 = CARTESIAN_POINT ( 'NONE',  ( -2.901601615137722400, -1.675240473580873000, -20.16666666666661800 ) ) ;
#4395 = CARTESIAN_POINT ( 'NONE',  ( 1.934401076758558000, -3.350480947161626600, -3.041666666666655000 ) ) ;
#4396 = CARTESIAN_POINT ( 'NONE',  ( 2.309401076758560200, -3.999999999999966700, -10.41666666666664500 ) ) ;
#4397 = VERTEX_POINT ( 'NONE', #4565 ) ;
#4398 = PERSON ( 'UNSPECIFIED', 'UNSPECIFIED', 'UNSPECIFIED', ('UNSPECIFIED'), ('UNSPECIFIED'), ('UNSPECIFIED') ) ;
#4399 = FACE_OUTER_BOUND ( 'NONE', #5242, .T. ) ;
#4400 = CARTESIAN_POINT ( 'NONE',  ( 4.000000000000000000, 1.071796769724523200, -9.330341801261450700 ) ) ;
#4401 = CARTESIAN_POINT ( 'NONE',  ( 3.350480947161662100, 7.378981852358816700E-015, -7.749999999999980500 ) ) ;
#4402 = DIRECTION ( 'NONE',  ( -0.0000000000000000000, -0.0000000000000000000, -1.000000000000000000 ) ) ;
#4403 = CARTESIAN_POINT ( 'NONE',  ( 2.901601615137722900, 1.675240473580871900, 1.333333333333336400 ) ) ;
#4404 = ORIENTED_EDGE ( 'NONE', *, *, #4467, .T. ) ;
#4405 = LINE ( 'NONE', #6856, #2758 ) ;
#4406 = CARTESIAN_POINT ( 'NONE',  ( 2.901601615137770400, -1.675240473580789800, -3.958333333333318800 ) ) ;
#4407 = CARTESIAN_POINT ( 'NONE',  ( 3.350480947161665700, 1.801168798607269900E-015, -9.874999999999976900 ) ) ;
#4408 = CARTESIAN_POINT ( 'NONE',  ( -3.464101615137783700, 1.999999999999948500, -11.95833333333329800 ) ) ;
#4409 = AXIS2_PLACEMENT_3D ( 'NONE', #2456, #5586, #1259 ) ;
#4410 = CARTESIAN_POINT ( 'NONE',  ( 2.309401076758574900, -3.999999999999958300, -1.541666666666654300 ) ) ;
#4411 = CARTESIAN_POINT ( 'NONE',  ( 1.934401076758397900, 3.350480947161719000, -16.58333333333329300 ) ) ;
#4412 = CARTESIAN_POINT ( 'NONE',  ( 3.464101615137797000, -1.999999999999925800, -18.45833333333328600 ) ) ;
#4413 = ORIENTED_EDGE ( 'NONE', *, *, #1358, .F. ) ;
#4414 = CARTESIAN_POINT ( 'NONE',  ( -3.999999999999996400, -2.730804307565860900E-014, -26.87499999999993600 ) ) ;
#4415 = LINE ( 'NONE', #1176, #7007 ) ;
#4416 = CARTESIAN_POINT ( 'NONE',  ( -2.901601615137696200, -1.675240473580918300, -16.16666666666662900 ) ) ;
#4417 = CARTESIAN_POINT ( 'NONE',  ( -2.999999999999996400, 1.732050807568885200, -38.00000000000000000 ) ) ;
#4418 = EDGE_CURVE ( 'NONE', #5614, #4082, #3282, .T. ) ;
#4419 = CARTESIAN_POINT ( 'NONE',  ( 2.901601615137770400, -1.675240473580789800, -19.83333333333328600 ) ) ;
#4420 = ORIENTED_EDGE ( 'NONE', *, *, #6714, .F. ) ;
#4421 = ORIENTED_EDGE ( 'NONE', *, *, #130, .F. ) ;
#4422 = DIRECTION ( 'NONE',  ( 0.0000000000000000000, 0.0000000000000000000, 1.000000000000000000 ) ) ;
#4423 = CARTESIAN_POINT ( 'NONE',  ( -5.586370142149013400E-014, 4.000000000000000000, -8.999999999999978700 ) ) ;
#4424 =( BOUNDED_CURVE ( )  B_SPLINE_CURVE ( 2, ( #5506, #1905, #32, #4366, #4973, #1315, #4416, #139, #5073 ),
 .UNSPECIFIED., .F., .F. ) 
 B_SPLINE_CURVE_WITH_KNOTS ( ( 3, 2, 2, 2, 3 ),
 ( 0.5227272727272729300, 0.5252525252525253000, 0.5303030303030302800, 0.5353535353535353600, 0.5378787878787880700 ),
 .UNSPECIFIED. ) 
 CURVE ( )  GEOMETRIC_REPRESENTATION_ITEM ( )  RATIONAL_B_SPLINE_CURVE ( ( 0.9330127018922194100, 0.9330127018922238500, 1.000000000000000000, 0.8660254037844387100, 1.000000000000000000, 0.8660254037844387100, 1.000000000000000000, 0.9330127018922149700, 0.9330127018922194100 ) ) 
 REPRESENTATION_ITEM ( '' )  );
#4425 = ADVANCED_FACE ( 'NONE', ( #3415 ), #4645, .T. ) ;
#4426 = CARTESIAN_POINT ( 'NONE',  ( -2.901601615137712600, -1.675240473580890100, -5.291666666666649200 ) ) ;
#4427 = CARTESIAN_POINT ( 'NONE',  ( 2.309401076758419400, 4.000000000000047100, -9.208333333333302000 ) ) ;
#4428 = CARTESIAN_POINT ( 'NONE',  ( -4.000000000000000000, 4.898587196589412800E-016, -30.00000000000000000 ) ) ;
#4429 = ORIENTED_EDGE ( 'NONE', *, *, #3964, .T. ) ;
#4430 = EDGE_CURVE ( 'NONE', #5140, #2655, #2354, .T. ) ;
#4431 = DIRECTION ( 'NONE',  ( -0.0000000000000000000, -0.0000000000000000000, -1.000000000000000000 ) ) ;
#4432 = ORIENTED_EDGE ( 'NONE', *, *, #7074, .T. ) ;
#4433 = CARTESIAN_POINT ( 'NONE',  ( 1.934401076758450300, 3.350480947161689200, -25.70833333333327500 ) ) ;
#4434 = CARTESIAN_POINT ( 'NONE',  ( -3.868802153516995600, -5.474208951679871900E-014, -1.249999999999991600 ) ) ;
#4435 = EDGE_CURVE ( 'NONE', #12, #2315, #4934, .T. ) ;
#4436 = CARTESIAN_POINT ( 'NONE',  ( 1.934401076758545600, -3.350480947161634100, -1.041666666666659000 ) ) ;
#4437 = VECTOR ( 'NONE', #6944, 1000.000000000000000 ) ;
#4438 = CARTESIAN_POINT ( 'NONE',  ( 5.635356014114907400E-014, -4.000000000000000000, -11.62499999999996400 ) ) ;
#4439 = DIRECTION ( 'NONE',  ( -0.0000000000000000000, -0.0000000000000000000, -1.000000000000000000 ) ) ;
#4440 = VERTEX_POINT ( 'NONE', #308 ) ;
#4441 = CARTESIAN_POINT ( 'NONE',  ( 3.464101615137700700, 2.000000000000094100, -19.16666666666662500 ) ) ;
#4442 = CARTESIAN_POINT ( 'NONE',  ( 3.350480947161659500, -0.8977586640477813700, -11.79465819873849200 ) ) ;
#4443 = CALENDAR_DATE ( 2021, 9, 7 ) ;
#4444 = DIRECTION ( 'NONE',  ( 1.000000000000000000, 0.0000000000000000000, 0.0000000000000000000 ) ) ;
#4446 = CARTESIAN_POINT ( 'NONE',  ( -4.000000000000011500, 2.835388302323702600E-014, -19.87499999999995400 ) ) ;
#4445 = LINE ( 'NONE', #6425, #4263 ) ;
#4447 =( BOUNDED_CURVE ( )  B_SPLINE_CURVE ( 2, ( #2121, #2015, #3254, #4552, #3335, #6390, #787, #7605, #6920 ),
 .UNSPECIFIED., .F., .T. ) 
 B_SPLINE_CURVE_WITH_KNOTS ( ( 3, 2, 2, 2, 3 ),
 ( 0.3106060606060607200, 0.3131313131313131500, 0.3181818181818181800, 0.3232323232323232600, 0.3257575757575758600 ),
 .UNSPECIFIED. ) 
 CURVE ( )  GEOMETRIC_REPRESENTATION_ITEM ( )  RATIONAL_B_SPLINE_CURVE ( ( 0.9330127018922194100, 0.9330127018922223000, 1.000000000000000000, 0.8660254037844387100, 1.000000000000000000, 0.8660254037844387100, 1.000000000000000000, 0.9330127018922171900, 0.9330127018922194100 ) ) 
 REPRESENTATION_ITEM ( '' )  );
#4448 = CARTESIAN_POINT ( 'NONE',  ( -2.901601615137771700, 1.675240473580788000, -27.33333333333326800 ) ) ;
#4449 = FACE_OUTER_BOUND ( 'NONE', #825, .T. ) ;
#4450 = CARTESIAN_POINT ( 'NONE',  ( -3.464101615137725500, -2.000000000000050200, -12.66666666666663900 ) ) ;
#4451 = LINE ( 'NONE', #7825, #1478 ) ;
#4452 = CARTESIAN_POINT ( 'NONE',  ( 3.999999999999999100, -1.162044386198238700E-015, -1.249999999999997300 ) ) ;
#4453 = CARTESIAN_POINT ( 'NONE',  ( 3.350480947161662100, 4.103155767545721900E-016, 0.0000000000000000000 ) ) ;
#4454 =( BOUNDED_CURVE ( )  B_SPLINE_CURVE ( 2, ( #5347, #4683, #6026, #2919, #7836, #7155, #1683, #1017, #4192 ),
 .UNSPECIFIED., .F., .F. ) 
 B_SPLINE_CURVE_WITH_KNOTS ( ( 3, 2, 2, 2, 3 ),
 ( 0.3257575757575758600, 0.3282828282828282900, 0.3333333333333333100, 0.3383838383838384000, 0.3409090909090909900 ),
 .UNSPECIFIED. ) 
 CURVE ( )  GEOMETRIC_REPRESENTATION_ITEM ( )  RATIONAL_B_SPLINE_CURVE ( ( 0.9330127018922194100, 0.9330127018922216300, 1.000000000000000000, 0.8660254037844387100, 1.000000000000000000, 0.8660254037844387100, 1.000000000000000000, 0.9330127018922171900, 0.9330127018922194100 ) ) 
 REPRESENTATION_ITEM ( '' )  );
#4455 = CARTESIAN_POINT ( 'NONE',  ( 3.464101615137799700, -1.999999999999920700, -25.33333333333327900 ) ) ;
#4456 = CARTESIAN_POINT ( 'NONE',  ( -1.934401076758449900, -3.350480947161689600, -24.20833333333327500 ) ) ;
#4457 = CARTESIAN_POINT ( 'NONE',  ( 1.934401076758450300, 3.350480947161689200, -1.583333333333324400 ) ) ;
#4458 = FACE_OUTER_BOUND ( 'NONE', #3411, .T. ) ;
#4459 = ORIENTED_EDGE ( 'NONE', *, *, #7631, .T. ) ;
#4460 = CARTESIAN_POINT ( 'NONE',  ( 1.934401076758450300, 3.350480947161689200, -3.708333333333320200 ) ) ;
#4461 = CARTESIAN_POINT ( 'NONE',  ( 4.000000000000000000, 0.0000000000000000000, -30.00000000000000000 ) ) ;
#4462 = CARTESIAN_POINT ( 'NONE',  ( -4.618802153517005800, -6.535430629823232500E-014, -10.87499999999996600 ) ) ;
#4463 = CARTESIAN_POINT ( 'NONE',  ( -3.464101615137714400, -2.000000000000070600, -4.791666666666647400 ) ) ;
#4464 = ADVANCED_FACE ( 'NONE', ( #538 ), #1096, .T. ) ;
#4465 = LINE ( 'NONE', #415, #999 ) ;
#4466 = ORIENTED_EDGE ( 'NONE', *, *, #2605, .T. ) ;
#4467 = EDGE_CURVE ( 'NONE', #791, #3988, #2148, .T. ) ;
#4468 = CARTESIAN_POINT ( 'NONE',  ( 4.000000000000001800, 1.071796769724555400, -17.33034180126143700 ) ) ;
#4469 = CARTESIAN_POINT ( 'NONE',  ( 2.309401076758440800, 4.000000000000035500, -2.208333333333319300 ) ) ;
#4470 = CARTESIAN_POINT ( 'NONE',  ( -1.934401076758572400, 3.350480947161618600, -20.41666666666661800 ) ) ;
#4471 = VECTOR ( 'NONE', #6419, 1000.000000000000000 ) ;
#4472 = VERTEX_POINT ( 'NONE', #3593 ) ;
#4473 = CARTESIAN_POINT ( 'NONE',  ( 1.934401076758545600, -3.350480947161634100, -24.91666666666660700 ) ) ;
#4474 = ORIENTED_EDGE ( 'NONE', *, *, #738, .F. ) ;
#4475 = EDGE_CURVE ( 'NONE', #1370, #22, #413, .T. ) ;
#4476 = CARTESIAN_POINT ( 'NONE',  ( 4.618802153517005800, 6.478866617091239000E-014, -16.24999999999996400 ) ) ;
#4477 = CARTESIAN_POINT ( 'NONE',  ( 2.999999999999997300, -1.732050807568878300, -33.50000000000000000 ) ) ;
#4478 = ORIENTED_EDGE ( 'NONE', *, *, #1587, .T. ) ;
#4479 = CARTESIAN_POINT ( 'NONE',  ( 3.350480947161662100, -0.8977586640477901400, -7.794658198738497700 ) ) ;
#4480 = CARTESIAN_POINT ( 'NONE',  ( -2.901601615137779700, 1.675240473580773300, -27.33333333333326800 ) ) ;
#4481 = CARTESIAN_POINT ( 'NONE',  ( 3.868802153516995600, 5.426829789941480900E-014, -25.87499999999993600 ) ) ;
#4482 = EDGE_LOOP ( 'NONE', ( #2974, #6783, #1970, #1876 ) ) ;
#4483 = CARTESIAN_POINT ( 'NONE',  ( 4.618802153517005800, 6.478866617091239000E-014, -29.37499999999992500 ) ) ;
#4484 = CARTESIAN_POINT ( 'NONE',  ( -1.934401076758449900, -3.350480947161689600, -11.20833333333330200 ) ) ;
#4485 = CARTESIAN_POINT ( 'NONE',  ( 3.999999999999996400, -3.137519842735244800E-015, -13.24999999999997200 ) ) ;
#4486 = CARTESIAN_POINT ( 'NONE',  ( 3.464101615137726400, 2.000000000000048800, -11.29166666666663400 ) ) ;
#4487 = CARTESIAN_POINT ( 'NONE',  ( -2.309401076758619300, 3.999999999999932500, -19.04166666666661800 ) ) ;
#4488 = CARTESIAN_POINT ( 'NONE',  ( 2.901601615137784600, -1.675240473580764900, -24.95833333333327500 ) ) ;
#4489 = VERTEX_POINT ( 'NONE', #5847 ) ;
#4490 = ORIENTED_EDGE ( 'NONE', *, *, #6102, .F. ) ;
#4491 = CARTESIAN_POINT ( 'NONE',  ( -3.350480947161662100, 0.0000000000000000000, 0.0000000000000000000 ) ) ;
#4492 = CARTESIAN_POINT ( 'NONE',  ( 4.000000000000000000, -1.071796769724444600, -5.419658198738499500 ) ) ;
#4493 = ORIENTED_EDGE ( 'NONE', *, *, #3500, .T. ) ;
#4494 = DIRECTION ( 'NONE',  ( 0.0000000000000000000, 0.0000000000000000000, 1.000000000000000000 ) ) ;
#4495 = AXIS2_PLACEMENT_3D ( 'NONE', #1347, #6167, #6342 ) ;
#4496 = VECTOR ( 'NONE', #3463, 1000.000000000000000 ) ;
#4497 = CARTESIAN_POINT ( 'NONE',  ( -1.934401076758449900, -3.350480947161689600, -25.08333333333327200 ) ) ;
#4498 = CARTESIAN_POINT ( 'NONE',  ( 2.309401076758560200, -3.999999999999966700, -13.41666666666663600 ) ) ;
#4499 = ADVANCED_FACE ( 'NONE', ( #905 ), #1668, .T. ) ;
#4500 = ORIENTED_EDGE ( 'NONE', *, *, #6298, .T. ) ;
#4501 = CARTESIAN_POINT ( 'NONE',  ( -2.901601615137711800, -1.675240473580891900, -8.166666666666643000 ) ) ;
#4502 = CYLINDRICAL_SURFACE ( 'NONE', #5717, 3.350480947161662100 ) ;
#4503 = CARTESIAN_POINT ( 'NONE',  ( 2.309401076758386100, 4.000000000000066600, -14.20833333333329500 ) ) ;
#4504 = CARTESIAN_POINT ( 'NONE',  ( -1.934401076758546400, 3.350480947161633700, -23.54166666666661800 ) ) ;
#4505 = CARTESIAN_POINT ( 'NONE',  ( -4.679256681265764000E-014, 3.350480947161662100, 1.500000000000002700 ) ) ;
#4506 = EDGE_CURVE ( 'NONE', #6022, #5249, #285, .T. ) ;
#4507 = CARTESIAN_POINT ( 'NONE',  ( 2.901601615137722900, 1.675240473580871900, -7.791666666666644800 ) ) ;
#4508 = CARTESIAN_POINT ( 'NONE',  ( 3.999999999999996400, -1.045839947578414800E-015, -14.37499999999996300 ) ) ;
#4509 = ORIENTED_EDGE ( 'NONE', *, *, #3510, .T. ) ;
#4510 = CARTESIAN_POINT ( 'NONE',  ( 3.464101615137782400, -1.999999999999950700, -17.45833333333328600 ) ) ;
#4511 = CARTESIAN_POINT ( 'NONE',  ( -2.901601615137680700, -1.675240473580945400, -25.29166666666660700 ) ) ;
#4512 = CARTESIAN_POINT ( 'NONE',  ( 1.934401076758426300, 3.350480947161702500, -11.70833333333330200 ) ) ;
#4513 = ORIENTED_EDGE ( 'NONE', *, *, #828, .T. ) ;
#4514 = ORIENTED_EDGE ( 'NONE', *, *, #6873, .T. ) ;
#4515 = CARTESIAN_POINT ( 'NONE',  ( 3.350480947161662600, -3.660439816524453200E-015, -1.749999999999993300 ) ) ;
#4516 = DIRECTION ( 'NONE',  ( -1.000000000000000000, 0.0000000000000000000, 0.0000000000000000000 ) ) ;
#4517 = EDGE_CURVE ( 'NONE', #4614, #7401, #44, .T. ) ;
#4518 = CARTESIAN_POINT ( 'NONE',  ( -4.000000000000000900, 4.996790860652426900E-015, -5.874999999999982200 ) ) ;
#4519 = CARTESIAN_POINT ( 'NONE',  ( 3.999999999999987100, 1.071796769724552500, -23.33034180126142200 ) ) ;
#4520 = CARTESIAN_POINT ( 'NONE',  ( 2.901601615137722900, 1.675240473580871900, -24.66666666666660700 ) ) ;
#4521 = CARTESIAN_POINT ( 'NONE',  ( 3.350480947161659500, 4.648177544792955000E-015, -23.87499999999994700 ) ) ;
#4522 = CARTESIAN_POINT ( 'NONE',  ( 4.618802153517005800, 6.478866617091239000E-014, -14.24999999999996600 ) ) ;
#4523 = ADVANCED_BREP_SHAPE_REPRESENTATION ( '96144A219_Fine-Thread Alloy Steel Socket Head Screw', ( #3252, #3453 ), #7448 ) ;
#4524 = ORIENTED_EDGE ( 'NONE', *, *, #6934, .T. ) ;
#4525 = VERTEX_POINT ( 'NONE', #3723 ) ;
#4526 = CARTESIAN_POINT ( 'NONE',  ( -3.999999999999999100, 2.556497649636125300E-015, -0.7499999999999986700 ) ) ;
#4527 = CARTESIAN_POINT ( 'NONE',  ( 4.000000000000011500, -8.947741773726438700E-015, -26.24999999999994700 ) ) ;
#4528 = CARTESIAN_POINT ( 'NONE',  ( -3.999999999999996400, 2.544877205774143000E-014, -25.74999999999994000 ) ) ;
#4529 = CARTESIAN_POINT ( 'NONE',  ( -1.934401076758546400, 3.350480947161633700, -6.416666666666647400 ) ) ;
#4530 = EDGE_CURVE ( 'NONE', #4707, #2122, #3381, .T. ) ;
#4531 = ORIENTED_EDGE ( 'NONE', *, *, #1300, .T. ) ;
#4532 = CARTESIAN_POINT ( 'NONE',  ( 4.720288238941220100E-014, -3.350480947161662100, -9.124999999999975100 ) ) ;
#4533 = CARTESIAN_POINT ( 'NONE',  ( 8.721961132475508300E-014, -4.000000000000000000, -15.62499999999995900 ) ) ;
#4534 = CYLINDRICAL_SURFACE ( 'NONE', #6438, 3.350480947161662100 ) ;
#4535 = CARTESIAN_POINT ( 'NONE',  ( 6.649186226253619900E-014, -3.350480947161662100, -8.124999999999975100 ) ) ;
#4536 = ADVANCED_FACE ( 'NONE', ( #4833 ), #2438, .F. ) ;
#4537 = CARTESIAN_POINT ( 'NONE',  ( 1.934401076758397900, 3.350480947161719000, -16.70833333333329300 ) ) ;
#4538 = CARTESIAN_POINT ( 'NONE',  ( -3.350480947161659500, -0.8977586640479002800, -27.20534180126141900 ) ) ;
#4539 = CARTESIAN_POINT ( 'NONE',  ( -1.934401076758546400, 3.350480947161633700, -22.54166666666661100 ) ) ;
#4540 = AXIS2_PLACEMENT_3D ( 'NONE', #7442, #2592, #88 ) ;
#4541 = CARTESIAN_POINT ( 'NONE',  ( 2.532092881617669500, 2.704967697578431400, -0.4208631667881553300 ) ) ;
#4542 = DIRECTION ( 'NONE',  ( -1.000000000000000000, 0.0000000000000000000, 0.0000000000000000000 ) ) ;
#4543 = VECTOR ( 'NONE', #6715, 1000.000000000000000 ) ;
#4544 = CARTESIAN_POINT ( 'NONE',  ( 2.901601615137777500, -1.675240473580777500, -6.958333333333312600 ) ) ;
#4545 = CARTESIAN_POINT ( 'NONE',  ( 4.720288238941220700E-014, -3.350480947161662100, -26.99999999999993600 ) ) ;
#4546 =( BOUNDED_CURVE ( )  B_SPLINE_CURVE ( 2, ( #3331, #272, #6967, #5759, #5226, #2801, #7090, #3430, #1004 ),
 .UNSPECIFIED., .F., .F. ) 
 B_SPLINE_CURVE_WITH_KNOTS ( ( 3, 2, 2, 2, 3 ),
 ( 0.2196969696969697800, 0.2222222222222222100, 0.2272727272727272700, 0.2323232323232323200, 0.2348484848484849500 ),
 .UNSPECIFIED. ) 
 CURVE ( )  GEOMETRIC_REPRESENTATION_ITEM ( )  RATIONAL_B_SPLINE_CURVE ( ( 0.9330127018922194100, 0.9330127018922216300, 1.000000000000000000, 0.8660254037844387100, 1.000000000000000000, 0.8660254037844387100, 1.000000000000000000, 0.9330127018922167400, 0.9330127018922193000 ) ) 
 REPRESENTATION_ITEM ( '' )  );
#4547 = CARTESIAN_POINT ( 'NONE',  ( 3.464101615137702400, 2.000000000000091000, -15.16666666666663100 ) ) ;
#4548 = CARTESIAN_POINT ( 'NONE',  ( 3.464101615137782400, -1.999999999999950700, -14.33333333333330000 ) ) ;
#4549 = CARTESIAN_POINT ( 'NONE',  ( -2.309401076758576200, 3.999999999999957400, -4.041666666666649200 ) ) ;
#4550 = FACE_OUTER_BOUND ( 'NONE', #1718, .T. ) ;
#4551 = ORIENTED_EDGE ( 'NONE', *, *, #5230, .T. ) ;
#4552 = CARTESIAN_POINT ( 'NONE',  ( 2.309401076758566400, -3.999999999999963600, -8.541666666666637700 ) ) ;
#4553 = CARTESIAN_POINT ( 'NONE',  ( 3.350480947161659500, 2.771475861082799400E-014, -22.87499999999994300 ) ) ;
#4554 = AXIS2_PLACEMENT_3D ( 'NONE', #640, #1202, #1142 ) ;
#4555 = CARTESIAN_POINT ( 'NONE',  ( -2.901601615137786800, 1.675240473580762000, -14.45833333333329700 ) ) ;
#4556 = CARTESIAN_POINT ( 'NONE',  ( 4.720288238941220700E-014, -3.350480947161662100, -2.999999999999987600 ) ) ;
#4557 = VERTEX_POINT ( 'NONE', #7884 ) ;
#4558 = CARTESIAN_POINT ( 'NONE',  ( 2.901601615137722900, 1.675240473580871900, -6.791666666666645600 ) ) ;
#4559 = ORIENTED_EDGE ( 'NONE', *, *, #3701, .T. ) ;
#4560 = CARTESIAN_POINT ( 'NONE',  ( -2.309401076758578900, 3.999999999999956000, -6.041666666666644800 ) ) ;
#4561 =( BOUNDED_CURVE ( )  B_SPLINE_CURVE ( 2, ( #2926, #7816, #7713, #7186, #6529, #5972, #5324, #3536, #4639 ),
 .UNSPECIFIED., .F., .T. ) 
 B_SPLINE_CURVE_WITH_KNOTS ( ( 3, 2, 2, 2, 3 ),
 ( 0.1439393939393940100, 0.1464646464646464600, 0.1515151515151515200, 0.1565656565656565700, 0.1590909090909092000 ),
 .UNSPECIFIED. ) 
 CURVE ( )  GEOMETRIC_REPRESENTATION_ITEM ( )  RATIONAL_B_SPLINE_CURVE ( ( 0.9330127018922194100, 0.9330127018922211900, 1.000000000000000000, 0.8660254037844387100, 1.000000000000000000, 0.8660254037844387100, 1.000000000000000000, 0.9330127018922167400, 0.9330127018922193000 ) ) 
 REPRESENTATION_ITEM ( '' )  );
#4562 = CARTESIAN_POINT ( 'NONE',  ( 2.309401076758574900, -3.999999999999958300, -2.541666666666652300 ) ) ;
#4563 = EDGE_CURVE ( 'NONE', #5429, #6231, #2067, .T. ) ;
#4564 = DIRECTION ( 'NONE',  ( -1.000000000000000000, 0.0000000000000000000, 0.0000000000000000000 ) ) ;
#4565 = CARTESIAN_POINT ( 'NONE',  ( 3.999999999999996400, -9.993581721304852300E-015, -26.37499999999994000 ) ) ;
#4566 = ORIENTED_EDGE ( 'NONE', *, *, #6298, .F. ) ;
#4567 = CC_DESIGN_PERSON_AND_ORGANIZATION_ASSIGNMENT ( #4262, #6652, ( #7137 ) ) ;
#4568 = ORIENTED_EDGE ( 'NONE', *, *, #933, .T. ) ;
#4569 = EDGE_LOOP ( 'NONE', ( #1591, #1987, #3474, #2883 ) ) ;
#4570 = CARTESIAN_POINT ( 'NONE',  ( -4.000000000000000900, 6.972266317189433600E-015, -3.874999999999986700 ) ) ;
#4571 = CARTESIAN_POINT ( 'NONE',  ( 4.000000000000000900, 8.947741773726438700E-015, -8.249999999999984000 ) ) ;
#4572 = CARTESIAN_POINT ( 'NONE',  ( -2.775061427406839300, 1.894414507930090000, -29.46923594889831200 ) ) ;
#4573 = EDGE_CURVE ( 'NONE', #1621, #7347, #4687, .T. ) ;
#4574 = CARTESIAN_POINT ( 'NONE',  ( -3.464101615137725500, -2.000000000000050200, -18.66666666666662200 ) ) ;
#4575 = CARTESIAN_POINT ( 'NONE',  ( 3.464101615137721500, 2.000000000000058200, -4.291666666666648300 ) ) ;
#4576 = ORIENTED_EDGE ( 'NONE', *, *, #5019, .T. ) ;
#4577 = EDGE_CURVE ( 'NONE', #2638, #4154, #3628, .T. ) ;
#4578 = ORIENTED_EDGE ( 'NONE', *, *, #2372, .T. ) ;
#4579 = CARTESIAN_POINT ( 'NONE',  ( -5.007509142669421400E-014, 3.350480947161662100, -2.499999999999988900 ) ) ;
#4580 = CARTESIAN_POINT ( 'NONE',  ( -4.000000000000003600, 3.486133158594716000E-015, -12.87499999999996400 ) ) ;
#4581 = AXIS2_PLACEMENT_3D ( 'NONE', #5940, #2412, #5483 ) ;
#4582 = CARTESIAN_POINT ( 'NONE',  ( 4.000000000000000000, -1.359591931851939300E-014, -8.374999999999978700 ) ) ;
#4583 = CARTESIAN_POINT ( 'NONE',  ( -1.934401076758449900, -3.350480947161689600, -2.083333333333322800 ) ) ;
#4584 = ORIENTED_EDGE ( 'NONE', *, *, #1787, .F. ) ;
#4585 =( BOUNDED_CURVE ( )  B_SPLINE_CURVE ( 2, ( #3238, #107, #6851, #5016, #6252, #6880, #4441, #3214, #4848 ),
 .UNSPECIFIED., .F., .T. ) 
 B_SPLINE_CURVE_WITH_KNOTS ( ( 3, 2, 2, 2, 3 ),
 ( 0.5984848484848486200, 0.6010101010101009900, 0.6060606060606060800, 0.6111111111111111600, 0.6136363636363637600 ),
 .UNSPECIFIED. ) 
 CURVE ( )  GEOMETRIC_REPRESENTATION_ITEM ( )  RATIONAL_B_SPLINE_CURVE ( ( 0.9330127018922194100, 0.9330127018922238500, 1.000000000000000000, 0.8660254037844387100, 1.000000000000000000, 0.8660254037844387100, 1.000000000000000000, 0.9330127018922164100, 0.9330127018922194100 ) ) 
 REPRESENTATION_ITEM ( '' )  );
#4586 = VECTOR ( 'NONE', #2822, 1000.000000000000000 ) ;
#4587 = CARTESIAN_POINT ( 'NONE',  ( -4.679256681265763300E-014, 3.350480947161662100, -10.62499999999997200 ) ) ;
#4588 = CARTESIAN_POINT ( 'NONE',  ( -2.071988810472833000, 3.112172001870327600, -29.40481220213601100 ) ) ;
#4589 = CARTESIAN_POINT ( 'NONE',  ( 2.309401076758604600, -3.999999999999942300, -18.41666666666662200 ) ) ;
#4590 = VERTEX_POINT ( 'NONE', #935 ) ;
#4591 = DIRECTION ( 'NONE',  ( -1.000000000000000000, 0.0000000000000000000, 0.0000000000000000000 ) ) ;
#4592 =( BOUNDED_CURVE ( )  B_SPLINE_CURVE ( 2, ( #7140, #7167, #2800, #4695, #1589, #7743, #2242, #1642, #2771 ),
 .UNSPECIFIED., .F., .F. ) 
 B_SPLINE_CURVE_WITH_KNOTS ( ( 3, 2, 2, 2, 3 ),
 ( 0.5530303030303032100, 0.5555555555555555800, 0.5606060606060605500, 0.5656565656565656400, 0.5681818181818183400 ),
 .UNSPECIFIED. ) 
 CURVE ( )  GEOMETRIC_REPRESENTATION_ITEM ( )  RATIONAL_B_SPLINE_CURVE ( ( 0.9330127018922194100, 0.9330127018922238500, 1.000000000000000000, 0.8660254037844387100, 1.000000000000000000, 0.8660254037844387100, 1.000000000000000000, 0.9330127018922149700, 0.9330127018922194100 ) ) 
 REPRESENTATION_ITEM ( '' )  );
#4593 = CARTESIAN_POINT ( 'NONE',  ( 4.000000000000012400, -4.996790860652426200E-015, -29.37499999999993600 ) ) ;
#4594 = CARTESIAN_POINT ( 'NONE',  ( 2.013789968094674300, 2.301439434966928500, -37.58105234471543100 ) ) ;
#4595 = CARTESIAN_POINT ( 'NONE',  ( 1.161532604359165800, -3.653027418525746800, -29.67791551704567300 ) ) ;
#4596 = CARTESIAN_POINT ( 'NONE',  ( 1.934401076758615100, -3.350480947161594200, -29.04166666666660000 ) ) ;
#4597 = ORIENTED_EDGE ( 'NONE', *, *, #6741, .F. ) ;
#4598 = FACE_OUTER_BOUND ( 'NONE', #7519, .T. ) ;
#4599 = CARTESIAN_POINT ( 'NONE',  ( -3.350480947161662100, 0.0000000000000000000, 0.0000000000000000000 ) ) ;
#4600 = CARTESIAN_POINT ( 'NONE',  ( 2.309401076758560200, -3.999999999999966700, -18.41666666666662200 ) ) ;
#4601 = CARTESIAN_POINT ( 'NONE',  ( 3.464101615137668200, 2.000000000000150100, -26.29166666666660000 ) ) ;
#4602 = CARTESIAN_POINT ( 'NONE',  ( 2.999999999999997300, -1.732050807568883900, -38.00000000000000000 ) ) ;
#4603 = CARTESIAN_POINT ( 'NONE',  ( 3.350480947161673700, -0.8977586640477649400, -22.91965819873846400 ) ) ;
#4604 = ORIENTED_EDGE ( 'NONE', *, *, #536, .T. ) ;
#4605 = CARTESIAN_POINT ( 'NONE',  ( -3.350480947161659500, 9.296355089585909900E-015, -14.37499999999996800 ) ) ;
#4606 = ORIENTED_EDGE ( 'NONE', *, *, #6065, .F. ) ;
#4607 = CARTESIAN_POINT ( 'NONE',  ( 1.934401076758545600, -3.350480947161634100, -1.916666666666657000 ) ) ;
#4608 = CARTESIAN_POINT ( 'NONE',  ( -2.901601615137713100, -1.675240473580889200, -4.291666666666651900 ) ) ;
#4609 = EDGE_CURVE ( 'NONE', #2991, #4472, #3123, .T. ) ;
#4610 = CARTESIAN_POINT ( 'NONE',  ( -1.934401076758449900, -3.350480947161689600, -16.20833333333329300 ) ) ;
#4611 = CARTESIAN_POINT ( 'NONE',  ( 1.585884362773790000, -3.619921179691220700, -0.5929098062189727100 ) ) ;
#4612 = AXIS2_PLACEMENT_3D ( 'NONE', #2112, #945, #3594 ) ;
#4613 = CARTESIAN_POINT ( 'NONE',  ( -0.3160264912567112300, 3.586463414793529900, -0.3473916406739208100 ) ) ;
#4614 = VERTEX_POINT ( 'NONE', #3135 ) ;
#4615 = CARTESIAN_POINT ( 'NONE',  ( -2.999999999999996900, 1.598056660857186200, -37.93300292664415000 ) ) ;
#4616 = CARTESIAN_POINT ( 'NONE',  ( -3.999999999999989800, 1.071796769724416600, -22.79465819873847100 ) ) ;
#4618 = CARTESIAN_POINT ( 'NONE',  ( -3.999999999999996400, 1.289869268680045000E-014, -12.74999999999997500 ) ) ;
#4617 = VECTOR ( 'NONE', #6708, 1000.000000000000000 ) ;
#4619 = EDGE_CURVE ( 'NONE', #3639, #3481, #330, .T. ) ;
#4620 = DIRECTION ( 'NONE',  ( 1.000000000000000000, 0.0000000000000000000, 0.0000000000000000000 ) ) ;
#4621 = ORIENTED_EDGE ( 'NONE', *, *, #2060, .T. ) ;
#4622 = CARTESIAN_POINT ( 'NONE',  ( 2.861874064538836700, -2.408010990836150000, -29.63920981636916400 ) ) ;
#4623 = CARTESIAN_POINT ( 'NONE',  ( -3.350480947161657200, -0.8977586640478800700, -29.33034180126141500 ) ) ;
#4624 = LOCAL_TIME ( 9, 22, 24.00000000000000000, #3394 ) ;
#4625 = CARTESIAN_POINT ( 'NONE',  ( -2.309401076758561500, 3.999999999999966200, -18.91666666666661800 ) ) ;
#4626 = CYLINDRICAL_SURFACE ( 'NONE', #7350, 3.350480947161662100 ) ;
#4627 = CARTESIAN_POINT ( 'NONE',  ( -3.350480947161662100, -0.8977586640478753000, -10.20534180126145100 ) ) ;
#4628 = CARTESIAN_POINT ( 'NONE',  ( 1.934401076758445600, 3.350480947161691900, -2.583333333333321500 ) ) ;
#4629 = CARTESIAN_POINT ( 'NONE',  ( -2.309401076758613100, 3.999999999999936100, -13.04166666666662900 ) ) ;
#4630 = AXIS2_PLACEMENT_3D ( 'NONE', #6663, #4244, #565 ) ;
#4631 = CARTESIAN_POINT ( 'NONE',  ( 1.934401076758450300, 3.350480947161689200, -5.583333333333316200 ) ) ;
#4632 = LINE ( 'NONE', #6398, #5966 ) ;
#4633 = CARTESIAN_POINT ( 'NONE',  ( -3.350480947161662100, 0.0000000000000000000, 0.0000000000000000000 ) ) ;
#4634 = CARTESIAN_POINT ( 'NONE',  ( 2.901601615137722900, 1.675240473580871900, -26.79166666666660700 ) ) ;
#4635 = CARTESIAN_POINT ( 'NONE',  ( -3.868802153516995600, -5.474208951679871200E-014, -15.37499999999996100 ) ) ;
#4636 = CARTESIAN_POINT ( 'NONE',  ( -4.000000000000005300, 1.071796769724418600, -24.79465819873846400 ) ) ;
#4637 = VECTOR ( 'NONE', #6162, 1000.000000000000000 ) ;
#4638 = ORIENTED_EDGE ( 'NONE', *, *, #4435, .T. ) ;
#4639 = CARTESIAN_POINT ( 'NONE',  ( 3.350480947161662600, -5.519710834441634500E-015, -3.874999999999989300 ) ) ;
#4640 = CARTESIAN_POINT ( 'NONE',  ( 3.464101615137726400, 2.000000000000048800, -17.29166666666662200 ) ) ;
#4641 = AXIS2_PLACEMENT_3D ( 'NONE', #6315, #2041, #5654 ) ;
#4642 = CARTESIAN_POINT ( 'NONE',  ( 3.464101615137713500, 2.000000000000071900, -22.16666666666661500 ) ) ;
#4643 = CARTESIAN_POINT ( 'NONE',  ( 1.934401076758572400, -3.350480947161618600, -6.041666666666648300 ) ) ;
#4644 = CARTESIAN_POINT ( 'NONE',  ( 2.901601615137795200, -1.675240473580747800, -19.83333333333328600 ) ) ;
#4645 = CYLINDRICAL_SURFACE ( 'NONE', #3842, 3.350480947161662100 ) ;
#4646 = VERTEX_POINT ( 'NONE', #5866 ) ;
#4647 = CARTESIAN_POINT ( 'NONE',  ( 2.901601615137722900, 1.675240473580871900, -28.66666666666660000 ) ) ;
#4648 = CARTESIAN_POINT ( 'NONE',  ( 1.852210663270996100E-013, -4.000000000000000000, -28.62499999999992900 ) ) ;
#4649 = CARTESIAN_POINT ( 'NONE',  ( -4.618802153517005800, -6.535430629823232500E-014, -21.74999999999995000 ) ) ;
#4650 = ADVANCED_FACE ( 'NONE', ( #1969 ), #3220, .T. ) ;
#4651 = CARTESIAN_POINT ( 'NONE',  ( 2.309401076758378100, 4.000000000000071100, -22.20833333333327900 ) ) ;
#4652 = DIRECTION ( 'NONE',  ( 1.000000000000000000, 0.0000000000000000000, 0.0000000000000000000 ) ) ;
#4653 = LINE ( 'NONE', #6138, #643 ) ;
#4654 = ORIENTED_EDGE ( 'NONE', *, *, #3250, .T. ) ;
#4655 = EDGE_CURVE ( 'NONE', #6916, #4294, #7893, .T. ) ;
#4656 = ORIENTED_EDGE ( 'NONE', *, *, #4563, .T. ) ;
#4657 = CARTESIAN_POINT ( 'NONE',  ( 1.934401076758450300, 3.350480947161689200, -8.583333333333309100 ) ) ;
#4658 =( BOUNDED_CURVE ( )  B_SPLINE_CURVE ( 2, ( #86, #2512, #3108, #3734, #724, #2459, #6804, #699, #6749 ),
 .UNSPECIFIED., .F., .T. ) 
 B_SPLINE_CURVE_WITH_KNOTS ( ( 3, 2, 2, 2, 3 ),
 ( 0.5075757575757576800, 0.5101010101010100600, 0.5151515151515151400, 0.5202020202020202200, 0.5227272727272729300 ),
 .UNSPECIFIED. ) 
 CURVE ( )  GEOMETRIC_REPRESENTATION_ITEM ( )  RATIONAL_B_SPLINE_CURVE ( ( 0.9330127018922194100, 0.9330127018922223000, 1.000000000000000000, 0.8660254037844387100, 1.000000000000000000, 0.8660254037844387100, 1.000000000000000000, 0.9330127018922149700, 0.9330127018922194100 ) ) 
 REPRESENTATION_ITEM ( '' )  );
#4659 = CARTESIAN_POINT ( 'NONE',  ( -3.350480947161658100, 0.8977586640477697200, -27.41965819873846000 ) ) ;
#4660 = CARTESIAN_POINT ( 'NONE',  ( -5.586370142149013400E-014, 4.000000000000000000, -0.9999999999999958900 ) ) ;
#4661 = CARTESIAN_POINT ( 'NONE',  ( -1.934401076758546400, 3.350480947161633700, -15.54166666666663100 ) ) ;
#4662 = ORIENTED_EDGE ( 'NONE', *, *, #2560, .F. ) ;
#4663 = CARTESIAN_POINT ( 'NONE',  ( 4.000000000000009800, 1.071796769724525600, -17.20534180126144000 ) ) ;
#4664 = ORIENTED_EDGE ( 'NONE', *, *, #4109, .F. ) ;
#4665 = EDGE_CURVE ( 'NONE', #4201, #6273, #6448, .T. ) ;
#4666 = CARTESIAN_POINT ( 'NONE',  ( 3.350480947161673700, -0.8977586640477649400, -22.79465819873846800 ) ) ;
#4667 = CARTESIAN_POINT ( 'NONE',  ( -3.464101615137725500, -2.000000000000050200, -15.79166666666662300 ) ) ;
#4668 = DIRECTION ( 'NONE',  ( 0.0000000000000000000, 0.0000000000000000000, 1.000000000000000000 ) ) ;
#4669 = CARTESIAN_POINT ( 'NONE',  ( 3.999999999999996400, -2.382190991706389700E-014, -27.37499999999994000 ) ) ;
#4670 = ORIENTED_EDGE ( 'NONE', *, *, #3664, .T. ) ;
#4671 = CARTESIAN_POINT ( 'NONE',  ( 3.350480947161659500, -3.794074920937249900E-014, -19.74999999999995700 ) ) ;
#4672 = ORIENTED_EDGE ( 'NONE', *, *, #7403, .F. ) ;
#4673 = CARTESIAN_POINT ( 'NONE',  ( -2.901601615137722400, -1.675240473580873000, -29.16666666666659700 ) ) ;
#4674 = AXIS2_PLACEMENT_3D ( 'NONE', #2844, #3476, #7735 ) ;
#4675 = CARTESIAN_POINT ( 'NONE',  ( -2.309401076758561500, 3.999999999999966200, -17.91666666666662900 ) ) ;
#4676 = CARTESIAN_POINT ( 'NONE',  ( -7.937691996511932000E-014, 4.000000000000000000, -22.12499999999994300 ) ) ;
#4677 = EDGE_CURVE ( 'NONE', #1780, #2014, #6272, .T. ) ;
#4678 = CARTESIAN_POINT ( 'NONE',  ( -2.901601615137698900, -1.675240473580914300, -10.16666666666663800 ) ) ;
#4679 = ORIENTED_EDGE ( 'NONE', *, *, #5132, .F. ) ;
#4680 = CARTESIAN_POINT ( 'NONE',  ( 2.999999999999996400, 0.3051962678401472500, -37.53591759026972600 ) ) ;
#4681 = CARTESIAN_POINT ( 'NONE',  ( 1.934401076758445600, 3.350480947161691900, -2.708333333333321900 ) ) ;
#4682 = CARTESIAN_POINT ( 'NONE',  ( -1.934401076758449900, -3.350480947161689600, -7.083333333333311700 ) ) ;
#4683 = CARTESIAN_POINT ( 'NONE',  ( -3.999999999999996400, 1.071796769724455700, -9.794658198738499500 ) ) ;
#4684 = CARTESIAN_POINT ( 'NONE',  ( 1.934401076758450300, 3.350480947161689200, -29.70833333333326500 ) ) ;
#4685 = CARTESIAN_POINT ( 'NONE',  ( 1.934401076758450300, 3.350480947161689200, -13.70833333333329800 ) ) ;
#4686 = VERTEX_POINT ( 'NONE', #7682 ) ;
#4687 =( BOUNDED_CURVE ( )  B_SPLINE_CURVE ( 2, ( #4914, #564, #3760, #4972, #5562, #6204, #5588, #1286, #1929 ),
 .UNSPECIFIED., .F., .T. ) 
 B_SPLINE_CURVE_WITH_KNOTS ( ( 3, 2, 2, 2, 3 ),
 ( 0.09848484848484856400, 0.1010101010101010100, 0.1060606060606060600, 0.1111111111111111000, 0.1136363636363637200 ),
 .UNSPECIFIED. ) 
 CURVE ( )  GEOMETRIC_REPRESENTATION_ITEM ( )  RATIONAL_B_SPLINE_CURVE ( ( 0.9330127018922194100, 0.9330127018922216300, 1.000000000000000000, 0.8660254037844387100, 1.000000000000000000, 0.8660254037844387100, 1.000000000000000000, 0.9330127018922171900, 0.9330127018922194100 ) ) 
 REPRESENTATION_ITEM ( '' )  );
#4688 = CYLINDRICAL_SURFACE ( 'NONE', #5862, 3.350480947161662100 ) ;
#4689 = CARTESIAN_POINT ( 'NONE',  ( -1.934401076758383500, -3.350480947161727400, -20.20833333333328600 ) ) ;
#4690 = CARTESIAN_POINT ( 'NONE',  ( 2.901601615137697100, 1.675240473580916800, -28.66666666666660000 ) ) ;
#4691 = CARTESIAN_POINT ( 'NONE',  ( 5.635356014114907400E-014, -4.000000000000000000, -13.62499999999996100 ) ) ;
#4692 = ORIENTED_EDGE ( 'NONE', *, *, #6020, .T. ) ;
#4693 = LINE ( 'NONE', #2427, #3761 ) ;
#4694 = CARTESIAN_POINT ( 'NONE',  ( -3.464101615137837000, 1.999999999999856600, -28.83333333333326800 ) ) ;
#4695 = CARTESIAN_POINT ( 'NONE',  ( 2.309401076758631300, -3.999999999999925800, -17.41666666666662500 ) ) ;
#4696 = CARTESIAN_POINT ( 'NONE',  ( -3.350480947161662100, 0.8977586640477985800, -4.419658198738505700 ) ) ;
#4697 = CARTESIAN_POINT ( 'NONE',  ( 3.350480947161659500, -4.357666448243394800E-015, -10.74999999999997500 ) ) ;
#4698 = CARTESIAN_POINT ( 'NONE',  ( 3.464101615137713500, 2.000000000000071900, -21.29166666666661100 ) ) ;
#4699 = VERTEX_POINT ( 'NONE', #5261 ) ;
#4700 = CARTESIAN_POINT ( 'NONE',  ( 4.618802153517005800, 6.478866617091239000E-014, -26.24999999999994300 ) ) ;
#4701 =( BOUNDED_CURVE ( )  B_SPLINE_CURVE ( 2, ( #1240, #597, #649, #4949, #7344, #6131, #3110, #5564, #3680 ),
 .UNSPECIFIED., .F., .T. ) 
 B_SPLINE_CURVE_WITH_KNOTS ( ( 3, 2, 2, 2, 3 ),
 ( 0.5681818181818183400, 0.5707070707070707200, 0.5757575757575758000, 0.5808080808080807700, 0.5833333333333334800 ),
 .UNSPECIFIED. ) 
 CURVE ( )  GEOMETRIC_REPRESENTATION_ITEM ( )  RATIONAL_B_SPLINE_CURVE ( ( 0.9330127018922194100, 0.9330127018922238500, 1.000000000000000000, 0.8660254037844387100, 1.000000000000000000, 0.8660254037844387100, 1.000000000000000000, 0.9330127018922149700, 0.9330127018922194100 ) ) 
 REPRESENTATION_ITEM ( '' )  );
#4702 = ORIENTED_EDGE ( 'NONE', *, *, #678, .T. ) ;
#4703 = CARTESIAN_POINT ( 'NONE',  ( -3.999999999999996400, -3.834746474454188000E-015, -21.87499999999995000 ) ) ;
#4704 = CARTESIAN_POINT ( 'NONE',  ( 2.901601615137717100, 1.675240473580883000, -9.666666666666639400 ) ) ;
#4705 = CARTESIAN_POINT ( 'NONE',  ( -1.934401076758578600, 3.350480947161614600, -28.41666666666660400 ) ) ;
#4706 = CARTESIAN_POINT ( 'NONE',  ( -2.901601615137722400, -1.675240473580873000, -11.16666666666663600 ) ) ;
#4707 = VERTEX_POINT ( 'NONE', #6468 ) ;
#4708 = CARTESIAN_POINT ( 'NONE',  ( -3.350480947161659500, 2.719183863703878600E-014, -16.37499999999996400 ) ) ;
#4709 = EDGE_CURVE ( 'NONE', #6080, #647, #7198, .T. ) ;
#4710 = CARTESIAN_POINT ( 'NONE',  ( 2.309401076758560200, -3.999999999999966700, -0.4166666666666639100 ) ) ;
#4711 = CARTESIAN_POINT ( 'NONE',  ( 3.868802153516995600, 5.426829789941480900E-014, -11.87499999999996800 ) ) ;
#4712 = CARTESIAN_POINT ( 'NONE',  ( 2.901601615137714900, 1.675240473580885700, -13.66666666666663100 ) ) ;
#4713 = CARTESIAN_POINT ( 'NONE',  ( -3.350480947161658100, -0.8977586640478768500, -25.33034180126143300 ) ) ;
#4714 = CARTESIAN_POINT ( 'NONE',  ( 1.026079285482567500E-013, -3.350480947161662100, -22.99999999999994700 ) ) ;
#4715 = ORIENTED_EDGE ( 'NONE', *, *, #6546, .T. ) ;
#4716 = CARTESIAN_POINT ( 'NONE',  ( -2.309401076758561500, 3.999999999999966200, -14.04166666666662700 ) ) ;
#4717 = CARTESIAN_POINT ( 'NONE',  ( -6.977023911091368200E-014, 3.350480947161662100, -26.49999999999994000 ) ) ;
#4718 = AXIS2_PLACEMENT_3D ( 'NONE', #7413, #401, #5290 ) ;
#4719 = CARTESIAN_POINT ( 'NONE',  ( 2.309401076758671200, -3.999999999999903600, -27.54166666666660000 ) ) ;
#4720 = EDGE_CURVE ( 'NONE', #6189, #4754, #3028, .T. ) ;
#4721 = VECTOR ( 'NONE', #148, 1000.000000000000000 ) ;
#4722 =( BOUNDED_CURVE ( )  B_SPLINE_CURVE ( 2, ( #7622, #3981, #3307, #3885, #1477, #7018, #4601, #6341, #3359 ),
 .UNSPECIFIED., .F., .T. ) 
 B_SPLINE_CURVE_WITH_KNOTS ( ( 3, 2, 2, 2, 3 ),
 ( 0.8409090909090910500, 0.8434343434343434300, 0.8484848484848485100, 0.8535353535353534800, 0.8560606060606061900 ),
 .UNSPECIFIED. ) 
 CURVE ( )  GEOMETRIC_REPRESENTATION_ITEM ( )  RATIONAL_B_SPLINE_CURVE ( ( 0.9330127018922194100, 0.9330127018922238500, 1.000000000000000000, 0.8660254037844387100, 1.000000000000000000, 0.8660254037844387100, 1.000000000000000000, 0.9330127018922149700, 0.9330127018922194100 ) ) 
 REPRESENTATION_ITEM ( '' )  );
#4723 = CARTESIAN_POINT ( 'NONE',  ( 2.309401076758560200, -3.999999999999966700, 1.458333333333339000 ) ) ;
#4724 = CARTESIAN_POINT ( 'NONE',  ( 3.584038550703693800, 1.155398536086449400, -0.4633647965047060800 ) ) ;
#4725 = CARTESIAN_POINT ( 'NONE',  ( 4.000000000000000000, 0.0000000000000000000, -30.00000000000000000 ) ) ;
#4726 = CARTESIAN_POINT ( 'NONE',  ( -6.648771449687710200E-014, 3.350480947161662100, -22.62499999999994700 ) ) ;
#4727 = CARTESIAN_POINT ( 'NONE',  ( -3.350480947161659500, 2.719183863703878900E-014, -16.24999999999996400 ) ) ;
#4728 = CARTESIAN_POINT ( 'NONE',  ( 3.464101615137782400, -1.999999999999950700, -27.33333333333327200 ) ) ;
#4729 = LINE ( 'NONE', #3241, #7788 ) ;
#4730 = CARTESIAN_POINT ( 'NONE',  ( 3.464101615137683800, 2.000000000000123000, -24.16666666666661100 ) ) ;
#4731 = VECTOR ( 'NONE', #3293, 1000.000000000000000 ) ;
#4732 = CARTESIAN_POINT ( 'NONE',  ( 3.350480947161662100, 7.378981852358816700E-015, -7.749999999999980500 ) ) ;
#4733 = AXIS2_PLACEMENT_3D ( 'NONE', #5232, #6410, #980 ) ;
#4734 = CARTESIAN_POINT ( 'NONE',  ( -4.679256681265764000E-014, 3.350480947161662100, -9.499999999999973400 ) ) ;
#4735 = LINE ( 'NONE', #3249, #5402 ) ;
#4736 = VERTEX_POINT ( 'NONE', #3991 ) ;
#4737 = CARTESIAN_POINT ( 'NONE',  ( 2.901601615137722900, 1.675240473580871900, -28.79166666666660000 ) ) ;
#4738 = ADVANCED_FACE ( 'NONE', ( #1878 ), #1575, .F. ) ;
#4739 = CARTESIAN_POINT ( 'NONE',  ( -3.868802153516995600, -5.474208951679871200E-014, -17.37499999999996100 ) ) ;
#4740 = CARTESIAN_POINT ( 'NONE',  ( -1.934401076758590200, 3.350480947161607900, -13.41666666666663200 ) ) ;
#4741 = CARTESIAN_POINT ( 'NONE',  ( -3.350480947161671900, 2.393811435568371800E-014, -20.37499999999995700 ) ) ;
#4742 = CARTESIAN_POINT ( 'NONE',  ( -1.934401076758357000, -3.350480947161742500, -23.08333333333327900 ) ) ;
#4743 = CARTESIAN_POINT ( 'NONE',  ( 4.000000000000000900, -4.299564228933483700E-015, -2.249999999999996000 ) ) ;
#4744 = CARTESIAN_POINT ( 'NONE',  ( -2.309401076758445600, -4.000000000000032900, -20.70833333333328200 ) ) ;
#4745 = CYLINDRICAL_SURFACE ( 'NONE', #3070, 3.350480947161662100 ) ;
#4746 = VERTEX_POINT ( 'NONE', #1044 ) ;
#4747 = CARTESIAN_POINT ( 'NONE',  ( 2.309401076758378100, 4.000000000000071100, -23.08333333333328200 ) ) ;
#4748 = VERTEX_POINT ( 'NONE', #6393 ) ;
#4749 = CARTESIAN_POINT ( 'NONE',  ( 4.000000000000000900, 8.482924019247143800E-015, -3.249999999999993800 ) ) ;
#4750 = CARTESIAN_POINT ( 'NONE',  ( 3.999999999999981800, -1.071796769724419100, -27.41965819873845700 ) ) ;
#4751 = CARTESIAN_POINT ( 'NONE',  ( -4.618802153517005800, -6.535430629823232500E-014, 0.1250000000000087700 ) ) ;
#4752 = ORIENTED_EDGE ( 'NONE', *, *, #536, .F. ) ;
#4753 = CARTESIAN_POINT ( 'NONE',  ( 2.309401076758560200, -3.999999999999966700, -25.41666666666660700 ) ) ;
#4754 = VERTEX_POINT ( 'NONE', #514 ) ;
#4755 = DIRECTION ( 'NONE',  ( 1.000000000000000000, 0.0000000000000000000, 0.0000000000000000000 ) ) ;
#4756 = EDGE_CURVE ( 'NONE', #7011, #5536, #5183, .T. ) ;
#4757 = CARTESIAN_POINT ( 'NONE',  ( 3.350480947161671900, -1.074891057233370800E-014, -21.87499999999995400 ) ) ;
#4758 = CARTESIAN_POINT ( 'NONE',  ( -2.901601615137722400, -1.675240473580873000, -9.166666666666641200 ) ) ;
#4759 = CARTESIAN_POINT ( 'NONE',  ( -2.901601615137779700, 1.675240473580773300, -27.45833333333326800 ) ) ;
#4760 = ORIENTED_EDGE ( 'NONE', *, *, #5019, .F. ) ;
#4761 = CARTESIAN_POINT ( 'NONE',  ( 2.901601615137770400, -1.675240473580789800, -30.95833333333326100 ) ) ;
#4762 = VERTEX_POINT ( 'NONE', #7206 ) ;
#4763 = CARTESIAN_POINT ( 'NONE',  ( 2.901601615137770400, -1.675240473580789800, -18.95833333333329000 ) ) ;
#4764 = CARTESIAN_POINT ( 'NONE',  ( -3.350480947161663900, 0.8977586640477958100, -3.294658198738508800 ) ) ;
#4765 = DIRECTION ( 'NONE',  ( 0.0000000000000000000, 0.0000000000000000000, 1.000000000000000000 ) ) ;
#4766 = EDGE_CURVE ( 'NONE', #7455, #1498, #1952, .T. ) ;
#4767 = CARTESIAN_POINT ( 'NONE',  ( -3.350480947161659000, -1.952234568813041300E-014, -23.24999999999994700 ) ) ;
#4768 = ORIENTED_EDGE ( 'NONE', *, *, #3510, .F. ) ;
#4769 = CARTESIAN_POINT ( 'NONE',  ( -4.618802153517005800, -6.535430629823232500E-014, -22.87499999999994300 ) ) ;
#4770 = CARTESIAN_POINT ( 'NONE',  ( -4.000000000000000900, -8.947741773726438700E-015, -3.749999999999992000 ) ) ;
#4771 = CARTESIAN_POINT ( 'NONE',  ( -3.464101615137783700, 1.999999999999948500, -0.9583333333333223800 ) ) ;
#4772 = CARTESIAN_POINT ( 'NONE',  ( 3.428032810133324800, -1.791252994286193000, -0.5338510722492689800 ) ) ;
#4773 = CARTESIAN_POINT ( 'NONE',  ( -3.999999999999996400, -3.834746474454188000E-015, -22.74999999999995000 ) ) ;
#4774 = CARTESIAN_POINT ( 'NONE',  ( -3.350480947161663000, -0.8977586640478614200, -11.20534180126144900 ) ) ;
#4775 = ORIENTED_EDGE ( 'NONE', *, *, #4289, .T. ) ;
#4776 = CARTESIAN_POINT ( 'NONE',  ( 5.335346827507168400E-014, -3.350480947161662100, -20.99999999999995000 ) ) ;
#4777 = CARTESIAN_POINT ( 'NONE',  ( -4.000000000000004400, 1.071796769724443300, -8.794658198738497700 ) ) ;
#4778 = AXIS2_PLACEMENT_3D ( 'NONE', #4238, #1232, #6710 ) ;
#4779 = CARTESIAN_POINT ( 'NONE',  ( -2.309401076758445600, -4.000000000000032900, -25.58333333333327500 ) ) ;
#4780 = CARTESIAN_POINT ( 'NONE',  ( 2.999999999999997300, -1.732050807568878300, -33.50000000000000000 ) ) ;
#4781 = EDGE_CURVE ( 'NONE', #3195, #986, #7407, .T. ) ;
#4782 = DIRECTION ( 'NONE',  ( -0.0000000000000000000, -0.0000000000000000000, -1.000000000000000000 ) ) ;
#4783 = CARTESIAN_POINT ( 'NONE',  ( 3.350480947161662600, -3.660439816524453200E-015, -1.874999999999993100 ) ) ;
#4784 = ORIENTED_EDGE ( 'NONE', *, *, #6678, .T. ) ;
#4785 =( BOUNDED_CURVE ( )  B_SPLINE_CURVE ( 2, ( #7371, #2487, #6774, #534, #29, #2378, #2429, #3050, #4913 ),
 .UNSPECIFIED., .F., .T. ) 
 B_SPLINE_CURVE_WITH_KNOTS ( ( 3, 2, 2, 2, 3 ),
 ( 0.3106060606060607200, 0.3131313131313131500, 0.3181818181818181800, 0.3232323232323232600, 0.3257575757575758600 ),
 .UNSPECIFIED. ) 
 CURVE ( )  GEOMETRIC_REPRESENTATION_ITEM ( )  RATIONAL_B_SPLINE_CURVE ( ( 0.9330127018922194100, 0.9330127018922223000, 1.000000000000000000, 0.8660254037844387100, 1.000000000000000000, 0.8660254037844387100, 1.000000000000000000, 0.9330127018922171900, 0.9330127018922194100 ) ) 
 REPRESENTATION_ITEM ( '' )  );
#4786 = CARTESIAN_POINT ( 'NONE',  ( 2.901601615137722900, 1.675240473580871900, -16.66666666666662500 ) ) ;
#4787 = CARTESIAN_POINT ( 'NONE',  ( 3.350480947161662600, -3.660439816524453200E-015, -1.874999999999993100 ) ) ;
#4788 = CARTESIAN_POINT ( 'NONE',  ( -5.586370142149013400E-014, 4.000000000000000000, -1.999999999999994000 ) ) ;
#4789 = CARTESIAN_POINT ( 'NONE',  ( 2.901601615137722900, 1.675240473580871900, -21.79166666666661500 ) ) ;
#4790 = CARTESIAN_POINT ( 'NONE',  ( 3.999999999999996400, -4.067155351693835500E-015, -29.24999999999994300 ) ) ;
#4791 = AXIS2_PLACEMENT_3D ( 'NONE', #3063, #7267, #6762 ) ;
#4792 = ORIENTED_EDGE ( 'NONE', *, *, #3196, .F. ) ;
#4793 = CARTESIAN_POINT ( 'NONE',  ( 2.309401076758566000, -3.999999999999963600, -1.416666666666661400 ) ) ;
#4794 = CARTESIAN_POINT ( 'NONE',  ( -0.9727618792581563800, -2.902477282290652400, -37.59350745909828400 ) ) ;
#4795 = CONICAL_SURFACE ( 'NONE', #4718, 3.096480947161662100, 0.9599310885968841400 ) ;
#4796 = CARTESIAN_POINT ( 'NONE',  ( -2.309401076758401700, -4.000000000000058600, -12.70833333333329800 ) ) ;
#4797 = CARTESIAN_POINT ( 'NONE',  ( 3.350480947161669700, -0.8977586640477568400, -25.91965819873846000 ) ) ;
#4798 = CARTESIAN_POINT ( 'NONE',  ( 1.934401076758419700, 3.350480947161706500, -19.58333333333328600 ) ) ;
#4799 = CARTESIAN_POINT ( 'NONE',  ( 4.618802153517005800, 6.478866617091239000E-014, -23.37499999999994300 ) ) ;
#4800 = ORIENTED_EDGE ( 'NONE', *, *, #5310, .T. ) ;
#4801 = CARTESIAN_POINT ( 'NONE',  ( -3.464101615137725500, -2.000000000000050200, -0.7916666666666558600 ) ) ;
#4802 = CARTESIAN_POINT ( 'NONE',  ( 2.842063551179613500, -2.670578890019535300, -0.5563627333434046900 ) ) ;
#4803 = CARTESIAN_POINT ( 'NONE',  ( 0.0000000000000000000, 0.0000000000000000000, -30.00000000000000000 ) ) ;
#4804 = EDGE_CURVE ( 'NONE', #4754, #2799, #4454, .T. ) ;
#4805 = CARTESIAN_POINT ( 'NONE',  ( 8.330074156748355900E-014, -4.000000000000000000, -11.62499999999996400 ) ) ;
#4806 = CARTESIAN_POINT ( 'NONE',  ( -5.586370142149013400E-014, 4.000000000000000000, -22.99999999999994700 ) ) ;
#4807 = CARTESIAN_POINT ( 'NONE',  ( 3.999999999999996400, 2.788906526875773200E-015, -18.37499999999995400 ) ) ;
#4808 = CIRCLE ( 'NONE', #3008, 3.464101615137755700 ) ;
#4809 = AXIS2_PLACEMENT_3D ( 'NONE', #4308, #4402, #5519 ) ;
#4810 = VERTEX_POINT ( 'NONE', #7235 ) ;
#4811 = CARTESIAN_POINT ( 'NONE',  ( -4.000000000000000900, 1.071796769724452600, -4.794658198738509300 ) ) ;
#4812 = DIRECTION ( 'NONE',  ( -1.000000000000000000, 0.0000000000000000000, 0.0000000000000000000 ) ) ;
#4813 = DIRECTION ( 'NONE',  ( -1.000000000000000000, 0.0000000000000000000, 0.0000000000000000000 ) ) ;
#4814 = CARTESIAN_POINT ( 'NONE',  ( -3.868802153516995600, -5.474208951679871900E-014, -14.24999999999996100 ) ) ;
#4815 = APPROVAL_DATE_TIME ( #1559, #2210 ) ;
#4816 = CYLINDRICAL_SURFACE ( 'NONE', #465, 4.000000000000000000 ) ;
#4817 = EDGE_CURVE ( 'NONE', #1547, #5341, #2775, .T. ) ;
#4818 = CARTESIAN_POINT ( 'NONE',  ( -2.309401076758445600, -4.000000000000032900, -5.583333333333318800 ) ) ;
#4819 = ADVANCED_FACE ( 'NONE', ( #4932 ), #7867, .T. ) ;
#4820 = CARTESIAN_POINT ( 'NONE',  ( -4.679256681265763300E-014, 3.350480947161662100, -19.62499999999995400 ) ) ;
#4821 = CARTESIAN_POINT ( 'NONE',  ( -3.350480947161661700, -0.8977586640478785200, -14.33034180126144500 ) ) ;
#4822 = CC_DESIGN_PERSON_AND_ORGANIZATION_ASSIGNMENT ( #1287, #4207, ( #2543 ) ) ;
#4823 = CARTESIAN_POINT ( 'NONE',  ( 3.350480947161671900, -1.074891057233370800E-014, -21.87499999999995400 ) ) ;
#4824 = DIRECTION ( 'NONE',  ( 0.0000000000000000000, 0.0000000000000000000, 1.000000000000000000 ) ) ;
#4825 = CARTESIAN_POINT ( 'NONE',  ( 0.0000000000000000000, 0.0000000000000000000, -30.00000000000000000 ) ) ;
#4826 = ORIENTED_EDGE ( 'NONE', *, *, #1968, .F. ) ;
#4827 = CARTESIAN_POINT ( 'NONE',  ( -2.309401076758445600, -4.000000000000032900, -18.70833333333328600 ) ) ;
#4828 = FACE_OUTER_BOUND ( 'NONE', #3268, .T. ) ;
#4829 = CARTESIAN_POINT ( 'NONE',  ( 1.934401076758545600, -3.350480947161634100, -0.04166666666666121000 ) ) ;
#4830 = CARTESIAN_POINT ( 'NONE',  ( 1.934401076758566200, -3.350480947161623000, -27.04166666666660700 ) ) ;
#4831 = EDGE_CURVE ( 'NONE', #601, #2306, #5130, .T. ) ;
#4832 = CARTESIAN_POINT ( 'NONE',  ( 5.635356014114907400E-014, -4.000000000000000000, -0.6249999999999892300 ) ) ;
#4833 = FACE_OUTER_BOUND ( 'NONE', #3830, .T. ) ;
#4834 = ORIENTED_EDGE ( 'NONE', *, *, #4363, .T. ) ;
#4835 = CARTESIAN_POINT ( 'NONE',  ( 3.624100140834694500, -1.304023311025185300, -0.5224483326468751800 ) ) ;
#4836 = CARTESIAN_POINT ( 'NONE',  ( 3.350480947161665200, 0.8977586640478634200, -6.705341801261461400 ) ) ;
#4837 =( BOUNDED_CURVE ( )  B_SPLINE_CURVE ( 2, ( #2365, #4229, #3611, #2339, #1075, #4796, #6586, #494, #2316 ),
 .UNSPECIFIED., .F., .F. ) 
 B_SPLINE_CURVE_WITH_KNOTS ( ( 3, 2, 2, 2, 3 ),
 ( 0.4318181818181819300, 0.4343434343434343600, 0.4393939393939393900, 0.4444444444444444200, 0.4469696969696970700 ),
 .UNSPECIFIED. ) 
 CURVE ( )  GEOMETRIC_REPRESENTATION_ITEM ( )  RATIONAL_B_SPLINE_CURVE ( ( 0.9330127018922194100, 0.9330127018922223000, 1.000000000000000000, 0.8660254037844387100, 1.000000000000000000, 0.8660254037844387100, 1.000000000000000000, 0.9330127018922164100, 0.9330127018922194100 ) ) 
 REPRESENTATION_ITEM ( '' )  );
#4838 = CARTESIAN_POINT ( 'NONE',  ( 3.350480947161659500, -9.819275063375116700E-015, -20.74999999999995700 ) ) ;
#4839 = CARTESIAN_POINT ( 'NONE',  ( -3.350480947161659500, 1.260818159025089000E-014, -10.24999999999997700 ) ) ;
#4840 = EDGE_LOOP ( 'NONE', ( #1357, #7017, #1239, #4884 ) ) ;
#4841 = CARTESIAN_POINT ( 'NONE',  ( 0.0000000000000000000, 0.0000000000000000000, 0.0000000000000000000 ) ) ;
#4842 = CARTESIAN_POINT ( 'NONE',  ( -1.934401076758546400, 3.350480947161633700, -14.41666666666662900 ) ) ;
#4843 = CARTESIAN_POINT ( 'NONE',  ( 3.350480947161655000, 0.8977586640478899500, -26.83034180126141900 ) ) ;
#4844 = CARTESIAN_POINT ( 'NONE',  ( -4.618802153517005800, -6.535430629823232500E-014, -2.749999999999992000 ) ) ;
#4845 = CARTESIAN_POINT ( 'NONE',  ( 4.720288238941220100E-014, -3.350480947161662100, -18.12499999999995700 ) ) ;
#4846 = CYLINDRICAL_SURFACE ( 'NONE', #715, 3.350480947161662100 ) ;
#4847 = ORIENTED_EDGE ( 'NONE', *, *, #1077, .F. ) ;
#4848 = CARTESIAN_POINT ( 'NONE',  ( 3.999999999999996400, 2.788906526875773200E-015, -19.24999999999995700 ) ) ;
#4849 = DIRECTION ( 'NONE',  ( 1.000000000000000000, 0.0000000000000000000, 0.0000000000000000000 ) ) ;
#4850 = ORIENTED_EDGE ( 'NONE', *, *, #4219, .T. ) ;
#4851 = CARTESIAN_POINT ( 'NONE',  ( 8.306281315711577900E-016, -3.464101615137754800, -33.50000000000000000 ) ) ;
#4852 = CARTESIAN_POINT ( 'NONE',  ( -3.464101615137725500, -2.000000000000050200, -20.79166666666661500 ) ) ;
#4853 = ORIENTED_EDGE ( 'NONE', *, *, #1549, .T. ) ;
#4854 = CARTESIAN_POINT ( 'NONE',  ( -3.464101615137823200, 1.999999999999880300, -28.95833333333326500 ) ) ;
#4855 = ORIENTED_EDGE ( 'NONE', *, *, #3240, .F. ) ;
#4856 = CARTESIAN_POINT ( 'NONE',  ( -3.464101615137725500, -2.000000000000050200, -6.791666666666643900 ) ) ;
#4857 = ADVANCED_FACE ( 'NONE', ( #61 ), #1569, .T. ) ;
#4858 = CARTESIAN_POINT ( 'NONE',  ( -1.934401076758564200, 3.350480947161623500, -10.54166666666663800 ) ) ;
#4859 = CARTESIAN_POINT ( 'NONE',  ( 0.0000000000000000000, 0.0000000000000000000, 0.0000000000000000000 ) ) ;
#4860 = CARTESIAN_POINT ( 'NONE',  ( -2.309401076758561500, 3.999999999999966200, -29.91666666666659700 ) ) ;
#4861 = CARTESIAN_POINT ( 'NONE',  ( 0.0000000000000000000, 0.0000000000000000000, -30.00000000000000000 ) ) ;
#4862 = EDGE_LOOP ( 'NONE', ( #7073, #7806, #5733, #7236 ) ) ;
#4863 = CARTESIAN_POINT ( 'NONE',  ( 3.464101615137797000, -1.999999999999925800, -19.33333333333329000 ) ) ;
#4864 = EDGE_CURVE ( 'NONE', #799, #3988, #427, .T. ) ;
#4865 = CARTESIAN_POINT ( 'NONE',  ( -3.350480947161671900, 2.062628785501874300E-014, -24.24999999999995000 ) ) ;
#4866 = CARTESIAN_POINT ( 'NONE',  ( 4.720288238941220700E-014, -3.350480947161662100, -13.99999999999996400 ) ) ;
#4867 = CARTESIAN_POINT ( 'NONE',  ( -2.309401076758445600, -4.000000000000032900, -3.583333333333323700 ) ) ;
#4868 = CARTESIAN_POINT ( 'NONE',  ( 3.464101615137721100, 2.000000000000059100, -6.166666666666651000 ) ) ;
#4869 = ORIENTED_EDGE ( 'NONE', *, *, #3093, .T. ) ;
#4870 = LINE ( 'NONE', #4128, #6224 ) ;
#4871 = CARTESIAN_POINT ( 'NONE',  ( -4.000000000000000000, -1.071796769724525000, -1.705341801261475200 ) ) ;
#4872 = CARTESIAN_POINT ( 'NONE',  ( -3.350480947161662100, -0.8977586640478647500, -15.20534180126144200 ) ) ;
#4873 = EDGE_CURVE ( 'NONE', #7831, #1547, #2678, .T. ) ;
#4874 = CARTESIAN_POINT ( 'NONE',  ( -3.999999999999991600, 1.071796769724464400, -11.79465819873849600 ) ) ;
#4875 = CARTESIAN_POINT ( 'NONE',  ( 5.635356014114907400E-014, -4.000000000000000000, -28.62499999999992900 ) ) ;
#4876 = ORIENTED_EDGE ( 'NONE', *, *, #5425, .T. ) ;
#4877 = VECTOR ( 'NONE', #2946, 1000.000000000000000 ) ;
#4878 = CARTESIAN_POINT ( 'NONE',  ( 1.934401076758450300, 3.350480947161689200, 0.2916666666666714000 ) ) ;
#4879 = CARTESIAN_POINT ( 'NONE',  ( 2.901601615137776100, -1.675240473580780400, -2.833333333333321900 ) ) ;
#4880 = CARTESIAN_POINT ( 'NONE',  ( 5.635356014114907400E-014, -4.000000000000000000, -6.624999999999976000 ) ) ;
#4881 = DIRECTION ( 'NONE',  ( -0.0000000000000000000, -0.0000000000000000000, -1.000000000000000000 ) ) ;
#4882 = CARTESIAN_POINT ( 'NONE',  ( -3.350480947161662100, -6.100733027540754000E-015, -7.249999999999982200 ) ) ;
#4883 = CARTESIAN_POINT ( 'NONE',  ( 4.000000000000000000, -1.071796769724444600, -6.294658198738505700 ) ) ;
#4884 = ORIENTED_EDGE ( 'NONE', *, *, #727, .T. ) ;
#4885 = CARTESIAN_POINT ( 'NONE',  ( 3.464101615137726400, 2.000000000000048800, -30.16666666666660000 ) ) ;
#4886 = CIRCLE ( 'NONE', #5608, 6.109999999999989700 ) ;
#4887 = DIRECTION ( 'NONE',  ( 0.0000000000000000000, 0.0000000000000000000, 1.000000000000000000 ) ) ;
#4888 = DIRECTION ( 'NONE',  ( 0.0000000000000000000, 0.0000000000000000000, 1.000000000000000000 ) ) ;
#4889 = CARTESIAN_POINT ( 'NONE',  ( -2.901601615137771700, 1.675240473580788000, -16.33333333333329300 ) ) ;
#4890 = ORIENTED_EDGE ( 'NONE', *, *, #5952, .F. ) ;
#4891 = ORIENTED_EDGE ( 'NONE', *, *, #7290, .F. ) ;
#4892 = ORIENTED_EDGE ( 'NONE', *, *, #7631, .F. ) ;
#4893 = CARTESIAN_POINT ( 'NONE',  ( 0.0000000000000000000, 0.0000000000000000000, 0.0000000000000000000 ) ) ;
#4894 = CARTESIAN_POINT ( 'NONE',  ( -3.464101615137725500, -2.000000000000050200, -3.666666666666656700 ) ) ;
#4895 = ADVANCED_FACE ( 'NONE', ( #4176 ), #5981, .T. ) ;
#4896 = CARTESIAN_POINT ( 'NONE',  ( -2.309401076758579300, 3.999999999999956000, -7.916666666666648300 ) ) ;
#4897 = CARTESIAN_POINT ( 'NONE',  ( 3.350480947161675000, 0.8977586640478653100, -21.70534180126143300 ) ) ;
#4898 = AXIS2_PLACEMENT_3D ( 'NONE', #1452, #1399, #5686 ) ;
#4899 = CARTESIAN_POINT ( 'NONE',  ( 3.350480947161665700, -8.773435115796703100E-015, -13.87499999999997000 ) ) ;
#4900 =( BOUNDED_CURVE ( )  B_SPLINE_CURVE ( 2, ( #5382, #3012, #3689, #3038, #495, #1103, #4202, #3064, #1720 ),
 .UNSPECIFIED., .F., .T. ) 
 B_SPLINE_CURVE_WITH_KNOTS ( ( 3, 2, 2, 2, 3 ),
 ( 0.4469696969696970700, 0.4494949494949495000, 0.4545454545454545300, 0.4595959595959596100, 0.4621212121212122700 ),
 .UNSPECIFIED. ) 
 CURVE ( )  GEOMETRIC_REPRESENTATION_ITEM ( )  RATIONAL_B_SPLINE_CURVE ( ( 0.9330127018922194100, 0.9330127018922223000, 1.000000000000000000, 0.8660254037844387100, 1.000000000000000000, 0.8660254037844387100, 1.000000000000000000, 0.9330127018922156300, 0.9330127018922193000 ) ) 
 REPRESENTATION_ITEM ( '' )  );
#4901 = ORIENTED_EDGE ( 'NONE', *, *, #4056, .F. ) ;
#4902 = CARTESIAN_POINT ( 'NONE',  ( -1.934401076758550400, 3.350480947161631500, -0.4166666666666598600 ) ) ;
#4903 = CARTESIAN_POINT ( 'NONE',  ( -3.464101615137783700, 1.999999999999948500, -25.95833333333326800 ) ) ;
#4904 = ORIENTED_EDGE ( 'NONE', *, *, #5206, .F. ) ;
#4905 = CARTESIAN_POINT ( 'NONE',  ( 4.000000000000013300, 1.071796769724540700, -29.33034180126141500 ) ) ;
#4906 = CARTESIAN_POINT ( 'NONE',  ( 1.934401076758558000, -3.350480947161626600, -2.916666666666654500 ) ) ;
#4907 = CARTESIAN_POINT ( 'NONE',  ( -5.586370142149013400E-014, 4.000000000000000000, -5.124999999999980500 ) ) ;
#4908 = CARTESIAN_POINT ( 'NONE',  ( -3.096480947161662100, 0.0000000000000000000, 0.0000000000000000000 ) ) ;
#4909 = EDGE_LOOP ( 'NONE', ( #4901, #7868, #4376, #5882 ) ) ;
#4910 = CARTESIAN_POINT ( 'NONE',  ( 4.000000000000000900, 6.856061878569608300E-015, -6.249999999999987600 ) ) ;
#4911 = EDGE_CURVE ( 'NONE', #6339, #5750, #251, .T. ) ;
#4912 = DIRECTION ( 'NONE',  ( 2.503857664561928900E-016, 1.000000000000000000, 0.0000000000000000000 ) ) ;
#4913 = CARTESIAN_POINT ( 'NONE',  ( -3.350480947161659500, -2.207884333776653700E-015, -9.374999999999978700 ) ) ;
#4914 = CARTESIAN_POINT ( 'NONE',  ( 4.000000000000000900, -4.299564228933483700E-015, -2.249999999999996000 ) ) ;
#4915 = FACE_OUTER_BOUND ( 'NONE', #7797, .T. ) ;
#4916 = CARTESIAN_POINT ( 'NONE',  ( -3.350480947161665700, 0.8977586640477904800, -8.294658198738496000 ) ) ;
#4917 = ORIENTED_EDGE ( 'NONE', *, *, #6825, .T. ) ;
#4919 = DIRECTION ( 'NONE',  ( -0.0000000000000000000, -0.0000000000000000000, -1.000000000000000000 ) ) ;
#4918 = CYLINDRICAL_SURFACE ( 'NONE', #3705, 3.350480947161662100 ) ;
#4920 = CARTESIAN_POINT ( 'NONE',  ( 3.350480947161660300, -0.8977586640477796000, -13.79465819873848700 ) ) ;
#4921 = CARTESIAN_POINT ( 'NONE',  ( -2.901601615137771700, 1.675240473580788000, -21.33333333333328200 ) ) ;
#4922 = CARTESIAN_POINT ( 'NONE',  ( -8.454989540539648100E-014, 3.350480947161662100, -15.62499999999996100 ) ) ;
#4923 = VECTOR ( 'NONE', #7670, 1000.000000000000000 ) ;
#4924 = EDGE_CURVE ( 'NONE', #7671, #1040, #2536, .T. ) ;
#4925 = CARTESIAN_POINT ( 'NONE',  ( -5.586370142149013400E-014, 4.000000000000000000, -7.999999999999981300 ) ) ;
#4926 = DIRECTION ( 'NONE',  ( 1.000000000000000000, 0.0000000000000000000, 0.0000000000000000000 ) ) ;
#4927 = DIRECTION ( 'NONE',  ( -0.0000000000000000000, -0.0000000000000000000, -1.000000000000000000 ) ) ;
#4928 =( BOUNDED_CURVE ( )  B_SPLINE_CURVE ( 2, ( #3161, #7463, #719, #4994, #7489, #6277, #2558, #6823, #5640 ),
 .UNSPECIFIED., .F., .T. ) 
 B_SPLINE_CURVE_WITH_KNOTS ( ( 3, 2, 2, 2, 3 ),
 ( 0.2045454545454546400, 0.2070707070707070700, 0.2121212121212121300, 0.2171717171717171800, 0.2196969696969697800 ),
 .UNSPECIFIED. ) 
 CURVE ( )  GEOMETRIC_REPRESENTATION_ITEM ( )  RATIONAL_B_SPLINE_CURVE ( ( 0.9330127018922193000, 0.9330127018922218500, 1.000000000000000000, 0.8660254037844387100, 1.000000000000000000, 0.8660254037844387100, 1.000000000000000000, 0.9330127018922171900, 0.9330127018922194100 ) ) 
 REPRESENTATION_ITEM ( '' )  );
#4929 = CARTESIAN_POINT ( 'NONE',  ( 6.369648909094049500E-014, -4.000000000000000000, -20.62499999999994700 ) ) ;
#4930 = CARTESIAN_POINT ( 'NONE',  ( 2.901601615137720600, 1.675240473580876400, -0.6666666666666596400 ) ) ;
#4931 = CARTESIAN_POINT ( 'NONE',  ( -2.309401076758561500, 3.999999999999966200, -25.04166666666660400 ) ) ;
#4932 = FACE_OUTER_BOUND ( 'NONE', #1454, .T. ) ;
#4933 = ORIENTED_EDGE ( 'NONE', *, *, #4756, .F. ) ;
#4934 =( BOUNDED_CURVE ( )  B_SPLINE_CURVE ( 2, ( #3401, #5413, #6619, #7793, #471, #5977, #1725, #2767, #4142 ),
 .UNSPECIFIED., .F., .T. ) 
 B_SPLINE_CURVE_WITH_KNOTS ( ( 3, 2, 2, 2, 3 ),
 ( 0.3409090909090909900, 0.3434343434343434300, 0.3484848484848485100, 0.3535353535353535400, 0.3560606060606061900 ),
 .UNSPECIFIED. ) 
 CURVE ( )  GEOMETRIC_REPRESENTATION_ITEM ( )  RATIONAL_B_SPLINE_CURVE ( ( 0.9330127018922194100, 0.9330127018922216300, 1.000000000000000000, 0.8660254037844387100, 1.000000000000000000, 0.8660254037844387100, 1.000000000000000000, 0.9330127018922156300, 0.9330127018922193000 ) ) 
 REPRESENTATION_ITEM ( '' )  );
#4935 = CARTESIAN_POINT ( 'NONE',  ( -2.901601615137722400, -1.675240473580873000, -0.2916666666666605800 ) ) ;
#4936 = CARTESIAN_POINT ( 'NONE',  ( 0.0000000000000000000, 0.0000000000000000000, 0.0000000000000000000 ) ) ;
#4937 = EDGE_CURVE ( 'NONE', #4557, #1000, #1003, .T. ) ;
#4938 = CARTESIAN_POINT ( 'NONE',  ( -3.464101615137783700, 1.999999999999948500, -2.958333333333317900 ) ) ;
#4939 = CARTESIAN_POINT ( 'NONE',  ( -2.309401076758441200, -4.000000000000034600, -1.708333333333320400 ) ) ;
#4940 = ADVANCED_FACE ( 'NONE', ( #4550 ), #7430, .T. ) ;
#4941 = CARTESIAN_POINT ( 'NONE',  ( -1.934401076758561300, 3.350480947161624400, -7.416666666666645600 ) ) ;
#4942 = CARTESIAN_POINT ( 'NONE',  ( 2.901601615137797500, -1.675240473580742000, -27.83333333333326800 ) ) ;
#4943 = ORIENTED_EDGE ( 'NONE', *, *, #1868, .T. ) ;
#4944 = CARTESIAN_POINT ( 'NONE',  ( -3.999999999999995600, 1.071796769724453900, -16.91965819873847800 ) ) ;
#4945 = CARTESIAN_POINT ( 'NONE',  ( 1.934401076758547100, -3.350480947161633200, -4.041666666666651900 ) ) ;
#4946 = ORIENTED_EDGE ( 'NONE', *, *, #5659, .T. ) ;
#4947 = EDGE_LOOP ( 'NONE', ( #7265, #4584, #7487, #5567 ) ) ;
#4948 = CARTESIAN_POINT ( 'NONE',  ( -3.020290287111177600, -1.450368628616595800, -0.1778527147052651700 ) ) ;
#4949 = CARTESIAN_POINT ( 'NONE',  ( -1.934401076758593700, 3.350480947161606600, -17.41666666666662500 ) ) ;
#4950 = CARTESIAN_POINT ( 'NONE',  ( -2.901601615137697100, -1.675240473580916800, -14.16666666666663100 ) ) ;
#4951 = ORIENTED_EDGE ( 'NONE', *, *, #1968, .T. ) ;
#4952 = CARTESIAN_POINT ( 'NONE',  ( 1.934401076758545600, -3.350480947161634100, -20.91666666666661800 ) ) ;
#4953 =( BOUNDED_CURVE ( )  B_SPLINE_CURVE ( 2, ( #3796, #7485, #6819, #4381, #2553, #6847, #2607, #714, #4407 ),
 .UNSPECIFIED., .F., .T. ) 
 B_SPLINE_CURVE_WITH_KNOTS ( ( 3, 2, 2, 2, 3 ),
 ( 0.3257575757575758600, 0.3282828282828282900, 0.3333333333333333100, 0.3383838383838384000, 0.3409090909090909900 ),
 .UNSPECIFIED. ) 
 CURVE ( )  GEOMETRIC_REPRESENTATION_ITEM ( )  RATIONAL_B_SPLINE_CURVE ( ( 0.9330127018922194100, 0.9330127018922216300, 1.000000000000000000, 0.8660254037844387100, 1.000000000000000000, 0.8660254037844387100, 1.000000000000000000, 0.9330127018922171900, 0.9330127018922194100 ) ) 
 REPRESENTATION_ITEM ( '' )  );
#4954 = ORIENTED_EDGE ( 'NONE', *, *, #4781, .F. ) ;
#4955 = ORIENTED_EDGE ( 'NONE', *, *, #1029, .T. ) ;
#4956 = CARTESIAN_POINT ( 'NONE',  ( -4.618802153517005800, -6.535430629823232500E-014, -7.749999999999982200 ) ) ;
#4957 = DIRECTION ( 'NONE',  ( -1.000000000000000000, 0.0000000000000000000, 0.0000000000000000000 ) ) ;
#4958 = CARTESIAN_POINT ( 'NONE',  ( -2.901601615137710000, -1.675240473580894300, -11.29166666666663600 ) ) ;
#4959 = VERTEX_POINT ( 'NONE', #6212 ) ;
#4960 = CARTESIAN_POINT ( 'NONE',  ( -4.618802153517005800, -6.535430629823232500E-014, -24.87499999999994000 ) ) ;
#4961 = VERTEX_POINT ( 'NONE', #6238 ) ;
#4962 = CARTESIAN_POINT ( 'NONE',  ( -1.934401076758546400, 3.350480947161633700, -5.541666666666649200 ) ) ;
#4963 = CARTESIAN_POINT ( 'NONE',  ( 3.350480947161662100, 4.103155767545721900E-016, 0.0000000000000000000 ) ) ;
#4964 = CARTESIAN_POINT ( 'NONE',  ( 4.618802153517005800, 6.478866617091239000E-014, -3.374999999999984000 ) ) ;
#4965 = AXIS2_PLACEMENT_3D ( 'NONE', #1138, #5491, #5409 ) ;
#4966 = CARTESIAN_POINT ( 'NONE',  ( 0.0000000000000000000, 0.0000000000000000000, 0.0000000000000000000 ) ) ;
#4967 = CARTESIAN_POINT ( 'NONE',  ( -3.350480947161655500, 0.8977586640477945900, -10.41965819873849400 ) ) ;
#4968 = CARTESIAN_POINT ( 'NONE',  ( 3.350480947161665700, -1.051650169509406100E-014, -11.87499999999997500 ) ) ;
#4969 = ORIENTED_EDGE ( 'NONE', *, *, #4161, .F. ) ;
#4970 = CARTESIAN_POINT ( 'NONE',  ( -4.000000000000011500, 2.835388302323702600E-014, -19.87499999999995400 ) ) ;
#4971 = DIRECTION ( 'NONE',  ( 0.0000000000000000000, 0.0000000000000000000, 1.000000000000000000 ) ) ;
#4972 = CARTESIAN_POINT ( 'NONE',  ( 2.309401076758574900, -3.999999999999958300, -2.416666666666659400 ) ) ;
#4973 = CARTESIAN_POINT ( 'NONE',  ( 7.305691149060935900E-014, -3.350480947161662100, -15.99999999999996300 ) ) ;
#4974 = CARTESIAN_POINT ( 'NONE',  ( 4.000000000000001800, -1.071796769724430400, -26.41965819873845300 ) ) ;
#4975 = EDGE_CURVE ( 'NONE', #3075, #7745, #5964, .T. ) ;
#4976 = ORIENTED_EDGE ( 'NONE', *, *, #669, .F. ) ;
#4977 = FACE_OUTER_BOUND ( 'NONE', #6939, .T. ) ;
#4978 = CARTESIAN_POINT ( 'NONE',  ( -1.934401076758449900, -3.350480947161689600, -21.08333333333328200 ) ) ;
#4979 = CARTESIAN_POINT ( 'NONE',  ( 4.000000000000012400, -1.289869268680045000E-014, -22.24999999999995400 ) ) ;
#4980 = CARTESIAN_POINT ( 'NONE',  ( 4.618802153517005800, 6.478866617091239000E-014, -8.249999999999980500 ) ) ;
#4981 = ADVANCED_FACE ( 'NONE', ( #3321 ), #7041, .T. ) ;
#4982 = CARTESIAN_POINT ( 'NONE',  ( -2.901601615137706400, -1.675240473580899700, -19.29166666666662200 ) ) ;
#4983 = ORIENTED_EDGE ( 'NONE', *, *, #7676, .F. ) ;
#4984 = CARTESIAN_POINT ( 'NONE',  ( 3.464101615137686900, 2.000000000000118600, -18.16666666666662500 ) ) ;
#4985 = LINE ( 'NONE', #6068, #3178 ) ;
#4986 = EDGE_CURVE ( 'NONE', #3068, #1275, #7543, .T. ) ;
#4987 = CARTESIAN_POINT ( 'NONE',  ( 2.901601615137779700, -1.675240473580773300, -12.95833333333329800 ) ) ;
#4988 = CARTESIAN_POINT ( 'NONE',  ( -3.464101615137725500, -2.000000000000050200, -24.79166666666660400 ) ) ;
#4989 = EDGE_CURVE ( 'NONE', #22, #5038, #5522, .T. ) ;
#4990 = CARTESIAN_POINT ( 'NONE',  ( 1.934401076758450300, 3.350480947161689200, -4.708333333333318800 ) ) ;
#4991 = CARTESIAN_POINT ( 'NONE',  ( 3.350480947161662100, 4.103155767545721900E-016, 0.0000000000000000000 ) ) ;
#4992 = VERTEX_POINT ( 'NONE', #4979 ) ;
#4993 = CARTESIAN_POINT ( 'NONE',  ( -2.309401076758561500, 3.999999999999966200, -10.04166666666663600 ) ) ;
#4994 = CARTESIAN_POINT ( 'NONE',  ( -2.309401076758578000, 3.999999999999956900, -5.041666666666645600 ) ) ;
#4995 = DIRECTION ( 'NONE',  ( 0.0000000000000000000, 0.0000000000000000000, 1.000000000000000000 ) ) ;
#4996 = CARTESIAN_POINT ( 'NONE',  ( 0.0000000000000000000, 0.0000000000000000000, -38.00000000000000000 ) ) ;
#4997 = ORIENTED_EDGE ( 'NONE', *, *, #4373, .T. ) ;
#4998 = CARTESIAN_POINT ( 'NONE',  ( 1.934401076758428500, 3.350480947161701200, -8.583333333333309100 ) ) ;
#4999 = ORIENTED_EDGE ( 'NONE', *, *, #3565, .T. ) ;
#5000 = CARTESIAN_POINT ( 'NONE',  ( 3.999999999999996400, -1.071796769724446800, -15.29465819873848700 ) ) ;
#5001 = CARTESIAN_POINT ( 'NONE',  ( 4.720288238941220700E-014, -3.350480947161662100, -17.99999999999995700 ) ) ;
#5002 = LINE ( 'NONE', #2139, #4347 ) ;
#5003 = CARTESIAN_POINT ( 'NONE',  ( 2.309401076758446100, 4.000000000000032000, -11.08333333333330900 ) ) ;
#5004 = ORIENTED_EDGE ( 'NONE', *, *, #3159, .T. ) ;
#5005 = CARTESIAN_POINT ( 'NONE',  ( -4.000000000000003600, 1.626862140677534300E-015, -15.74999999999996600 ) ) ;
#5006 = CARTESIAN_POINT ( 'NONE',  ( 1.934401076758574200, -3.350480947161618600, -7.916666666666642100 ) ) ;
#5007 = CARTESIAN_POINT ( 'NONE',  ( 3.999999999999996400, -4.996790860652426200E-015, -11.24999999999997700 ) ) ;
#5008 = CARTESIAN_POINT ( 'NONE',  ( -3.350480947161662100, -6.856061878569608300E-015, -8.374999999999980500 ) ) ;
#5009 = CARTESIAN_POINT ( 'NONE',  ( -2.901601615137771700, 1.675240473580788000, -0.3333333333333267600 ) ) ;
#5010 = VECTOR ( 'NONE', #728, 1000.000000000000000 ) ;
#5011 = CARTESIAN_POINT ( 'NONE',  ( 3.868802153516995600, 5.426829789941480900E-014, -4.874999999999983100 ) ) ;
#5012 = CARTESIAN_POINT ( 'NONE',  ( 3.999999999999996400, -2.382190991706389700E-014, -28.24999999999994300 ) ) ;
#5013 = CARTESIAN_POINT ( 'NONE',  ( 2.309401076758446100, 4.000000000000032000, -12.20833333333329700 ) ) ;
#5014 = LINE ( 'NONE', #3567, #2050 ) ;
#5015 = ADVANCED_FACE ( 'NONE', ( #5604 ), #3970, .T. ) ;
#5016 = CARTESIAN_POINT ( 'NONE',  ( -2.309401076758590000, 3.999999999999948900, -18.91666666666661800 ) ) ;
#5017 = CARTESIAN_POINT ( 'NONE',  ( 2.999999999999997300, -1.732050807568878300, -33.50000000000000000 ) ) ;
#5018 = CIRCLE ( 'NONE', #5843, 6.109999999999989700 ) ;
#5019 = EDGE_CURVE ( 'NONE', #601, #2799, #2920, .T. ) ;
#5020 = CARTESIAN_POINT ( 'NONE',  ( 2.309401076758576200, -3.999999999999957400, -18.54166666666661500 ) ) ;
#5021 = CARTESIAN_POINT ( 'NONE',  ( -3.464101615137697500, -2.000000000000099900, -10.66666666666663900 ) ) ;
#5022 = ORIENTED_EDGE ( 'NONE', *, *, #522, .T. ) ;
#5023 = CARTESIAN_POINT ( 'NONE',  ( 0.0000000000000000000, 0.0000000000000000000, 0.0000000000000000000 ) ) ;
#5024 =( BOUNDED_CURVE ( )  B_SPLINE_CURVE ( 2, ( #708, #1323, #5600, #2546, #6241, #2599, #7452, #659, #122 ),
 .UNSPECIFIED., .F., .T. ) 
 B_SPLINE_CURVE_WITH_KNOTS ( ( 3, 2, 2, 2, 3 ),
 ( 0.3863636363636364600, 0.3888888888888889000, 0.3939393939393939200, 0.3989898989898990100, 0.4015151515151516600 ),
 .UNSPECIFIED. ) 
 CURVE ( )  GEOMETRIC_REPRESENTATION_ITEM ( )  RATIONAL_B_SPLINE_CURVE ( ( 0.9330127018922194100, 0.9330127018922223000, 1.000000000000000000, 0.8660254037844387100, 1.000000000000000000, 0.8660254037844387100, 1.000000000000000000, 0.9330127018922156300, 0.9330127018922193000 ) ) 
 REPRESENTATION_ITEM ( '' )  );
#5025 = CARTESIAN_POINT ( 'NONE',  ( -4.679256681265764000E-014, 3.350480947161662100, -18.49999999999995400 ) ) ;
#5026 = CARTESIAN_POINT ( 'NONE',  ( 3.999999999999996400, 3.311826500664979900E-014, -23.24999999999994300 ) ) ;
#5027 = EDGE_CURVE ( 'NONE', #4746, #7638, #4735, .T. ) ;
#5028 = CARTESIAN_POINT ( 'NONE',  ( 4.618802153517005800, 6.478866617091239000E-014, -7.249999999999984000 ) ) ;
#5029 = DIRECTION ( 'NONE',  ( 0.0000000000000000000, 0.0000000000000000000, 1.000000000000000000 ) ) ;
#5030 = ORIENTED_EDGE ( 'NONE', *, *, #4609, .F. ) ;
#5031 = CARTESIAN_POINT ( 'NONE',  ( 4.000000000000001800, 1.071796769724555400, -18.20534180126144400 ) ) ;
#5032 = CARTESIAN_POINT ( 'NONE',  ( -3.999999999999997300, 1.475796370471763300E-014, -9.874999999999973400 ) ) ;
#5033 =( BOUNDED_CURVE ( )  B_SPLINE_CURVE ( 2, ( #3323, #3269, #826, #1520, #7594, #7541, #2107, #7614, #7570 ),
 .UNSPECIFIED., .F., .T. ) 
 B_SPLINE_CURVE_WITH_KNOTS ( ( 3, 2, 2, 2, 3 ),
 ( 0.7803030303030305000, 0.7828282828282828700, 0.7878787878787878500, 0.7929292929292929300, 0.7954545454545456400 ),
 .UNSPECIFIED. ) 
 CURVE ( )  GEOMETRIC_REPRESENTATION_ITEM ( )  RATIONAL_B_SPLINE_CURVE ( ( 0.9330127018922194100, 0.9330127018922238500, 1.000000000000000000, 0.8660254037844387100, 1.000000000000000000, 0.8660254037844387100, 1.000000000000000000, 0.9330127018922149700, 0.9330127018922194100 ) ) 
 REPRESENTATION_ITEM ( '' )  );
#5034 = CARTESIAN_POINT ( 'NONE',  ( -3.999999999999994200, 1.071796769724444200, -13.91965819873848400 ) ) ;
#5035 = CARTESIAN_POINT ( 'NONE',  ( -4.679256681265763300E-014, 3.350480947161662100, -23.62499999999994300 ) ) ;
#5036 = CARTESIAN_POINT ( 'NONE',  ( -2.309401076758561500, 3.999999999999966200, -30.04166666666659300 ) ) ;
#5037 = FACE_OUTER_BOUND ( 'NONE', #1107, .T. ) ;
#5038 = VERTEX_POINT ( 'NONE', #6185 ) ;
#5039 = CARTESIAN_POINT ( 'NONE',  ( 1.934401076758545600, -3.350480947161634100, -3.041666666666655000 ) ) ;
#5040 = DIRECTION ( 'NONE',  ( -0.0000000000000000000, -0.0000000000000000000, -1.000000000000000000 ) ) ;
#5041 = ORIENTED_EDGE ( 'NONE', *, *, #475, .T. ) ;
#5042 = CARTESIAN_POINT ( 'NONE',  ( -2.309401076758445600, -4.000000000000032900, -12.70833333333329800 ) ) ;
#5043 = CARTESIAN_POINT ( 'NONE',  ( 4.000000000000000000, 0.0000000000000000000, -30.00000000000000000 ) ) ;
#5044 = CARTESIAN_POINT ( 'NONE',  ( 4.000000000000000900, -3.369928719974892700E-015, -7.249999999999986700 ) ) ;
#5045 = DIRECTION ( 'NONE',  ( -0.0000000000000000000, -0.0000000000000000000, -1.000000000000000000 ) ) ;
#5046 = ORIENTED_EDGE ( 'NONE', *, *, #403, .T. ) ;
#5047 =( BOUNDED_CURVE ( )  B_SPLINE_CURVE ( 2, ( #2097, #5034, #5660, #1480, #1991, #4503, #839, #5111, #7001 ),
 .UNSPECIFIED., .F., .T. ) 
 B_SPLINE_CURVE_WITH_KNOTS ( ( 3, 2, 2, 2, 3 ),
 ( 0.4772727272727274000, 0.4797979797979797800, 0.4848484848484848600, 0.4898989898989898900, 0.4924242424242425400 ),
 .UNSPECIFIED. ) 
 CURVE ( )  GEOMETRIC_REPRESENTATION_ITEM ( )  RATIONAL_B_SPLINE_CURVE ( ( 0.9330127018922193000, 0.9330127018922229600, 1.000000000000000000, 0.8660254037844387100, 1.000000000000000000, 0.8660254037844387100, 1.000000000000000000, 0.9330127018922164100, 0.9330127018922194100 ) ) 
 REPRESENTATION_ITEM ( '' )  );
#5048 = CARTESIAN_POINT ( 'NONE',  ( -2.802517076967264500, -2.854101966172019700, -29.74999999999999600 ) ) ;
#5049 = ORIENTED_EDGE ( 'NONE', *, *, #393, .T. ) ;
#5050 = CARTESIAN_POINT ( 'NONE',  ( 3.999999999999996400, -1.185285273922203500E-014, -20.37499999999995000 ) ) ;
#5051 = CARTESIAN_POINT ( 'NONE',  ( -4.000000000000003600, 4.648177544792955100E-014, -17.74999999999996400 ) ) ;
#5052 = CARTESIAN_POINT ( 'NONE',  ( 3.868802153516995600, 5.426829789941481600E-014, -24.74999999999994300 ) ) ;
#5053 = CARTESIAN_POINT ( 'NONE',  ( 2.901601615137796100, -1.675240473580744900, -23.95833333333327500 ) ) ;
#5054 = CARTESIAN_POINT ( 'NONE',  ( -2.309401076758445600, -4.000000000000032900, -15.58333333333329800 ) ) ;
#5055 = ADVANCED_FACE ( 'NONE', ( #6364 ), #1205, .T. ) ;
#5056 = DIRECTION ( 'NONE',  ( -0.0000000000000000000, -0.0000000000000000000, -1.000000000000000000 ) ) ;
#5057 = EDGE_LOOP ( 'NONE', ( #743, #1550, #833 ) ) ;
#5058 = VECTOR ( 'NONE', #7573, 1000.000000000000000 ) ;
#5059 = CARTESIAN_POINT ( 'NONE',  ( -3.350480947161659500, -4.822484202722690600E-015, -28.24999999999994000 ) ) ;
#5060 = CARTESIAN_POINT ( 'NONE',  ( -3.350480947161659500, -3.311826500664980400E-015, -22.37499999999995000 ) ) ;
#5061 = CARTESIAN_POINT ( 'NONE',  ( 1.934401076758577300, -3.350480947161615500, -12.04166666666663200 ) ) ;
#5062 = CARTESIAN_POINT ( 'NONE',  ( 2.901601615137770400, -1.675240473580789800, -27.95833333333326800 ) ) ;
#5063 = CARTESIAN_POINT ( 'NONE',  ( -4.679256681265764000E-014, 3.350480947161662100, -0.4999999999999930600 ) ) ;
#5064 = ORIENTED_EDGE ( 'NONE', *, *, #587, .F. ) ;
#5065 = EDGE_CURVE ( 'NONE', #6512, #3075, #3733, .T. ) ;
#5066 = CARTESIAN_POINT ( 'NONE',  ( -1.934401076758449900, -3.350480947161689600, -1.208333333333325000 ) ) ;
#5067 = CARTESIAN_POINT ( 'NONE',  ( 3.999999999999997300, 1.071796769724543600, -13.20534180126144900 ) ) ;
#5068 = CARTESIAN_POINT ( 'NONE',  ( -2.309401076758561500, 3.999999999999966200, -8.041666666666639400 ) ) ;
#5069 = CARTESIAN_POINT ( 'NONE',  ( 3.464101615137790400, -1.999999999999938000, -4.458333333333314400 ) ) ;
#5070 = CARTESIAN_POINT ( 'NONE',  ( 1.852210663270996100E-013, -4.000000000000000000, -29.49999999999993200 ) ) ;
#5071 = ORIENTED_EDGE ( 'NONE', *, *, #5387, .F. ) ;
#5072 = LINE ( 'NONE', #5092, #5250 ) ;
#5073 = CARTESIAN_POINT ( 'NONE',  ( -3.350480947161659500, 2.719183863703878600E-014, -16.24999999999996400 ) ) ;
#5074 = DIRECTION ( 'NONE',  ( -1.000000000000000000, 0.0000000000000000000, 0.0000000000000000000 ) ) ;
#5075 = EDGE_CURVE ( 'NONE', #5121, #7776, #6857, .T. ) ;
#5076 = CARTESIAN_POINT ( 'NONE',  ( 6.567123110902706300E-014, -3.350480947161662100, -7.124999999999978700 ) ) ;
#5077 = CARTESIAN_POINT ( 'NONE',  ( -4.679256681265764000E-014, 3.350480947161662100, -25.49999999999994000 ) ) ;
#5078 = ORIENTED_EDGE ( 'NONE', *, *, #1343, .F. ) ;
#5079 = ORIENTED_EDGE ( 'NONE', *, *, #4975, .F. ) ;
#5080 = CARTESIAN_POINT ( 'NONE',  ( -0.4262449961937100900, 3.323257104184552000, -29.48096039929462700 ) ) ;
#5081 = CARTESIAN_POINT ( 'NONE',  ( -3.464101615137725500, -2.000000000000050200, -16.66666666666662900 ) ) ;
#5082 = DIRECTION ( 'NONE',  ( 0.0000000000000000000, 1.000000000000000000, -8.673617379884010800E-016 ) ) ;
#5083 = CARTESIAN_POINT ( 'NONE',  ( -3.946913922781894800, 0.2078469075652293100, -29.72801102684310200 ) ) ;
#5084 = ORIENTED_EDGE ( 'NONE', *, *, #2662, .F. ) ;
#5085 = AXIS2_PLACEMENT_3D ( 'NONE', #2051, #6375, #3871 ) ;
#5086 = ORIENTED_EDGE ( 'NONE', *, *, #5273, .T. ) ;
#5087 = CARTESIAN_POINT ( 'NONE',  ( -2.901601615137771700, 1.675240473580788000, -24.45833333333327500 ) ) ;
#5088 = CARTESIAN_POINT ( 'NONE',  ( -3.464101615137783700, 1.999999999999948500, -29.95833333333325800 ) ) ;
#5089 = EDGE_CURVE ( 'NONE', #775, #7776, #527, .T. ) ;
#5090 = CARTESIAN_POINT ( 'NONE',  ( 1.934401076758450300, 3.350480947161689200, -6.708333333333312600 ) ) ;
#5091 = CARTESIAN_POINT ( 'NONE',  ( -5.586370142149013400E-014, 4.000000000000000000, -10.12499999999997000 ) ) ;
#5092 = CARTESIAN_POINT ( 'NONE',  ( 3.350480947161662100, 4.103155767545721900E-016, 0.0000000000000000000 ) ) ;
#5094 = ADVANCED_FACE ( 'NONE', ( #4458 ), #419, .T. ) ;
#5093 = ORIENTED_EDGE ( 'NONE', *, *, #3617, .F. ) ;
#5095 = CARTESIAN_POINT ( 'NONE',  ( 3.350480947161659500, 2.771475861082799400E-014, -22.74999999999995000 ) ) ;
#5096 = CARTESIAN_POINT ( 'NONE',  ( 2.309401076758593100, -3.999999999999948000, -7.416666666666648300 ) ) ;
#5097 = CARTESIAN_POINT ( 'NONE',  ( 3.350480947161659000, -2.614599868946037200E-015, -12.74999999999997000 ) ) ;
#5098 = AXIS2_PLACEMENT_3D ( 'NONE', #1258, #5530, #3782 ) ;
#5099 = LOCAL_TIME ( 9, 22, 24.00000000000000000, #1187 ) ;
#5101 = CARTESIAN_POINT ( 'NONE',  ( -3.464101615137713100, -2.000000000000072800, -7.791666666666641200 ) ) ;
#5100 = LINE ( 'NONE', #3526, #1189 ) ;
#5102 = ORIENTED_EDGE ( 'NONE', *, *, #6416, .F. ) ;
#5103 = CARTESIAN_POINT ( 'NONE',  ( -3.999999999999994700, 1.071796769724422400, -22.91965819873846400 ) ) ;
#5104 = CARTESIAN_POINT ( 'NONE',  ( -2.901601615137722400, -1.675240473580873000, -25.16666666666660700 ) ) ;
#5105 = CARTESIAN_POINT ( 'NONE',  ( 2.901601615137686900, 1.675240473580933900, -23.79166666666661100 ) ) ;
#5106 = VECTOR ( 'NONE', #2499, 1000.000000000000000 ) ;
#5107 = CARTESIAN_POINT ( 'NONE',  ( -4.618802153517005800, -6.535430629823232500E-014, -14.74999999999996600 ) ) ;
#5108 = CARTESIAN_POINT ( 'NONE',  ( -4.000000000000000900, 6.972266317189433600E-015, -3.874999999999986700 ) ) ;
#5109 = VECTOR ( 'NONE', #5393, 1000.000000000000000 ) ;
#5110 = CARTESIAN_POINT ( 'NONE',  ( 1.934401076758340600, 3.350480947161752300, -28.70833333333326500 ) ) ;
#5111 = CARTESIAN_POINT ( 'NONE',  ( 3.999999999999997300, 1.071796769724545600, -14.33034180126144200 ) ) ;
#5112 = CARTESIAN_POINT ( 'NONE',  ( -4.679256681265763300E-014, 3.350480947161662100, -26.62499999999994000 ) ) ;
#5113 = CARTESIAN_POINT ( 'NONE',  ( 5.635356014114907400E-014, -4.000000000000000000, -29.62499999999992500 ) ) ;
#5114 = FACE_OUTER_BOUND ( 'NONE', #3498, .T. ) ;
#5115 = ORIENTED_EDGE ( 'NONE', *, *, #4563, .F. ) ;
#5116 = CYLINDRICAL_SURFACE ( 'NONE', #1904, 3.350480947161662100 ) ;
#5117 = ORIENTED_EDGE ( 'NONE', *, *, #5547, .T. ) ;
#5118 = CARTESIAN_POINT ( 'NONE',  ( -2.901601615137722400, -1.675240473580873000, -8.291666666666643000 ) ) ;
#5119 = CARTESIAN_POINT ( 'NONE',  ( -3.464101615137783700, 1.999999999999948500, -17.95833333333328600 ) ) ;
#5120 = CARTESIAN_POINT ( 'NONE',  ( -1.934401076758569100, 3.350480947161620800, -16.54166666666662900 ) ) ;
#5121 = VERTEX_POINT ( 'NONE', #5080 ) ;
#5122 = EDGE_CURVE ( 'NONE', #76, #6512, #898, .T. ) ;
#5123 = DIRECTION ( 'NONE',  ( 0.8660254037844386000, -0.4999999999999998900, 0.0000000000000000000 ) ) ;
#5124 = CARTESIAN_POINT ( 'NONE',  ( 1.934401076758554200, -3.350480947161628800, -12.91666666666663200 ) ) ;
#5125 = CARTESIAN_POINT ( 'NONE',  ( 4.000000000000008000, -1.071796769724442800, -10.29465819873849600 ) ) ;
#5126 = CARTESIAN_POINT ( 'NONE',  ( 0.0000000000000000000, 0.0000000000000000000, 0.0000000000000000000 ) ) ;
#5127 = DIRECTION ( 'NONE',  ( -0.0000000000000000000, -5.481006805486179000E-016, -1.000000000000000000 ) ) ;
#5128 = ORIENTED_EDGE ( 'NONE', *, *, #3287, .T. ) ;
#5129 = CARTESIAN_POINT ( 'NONE',  ( 2.901601615137722900, 1.675240473580871900, -26.66666666666660700 ) ) ;
#5130 =( BOUNDED_CURVE ( )  B_SPLINE_CURVE ( 2, ( #2279, #628, #3057, #7351, #1798, #3657, #7921, #4275, #5512 ),
 .UNSPECIFIED., .F., .F. ) 
 B_SPLINE_CURVE_WITH_KNOTS ( ( 3, 2, 2, 2, 3 ),
 ( 0.3712121212121213300, 0.3737373737373737600, 0.3787878787878787800, 0.3838383838383838100, 0.3863636363636364600 ),
 .UNSPECIFIED. ) 
 CURVE ( )  GEOMETRIC_REPRESENTATION_ITEM ( )  RATIONAL_B_SPLINE_CURVE ( ( 0.9330127018922194100, 0.9330127018922223000, 1.000000000000000000, 0.8660254037844387100, 1.000000000000000000, 0.8660254037844387100, 1.000000000000000000, 0.9330127018922164100, 0.9330127018922194100 ) ) 
 REPRESENTATION_ITEM ( '' )  );
#5131 = ORIENTED_EDGE ( 'NONE', *, *, #2764, .F. ) ;
#5132 = EDGE_CURVE ( 'NONE', #831, #1704, #2290, .T. ) ;
#5133 = CARTESIAN_POINT ( 'NONE',  ( -2.309401076758561500, 3.999999999999966200, -14.91666666666663200 ) ) ;
#5134 = ADVANCED_FACE ( 'NONE', ( #2340 ), #5596, .T. ) ;
#5135 = CARTESIAN_POINT ( 'NONE',  ( 0.0000000000000000000, 0.0000000000000000000, 0.0000000000000000000 ) ) ;
#5136 = EDGE_CURVE ( 'NONE', #7931, #5220, #5397, .T. ) ;
#5137 = CARTESIAN_POINT ( 'NONE',  ( 4.000000000000000000, 1.071796769724524800, -1.205341801261476300 ) ) ;
#5138 = ORIENTED_EDGE ( 'NONE', *, *, #1921, .T. ) ;
#5139 = CARTESIAN_POINT ( 'NONE',  ( -3.350480947161665200, 3.079417623425332500E-015, -13.37499999999996800 ) ) ;
#5140 = VERTEX_POINT ( 'NONE', #2698 ) ;
#5141 = CARTESIAN_POINT ( 'NONE',  ( 4.720288238941220700E-014, -3.350480947161662100, -5.999999999999981300 ) ) ;
#5142 = CARTESIAN_POINT ( 'NONE',  ( 4.720288238941220100E-014, -3.350480947161662100, -11.12499999999997000 ) ) ;
#5143 = CARTESIAN_POINT ( 'NONE',  ( 3.000000000000000400, 1.732050807568879200, -38.00000000000000000 ) ) ;
#5144 = CARTESIAN_POINT ( 'NONE',  ( -4.000000000000000900, -1.071796769724527900, -4.830341801261461400 ) ) ;
#5145 =( BOUNDED_CURVE ( )  B_SPLINE_CURVE ( 2, ( #6797, #2557, #667, #1360, #3697, #6228, #5529, #3128, #1281 ),
 .UNSPECIFIED., .F., .T. ) 
 B_SPLINE_CURVE_WITH_KNOTS ( ( 3, 2, 2, 2, 3 ),
 ( 0.3863636363636364600, 0.3888888888888889000, 0.3939393939393939200, 0.3989898989898990100, 0.4015151515151516600 ),
 .UNSPECIFIED. ) 
 CURVE ( )  GEOMETRIC_REPRESENTATION_ITEM ( )  RATIONAL_B_SPLINE_CURVE ( ( 0.9330127018922194100, 0.9330127018922223000, 1.000000000000000000, 0.8660254037844387100, 1.000000000000000000, 0.8660254037844387100, 1.000000000000000000, 0.9330127018922156300, 0.9330127018922193000 ) ) 
 REPRESENTATION_ITEM ( '' )  );
#5146 = CARTESIAN_POINT ( 'NONE',  ( -3.999999999999998200, -1.071796769724530100, -2.830341801261465400 ) ) ;
#5147 = ORIENTED_EDGE ( 'NONE', *, *, #1067, .T. ) ;
#5148 = ORIENTED_EDGE ( 'NONE', *, *, #2582, .F. ) ;
#5149 = CARTESIAN_POINT ( 'NONE',  ( 1.088286444012323900, 3.480706557279611400, -0.3800755723616249800 ) ) ;
#5150 = CARTESIAN_POINT ( 'NONE',  ( -3.350480947161665700, -0.8977586640478729700, -18.20534180126144400 ) ) ;
#5151 = CARTESIAN_POINT ( 'NONE',  ( 3.350480947161662100, -3.137519842735245200E-015, -6.874999999999983100 ) ) ;
#5152 = VERTEX_POINT ( 'NONE', #2038 ) ;
#5153 = AXIS2_PLACEMENT_3D ( 'NONE', #7848, #1698, #5900 ) ;
#5154 = VECTOR ( 'NONE', #1777, 1000.000000000000000 ) ;
#5155 = CARTESIAN_POINT ( 'NONE',  ( -1.934401076758449900, -3.350480947161689600, -27.08333333333327200 ) ) ;
#5156 = DIRECTION ( 'NONE',  ( -1.000000000000000000, 0.0000000000000000000, 0.0000000000000000000 ) ) ;
#5157 = CARTESIAN_POINT ( 'NONE',  ( 3.464101615137782400, -1.999999999999950700, -12.33333333333330600 ) ) ;
#5158 = CARTESIAN_POINT ( 'NONE',  ( -3.350480947161651000, -0.8977586640479031700, -28.33034180126141500 ) ) ;
#5159 = ORIENTED_EDGE ( 'NONE', *, *, #588, .T. ) ;
#5160 = CARTESIAN_POINT ( 'NONE',  ( -3.603644122209377800, 0.9866807095682812400, -29.63840459137961500 ) ) ;
#5161 = CARTESIAN_POINT ( 'NONE',  ( -1.107377817134769700E-013, 4.000000000000000000, -25.99999999999994000 ) ) ;
#5162 = LINE ( 'NONE', #2146, #6808 ) ;
#5163 = CARTESIAN_POINT ( 'NONE',  ( 1.934401076758450300, 3.350480947161689200, -3.583333333333319700 ) ) ;
#5164 = DIRECTION ( 'NONE',  ( -0.0000000000000000000, -0.0000000000000000000, -1.000000000000000000 ) ) ;
#5165 =( BOUNDED_CURVE ( )  B_SPLINE_CURVE ( 2, ( #6686, #5850, #1760, #5392, #1178, #4212, #6042, #3402, #4773 ),
 .UNSPECIFIED., .F., .T. ) 
 B_SPLINE_CURVE_WITH_KNOTS ( ( 3, 2, 2, 2, 3 ),
 ( 0.7045454545454547000, 0.7070707070707070700, 0.7121212121212121500, 0.7171717171717171300, 0.7196969696969698300 ),
 .UNSPECIFIED. ) 
 CURVE ( )  GEOMETRIC_REPRESENTATION_ITEM ( )  RATIONAL_B_SPLINE_CURVE ( ( 0.9330127018922194100, 0.9330127018922238500, 1.000000000000000000, 0.8660254037844387100, 1.000000000000000000, 0.8660254037844387100, 1.000000000000000000, 0.9330127018922149700, 0.9330127018922194100 ) ) 
 REPRESENTATION_ITEM ( '' )  );
#5166 = EDGE_CURVE ( 'NONE', #4961, #5429, #4546, .T. ) ;
#5167 = CARTESIAN_POINT ( 'NONE',  ( 2.901601615137770400, -1.675240473580789800, -8.958333333333307300 ) ) ;
#5168 = ORIENTED_EDGE ( 'NONE', *, *, #5993, .T. ) ;
#5169 = DIRECTION ( 'NONE',  ( 2.503857664561929400E-016, -1.000000000000000000, 0.0000000000000000000 ) ) ;
#5170 = ADVANCED_FACE ( 'NONE', ( #5498 ), #6544, .T. ) ;
#5171 = CARTESIAN_POINT ( 'NONE',  ( -2.901601615137787200, 1.675240473580760400, -16.45833333333329300 ) ) ;
#5172 = CARTESIAN_POINT ( 'NONE',  ( 3.350480947161674100, 0.8977586640478687500, -25.83034180126142200 ) ) ;
#5173 =( BOUNDED_CURVE ( )  B_SPLINE_CURVE ( 2, ( #5777, #3274, #1523, #6404, #7548, #2696, #247, #6383, #6335 ),
 .UNSPECIFIED., .F., .F. ) 
 B_SPLINE_CURVE_WITH_KNOTS ( ( 3, 2, 2, 2, 3 ),
 ( 0.6742424242424244200, 0.6767676767676768000, 0.6818181818181817700, 0.6868686868686868500, 0.6893939393939395600 ),
 .UNSPECIFIED. ) 
 CURVE ( )  GEOMETRIC_REPRESENTATION_ITEM ( )  RATIONAL_B_SPLINE_CURVE ( ( 0.9330127018922194100, 0.9330127018922238500, 1.000000000000000000, 0.8660254037844387100, 1.000000000000000000, 0.8660254037844387100, 1.000000000000000000, 0.9330127018922149700, 0.9330127018922194100 ) ) 
 REPRESENTATION_ITEM ( '' )  );
#5174 = ORIENTED_EDGE ( 'NONE', *, *, #2823, .F. ) ;
#5175 = EDGE_LOOP ( 'NONE', ( #2296, #2442, #2434, #2008 ) ) ;
#5176 = EDGE_LOOP ( 'NONE', ( #7104, #7142, #7728, #5516 ) ) ;
#5177 = CARTESIAN_POINT ( 'NONE',  ( -3.096480947161662100, 0.0000000000000000000, 0.0000000000000000000 ) ) ;
#5178 = EDGE_CURVE ( 'NONE', #3758, #3639, #3136, .T. ) ;
#5179 = CARTESIAN_POINT ( 'NONE',  ( -2.617034016985671400, 2.092093576117753300, -29.48096039929462400 ) ) ;
#5180 = CARTESIAN_POINT ( 'NONE',  ( 2.309401076758446100, 4.000000000000032000, -22.08333333333328200 ) ) ;
#5181 = ORIENTED_EDGE ( 'NONE', *, *, #5387, .T. ) ;
#5182 = CARTESIAN_POINT ( 'NONE',  ( -4.000000000000005300, -1.071796769724539600, -16.70534180126144000 ) ) ;
#5183 = B_SPLINE_CURVE_WITH_KNOTS ( 'NONE', 3,
 ( #397, #3557, #3604, #5287 ),
 .UNSPECIFIED., .F., .F.,
 ( 4, 4 ),
 ( 1.341084023004561700E-018, 0.001948305899695014700 ),
 .UNSPECIFIED. ) ;
#5184 = CARTESIAN_POINT ( 'NONE',  ( 3.464101615137796100, -1.999999999999927600, -16.45833333333329000 ) ) ;
#5185 = CARTESIAN_POINT ( 'NONE',  ( 3.868802153516995600, 5.426829789941481600E-014, -3.749999999999985800 ) ) ;
#5186 = EDGE_CURVE ( 'NONE', #767, #4992, #1292, .T. ) ;
#5187 = LINE ( 'NONE', #200, #1182 ) ;
#5188 = ORIENTED_EDGE ( 'NONE', *, *, #7900, .T. ) ;
#5189 = DIRECTION ( 'NONE',  ( -0.0000000000000000000, -0.0000000000000000000, -1.000000000000000000 ) ) ;
#5190 = CARTESIAN_POINT ( 'NONE',  ( -2.901601615137771700, 1.675240473580788000, -7.458333333333311700 ) ) ;
#5191 = CARTESIAN_POINT ( 'NONE',  ( -3.350480947161661200, 0.8977586640478052400, -0.4196581987385153400 ) ) ;
#5192 = CARTESIAN_POINT ( 'NONE',  ( 3.464101615137697500, 2.000000000000099900, -25.16666666666660700 ) ) ;
#5193 = CARTESIAN_POINT ( 'NONE',  ( -3.350480947161651900, 0.8977586640477986900, -16.41965819873848500 ) ) ;
#5194 = CYLINDRICAL_SURFACE ( 'NONE', #1290, 3.350480947161662100 ) ;
#5195 = CARTESIAN_POINT ( 'NONE',  ( -3.999999999999996400, -3.834746474454188000E-015, -22.74999999999995000 ) ) ;
#5196 = DIRECTION ( 'NONE',  ( 0.0000000000000000000, 0.0000000000000000000, 1.000000000000000000 ) ) ;
#5197 = LINE ( 'NONE', #2237, #6647 ) ;
#5198 = CARTESIAN_POINT ( 'NONE',  ( -2.999999999999996400, -1.463718874596097800, -37.86583403351360700 ) ) ;
#5199 =( BOUNDED_CURVE ( )  B_SPLINE_CURVE ( 2, ( #7370, #4339, #4942, #7937, #6152, #1784, #3020, #3103, #27 ),
 .UNSPECIFIED., .F., .F. ) 
 B_SPLINE_CURVE_WITH_KNOTS ( ( 3, 2, 2, 2, 3 ),
 ( 0.8863636363636365800, 0.8888888888888888400, 0.8939393939393939200, 0.8989898989898990100, 0.9015151515151517100 ),
 .UNSPECIFIED. ) 
 CURVE ( )  GEOMETRIC_REPRESENTATION_ITEM ( )  RATIONAL_B_SPLINE_CURVE ( ( 0.9330127018922193000, 0.9330127018922251800, 1.000000000000000000, 0.8660254037844387100, 1.000000000000000000, 0.8660254037844387100, 1.000000000000000000, 0.9330127018922149700, 0.9330127018922194100 ) ) 
 REPRESENTATION_ITEM ( '' )  );
#5200 = CYLINDRICAL_SURFACE ( 'NONE', #2862, 3.350480947161662100 ) ;
#5201 = CARTESIAN_POINT ( 'NONE',  ( 3.350480947161655900, -0.8977586640478092400, -19.79465819873847500 ) ) ;
#5202 = CARTESIAN_POINT ( 'NONE',  ( 1.934401076758450300, 3.350480947161689200, -28.58333333333326500 ) ) ;
#5203 = CARTESIAN_POINT ( 'NONE',  ( 4.618802153517005800, 6.478866617091239000E-014, -19.24999999999995400 ) ) ;
#5204 = ADVANCED_FACE ( 'NONE', ( #5971 ), #4276, .T. ) ;
#5205 = VERTEX_POINT ( 'NONE', #4062 ) ;
#5206 = EDGE_CURVE ( 'NONE', #3441, #6838, #3114, .T. ) ;
#5207 = CARTESIAN_POINT ( 'NONE',  ( -3.999999999999998200, 1.071796769724445900, -25.79465819873846000 ) ) ;
#5208 = CARTESIAN_POINT ( 'NONE',  ( 3.350480947161659500, -3.794074920937249900E-014, -19.74999999999995700 ) ) ;
#5209 = CARTESIAN_POINT ( 'NONE',  ( -2.901601615137771700, 1.675240473580788000, -3.333333333333320600 ) ) ;
#5210 = CARTESIAN_POINT ( 'NONE',  ( -3.350480947161662100, 0.0000000000000000000, 0.0000000000000000000 ) ) ;
#5211 = LINE ( 'NONE', #696, #5411 ) ;
#5212 = EDGE_LOOP ( 'NONE', ( #3987, #5525, #6421, #3221 ) ) ;
#5213 = CARTESIAN_POINT ( 'NONE',  ( -2.901601615137722400, -1.675240473580873000, -16.29166666666662900 ) ) ;
#5214 = CARTESIAN_POINT ( 'NONE',  ( -1.934401076758550400, 3.350480947161631500, -0.5416666666666599700 ) ) ;
#5215 = CARTESIAN_POINT ( 'NONE',  ( -3.464101615137798400, 1.999999999999924500, -5.958333333333311700 ) ) ;
#5216 = CARTESIAN_POINT ( 'NONE',  ( -3.999999999999996400, 3.242103837493085700E-014, -16.74999999999996800 ) ) ;
#5217 = EDGE_CURVE ( 'NONE', #1681, #5451, #2818, .T. ) ;
#5218 = CARTESIAN_POINT ( 'NONE',  ( 3.464101615137669600, 2.000000000000147000, -23.16666666666661500 ) ) ;
#5219 = FACE_OUTER_BOUND ( 'NONE', #7768, .T. ) ;
#5220 = VERTEX_POINT ( 'NONE', #2882 ) ;
#5221 = CC_DESIGN_APPROVAL ( #2210, ( #7137 ) ) ;
#5222 = ORIENTED_EDGE ( 'NONE', *, *, #2718, .T. ) ;
#5223 = CARTESIAN_POINT ( 'NONE',  ( -3.999999999999996400, 1.071796769724449900, -21.79465819873847500 ) ) ;
#5224 = CARTESIAN_POINT ( 'NONE',  ( 3.350480947161662100, 5.752119711681282000E-015, -5.874999999999984900 ) ) ;
#5225 = CARTESIAN_POINT ( 'NONE',  ( -3.350480947161671900, 2.393811435568371800E-014, -20.24999999999995400 ) ) ;
#5226 = CARTESIAN_POINT ( 'NONE',  ( 6.485059995551790200E-014, -3.350480947161662100, -5.999999999999981300 ) ) ;
#5227 = CARTESIAN_POINT ( 'NONE',  ( 5.635356014114907400E-014, -4.000000000000000000, -19.49999999999995400 ) ) ;
#5228 = CARTESIAN_POINT ( 'NONE',  ( -3.350480947161659500, -6.623653001329960800E-015, -26.24999999999994300 ) ) ;
#5229 = ORIENTED_EDGE ( 'NONE', *, *, #3240, .T. ) ;
#5230 = EDGE_CURVE ( 'NONE', #7667, #4707, #6814, .T. ) ;
#5231 = ORIENTED_EDGE ( 'NONE', *, *, #2582, .T. ) ;
#5232 = CARTESIAN_POINT ( 'NONE',  ( 0.0000000000000000000, 0.0000000000000000000, 0.0000000000000000000 ) ) ;
#5233 = CARTESIAN_POINT ( 'NONE',  ( -1.243631002705786200, 2.746090920953005100, -37.53526225536037900 ) ) ;
#5234 = CARTESIAN_POINT ( 'NONE',  ( 2.309401076758420300, 4.000000000000047100, -8.208333333333307300 ) ) ;
#5235 = CARTESIAN_POINT ( 'NONE',  ( 2.901601615137722900, 1.675240473580871900, -5.666666666666648300 ) ) ;
#5236 =( BOUNDED_CURVE ( )  B_SPLINE_CURVE ( 2, ( #328, #7636, #5215, #4560, #3993, #7052, #990, #7687, #5269 ),
 .UNSPECIFIED., .F., .T. ) 
 B_SPLINE_CURVE_WITH_KNOTS ( ( 3, 2, 2, 2, 3 ),
 ( 0.2348484848484849500, 0.2373737373737373800, 0.2424242424242424300, 0.2474747474747474900, 0.2500000000000001100 ),
 .UNSPECIFIED. ) 
 CURVE ( )  GEOMETRIC_REPRESENTATION_ITEM ( )  RATIONAL_B_SPLINE_CURVE ( ( 0.9330127018922193000, 0.9330127018922218500, 1.000000000000000000, 0.8660254037844387100, 1.000000000000000000, 0.8660254037844387100, 1.000000000000000000, 0.9330127018922167400, 0.9330127018922193000 ) ) 
 REPRESENTATION_ITEM ( '' )  );
#5237 = ORIENTED_EDGE ( 'NONE', *, *, #6308, .T. ) ;
#5238 = CARTESIAN_POINT ( 'NONE',  ( 1.934401076758450300, 3.350480947161689200, -26.70833333333327200 ) ) ;
#5239 = CARTESIAN_POINT ( 'NONE',  ( -2.901601615137771700, 1.675240473580788000, -15.45833333333329500 ) ) ;
#5240 = CARTESIAN_POINT ( 'NONE',  ( -2.901601615137804600, 1.675240473580730700, -29.33333333333326800 ) ) ;
#5241 = CARTESIAN_POINT ( 'NONE',  ( 4.000000000000007100, 1.071796769724564300, -25.20534180126143300 ) ) ;
#5242 = EDGE_LOOP ( 'NONE', ( #7287, #3277, #914, #3726 ) ) ;
#5243 = CARTESIAN_POINT ( 'NONE',  ( 3.464101615137726400, 2.000000000000048800, -15.29166666666662300 ) ) ;
#5244 = LINE ( 'NONE', #4186, #2194 ) ;
#5245 = CARTESIAN_POINT ( 'NONE',  ( 4.000000000000012400, -1.289869268680045000E-014, -22.24999999999995400 ) ) ;
#5246 = CARTESIAN_POINT ( 'NONE',  ( -1.934401076758442300, -3.350480947161693200, -6.208333333333314400 ) ) ;
#5247 = CARTESIAN_POINT ( 'NONE',  ( 7.633943610464594000E-014, -3.350480947161662100, -19.99999999999995000 ) ) ;
#5248 = CARTESIAN_POINT ( 'NONE',  ( -3.868802153516995600, -5.474208951679871900E-014, -31.24999999999992900 ) ) ;
#5249 = VERTEX_POINT ( 'NONE', #5251 ) ;
#5250 = VECTOR ( 'NONE', #1462, 1000.000000000000000 ) ;
#5251 = CARTESIAN_POINT ( 'NONE',  ( -4.000000000000011500, 2.451913654878283700E-014, -24.74999999999994700 ) ) ;
#5252 = CARTESIAN_POINT ( 'NONE',  ( -5.586370142149013400E-014, 4.000000000000000000, -21.99999999999995000 ) ) ;
#5253 = CARTESIAN_POINT ( 'NONE',  ( 3.999999999999979100, 1.071796769724580000, -22.33034180126142900 ) ) ;
#5254 = AXIS2_PLACEMENT_3D ( 'NONE', #6328, #722, #3801 ) ;
#5255 = CARTESIAN_POINT ( 'NONE',  ( -1.934401076758439400, -3.350480947161695900, -10.08333333333330700 ) ) ;
#5256 = CARTESIAN_POINT ( 'NONE',  ( 3.350480947161660800, 0.8977586640478627500, -2.705341801261469800 ) ) ;
#5257 = CARTESIAN_POINT ( 'NONE',  ( -2.901601615137775700, 1.675240473580780700, -2.458333333333322400 ) ) ;
#5258 = ORIENTED_EDGE ( 'NONE', *, *, #2192, .F. ) ;
#5259 = CARTESIAN_POINT ( 'NONE',  ( -4.000000000000000900, -8.250515142007494700E-015, -7.874999999999977800 ) ) ;
#5260 = CARTESIAN_POINT ( 'NONE',  ( 2.901601615137722900, 1.675240473580871900, -10.66666666666663800 ) ) ;
#5261 = CARTESIAN_POINT ( 'NONE',  ( -4.000000000000000900, 6.042630808230842100E-015, -5.749999999999989300 ) ) ;
#5262 = EDGE_CURVE ( 'NONE', #745, #6916, #1265, .T. ) ;
#5263 = CARTESIAN_POINT ( 'NONE',  ( -1.934401076758449900, -3.350480947161689600, -29.20833333333326500 ) ) ;
#5264 = CARTESIAN_POINT ( 'NONE',  ( 3.868802153516995600, 5.426829789941480900E-014, -12.87499999999996600 ) ) ;
#5265 = CARTESIAN_POINT ( 'NONE',  ( 0.0000000000000000000, 0.0000000000000000000, 0.0000000000000000000 ) ) ;
#5266 =( BOUNDED_CURVE ( )  B_SPLINE_CURVE ( 2, ( #2508, #3048, #1875, #2486, #3132, #4269, #3677, #3757, #4970 ),
 .UNSPECIFIED., .F., .F. ) 
 B_SPLINE_CURVE_WITH_KNOTS ( ( 3, 2, 2, 2, 3 ),
 ( 0.6439393939393941400, 0.6464646464646465200, 0.6515151515151514900, 0.6565656565656565700, 0.6590909090909092800 ),
 .UNSPECIFIED. ) 
 CURVE ( )  GEOMETRIC_REPRESENTATION_ITEM ( )  RATIONAL_B_SPLINE_CURVE ( ( 0.9330127018922194100, 0.9330127018922238500, 1.000000000000000000, 0.8660254037844387100, 1.000000000000000000, 0.8660254037844387100, 1.000000000000000000, 0.9330127018922149700, 0.9330127018922194100 ) ) 
 REPRESENTATION_ITEM ( '' )  );
#5267 = ORIENTED_EDGE ( 'NONE', *, *, #6164, .T. ) ;
#5268 = AXIS2_PLACEMENT_3D ( 'NONE', #7644, #7085, #4620 ) ;
#5269 = CARTESIAN_POINT ( 'NONE',  ( 4.000000000000000900, -3.369928719974892700E-015, -6.374999999999981300 ) ) ;
#5270 = ORIENTED_EDGE ( 'NONE', *, *, #4665, .F. ) ;
#5271 = CARTESIAN_POINT ( 'NONE',  ( -6.109999999999989700, 7.482591942790315200E-016, -38.00000000000000000 ) ) ;
#5272 = CARTESIAN_POINT ( 'NONE',  ( 4.618802153517005800, 6.478866617091239000E-014, -14.37499999999995900 ) ) ;
#5273 = EDGE_CURVE ( 'NONE', #265, #1199, #7301, .T. ) ;
#5274 = CARTESIAN_POINT ( 'NONE',  ( 3.464101615137815700, -1.999999999999893900, -27.45833333333326500 ) ) ;
#5275 = ORIENTED_EDGE ( 'NONE', *, *, #6262, .F. ) ;
#5276 = DIRECTION ( 'NONE',  ( 0.0000000000000000000, 0.0000000000000000000, 1.000000000000000000 ) ) ;
#5277 = CARTESIAN_POINT ( 'NONE',  ( 1.934401076758605500, -3.350480947161599900, -16.91666666666662500 ) ) ;
#5278 = CARTESIAN_POINT ( 'NONE',  ( -2.309401076758445600, -4.000000000000032900, -24.58333333333327500 ) ) ;
#5279 =( BOUNDED_CURVE ( )  B_SPLINE_CURVE ( 2, ( #3852, #6257, #1338, #4470, #6912, #1388, #114, #2034, #141 ),
 .UNSPECIFIED., .F., .T. ) 
 B_SPLINE_CURVE_WITH_KNOTS ( ( 3, 2, 2, 2, 3 ),
 ( 0.6590909090909092800, 0.6616161616161616600, 0.6666666666666666300, 0.6717171717171717100, 0.6742424242424244200 ),
 .UNSPECIFIED. ) 
 CURVE ( )  GEOMETRIC_REPRESENTATION_ITEM ( )  RATIONAL_B_SPLINE_CURVE ( ( 0.9330127018922194100, 0.9330127018922238500, 1.000000000000000000, 0.8660254037844387100, 1.000000000000000000, 0.8660254037844387100, 1.000000000000000000, 0.9330127018922149700, 0.9330127018922194100 ) ) 
 REPRESENTATION_ITEM ( '' )  );
#5280 = ORIENTED_EDGE ( 'NONE', *, *, #3513, .T. ) ;
#5281 = CARTESIAN_POINT ( 'NONE',  ( -8.619115771241476400E-014, 3.350480947161662100, -17.62499999999995700 ) ) ;
#5282 = CARTESIAN_POINT ( 'NONE',  ( 2.999999999999998200, -1.463691182679512000, -37.86582018755531500 ) ) ;
#5283 = CARTESIAN_POINT ( 'NONE',  ( -3.464101615137721100, -2.000000000000059100, -20.66666666666661800 ) ) ;
#5284 = CARTESIAN_POINT ( 'NONE',  ( -0.2088758133667126000, -3.994542638975130200, -0.6326508517134975500 ) ) ;
#5285 = CARTESIAN_POINT ( 'NONE',  ( -3.868802153516995600, -5.474208951679871900E-014, -10.24999999999997000 ) ) ;
#5286 = LINE ( 'NONE', #110, #7781 ) ;
#5287 = CARTESIAN_POINT ( 'NONE',  ( -2.935480049481361800, -2.717159708058564800, -0.6326508517134975500 ) ) ;
#5288 = CYLINDRICAL_SURFACE ( 'NONE', #6669, 3.350480947161662100 ) ;
#5289 = CARTESIAN_POINT ( 'NONE',  ( 1.934401076758450300, 3.350480947161689200, -30.70833333333326100 ) ) ;
#5290 = DIRECTION ( 'NONE',  ( -1.000000000000000000, 0.0000000000000000000, 0.0000000000000000000 ) ) ;
#5291 = CARTESIAN_POINT ( 'NONE',  ( 2.901601615137770400, -1.675240473580789800, -12.95833333333329800 ) ) ;
#5292 = CARTESIAN_POINT ( 'NONE',  ( 3.999999999999986200, -1.071796769724428400, -24.41965819873846400 ) ) ;
#5293 = CARTESIAN_POINT ( 'NONE',  ( 4.000000000000011500, -8.947741773726438700E-015, -25.37499999999994000 ) ) ;
#5294 = ORIENTED_EDGE ( 'NONE', *, *, #5706, .F. ) ;
#5295 = CARTESIAN_POINT ( 'NONE',  ( -4.000000000000003600, 1.071796769724449500, -2.919658198738506600 ) ) ;
#5296 = CARTESIAN_POINT ( 'NONE',  ( 4.000000000000001800, 1.071796769724523000, -2.205341801261473800 ) ) ;
#5297 = CARTESIAN_POINT ( 'NONE',  ( 2.309401076758446100, 4.000000000000032000, -14.20833333333329700 ) ) ;
#5298 = VECTOR ( 'NONE', #188, 1000.000000000000000 ) ;
#5299 = CARTESIAN_POINT ( 'NONE',  ( -3.350480947161659500, -6.623653001329960800E-015, -26.24999999999994300 ) ) ;
#5300 = PERSON_AND_ORGANIZATION_ROLE ( 'creator' ) ;
#5301 =( BOUNDED_CURVE ( )  B_SPLINE_CURVE ( 2, ( #1708, #7226, #4152, #6634, #2352, #5988, #6662, #7828, #1121 ),
 .UNSPECIFIED., .F., .T. ) 
 B_SPLINE_CURVE_WITH_KNOTS ( ( 3, 2, 2, 2, 3 ),
 ( 0.08333333333333341200, 0.08585858585858585600, 0.09090909090909091200, 0.09595959595959595300, 0.09848484848484856400 ),
 .UNSPECIFIED. ) 
 CURVE ( )  GEOMETRIC_REPRESENTATION_ITEM ( )  RATIONAL_B_SPLINE_CURVE ( ( 0.9330127018922194100, 0.9330127018922214100, 1.000000000000000000, 0.8660254037844387100, 1.000000000000000000, 0.8660254037844387100, 1.000000000000000000, 0.9330127018922171900, 0.9330127018922194100 ) ) 
 REPRESENTATION_ITEM ( '' )  );
#5302 = ORIENTED_EDGE ( 'NONE', *, *, #4609, .T. ) ;
#5303 = CARTESIAN_POINT ( 'NONE',  ( 4.000000000000017800, 1.071796769724526800, -16.20534180126144400 ) ) ;
#5304 = CARTESIAN_POINT ( 'NONE',  ( -1.934401076758414800, -3.350480947161709600, -11.08333333333330000 ) ) ;
#5305 = CARTESIAN_POINT ( 'NONE',  ( 3.464101615137710900, 2.000000000000075500, -25.29166666666660400 ) ) ;
#5306 = CARTESIAN_POINT ( 'NONE',  ( 5.635356014114907400E-014, -4.000000000000000000, -26.49999999999994000 ) ) ;
#5307 = DIRECTION ( 'NONE',  ( -1.000000000000000000, 0.0000000000000000000, -0.0000000000000000000 ) ) ;
#5308 = CARTESIAN_POINT ( 'NONE',  ( 4.000000000000000900, 8.947741773726438700E-015, -8.249999999999984000 ) ) ;
#5309 = VERTEX_POINT ( 'NONE', #1059 ) ;
#5310 = EDGE_CURVE ( 'NONE', #1268, #4041, #2717, .T. ) ;
#5311 = CARTESIAN_POINT ( 'NONE',  ( 0.0000000000000000000, 0.0000000000000000000, 0.0000000000000000000 ) ) ;
#5312 = VERTEX_POINT ( 'NONE', #7826 ) ;
#5313 = CARTESIAN_POINT ( 'NONE',  ( -1.934401076758546400, 3.350480947161633700, -10.41666666666663900 ) ) ;
#5314 = AXIS2_PLACEMENT_3D ( 'NONE', #5853, #5276, #7112 ) ;
#5315 = CARTESIAN_POINT ( 'NONE',  ( -2.901601615137722400, -1.675240473580873000, -31.29166666666659300 ) ) ;
#5316 = CARTESIAN_POINT ( 'NONE',  ( 1.934401076758545600, -3.350480947161634100, -15.04166666666662900 ) ) ;
#5317 = DIRECTION ( 'NONE',  ( 1.000000000000000000, 0.0000000000000000000, 0.0000000000000000000 ) ) ;
#5318 = ORIENTED_EDGE ( 'NONE', *, *, #5538, .F. ) ;
#5319 = DIRECTION ( 'NONE',  ( 0.0000000000000000000, 0.0000000000000000000, 1.000000000000000000 ) ) ;
#5320 = ORIENTED_EDGE ( 'NONE', *, *, #883, .T. ) ;
#5321 = CARTESIAN_POINT ( 'NONE',  ( -4.000000000000003600, 4.648177544792955100E-014, -16.87499999999996400 ) ) ;
#5322 = ORIENTED_EDGE ( 'NONE', *, *, #7040, .T. ) ;
#5323 = EDGE_CURVE ( 'NONE', #5918, #3490, #5881, .T. ) ;
#5324 = CARTESIAN_POINT ( 'NONE',  ( 2.901601615137719300, 1.675240473580878600, -3.791666666666652800 ) ) ;
#5325 = DIRECTION ( 'NONE',  ( -0.0000000000000000000, -0.0000000000000000000, -1.000000000000000000 ) ) ;
#5326 = CARTESIAN_POINT ( 'NONE',  ( -5.586370142149013400E-014, 4.000000000000000000, -14.12499999999996100 ) ) ;
#5327 = CARTESIAN_POINT ( 'NONE',  ( -5.978257117876167100E-014, 4.000000000000000000, -2.999999999999991600 ) ) ;
#5328 = CARTESIAN_POINT ( 'NONE',  ( -2.309401076758358600, -4.000000000000082600, -27.70833333333326500 ) ) ;
#5329 = ORIENTED_EDGE ( 'NONE', *, *, #7676, .T. ) ;
#5330 = CARTESIAN_POINT ( 'NONE',  ( 0.9471608997027634000, 3.287769196765301800, -29.50694031543836700 ) ) ;
#5331 = CARTESIAN_POINT ( 'NONE',  ( 3.282288656208334200, 1.799244737724345000, -0.4476084758215512800 ) ) ;
#5332 = VERTEX_POINT ( 'NONE', #4181 ) ;
#5333 = ADVANCED_FACE ( 'NONE', ( #1090 ), #5786, .T. ) ;
#5334 = CARTESIAN_POINT ( 'NONE',  ( -4.000000000000000000, 4.898587196589412800E-016, -30.00000000000000000 ) ) ;
#5335 = DIRECTION ( 'NONE',  ( -0.0000000000000000000, -0.0000000000000000000, -1.000000000000000000 ) ) ;
#5336 = DIRECTION ( 'NONE',  ( 0.0000000000000000000, 0.0000000000000000000, 1.000000000000000000 ) ) ;
#5337 = AXIS2_PLACEMENT_3D ( 'NONE', #5518, #1376, #2071 ) ;
#5338 = CARTESIAN_POINT ( 'NONE',  ( 2.309401076758560200, -3.999999999999966700, -23.41666666666661500 ) ) ;
#5339 = EDGE_CURVE ( 'NONE', #2984, #7338, #2441, .T. ) ;
#5340 = CARTESIAN_POINT ( 'NONE',  ( 2.901601615137790800, -1.675240473580754900, -9.833333333333307300 ) ) ;
#5341 = VERTEX_POINT ( 'NONE', #1732 ) ;
#5342 = CARTESIAN_POINT ( 'NONE',  ( 0.0000000000000000000, -7.130989006236733300E-015, -29.74999999999999600 ) ) ;
#5343 = CARTESIAN_POINT ( 'NONE',  ( 2.901601615137701500, 1.675240473580909900, -18.79166666666662200 ) ) ;
#5344 = CONICAL_SURFACE ( 'NONE', #6284, 6.109999999999989700, 0.7853981633974582700 ) ;
#5345 = CARTESIAN_POINT ( 'NONE',  ( -2.901601615137771700, 1.675240473580788000, -7.333333333333311700 ) ) ;
#5346 =( BOUNDED_CURVE ( )  B_SPLINE_CURVE ( 2, ( #2483, #3074, #1284, #55, #6658, #5473, #5558, #4836, #5531 ),
 .UNSPECIFIED., .F., .F. ) 
 B_SPLINE_CURVE_WITH_KNOTS ( ( 3, 2, 2, 2, 3 ),
 ( 0.2348484848484849500, 0.2373737373737373800, 0.2424242424242424300, 0.2474747474747474900, 0.2500000000000001100 ),
 .UNSPECIFIED. ) 
 CURVE ( )  GEOMETRIC_REPRESENTATION_ITEM ( )  RATIONAL_B_SPLINE_CURVE ( ( 0.9330127018922193000, 0.9330127018922218500, 1.000000000000000000, 0.8660254037844387100, 1.000000000000000000, 0.8660254037844387100, 1.000000000000000000, 0.9330127018922167400, 0.9330127018922193000 ) ) 
 REPRESENTATION_ITEM ( '' )  );
#5347 = CARTESIAN_POINT ( 'NONE',  ( -3.999999999999996400, -2.556497649636125300E-015, -9.749999999999980500 ) ) ;
#5348 = CARTESIAN_POINT ( 'NONE',  ( -4.618802153517005800, -6.535430629823232500E-014, 0.2500000000000013900 ) ) ;
#5349 = CARTESIAN_POINT ( 'NONE',  ( -1.934401076758546400, 3.350480947161633700, -18.54166666666662500 ) ) ;
#5350 = ORIENTED_EDGE ( 'NONE', *, *, #4924, .T. ) ;
#5351 = CIRCLE ( 'NONE', #2216, 6.499999999999999100 ) ;
#5352 = CARTESIAN_POINT ( 'NONE',  ( -3.350480947161665200, 3.910279359557073600E-014, -17.37499999999996400 ) ) ;
#5353 = CARTESIAN_POINT ( 'NONE',  ( -4.000000000000000900, 4.996790860652426900E-015, -6.749999999999987600 ) ) ;
#5354 = CARTESIAN_POINT ( 'NONE',  ( -2.309401076758575300, 3.999999999999958300, -3.041666666666651000 ) ) ;
#5355 = CARTESIAN_POINT ( 'NONE',  ( -3.350480947161662100, 0.0000000000000000000, 0.0000000000000000000 ) ) ;
#5356 = CARTESIAN_POINT ( 'NONE',  ( -4.618802153517005800, -6.535430629823232500E-014, -20.87499999999995000 ) ) ;
#5357 = ORIENTED_EDGE ( 'NONE', *, *, #7701, .T. ) ;
#5358 = FACE_OUTER_BOUND ( 'NONE', #1444, .T. ) ;
#5359 = CARTESIAN_POINT ( 'NONE',  ( 3.464101615137813900, -1.999999999999897200, -24.33333333333327500 ) ) ;
#5360 = CARTESIAN_POINT ( 'NONE',  ( 2.901601615137674000, 1.675240473580956700, -26.66666666666660700 ) ) ;
#5361 = CARTESIAN_POINT ( 'NONE',  ( 2.309401076758422500, 4.000000000000046200, -7.083333333333314400 ) ) ;
#5362 = CARTESIAN_POINT ( 'NONE',  ( -2.309401076758561500, 3.999999999999966200, -0.04166666666665731100 ) ) ;
#5363 = CARTESIAN_POINT ( 'NONE',  ( 2.309401076758415900, 4.000000000000049700, -14.08333333333330400 ) ) ;
#5364 = ORIENTED_EDGE ( 'NONE', *, *, #3357, .F. ) ;
#5365 = CARTESIAN_POINT ( 'NONE',  ( -3.350480947161665200, 3.910279359557073600E-014, -17.24999999999996400 ) ) ;
#5366 = CARTESIAN_POINT ( 'NONE',  ( 2.309401076758560200, -3.999999999999966700, -26.41666666666660400 ) ) ;
#5367 = VERTEX_POINT ( 'NONE', #480 ) ;
#5368 = CARTESIAN_POINT ( 'NONE',  ( 2.765603479645007300, -1.867379701692943000, -37.86467110587592100 ) ) ;
#5369 = CARTESIAN_POINT ( 'NONE',  ( 4.000000000000008000, -1.071796769724442800, -9.419658198738492400 ) ) ;
#5370 =( BOUNDED_CURVE ( )  B_SPLINE_CURVE ( 2, ( #4838, #2399, #505, #3624, #4776, #3022, #1761, #1117, #6016 ),
 .UNSPECIFIED., .F., .F. ) 
 B_SPLINE_CURVE_WITH_KNOTS ( ( 3, 2, 2, 2, 3 ),
 ( 0.6742424242424244200, 0.6767676767676768000, 0.6818181818181817700, 0.6868686868686868500, 0.6893939393939395600 ),
 .UNSPECIFIED. ) 
 CURVE ( )  GEOMETRIC_REPRESENTATION_ITEM ( )  RATIONAL_B_SPLINE_CURVE ( ( 0.9330127018922194100, 0.9330127018922238500, 1.000000000000000000, 0.8660254037844387100, 1.000000000000000000, 0.8660254037844387100, 1.000000000000000000, 0.9330127018922149700, 0.9330127018922194100 ) ) 
 REPRESENTATION_ITEM ( '' )  );
#5371 = CARTESIAN_POINT ( 'NONE',  ( 2.901601615137770400, -1.675240473580789800, -7.833333333333309900 ) ) ;
#5372 = EDGE_LOOP ( 'NONE', ( #3627, #1792, #5004, #1463 ) ) ;
#5373 = CARTESIAN_POINT ( 'NONE',  ( 1.934401076758557500, -3.350480947161627000, -2.041666666666656700 ) ) ;
#5374 = ORIENTED_EDGE ( 'NONE', *, *, #6714, .T. ) ;
#5375 = EDGE_CURVE ( 'NONE', #5539, #872, #717, .T. ) ;
#5376 = CARTESIAN_POINT ( 'NONE',  ( -2.901601615137722400, -1.675240473580873000, -30.29166666666660000 ) ) ;
#5377 = CARTESIAN_POINT ( 'NONE',  ( 3.868802153516995600, 5.426829789941480900E-014, -19.87499999999995000 ) ) ;
#5378 = CARTESIAN_POINT ( 'NONE',  ( -3.999999999999997300, 1.103942166888326800E-014, -13.87499999999996600 ) ) ;
#5379 = CARTESIAN_POINT ( 'NONE',  ( -2.521455698950856700, -2.008338488598761600, -37.74715226105278300 ) ) ;
#5380 = CARTESIAN_POINT ( 'NONE',  ( 3.999999999999996400, -7.785697387528199800E-015, -24.37499999999994700 ) ) ;
#5381 = FACE_OUTER_BOUND ( 'NONE', #4190, .T. ) ;
#5382 = CARTESIAN_POINT ( 'NONE',  ( -3.350480947161665200, 3.079417623425332900E-015, -13.37499999999996800 ) ) ;
#5383 = ORIENTED_EDGE ( 'NONE', *, *, #828, .F. ) ;
#5384 = CARTESIAN_POINT ( 'NONE',  ( -2.309401076758436300, -4.000000000000038200, -6.708333333333309100 ) ) ;
#5385 = CARTESIAN_POINT ( 'NONE',  ( 4.618802153517005800, 6.478866617091239000E-014, -19.37499999999995000 ) ) ;
#5386 = CARTESIAN_POINT ( 'NONE',  ( -2.309401076758599700, 3.999999999999943600, -28.91666666666660000 ) ) ;
#5387 = EDGE_CURVE ( 'NONE', #1842, #5856, #5370, .T. ) ;
#5388 =( BOUNDED_CURVE ( )  B_SPLINE_CURVE ( 2, ( #3189, #6201, #6177, #4314, #642, #7389, #747, #81, #7462 ),
 .UNSPECIFIED., .F., .T. ) 
 B_SPLINE_CURVE_WITH_KNOTS ( ( 3, 2, 2, 2, 3 ),
 ( 0.6590909090909092800, 0.6616161616161616600, 0.6666666666666666300, 0.6717171717171717100, 0.6742424242424244200 ),
 .UNSPECIFIED. ) 
 CURVE ( )  GEOMETRIC_REPRESENTATION_ITEM ( )  RATIONAL_B_SPLINE_CURVE ( ( 0.9330127018922194100, 0.9330127018922238500, 1.000000000000000000, 0.8660254037844387100, 1.000000000000000000, 0.8660254037844387100, 1.000000000000000000, 0.9330127018922149700, 0.9330127018922194100 ) ) 
 REPRESENTATION_ITEM ( '' )  );
#5389 = EDGE_CURVE ( 'NONE', #7175, #559, #3953, .T. ) ;
#5390 = CARTESIAN_POINT ( 'NONE',  ( -3.464101615137725500, -2.000000000000050200, -1.791666666666653600 ) ) ;
#5391 = CARTESIAN_POINT ( 'NONE',  ( 3.350480947161648800, -0.8977586640478101300, -16.91965819873848500 ) ) ;
#5392 = CARTESIAN_POINT ( 'NONE',  ( 2.309401076758608200, -3.999999999999939200, -22.41666666666661500 ) ) ;
#5393 = DIRECTION ( 'NONE',  ( -0.0000000000000000000, -0.0000000000000000000, -1.000000000000000000 ) ) ;
#5394 = CARTESIAN_POINT ( 'NONE',  ( -3.999999999999996400, 2.544877205774143000E-014, -24.87499999999994300 ) ) ;
#5395 = CARTESIAN_POINT ( 'NONE',  ( -3.464101615137783700, 1.999999999999948500, -25.83333333333327500 ) ) ;
#5396 = DIRECTION ( 'NONE',  ( -0.0000000000000000000, -0.0000000000000000000, -1.000000000000000000 ) ) ;
#5397 = LINE ( 'NONE', #6337, #7608 ) ;
#5398 = EDGE_LOOP ( 'NONE', ( #4474, #1097, #5468, #1680 ) ) ;
#5400 = CARTESIAN_POINT ( 'NONE',  ( -7.962610848434160400E-014, 3.350480947161662100, -9.499999999999973400 ) ) ;
#5399 = LINE ( 'NONE', #7575, #7420 ) ;
#5401 = CARTESIAN_POINT ( 'NONE',  ( -1.934401076758449900, -3.350480947161689600, -14.08333333333329700 ) ) ;
#5402 = VECTOR ( 'NONE', #7521, 1000.000000000000000 ) ;
#5403 = VERTEX_POINT ( 'NONE', #445 ) ;
#5404 = CARTESIAN_POINT ( 'NONE',  ( -2.309401076758561500, 3.999999999999966200, -4.916666666666653600 ) ) ;
#5405 = CARTESIAN_POINT ( 'NONE',  ( -1.934401076758546400, 3.350480947161633700, -20.54166666666661800 ) ) ;
#5406 = CARTESIAN_POINT ( 'NONE',  ( 3.350480947161662100, -1.138803498474273900E-014, -8.749999999999978700 ) ) ;
#5407 = CARTESIAN_POINT ( 'NONE',  ( -2.901601615137813000, 1.675240473580716500, -20.45833333333328600 ) ) ;
#5408 = DIRECTION ( 'NONE',  ( 0.0000000000000000000, 0.0000000000000000000, 1.000000000000000000 ) ) ;
#5409 = DIRECTION ( 'NONE',  ( 1.000000000000000000, 0.0000000000000000000, 0.0000000000000000000 ) ) ;
#5410 = CARTESIAN_POINT ( 'NONE',  ( 3.464101615137782400, -1.999999999999950700, -23.45833333333327200 ) ) ;
#5411 = VECTOR ( 'NONE', #3827, 1000.000000000000000 ) ;
#5412 = ORIENTED_EDGE ( 'NONE', *, *, #3727, .T. ) ;
#5413 = CARTESIAN_POINT ( 'NONE',  ( 3.350480947161668800, -0.8977586640477902600, -9.919658198738496000 ) ) ;
#5414 = CARTESIAN_POINT ( 'NONE',  ( -1.934401076758354800, -3.350480947161744700, -27.20833333333327200 ) ) ;
#5415 = CARTESIAN_POINT ( 'NONE',  ( 3.162099472294166000, 1.620213248933567200, -29.56160711194278800 ) ) ;
#5416 = ADVANCED_FACE ( 'NONE', ( #3695 ), #816, .T. ) ;
#5417 = CARTESIAN_POINT ( 'NONE',  ( -2.309401076758417700, -4.000000000000048000, -26.58333333333327500 ) ) ;
#5418 = LINE ( 'NONE', #1629, #1220 ) ;
#5419 = ORIENTED_EDGE ( 'NONE', *, *, #1143, .F. ) ;
#5420 =( BOUNDED_CURVE ( )  B_SPLINE_CURVE ( 2, ( #3564, #4139, #4200, #1751, #5948, #4256, #582, #6556, #2898 ),
 .UNSPECIFIED., .F., .F. ) 
 B_SPLINE_CURVE_WITH_KNOTS ( ( 3, 2, 2, 2, 3 ),
 ( 0.4772727272727274000, 0.4797979797979797800, 0.4848484848484848600, 0.4898989898989898900, 0.4924242424242425400 ),
 .UNSPECIFIED. ) 
 CURVE ( )  GEOMETRIC_REPRESENTATION_ITEM ( )  RATIONAL_B_SPLINE_CURVE ( ( 0.9330127018922193000, 0.9330127018922229600, 1.000000000000000000, 0.8660254037844387100, 1.000000000000000000, 0.8660254037844387100, 1.000000000000000000, 0.9330127018922164100, 0.9330127018922194100 ) ) 
 REPRESENTATION_ITEM ( '' )  );
#5421 = DIRECTION ( 'NONE',  ( -1.000000000000000000, 0.0000000000000000000, 0.0000000000000000000 ) ) ;
#5422 = CARTESIAN_POINT ( 'NONE',  ( -3.464101615137783700, 1.999999999999948500, -28.83333333333326800 ) ) ;
#5423 = ORIENTED_EDGE ( 'NONE', *, *, #3578, .T. ) ;
#5424 = CARTESIAN_POINT ( 'NONE',  ( -4.000000000000000900, -1.071796769724544500, -9.830341801261449000 ) ) ;
#5425 = EDGE_CURVE ( 'NONE', #1047, #293, #3877, .T. ) ;
#5426 = CARTESIAN_POINT ( 'NONE',  ( 2.901601615137770400, -1.675240473580789800, -14.83333333333329300 ) ) ;
#5427 = AXIS2_PLACEMENT_3D ( 'NONE', #2948, #7317, #4813 ) ;
#5428 = CARTESIAN_POINT ( 'NONE',  ( -3.350480947161654100, 0.8977586640477648300, -26.41965819873845700 ) ) ;
#5429 = VERTEX_POINT ( 'NONE', #6154 ) ;
#5430 = CARTESIAN_POINT ( 'NONE',  ( -5.586370142149013400E-014, 4.000000000000000000, -5.999999999999985800 ) ) ;
#5431 = ORIENTED_EDGE ( 'NONE', *, *, #5910, .F. ) ;
#5432 = CARTESIAN_POINT ( 'NONE',  ( -1.934401076758546400, 3.350480947161633700, -19.54166666666661800 ) ) ;
#5433 = CARTESIAN_POINT ( 'NONE',  ( -3.350480947161662100, 0.0000000000000000000, 0.0000000000000000000 ) ) ;
#5434 = CARTESIAN_POINT ( 'NONE',  ( -2.901601615137693500, -1.675240473580923000, -22.29166666666661500 ) ) ;
#5435 = CARTESIAN_POINT ( 'NONE',  ( 2.901601615137700700, 1.675240473580911400, -20.79166666666661800 ) ) ;
#5436 = EDGE_CURVE ( 'NONE', #6013, #3551, #1592, .T. ) ;
#5437 = DIRECTION ( 'NONE',  ( 1.000000000000000000, 0.0000000000000000000, 0.0000000000000000000 ) ) ;
#5438 = ORIENTED_EDGE ( 'NONE', *, *, #5739, .T. ) ;
#5439 = CARTESIAN_POINT ( 'NONE',  ( 3.464101615137726400, 2.000000000000048800, -19.29166666666661800 ) ) ;
#5440 = CARTESIAN_POINT ( 'NONE',  ( 3.999999999999996400, 5.461608615131721900E-015, -23.37499999999994000 ) ) ;
#5441 = CARTESIAN_POINT ( 'NONE',  ( 0.2371440877539053600, 3.379926829353244500, -29.49315728305441200 ) ) ;
#5442 = CARTESIAN_POINT ( 'NONE',  ( -2.901601615137707800, -1.675240473580898600, -17.29166666666662500 ) ) ;
#5443 = CARTESIAN_POINT ( 'NONE',  ( 2.309401076758350600, 4.000000000000087000, -22.08333333333328200 ) ) ;
#5444 = VERTEX_POINT ( 'NONE', #7419 ) ;
#5445 = FACE_OUTER_BOUND ( 'NONE', #3292, .T. ) ;
#5446 = AXIS2_PLACEMENT_3D ( 'NONE', #7899, #581, #4849 ) ;
#5447 = CARTESIAN_POINT ( 'NONE',  ( -5.586370142149013400E-014, 4.000000000000000000, -31.99999999999993200 ) ) ;
#5448 =( BOUNDED_CURVE ( )  B_SPLINE_CURVE ( 2, ( #7882, #6071, #1612, #7197, #4205, #1228, #3091, #7385, #231 ),
 .UNSPECIFIED., .F., .F. ) 
 B_SPLINE_CURVE_WITH_KNOTS ( ( 3, 2, 2, 2, 3 ),
 ( 0.4621212121212122700, 0.4646464646464646400, 0.4696969696969697200, 0.4747474747474747500, 0.4772727272727274000 ),
 .UNSPECIFIED. ) 
 CURVE ( )  GEOMETRIC_REPRESENTATION_ITEM ( )  RATIONAL_B_SPLINE_CURVE ( ( 0.9330127018922193000, 0.9330127018922229600, 1.000000000000000000, 0.8660254037844387100, 1.000000000000000000, 0.8660254037844387100, 1.000000000000000000, 0.9330127018922156300, 0.9330127018922193000 ) ) 
 REPRESENTATION_ITEM ( '' )  );
#5449 = CARTESIAN_POINT ( 'NONE',  ( 3.350480947161651900, -0.8977586640477749300, -28.79465819873845300 ) ) ;
#5450 = CARTESIAN_POINT ( 'NONE',  ( -3.999999999999996400, 3.242103837493085700E-014, -16.74999999999996800 ) ) ;
#5451 = VERTEX_POINT ( 'NONE', #5503 ) ;
#5452 = VECTOR ( 'NONE', #7295, 1000.000000000000000 ) ;
#5453 = CARTESIAN_POINT ( 'NONE',  ( -4.679256681265764000E-014, 3.350480947161662100, -14.49999999999996300 ) ) ;
#5454 = CARTESIAN_POINT ( 'NONE',  ( 2.309401076758446100, 4.000000000000032000, -4.083333333333322400 ) ) ;
#5455 = ADVANCED_FACE ( 'NONE', ( #6756 ), #2249, .T. ) ;
#5456 = CARTESIAN_POINT ( 'NONE',  ( -2.901601615137771700, 1.675240473580788000, -21.45833333333328200 ) ) ;
#5457 = CARTESIAN_POINT ( 'NONE',  ( -3.350480947161659500, 2.475154542602248700E-014, -21.24999999999995700 ) ) ;
#5458 = ORIENTED_EDGE ( 'NONE', *, *, #2011, .F. ) ;
#5459 = CARTESIAN_POINT ( 'NONE',  ( -3.464101615137723300, -2.000000000000054600, -1.666666666666661000 ) ) ;
#5460 = CARTESIAN_POINT ( 'NONE',  ( -4.000000000000000900, -8.947741773726438700E-015, -3.749999999999992000 ) ) ;
#5461 = LINE ( 'NONE', #1627, #4138 ) ;
#5462 = CARTESIAN_POINT ( 'NONE',  ( -2.901601615137708600, -1.675240473580897000, -15.16666666666662900 ) ) ;
#5463 = CARTESIAN_POINT ( 'NONE',  ( 4.000000000000000900, -6.391244124090313400E-015, -3.374999999999987600 ) ) ;
#5464 = CARTESIAN_POINT ( 'NONE',  ( -1.934401076758594900, 3.350480947161605700, -19.41666666666662200 ) ) ;
#5465 = CARTESIAN_POINT ( 'NONE',  ( -3.464101615137783700, 1.999999999999948500, -18.95833333333328200 ) ) ;
#5466 = CARTESIAN_POINT ( 'NONE',  ( 2.901601615137722900, 1.675240473580871900, 1.208333333333336100 ) ) ;
#5467 = CARTESIAN_POINT ( 'NONE',  ( 1.934401076758401200, 3.350480947161717200, -12.70833333333330000 ) ) ;
#5468 = ORIENTED_EDGE ( 'NONE', *, *, #176, .T. ) ;
#5469 = DATE_TIME_ROLE ( 'classification_date' ) ;
#5470 = ORIENTED_EDGE ( 'NONE', *, *, #1032, .F. ) ;
#5471 = CARTESIAN_POINT ( 'NONE',  ( 3.464101615137726400, 2.000000000000048800, -7.291666666666642100 ) ) ;
#5472 = CARTESIAN_POINT ( 'NONE',  ( 3.350480947161662100, 7.378981852358816700E-015, -7.749999999999980500 ) ) ;
#5473 = CARTESIAN_POINT ( 'NONE',  ( 1.934401076758430300, 3.350480947161700300, -6.583333333333311700 ) ) ;
#5474 = EDGE_CURVE ( 'NONE', #1692, #5367, #5266, .T. ) ;
#5475 = CARTESIAN_POINT ( 'NONE',  ( -1.305865696588942500E-016, 3.464101615137755700, -33.50000000000000000 ) ) ;
#5476 = CARTESIAN_POINT ( 'NONE',  ( -4.000000000000003600, 3.486133158594716000E-015, -12.87499999999996600 ) ) ;
#5477 = CARTESIAN_POINT ( 'NONE',  ( -3.464101615137725500, -2.000000000000050200, -30.66666666666660000 ) ) ;
#5478 = ORIENTED_EDGE ( 'NONE', *, *, #588, .F. ) ;
#5479 = CARTESIAN_POINT ( 'NONE',  ( -3.350480947161661200, 2.265986553086565600E-015, -0.2499999999999962000 ) ) ;
#5480 =( BOUNDED_CURVE ( )  B_SPLINE_CURVE ( 2, ( #5944, #6610, #4135, #1748, #3007, #6030, #463, #5969, #2980 ),
 .UNSPECIFIED., .F., .T. ) 
 B_SPLINE_CURVE_WITH_KNOTS ( ( 3, 2, 2, 2, 3 ),
 ( 0.2651515151515152500, 0.2676767676767676800, 0.2727272727272727100, 0.2777777777777777900, 0.2803030303030303900 ),
 .UNSPECIFIED. ) 
 CURVE ( )  GEOMETRIC_REPRESENTATION_ITEM ( )  RATIONAL_B_SPLINE_CURVE ( ( 0.9330127018922194100, 0.9330127018922216300, 1.000000000000000000, 0.8660254037844387100, 1.000000000000000000, 0.8660254037844387100, 1.000000000000000000, 0.9330127018922171900, 0.9330127018922194100 ) ) 
 REPRESENTATION_ITEM ( '' )  );
#5481 = DIRECTION ( 'NONE',  ( 0.0000000000000000000, 0.0000000000000000000, -1.000000000000000000 ) ) ;
#5482 = CARTESIAN_POINT ( 'NONE',  ( 4.720288238941220700E-014, -3.350480947161662100, -15.99999999999996300 ) ) ;
#5483 = DIRECTION ( 'NONE',  ( -1.000000000000000000, 0.0000000000000000000, -0.0000000000000000000 ) ) ;
#5484 = FACE_OUTER_BOUND ( 'NONE', #2564, .T. ) ;
#5485 = EDGE_CURVE ( 'NONE', #5546, #2741, #629, .T. ) ;
#5486 = CARTESIAN_POINT ( 'NONE',  ( 4.618802153517005800, 6.478866617091239000E-014, -4.249999999999988500 ) ) ;
#5487 = CARTESIAN_POINT ( 'NONE',  ( -2.309401076758578000, 3.999999999999956900, -5.916666666666651900 ) ) ;
#5488 = CARTESIAN_POINT ( 'NONE',  ( 2.901601615137777500, -1.675240473580777500, -6.833333333333312600 ) ) ;
#5489 = CARTESIAN_POINT ( 'NONE',  ( 4.000000000000003600, -1.071796769724449900, -3.294658198738512800 ) ) ;
#5490 = CARTESIAN_POINT ( 'NONE',  ( 4.000000000000005300, -1.243387493232115400E-014, -12.24999999999997700 ) ) ;
#5491 = DIRECTION ( 'NONE',  ( 0.0000000000000000000, 0.0000000000000000000, 1.000000000000000000 ) ) ;
#5492 = CARTESIAN_POINT ( 'NONE',  ( 4.618802153517005800, 6.478866617091239000E-014, -24.37499999999993600 ) ) ;
#5493 = LINE ( 'NONE', #4213, #7783 ) ;
#5494 = CARTESIAN_POINT ( 'NONE',  ( 2.901601615137722900, 1.675240473580871900, 0.2083333333333383700 ) ) ;
#5495 = CARTESIAN_POINT ( 'NONE',  ( -7.497314333328155600E-014, 4.000000000000000000, -3.999999999999988900 ) ) ;
#5496 = EDGE_CURVE ( 'NONE', #7153, #4754, #2529, .T. ) ;
#5497 = CARTESIAN_POINT ( 'NONE',  ( 5.635356014114907400E-014, -4.000000000000000000, -4.624999999999980500 ) ) ;
#5498 = FACE_OUTER_BOUND ( 'NONE', #1340, .T. ) ;
#5499 = ORIENTED_EDGE ( 'NONE', *, *, #4924, .F. ) ;
#5500 = DIRECTION ( 'NONE',  ( 0.8660254037844386000, -0.4999999999999998900, 0.0000000000000000000 ) ) ;
#5501 = ADVANCED_FACE ( 'NONE', ( #992 ), #3788, .T. ) ;
#5502 = LINE ( 'NONE', #6427, #7603 ) ;
#5503 = CARTESIAN_POINT ( 'NONE',  ( 3.350480947161671900, -7.437084071668728600E-015, -25.87499999999994700 ) ) ;
#5504 = CARTESIAN_POINT ( 'NONE',  ( 3.350480947161662100, 4.103155767545721900E-016, 0.0000000000000000000 ) ) ;
#5505 = CARTESIAN_POINT ( 'NONE',  ( 3.464101615137726400, 2.000000000000048800, -29.16666666666660000 ) ) ;
#5506 = CARTESIAN_POINT ( 'NONE',  ( 3.350480947161665200, -2.672702088255949100E-014, -15.74999999999996600 ) ) ;
#5507 = CARTESIAN_POINT ( 'NONE',  ( -3.350480947161655500, 0.8977586640477945900, -10.29465819873849400 ) ) ;
#5508 = CYLINDRICAL_SURFACE ( 'NONE', #6827, 3.350480947161662100 ) ;
#5509 = VERTEX_POINT ( 'NONE', #57 ) ;
#5510 = AXIS2_PLACEMENT_3D ( 'NONE', #4387, #748, #1385 ) ;
#5511 = CARTESIAN_POINT ( 'NONE',  ( -1.934401076758546400, 3.350480947161633700, -16.41666666666662900 ) ) ;
#5512 = CARTESIAN_POINT ( 'NONE',  ( -3.999999999999996400, 1.882511905641147000E-014, -10.87499999999997000 ) ) ;
#5513 = CARTESIAN_POINT ( 'NONE',  ( -3.464101615137725500, -2.000000000000050200, -1.666666666666661200 ) ) ;
#5514 = CARTESIAN_POINT ( 'NONE',  ( -1.934401076758644600, 3.350480947161576900, -21.41666666666661100 ) ) ;
#5515 = VECTOR ( 'NONE', #3116, 1000.000000000000000 ) ;
#5516 = ORIENTED_EDGE ( 'NONE', *, *, #2811, .F. ) ;
#5517 = ORIENTED_EDGE ( 'NONE', *, *, #1300, .F. ) ;
#5518 = CARTESIAN_POINT ( 'NONE',  ( 0.0000000000000000000, 0.0000000000000000000, -30.00000000000000000 ) ) ;
#5519 = DIRECTION ( 'NONE',  ( -1.000000000000000000, 0.0000000000000000000, 0.0000000000000000000 ) ) ;
#5520 = CARTESIAN_POINT ( 'NONE',  ( 2.309401076758560200, -3.999999999999966700, -26.54166666666659700 ) ) ;
#5521 = ORIENTED_EDGE ( 'NONE', *, *, #870, .F. ) ;
#5522 =( BOUNDED_CURVE ( )  B_SPLINE_CURVE ( 2, ( #5026, #6890, #6834, #3768, #5622, #5569, #3199, #6288, #3832 ),
 .UNSPECIFIED., .F., .F. ) 
 B_SPLINE_CURVE_WITH_KNOTS ( ( 3, 2, 2, 2, 3 ),
 ( 0.7348484848484849700, 0.7373737373737373500, 0.7424242424242424300, 0.7474747474747475100, 0.7500000000000001100 ),
 .UNSPECIFIED. ) 
 CURVE ( )  GEOMETRIC_REPRESENTATION_ITEM ( )  RATIONAL_B_SPLINE_CURVE ( ( 0.9330127018922194100, 0.9330127018922223000, 1.000000000000000000, 0.8660254037844387100, 1.000000000000000000, 0.8660254037844387100, 1.000000000000000000, 0.9330127018922164100, 0.9330127018922194100 ) ) 
 REPRESENTATION_ITEM ( '' )  );
#5523 = CARTESIAN_POINT ( 'NONE',  ( -1.934401076758449900, -3.350480947161689600, 0.7916666666666704000 ) ) ;
#5524 = CARTESIAN_POINT ( 'NONE',  ( 0.0000000000000000000, 0.0000000000000000000, -30.00000000000000000 ) ) ;
#5525 = ORIENTED_EDGE ( 'NONE', *, *, #4009, .T. ) ;
#5526 = VERTEX_POINT ( 'NONE', #28 ) ;
#5527 = CARTESIAN_POINT ( 'NONE',  ( -2.309401076758445600, -4.000000000000032900, -3.708333333333316200 ) ) ;
#5528 = AXIS2_PLACEMENT_3D ( 'NONE', #1563, #5749, #5924 ) ;
#5529 = CARTESIAN_POINT ( 'NONE',  ( 3.464101615137718400, 2.000000000000063900, -11.29166666666663400 ) ) ;
#5530 = DIRECTION ( 'NONE',  ( 0.0000000000000000000, 0.0000000000000000000, 1.000000000000000000 ) ) ;
#5531 = CARTESIAN_POINT ( 'NONE',  ( 3.350480947161662100, -3.137519842735245200E-015, -6.749999999999983100 ) ) ;
#5532 = CARTESIAN_POINT ( 'NONE',  ( -2.309401076758588200, 3.999999999999950700, -16.04166666666662500 ) ) ;
#5533 = CARTESIAN_POINT ( 'NONE',  ( 3.464101615137808100, -1.999999999999907200, -11.45833333333330000 ) ) ;
#5534 = CARTESIAN_POINT ( 'NONE',  ( 3.350480947161662600, -5.519710834441634500E-015, -3.874999999999989300 ) ) ;
#5535 = CARTESIAN_POINT ( 'NONE',  ( 3.464101615137721500, 2.000000000000058200, -5.166666666666653600 ) ) ;
#5536 = VERTEX_POINT ( 'NONE', #670 ) ;
#5537 = CARTESIAN_POINT ( 'NONE',  ( -3.350480947161662100, 0.0000000000000000000, 0.0000000000000000000 ) ) ;
#5538 = EDGE_CURVE ( 'NONE', #1652, #7666, #6950, .T. ) ;
#5539 = VERTEX_POINT ( 'NONE', #6127 ) ;
#5540 = CARTESIAN_POINT ( 'NONE',  ( -3.868802153516995600, -5.474208951679871900E-014, -21.24999999999995000 ) ) ;
#5541 =( BOUNDED_CURVE ( )  B_SPLINE_CURVE ( 2, ( #5990, #6664, #4156, #2330, #7231, #6602, #1679, #4218, #453 ),
 .UNSPECIFIED., .F., .T. ) 
 B_SPLINE_CURVE_WITH_KNOTS ( ( 3, 2, 2, 2, 3 ),
 ( 0.8560606060606061900, 0.8585858585858585600, 0.8636363636363636500, 0.8686868686868687300, 0.8712121212121213300 ),
 .UNSPECIFIED. ) 
 CURVE ( )  GEOMETRIC_REPRESENTATION_ITEM ( )  RATIONAL_B_SPLINE_CURVE ( ( 0.9330127018922194100, 0.9330127018922238500, 1.000000000000000000, 0.8660254037844387100, 1.000000000000000000, 0.8660254037844387100, 1.000000000000000000, 0.9330127018922164100, 0.9330127018922194100 ) ) 
 REPRESENTATION_ITEM ( '' )  );
#5542 = CARTESIAN_POINT ( 'NONE',  ( 2.309401076758560200, -3.999999999999966700, -11.41666666666664100 ) ) ;
#5543 = ADVANCED_FACE ( 'NONE', ( #6079 ), #51, .T. ) ;
#5544 = CARTESIAN_POINT ( 'NONE',  ( 4.000000000000000900, 8.947741773726438700E-015, -8.249999999999984000 ) ) ;
#5545 = CARTESIAN_POINT ( 'NONE',  ( 2.901601615137719300, 1.675240473580878600, -3.666666666666652800 ) ) ;
#5546 = VERTEX_POINT ( 'NONE', #7312 ) ;
#5547 = EDGE_CURVE ( 'NONE', #6530, #2218, #192, .T. ) ;
#5548 = CARTESIAN_POINT ( 'NONE',  ( -2.901601615137706400, -1.675240473580899700, -19.16666666666662200 ) ) ;
#5549 = CARTESIAN_POINT ( 'NONE',  ( -4.618802153517005800, -6.535430629823232500E-014, -23.87499999999993600 ) ) ;
#5550 = EDGE_CURVE ( 'NONE', #4646, #479, #2533, .T. ) ;
#5551 = ORIENTED_EDGE ( 'NONE', *, *, #1196, .F. ) ;
#5552 = LINE ( 'NONE', #6601, #4877 ) ;
#5553 = CARTESIAN_POINT ( 'NONE',  ( 1.934401076758545600, -3.350480947161634100, 0.9583333333333369200 ) ) ;
#5554 = CARTESIAN_POINT ( 'NONE',  ( 0.0000000000000000000, 0.0000000000000000000, 0.0000000000000000000 ) ) ;
#5555 = AXIS2_PLACEMENT_3D ( 'NONE', #223, #6994, #2776 ) ;
#5556 = CARTESIAN_POINT ( 'NONE',  ( 2.309401076758560200, -3.999999999999966700, -3.541666666666650100 ) ) ;
#5557 = CARTESIAN_POINT ( 'NONE',  ( 2.901601615137704200, 1.675240473580904300, -10.79166666666663800 ) ) ;
#5558 = CARTESIAN_POINT ( 'NONE',  ( 2.901601615137718000, 1.675240473580880800, -6.666666666666645600 ) ) ;
#5559 = DIRECTION ( 'NONE',  ( -0.0000000000000000000, -0.0000000000000000000, -1.000000000000000000 ) ) ;
#5560 = ORIENTED_EDGE ( 'NONE', *, *, #3250, .F. ) ;
#5561 = DIRECTION ( 'NONE',  ( -0.0000000000000000000, -0.0000000000000000000, -1.000000000000000000 ) ) ;
#5562 = CARTESIAN_POINT ( 'NONE',  ( 5.929271245910273000E-014, -4.000000000000000000, -2.499999999999992900 ) ) ;
#5563 = FACE_OUTER_BOUND ( 'NONE', #1948, .T. ) ;
#5564 = CARTESIAN_POINT ( 'NONE',  ( 3.350480947161663000, 0.8977586640478844000, -17.70534180126144000 ) ) ;
#5565 = DIRECTION ( 'NONE',  ( 0.0000000000000000000, 0.0000000000000000000, 1.000000000000000000 ) ) ;
#5566 = CARTESIAN_POINT ( 'NONE',  ( 1.934401076758545600, -3.350480947161634100, -17.91666666666662200 ) ) ;
#5567 = ORIENTED_EDGE ( 'NONE', *, *, #4720, .T. ) ;
#5568 = EDGE_LOOP ( 'NONE', ( #7387, #5383, #6214, #5147 ) ) ;
#5569 = CARTESIAN_POINT ( 'NONE',  ( -2.309401076758334600, -4.000000000000095900, -23.58333333333327900 ) ) ;
#5570 = CARTESIAN_POINT ( 'NONE',  ( -2.309401076758445600, -4.000000000000032900, -8.583333333333314400 ) ) ;
#5571 = CARTESIAN_POINT ( 'NONE',  ( 3.350480947161659900, -0.8977586640477955800, -6.794658198738502200 ) ) ;
#5572 = CARTESIAN_POINT ( 'NONE',  ( 0.0000000000000000000, 0.0000000000000000000, -38.00000000000000000 ) ) ;
#5573 = CARTESIAN_POINT ( 'NONE',  ( 4.000000000000000900, -6.391244124090313400E-015, -4.249999999999993800 ) ) ;
#5574 = ORIENTED_EDGE ( 'NONE', *, *, #6557, .T. ) ;
#5575 = CARTESIAN_POINT ( 'NONE',  ( -3.999999999999996400, 3.242103837493085700E-014, -15.87499999999996300 ) ) ;
#5576 = CARTESIAN_POINT ( 'NONE',  ( 2.309401076758560200, -3.999999999999966700, -24.54166666666660400 ) ) ;
#5577 = CARTESIAN_POINT ( 'NONE',  ( -4.679256681265763300E-014, 3.350480947161662100, -5.624999999999982200 ) ) ;
#5578 = VECTOR ( 'NONE', #5396, 1000.000000000000000 ) ;
#5579 = CARTESIAN_POINT ( 'NONE',  ( 3.464101615137782400, -1.999999999999950700, -3.458333333333316600 ) ) ;
#5580 = CARTESIAN_POINT ( 'NONE',  ( -3.464101615137722900, -2.000000000000055500, -1.791666666666653600 ) ) ;
#5582 = ADVANCED_FACE ( 'NONE', ( #5114 ), #6176, .T. ) ;
#5581 = ORIENTED_EDGE ( 'NONE', *, *, #2514, .T. ) ;
#5583 = CARTESIAN_POINT ( 'NONE',  ( -3.350480947161659500, 1.260818159025089000E-014, -10.37499999999997700 ) ) ;
#5584 = DIRECTION ( 'NONE',  ( 1.000000000000000000, 0.0000000000000000000, 0.0000000000000000000 ) ) ;
#5585 = EDGE_CURVE ( 'NONE', #4525, #653, #1108, .T. ) ;
#5586 = DIRECTION ( 'NONE',  ( -0.0000000000000000000, -0.0000000000000000000, 1.000000000000000000 ) ) ;
#5587 = DIRECTION ( 'NONE',  ( 1.000000000000000000, 0.0000000000000000000, 0.0000000000000000000 ) ) ;
#5588 = CARTESIAN_POINT ( 'NONE',  ( -3.464101615137722900, -2.000000000000055500, -2.666666666666659000 ) ) ;
#5589 = LINE ( 'NONE', #5894, #6358 ) ;
#5590 = AXIS2_PLACEMENT_3D ( 'NONE', #7854, #1115, #1731 ) ;
#5592 = CARTESIAN_POINT ( 'NONE',  ( -3.999999999999997300, -1.071796769724574000, -26.83034180126141200 ) ) ;
#5591 = FACE_OUTER_BOUND ( 'NONE', #3662, .T. ) ;
#5593 = DIRECTION ( 'NONE',  ( -1.000000000000000000, 0.0000000000000000000, 0.0000000000000000000 ) ) ;
#5594 = CARTESIAN_POINT ( 'NONE',  ( -2.901601615137722400, -1.675240473580873000, -22.16666666666661500 ) ) ;
#5595 = CARTESIAN_POINT ( 'NONE',  ( -1.934401076758445200, -3.350480947161691900, -3.208333333333321500 ) ) ;
#5596 = CYLINDRICAL_SURFACE ( 'NONE', #2224, 3.350480947161662100 ) ;
#5597 = EDGE_CURVE ( 'NONE', #2645, #6757, #4729, .T. ) ;
#5598 = CARTESIAN_POINT ( 'NONE',  ( -3.464101615137783700, 1.999999999999948500, -8.833333333333312600 ) ) ;
#5599 = ORIENTED_EDGE ( 'NONE', *, *, #2662, .T. ) ;
#5600 = CARTESIAN_POINT ( 'NONE',  ( -2.901601615137773500, 1.675240473580784700, -11.33333333333330400 ) ) ;
#5601 = CARTESIAN_POINT ( 'NONE',  ( 3.350480947161659500, -4.357666448243394800E-015, -10.87499999999997300 ) ) ;
#5602 = CARTESIAN_POINT ( 'NONE',  ( -1.934401076758562200, 3.350480947161624400, -8.541666666666641200 ) ) ;
#5603 = CARTESIAN_POINT ( 'NONE',  ( -2.309401076758445600, -4.000000000000032900, -27.70833333333326800 ) ) ;
#5604 = FACE_OUTER_BOUND ( 'NONE', #1230, .T. ) ;
#5605 = EDGE_LOOP ( 'NONE', ( #3671, #3878, #936, #5909 ) ) ;
#5606 = CARTESIAN_POINT ( 'NONE',  ( 2.901601615137722900, 1.675240473580871900, -4.791666666666651000 ) ) ;
#5607 = CARTESIAN_POINT ( 'NONE',  ( 3.999999999999996400, -4.996790860652426200E-015, -11.24999999999997700 ) ) ;
#5608 = AXIS2_PLACEMENT_3D ( 'NONE', #7790, #7678, #1573 ) ;
#5609 = EDGE_CURVE ( 'NONE', #3186, #775, #3403, .T. ) ;
#5610 = CARTESIAN_POINT ( 'NONE',  ( 2.309401076758446100, 4.000000000000032000, -10.20833333333330200 ) ) ;
#5611 = DIRECTION ( 'NONE',  ( -0.0000000000000000000, -0.0000000000000000000, -1.000000000000000000 ) ) ;
#5612 = CARTESIAN_POINT ( 'NONE',  ( -3.350480947161659500, 1.580380365229604700E-014, -11.37499999999997200 ) ) ;
#5613 = CARTESIAN_POINT ( 'NONE',  ( -2.309401076758386100, -4.000000000000066600, -29.58333333333326800 ) ) ;
#5614 = VERTEX_POINT ( 'NONE', #3165 ) ;
#5615 = DIRECTION ( 'NONE',  ( -0.0000000000000000000, -0.0000000000000000000, -1.000000000000000000 ) ) ;
#5616 = CARTESIAN_POINT ( 'NONE',  ( -3.350480947161659500, 1.580380365229604700E-014, -11.37499999999997200 ) ) ;
#5617 = CARTESIAN_POINT ( 'NONE',  ( 3.350480947161661200, -9.877377282685029400E-016, -0.8749999999999953400 ) ) ;
#5618 = CARTESIAN_POINT ( 'NONE',  ( 2.309401076758629900, -3.999999999999927200, -15.41666666666663100 ) ) ;
#5619 = AXIS2_PLACEMENT_3D ( 'NONE', #3488, #1064, #5307 ) ;
#5620 = ORIENTED_EDGE ( 'NONE', *, *, #965, .T. ) ;
#5621 = CARTESIAN_POINT ( 'NONE',  ( 1.934401076758450300, 3.350480947161689200, -20.58333333333328200 ) ) ;
#5622 = CARTESIAN_POINT ( 'NONE',  ( 1.224993428303842800E-013, -4.000000000000000000, -23.49999999999994700 ) ) ;
#5623 = ORIENTED_EDGE ( 'NONE', *, *, #1255, .F. ) ;
#5624 = CARTESIAN_POINT ( 'NONE',  ( 3.464101615137782400, -1.999999999999950700, -11.33333333333330700 ) ) ;
#5625 = ADVANCED_FACE ( 'NONE', ( #324 ), #6437, .T. ) ;
#5626 = CARTESIAN_POINT ( 'NONE',  ( -3.999999999999996400, 1.289869268680045000E-014, -11.87499999999997200 ) ) ;
#5627 = CARTESIAN_POINT ( 'NONE',  ( -3.350480947161662100, -6.856061878569608300E-015, -8.249999999999978700 ) ) ;
#5628 =( BOUNDED_CURVE ( )  B_SPLINE_CURVE ( 2, ( #5394, #5907, #6017, #6510, #506, #7254, #5305, #7171, #1037 ),
 .UNSPECIFIED., .F., .T. ) 
 B_SPLINE_CURVE_WITH_KNOTS ( ( 3, 2, 2, 2, 3 ),
 ( 0.8106060606060607700, 0.8131313131313131500, 0.8181818181818182300, 0.8232323232323232000, 0.8257575757575759100 ),
 .UNSPECIFIED. ) 
 CURVE ( )  GEOMETRIC_REPRESENTATION_ITEM ( )  RATIONAL_B_SPLINE_CURVE ( ( 0.9330127018922194100, 0.9330127018922238500, 1.000000000000000000, 0.8660254037844387100, 1.000000000000000000, 0.8660254037844387100, 1.000000000000000000, 0.9330127018922149700, 0.9330127018922194100 ) ) 
 REPRESENTATION_ITEM ( '' )  );
#5629 = CARTESIAN_POINT ( 'NONE',  ( 1.934401076758559100, -3.350480947161626100, -18.91666666666661800 ) ) ;
#5630 = CARTESIAN_POINT ( 'NONE',  ( 1.934401076758447200, 3.350480947161690100, -0.5833333333333263800 ) ) ;
#5631 = ORIENTED_EDGE ( 'NONE', *, *, #7308, .F. ) ;
#5632 = CARTESIAN_POINT ( 'NONE',  ( 3.464101615137782400, -1.999999999999950700, -29.45833333333326500 ) ) ;
#5633 = ORIENTED_EDGE ( 'NONE', *, *, #843, .T. ) ;
#5634 = EDGE_CURVE ( 'NONE', #5509, #4130, #5286, .T. ) ;
#5635 = CARTESIAN_POINT ( 'NONE',  ( -1.934401076758449900, -3.350480947161689600, -2.208333333333322800 ) ) ;
#5636 = CARTESIAN_POINT ( 'NONE',  ( -2.309401076758358600, -4.000000000000082600, -28.58333333333327200 ) ) ;
#5637 = CARTESIAN_POINT ( 'NONE',  ( -2.309401076758445600, -4.000000000000032900, -8.708333333333305500 ) ) ;
#5638 = AXIS2_PLACEMENT_3D ( 'NONE', #4120, #533, #1900 ) ;
#5639 = DIRECTION ( 'NONE',  ( -2.503857664561928900E-016, -1.000000000000000000, 0.0000000000000000000 ) ) ;
#5640 = CARTESIAN_POINT ( 'NONE',  ( 4.000000000000000900, 6.856061878569608300E-015, -5.374999999999982200 ) ) ;
#5641 = CARTESIAN_POINT ( 'NONE',  ( 2.901601615137791700, -1.675240473580753300, -11.83333333333330200 ) ) ;
#5642 = ORIENTED_EDGE ( 'NONE', *, *, #5663, .F. ) ;
#5643 = CARTESIAN_POINT ( 'NONE',  ( 1.185804730731127300E-013, -4.000000000000000000, -18.62499999999995000 ) ) ;
#5644 = DIRECTION ( 'NONE',  ( -1.000000000000000000, 0.0000000000000000000, 0.0000000000000000000 ) ) ;
#5645 =( BOUNDED_CURVE ( )  B_SPLINE_CURVE ( 2, ( #6627, #3673, #6685, #7823, #4265, #2965, #3596, #2993, #7310 ),
 .UNSPECIFIED., .F., .T. ) 
 B_SPLINE_CURVE_WITH_KNOTS ( ( 3, 2, 2, 2, 3 ),
 ( 0.3712121212121213300, 0.3737373737373737600, 0.3787878787878787800, 0.3838383838383838100, 0.3863636363636364600 ),
 .UNSPECIFIED. ) 
 CURVE ( )  GEOMETRIC_REPRESENTATION_ITEM ( )  RATIONAL_B_SPLINE_CURVE ( ( 0.9330127018922194100, 0.9330127018922223000, 1.000000000000000000, 0.8660254037844387100, 1.000000000000000000, 0.8660254037844387100, 1.000000000000000000, 0.9330127018922164100, 0.9330127018922194100 ) ) 
 REPRESENTATION_ITEM ( '' )  );
#5646 = CARTESIAN_POINT ( 'NONE',  ( -3.999999999999997300, 1.475796370471763300E-014, -10.74999999999998000 ) ) ;
#5647 = EDGE_CURVE ( 'NONE', #3100, #5205, #6706, .T. ) ;
#5648 = CARTESIAN_POINT ( 'NONE',  ( -3.350480947161662100, 0.0000000000000000000, 0.0000000000000000000 ) ) ;
#5649 = ORIENTED_EDGE ( 'NONE', *, *, #6433, .F. ) ;
#5650 = LINE ( 'NONE', #6076, #3648 ) ;
#5651 = CARTESIAN_POINT ( 'NONE',  ( -2.901601615137722400, -1.675240473580873000, -21.16666666666661800 ) ) ;
#5652 = DIRECTION ( 'NONE',  ( 1.000000000000000000, 0.0000000000000000000, 0.0000000000000000000 ) ) ;
#5653 = CARTESIAN_POINT ( 'NONE',  ( -2.309401076758561500, 3.999999999999966200, -13.91666666666663600 ) ) ;
#5654 = DIRECTION ( 'NONE',  ( 0.8660254037844383700, 0.5000000000000003300, 0.0000000000000000000 ) ) ;
#5655 = EDGE_LOOP ( 'NONE', ( #346, #2394, #6698, #4983 ) ) ;
#5656 = CARTESIAN_POINT ( 'NONE',  ( 4.000000000000005300, 2.324088772396477500E-015, -9.374999999999973400 ) ) ;
#5657 = CARTESIAN_POINT ( 'NONE',  ( 3.999999999999996400, -3.137519842735244800E-015, -13.24999999999997200 ) ) ;
#5658 = LINE ( 'NONE', #3942, #2868 ) ;
#5659 = EDGE_CURVE ( 'NONE', #3541, #6574, #3495, .T. ) ;
#5660 = CARTESIAN_POINT ( 'NONE',  ( -3.464101615137801900, 1.999999999999917600, -13.95833333333329500 ) ) ;
#5661 = CARTESIAN_POINT ( 'NONE',  ( -4.679256681265763300E-014, 3.350480947161662100, -24.62499999999994300 ) ) ;
#5662 = CARTESIAN_POINT ( 'NONE',  ( 1.934401076758450300, 3.350480947161689200, 0.4166666666666715700 ) ) ;
#5663 = EDGE_CURVE ( 'NONE', #6676, #1833, #3532, .T. ) ;
#5664 = CARTESIAN_POINT ( 'NONE',  ( -2.901601615137722400, -1.675240473580873000, -2.291666666666656300 ) ) ;
#5665 = EDGE_LOOP ( 'NONE', ( #2454, #5937, #4752, #4578 ) ) ;
#5666 = LINE ( 'NONE', #1168, #493 ) ;
#5667 = CARTESIAN_POINT ( 'NONE',  ( -3.464101615137725500, -2.000000000000050200, -12.79166666666663100 ) ) ;
#5668 = DIRECTION ( 'NONE',  ( -1.000000000000000000, 0.0000000000000000000, 0.0000000000000000000 ) ) ;
#5669 = ADVANCED_FACE ( 'NONE', ( #2905 ), #2620, .T. ) ;
#5670 = DIRECTION ( 'NONE',  ( 1.000000000000000000, 2.503857664561929400E-016, -0.0000000000000000000 ) ) ;
#5671 = DIRECTION ( 'NONE',  ( -1.000000000000000000, 0.0000000000000000000, 0.0000000000000000000 ) ) ;
#5672 = DIRECTION ( 'NONE',  ( 0.0000000000000000000, 0.0000000000000000000, 1.000000000000000000 ) ) ;
#5673 = CARTESIAN_POINT ( 'NONE',  ( 0.0000000000000000000, 0.0000000000000000000, 0.0000000000000000000 ) ) ;
#5674 = ORIENTED_EDGE ( 'NONE', *, *, #3617, .T. ) ;
#5675 = ORIENTED_EDGE ( 'NONE', *, *, #2266, .F. ) ;
#5676 = CARTESIAN_POINT ( 'NONE',  ( -4.000000000000000900, -7.437084071668728600E-015, -6.874999999999980500 ) ) ;
#5677 = CARTESIAN_POINT ( 'NONE',  ( 3.464101615137829400, -1.999999999999869900, -26.45833333333326800 ) ) ;
#5678 = CARTESIAN_POINT ( 'NONE',  ( 3.350480947161659500, -4.357666448243394800E-015, -10.87499999999997300 ) ) ;
#5679 =( BOUNDED_CURVE ( )  B_SPLINE_CURVE ( 2, ( #5771, #5193, #5171, #5120, #918, #4537, #2080, #2131, #2053 ),
 .UNSPECIFIED., .F., .F. ) 
 B_SPLINE_CURVE_WITH_KNOTS ( ( 3, 2, 2, 2, 3 ),
 ( 0.5378787878787880700, 0.5404040404040404400, 0.5454545454545454100, 0.5505050505050505000, 0.5530303030303032100 ),
 .UNSPECIFIED. ) 
 CURVE ( )  GEOMETRIC_REPRESENTATION_ITEM ( )  RATIONAL_B_SPLINE_CURVE ( ( 0.9330127018922194100, 0.9330127018922238500, 1.000000000000000000, 0.8660254037844387100, 1.000000000000000000, 0.8660254037844387100, 1.000000000000000000, 0.9330127018922149700, 0.9330127018922194100 ) ) 
 REPRESENTATION_ITEM ( '' )  );
#5680 = CARTESIAN_POINT ( 'NONE',  ( -1.934401076758449900, -3.350480947161689600, -28.08333333333326800 ) ) ;
#5681 = CARTESIAN_POINT ( 'NONE',  ( -3.350480947161671900, 2.062628785501874300E-014, -24.37499999999995000 ) ) ;
#5682 = CYLINDRICAL_SURFACE ( 'NONE', #4149, 4.000000000000000000 ) ;
#5683 = CARTESIAN_POINT ( 'NONE',  ( -3.464101615137783700, 1.999999999999948500, -15.83333333333329700 ) ) ;
#5684 = EDGE_LOOP ( 'NONE', ( #6884, #1120, #5086, #7612 ) ) ;
#5685 = CARTESIAN_POINT ( 'NONE',  ( -3.350480947161659500, 2.550687427705134000E-014, -18.24999999999995700 ) ) ;
#5686 = DIRECTION ( 'NONE',  ( 1.000000000000000000, 0.0000000000000000000, 0.0000000000000000000 ) ) ;
#5687 = CARTESIAN_POINT ( 'NONE',  ( -3.999999999999996400, -5.694017492371369400E-015, -27.87499999999993600 ) ) ;
#5688 = CALENDAR_DATE ( 2021, 9, 7 ) ;
#5689 = CARTESIAN_POINT ( 'NONE',  ( 2.309401076758639300, -3.999999999999921000, -25.41666666666660700 ) ) ;
#5690 = CARTESIAN_POINT ( 'NONE',  ( -2.901601615137722400, -1.675240473580873000, -28.29166666666660000 ) ) ;
#5691 = CARTESIAN_POINT ( 'NONE',  ( -2.309401076758445600, -4.000000000000032900, -30.70833333333325800 ) ) ;
#5692 = LINE ( 'NONE', #5648, #2805 ) ;
#5693 = CARTESIAN_POINT ( 'NONE',  ( -3.868802153516995600, -5.474208951679871200E-014, -4.374999999999984900 ) ) ;
#5694 = DIRECTION ( 'NONE',  ( 0.0000000000000000000, 0.0000000000000000000, 1.000000000000000000 ) ) ;
#5695 = CARTESIAN_POINT ( 'NONE',  ( 5.635356014114907400E-014, -4.000000000000000000, -8.624999999999973400 ) ) ;
#5696 = DIRECTION ( 'NONE',  ( -1.000000000000000000, 0.0000000000000000000, 0.0000000000000000000 ) ) ;
#5697 = CARTESIAN_POINT ( 'NONE',  ( -3.350480947161653200, 0.8977586640477681600, -22.29465819873846800 ) ) ;
#5698 = EDGE_CURVE ( 'NONE', #4748, #7709, #7600, .T. ) ;
#5699 = CARTESIAN_POINT ( 'NONE',  ( 3.999999999999996400, -1.661723472263481600E-014, -17.37499999999995400 ) ) ;
#5700 = CARTESIAN_POINT ( 'NONE',  ( -3.350480947161663000, -0.8977586640478630900, -13.20534180126144500 ) ) ;
#5701 = AXIS2_PLACEMENT_3D ( 'NONE', #3949, #5796, #2743 ) ;
#5702 = CARTESIAN_POINT ( 'NONE',  ( 4.000000000000010700, -1.071796769724399500, -29.41965819873845300 ) ) ;
#5703 = ORIENTED_EDGE ( 'NONE', *, *, #3809, .T. ) ;
#5704 = CARTESIAN_POINT ( 'NONE',  ( -8.461270813721953000E-012, -3.873936507140700100, -29.69778279153754100 ) ) ;
#5705 = CARTESIAN_POINT ( 'NONE',  ( -1.934401076758546400, 3.350480947161633700, -24.41666666666661100 ) ) ;
#5706 = EDGE_CURVE ( 'NONE', #1047, #5918, #4632, .T. ) ;
#5707 = CARTESIAN_POINT ( 'NONE',  ( -4.618802153517005800, -6.535430629823232500E-014, -12.74999999999997300 ) ) ;
#5708 = ADVANCED_FACE ( 'NONE', ( #3011 ), #6350, .T. ) ;
#5709 = ORIENTED_EDGE ( 'NONE', *, *, #2001, .F. ) ;
#5710 = DIRECTION ( 'NONE',  ( 0.0000000000000000000, 0.0000000000000000000, 1.000000000000000000 ) ) ;
#5711 = CARTESIAN_POINT ( 'NONE',  ( 2.901601615137722900, 1.675240473580871900, -25.79166666666660700 ) ) ;
#5712 = CARTESIAN_POINT ( 'NONE',  ( 3.464101615137726400, 2.000000000000048800, -30.29166666666659700 ) ) ;
#5713 = FACE_OUTER_BOUND ( 'NONE', #1063, .T. ) ;
#5714 = ORIENTED_EDGE ( 'NONE', *, *, #4781, .T. ) ;
#5715 = CARTESIAN_POINT ( 'NONE',  ( 3.868802153516995600, 5.426829789941480900E-014, -7.874999999999976900 ) ) ;
#5716 = CARTESIAN_POINT ( 'NONE',  ( -2.901601615137680700, -1.675240473580945400, -25.16666666666660700 ) ) ;
#5717 = AXIS2_PLACEMENT_3D ( 'NONE', #5989, #6075, #4155 ) ;
#5718 = ORIENTED_EDGE ( 'NONE', *, *, #6546, .F. ) ;
#5719 = CARTESIAN_POINT ( 'NONE',  ( 3.464101615137726400, 2.000000000000048800, -8.291666666666639400 ) ) ;
#5720 = CARTESIAN_POINT ( 'NONE',  ( 1.934401076758611900, -3.350480947161596400, -25.04166666666660700 ) ) ;
#5721 = CARTESIAN_POINT ( 'NONE',  ( -3.999999999999999100, 1.071796769724455500, -1.919658198738508200 ) ) ;
#5722 = ORIENTED_EDGE ( 'NONE', *, *, #3776, .T. ) ;
#5723 = CARTESIAN_POINT ( 'NONE',  ( 6.320933764849961900E-014, -3.350480947161662100, -3.999999999999986200 ) ) ;
#5724 = ORIENTED_EDGE ( 'NONE', *, *, #5706, .T. ) ;
#5725 = CARTESIAN_POINT ( 'NONE',  ( 2.901601615137686900, 1.675240473580933900, -23.66666666666661100 ) ) ;
#5726 = CARTESIAN_POINT ( 'NONE',  ( 3.464101615137683800, 2.000000000000123000, -23.29166666666660700 ) ) ;
#5727 = AXIS2_PLACEMENT_3D ( 'NONE', #2804, #1676, #6485 ) ;
#5728 = CARTESIAN_POINT ( 'NONE',  ( -1.934401076758546400, 3.350480947161633700, -25.41666666666660700 ) ) ;
#5729 = CARTESIAN_POINT ( 'NONE',  ( -3.350480947161659500, 1.824409686331234900E-014, -29.37499999999993600 ) ) ;
#5730 = CARTESIAN_POINT ( 'NONE',  ( -4.618802153517005800, -6.535430629823232500E-014, -15.74999999999996300 ) ) ;
#5731 = CARTESIAN_POINT ( 'NONE',  ( 2.901601615137797500, -1.675240473580742000, -27.95833333333326800 ) ) ;
#5732 = ORIENTED_EDGE ( 'NONE', *, *, #6164, .F. ) ;
#5733 = ORIENTED_EDGE ( 'NONE', *, *, #3196, .T. ) ;
#5734 = CARTESIAN_POINT ( 'NONE',  ( -3.999999999999999100, 1.071796769724460600, -0.7946581987385178400 ) ) ;
#5735 = CARTESIAN_POINT ( 'NONE',  ( -2.999999999999996400, 1.732050807568885200, -38.00000000000000000 ) ) ;
#5736 = CARTESIAN_POINT ( 'NONE',  ( -2.901601615137722400, -1.675240473580873000, -27.29166666666660400 ) ) ;
#5737 = CARTESIAN_POINT ( 'NONE',  ( -3.464101615137725500, -2.000000000000050200, -30.79166666666659000 ) ) ;
#5738 = ORIENTED_EDGE ( 'NONE', *, *, #176, .F. ) ;
#5739 = EDGE_CURVE ( 'NONE', #3631, #5451, #3862, .T. ) ;
#5740 = CYLINDRICAL_SURFACE ( 'NONE', #4341, 4.000000000000000000 ) ;
#5741 = CARTESIAN_POINT ( 'NONE',  ( -1.934401076758449900, -3.350480947161689600, -9.208333333333307300 ) ) ;
#5742 = CARTESIAN_POINT ( 'NONE',  ( -3.350480947161661200, 0.8977586640477898100, -29.29465819873845300 ) ) ;
#5743 = CARTESIAN_POINT ( 'NONE',  ( -2.309401076758445600, -4.000000000000032900, -13.70833333333329500 ) ) ;
#5744 =( BOUNDED_CURVE ( )  B_SPLINE_CURVE ( 2, ( #3616, #1229, #3669, #4830, #7303, #5414, #7933, #4288, #6063 ),
 .UNSPECIFIED., .F., .T. ) 
 B_SPLINE_CURVE_WITH_KNOTS ( ( 3, 2, 2, 2, 3 ),
 ( 0.8560606060606061900, 0.8585858585858585600, 0.8636363636363636500, 0.8686868686868687300, 0.8712121212121213300 ),
 .UNSPECIFIED. ) 
 CURVE ( )  GEOMETRIC_REPRESENTATION_ITEM ( )  RATIONAL_B_SPLINE_CURVE ( ( 0.9330127018922194100, 0.9330127018922238500, 1.000000000000000000, 0.8660254037844387100, 1.000000000000000000, 0.8660254037844387100, 1.000000000000000000, 0.9330127018922164100, 0.9330127018922194100 ) ) 
 REPRESENTATION_ITEM ( '' )  );
#5745 = CARTESIAN_POINT ( 'NONE',  ( 3.350480947161662100, -0.8977586640477901400, -7.919658198738497700 ) ) ;
#5746 =( BOUNDED_CURVE ( )  B_SPLINE_CURVE ( 2, ( #4823, #3610, #7327, #3661, #7873, #4282, #5434, #4255, #605 ),
 .UNSPECIFIED., .F., .T. ) 
 B_SPLINE_CURVE_WITH_KNOTS ( ( 3, 2, 2, 2, 3 ),
 ( 0.7045454545454547000, 0.7070707070707070700, 0.7121212121212121500, 0.7171717171717171300, 0.7196969696969698300 ),
 .UNSPECIFIED. ) 
 CURVE ( )  GEOMETRIC_REPRESENTATION_ITEM ( )  RATIONAL_B_SPLINE_CURVE ( ( 0.9330127018922194100, 0.9330127018922238500, 1.000000000000000000, 0.8660254037844387100, 1.000000000000000000, 0.8660254037844387100, 1.000000000000000000, 0.9330127018922149700, 0.9330127018922194100 ) ) 
 REPRESENTATION_ITEM ( '' )  );
#5747 = ADVANCED_FACE ( 'NONE', ( #3602 ), #1959, .F. ) ;
#5748 = DIRECTION ( 'NONE',  ( -0.0000000000000000000, -0.0000000000000000000, -1.000000000000000000 ) ) ;
#5749 = DIRECTION ( 'NONE',  ( -0.0000000000000000000, -0.0000000000000000000, -1.000000000000000000 ) ) ;
#5750 = VERTEX_POINT ( 'NONE', #3374 ) ;
#5751 = CYLINDRICAL_SURFACE ( 'NONE', #5446, 4.000000000000000000 ) ;
#5752 = CARTESIAN_POINT ( 'NONE',  ( 3.464101615137720200, 2.000000000000060800, -7.291666666666642100 ) ) ;
#5753 = CARTESIAN_POINT ( 'NONE',  ( 3.350480947161651000, 0.8977586640478818500, -23.70534180126142200 ) ) ;
#5754 = EDGE_CURVE ( 'NONE', #5526, #1621, #1854, .T. ) ;
#5755 = CARTESIAN_POINT ( 'NONE',  ( -1.934401076758446500, -3.350480947161691000, -1.208333333333325000 ) ) ;
#5756 = CARTESIAN_POINT ( 'NONE',  ( 1.934401076758545600, -3.350480947161634100, -23.91666666666660700 ) ) ;
#5757 = ORIENTED_EDGE ( 'NONE', *, *, #7348, .F. ) ;
#5758 = CC_DESIGN_APPROVAL ( #6452, ( #3717 ) ) ;
#5759 = CARTESIAN_POINT ( 'NONE',  ( 1.934401076758572400, -3.350480947161618600, -5.916666666666648300 ) ) ;
#5760 = CARTESIAN_POINT ( 'NONE',  ( 3.464101615137726400, 2.000000000000048800, -15.16666666666663200 ) ) ;
#5761 = CARTESIAN_POINT ( 'NONE',  ( -3.464101615137797000, 1.999999999999925800, -3.958333333333315300 ) ) ;
#5762 = B_SPLINE_CURVE_WITH_KNOTS ( 'NONE', 3,
 ( #7623, #7581, #884, #3309, #2042, #5160, #1503, #2094, #5083, #2729 ),
 .UNSPECIFIED., .F., .F.,
 ( 4, 2, 2, 2, 4 ),
 ( 1.839952100020048700E-018, 0.0006395402383615218900, 0.001279080476723041800, 0.001918620715084561900, 0.002558160953446081900 ),
 .UNSPECIFIED. ) ;
#5763 = CARTESIAN_POINT ( 'NONE',  ( -2.309401076758401700, -4.000000000000058600, -13.58333333333330200 ) ) ;
#5764 = ORIENTED_EDGE ( 'NONE', *, *, #5485, .T. ) ;
#5765 = FACE_OUTER_BOUND ( 'NONE', #6052, .T. ) ;
#5766 = CARTESIAN_POINT ( 'NONE',  ( -1.934401076758546400, 3.350480947161633700, -3.416666666666652800 ) ) ;
#5767 = EDGE_CURVE ( 'NONE', #6968, #7408, #2095, .T. ) ;
#5768 = CARTESIAN_POINT ( 'NONE',  ( 3.999999999999996400, 3.311826500664979900E-014, -23.24999999999994700 ) ) ;
#5769 = CARTESIAN_POINT ( 'NONE',  ( 3.868802153516995600, 5.426829789941480900E-014, -9.874999999999971600 ) ) ;
#5770 = ORIENTED_EDGE ( 'NONE', *, *, #5166, .F. ) ;
#5771 = CARTESIAN_POINT ( 'NONE',  ( -3.350480947161659500, 2.719183863703878600E-014, -16.37499999999996400 ) ) ;
#5772 = CARTESIAN_POINT ( 'NONE',  ( 0.0000000000000000000, 0.0000000000000000000, -30.00000000000000000 ) ) ;
#5773 =( BOUNDED_CURVE ( )  B_SPLINE_CURVE ( 2, ( #3560, #4764, #1100, #3609, #2389, #1717, #5545, #42, #11 ),
 .UNSPECIFIED., .F., .T. ) 
 B_SPLINE_CURVE_WITH_KNOTS ( ( 3, 2, 2, 2, 3 ),
 ( 0.1439393939393940100, 0.1464646464646464600, 0.1515151515151515200, 0.1565656565656565700, 0.1590909090909092000 ),
 .UNSPECIFIED. ) 
 CURVE ( )  GEOMETRIC_REPRESENTATION_ITEM ( )  RATIONAL_B_SPLINE_CURVE ( ( 0.9330127018922194100, 0.9330127018922211900, 1.000000000000000000, 0.8660254037844387100, 1.000000000000000000, 0.8660254037844387100, 1.000000000000000000, 0.9330127018922167400, 0.9330127018922193000 ) ) 
 REPRESENTATION_ITEM ( '' )  );
#5774 = CARTESIAN_POINT ( 'NONE',  ( 3.350480947161662100, 4.880586422032603200E-015, -4.874999999999986700 ) ) ;
#5775 = CARTESIAN_POINT ( 'NONE',  ( 1.363530331834492200, 2.676867011004890900, -37.53622661908820400 ) ) ;
#5776 = ORIENTED_EDGE ( 'NONE', *, *, #4577, .T. ) ;
#5777 = CARTESIAN_POINT ( 'NONE',  ( 3.350480947161659500, -9.819275063375116700E-015, -20.87499999999996100 ) ) ;
#5778 = CARTESIAN_POINT ( 'NONE',  ( -1.934401076758546400, 3.350480947161633700, -27.41666666666660000 ) ) ;
#5779 = CARTESIAN_POINT ( 'NONE',  ( 1.934401076758416300, 3.350480947161709200, -23.70833333333327900 ) ) ;
#5780 = CONICAL_SURFACE ( 'NONE', #2198, 3.096480947161662100, 0.9599310885968841400 ) ;
#5781 = CARTESIAN_POINT ( 'NONE',  ( 3.464101615137726400, 2.000000000000048800, -18.16666666666662500 ) ) ;
#5782 = ADVANCED_FACE ( 'NONE', ( #144 ), #7885, .T. ) ;
#5783 = DIRECTION ( 'NONE',  ( -0.8660254037844384900, -0.5000000000000003300, 0.0000000000000000000 ) ) ;
#5784 = CARTESIAN_POINT ( 'NONE',  ( 1.934401076758399900, 3.350480947161717600, -14.70833333333329700 ) ) ;
#5785 = CARTESIAN_POINT ( 'NONE',  ( -2.901601615137722400, -1.675240473580873000, -4.166666666666651900 ) ) ;
#5786 = CYLINDRICAL_SURFACE ( 'NONE', #7606, 6.499999999999999100 ) ;
#5787 = LINE ( 'NONE', #3994, #6761 ) ;
#5788 = CARTESIAN_POINT ( 'NONE',  ( 3.868802153516995600, 5.426829789941480900E-014, -8.874999999999975100 ) ) ;
#5789 = CARTESIAN_POINT ( 'NONE',  ( 1.934401076758611900, -3.350480947161596400, -24.91666666666660400 ) ) ;
#5790 = CARTESIAN_POINT ( 'NONE',  ( -4.000000000000011500, 2.451913654878283700E-014, -24.74999999999995000 ) ) ;
#5791 = VECTOR ( 'NONE', #1771, 1000.000000000000000 ) ;
#5792 = ORIENTED_EDGE ( 'NONE', *, *, #1493, .T. ) ;
#5793 = EDGE_CURVE ( 'NONE', #767, #3913, #6961, .T. ) ;
#5794 = CARTESIAN_POINT ( 'NONE',  ( -3.999999999999996400, -7.669492948908376000E-015, -26.74999999999994300 ) ) ;
#5795 = CARTESIAN_POINT ( 'NONE',  ( 7.938187181021203400E-014, -4.000000000000000000, -7.624999999999974200 ) ) ;
#5796 = DIRECTION ( 'NONE',  ( -0.0000000000000000000, -0.0000000000000000000, -1.000000000000000000 ) ) ;
#5797 = CARTESIAN_POINT ( 'NONE',  ( 0.0000000000000000000, 0.0000000000000000000, -30.00000000000000000 ) ) ;
#5798 = LINE ( 'NONE', #671, #2734 ) ;
#5799 = ORIENTED_EDGE ( 'NONE', *, *, #6885, .F. ) ;
#5800 = CARTESIAN_POINT ( 'NONE',  ( -4.679256681265764000E-014, 3.350480947161662100, -29.49999999999993200 ) ) ;
#5801 = CARTESIAN_POINT ( 'NONE',  ( -3.350480947161662100, 0.0000000000000000000, 0.0000000000000000000 ) ) ;
#5802 = EDGE_CURVE ( 'NONE', #4201, #5444, #7772, .T. ) ;
#5803 = CARTESIAN_POINT ( 'NONE',  ( 3.464101615137782400, -1.999999999999950700, -21.33333333333328200 ) ) ;
#5804 = CARTESIAN_POINT ( 'NONE',  ( 3.350480947161646600, -0.8977586640477703800, -27.91965819873846000 ) ) ;
#5805 = EDGE_CURVE ( 'NONE', #1333, #4748, #6533, .T. ) ;
#5806 = B_SPLINE_CURVE_WITH_KNOTS ( 'NONE', 3,
 ( #963, #329, #2174, #6498, #2870, #6447, #4615, #2763 ),
 .UNSPECIFIED., .F., .F.,
 ( 4, 2, 2, 4 ),
 ( 0.003843429515782936500, 0.004741080651766463700, 0.005189906219758227400, 0.005638731787749991200 ),
 .UNSPECIFIED. ) ;
#5807 = CARTESIAN_POINT ( 'NONE',  ( 2.309401076758631300, -3.999999999999925800, -16.54166666666662200 ) ) ;
#5808 = ORIENTED_EDGE ( 'NONE', *, *, #3800, .F. ) ;
#5809 = AXIS2_PLACEMENT_3D ( 'NONE', #7630, #325, #1556 ) ;
#5810 = CARTESIAN_POINT ( 'NONE',  ( -3.350480947161659500, -6.623653001329960800E-015, -26.24999999999994300 ) ) ;
#5811 = ORIENTED_EDGE ( 'NONE', *, *, #6322, .T. ) ;
#5812 = CARTESIAN_POINT ( 'NONE',  ( 2.901601615137770400, -1.675240473580789800, -3.833333333333319300 ) ) ;
#5813 = CARTESIAN_POINT ( 'NONE',  ( -3.464101615137711800, -2.000000000000073700, -9.666666666666643000 ) ) ;
#5814 = CARTESIAN_POINT ( 'NONE',  ( 2.901601615137722900, 1.675240473580871900, -10.79166666666663800 ) ) ;
#5815 = CARTESIAN_POINT ( 'NONE',  ( -3.350480947161659500, 2.155592336397733000E-014, -25.37499999999994700 ) ) ;
#5816 = AXIS2_PLACEMENT_3D ( 'NONE', #6182, #4919, #5074 ) ;
#5817 = CARTESIAN_POINT ( 'NONE',  ( 6.109999999999989700, 0.0000000000000000000, -38.00000000000000000 ) ) ;
#5818 = ADVANCED_FACE ( 'NONE', ( #7511 ), #7329, .T. ) ;
#5819 = CARTESIAN_POINT ( 'NONE',  ( 0.0000000000000000000, 0.0000000000000000000, -30.00000000000000000 ) ) ;
#5820 = ORIENTED_EDGE ( 'NONE', *, *, #977, .F. ) ;
#5821 = ORIENTED_EDGE ( 'NONE', *, *, #4278, .F. ) ;
#5822 = CARTESIAN_POINT ( 'NONE',  ( 1.934401076758566200, -3.350480947161623000, -26.91666666666660400 ) ) ;
#5823 = DIRECTION ( 'NONE',  ( -0.0000000000000000000, -5.481006805486179000E-016, -1.000000000000000000 ) ) ;
#5824 = CARTESIAN_POINT ( 'NONE',  ( 4.000000000000000900, 1.071796769724526500, -20.20534180126143300 ) ) ;
#5825 = CARTESIAN_POINT ( 'NONE',  ( -2.999999999999997800, -1.181184918339669700, -37.74809611241991500 ) ) ;
#5826 = VERTEX_POINT ( 'NONE', #1608 ) ;
#5827 = CARTESIAN_POINT ( 'NONE',  ( 3.273409221302176200, 1.407657057250625500, -29.56579538265859600 ) ) ;
#5828 = ADVANCED_FACE ( 'NONE', ( #6261 ), #5875, .T. ) ;
#5829 = CARTESIAN_POINT ( 'NONE',  ( -1.934401076758399900, -3.350480947161717600, -29.20833333333326800 ) ) ;
#5830 = CARTESIAN_POINT ( 'NONE',  ( 9.111909239912872500E-014, -3.350480947161662100, -8.999999999999975100 ) ) ;
#5831 = CARTESIAN_POINT ( 'NONE',  ( -5.586370142149013400E-014, 4.000000000000000000, -19.99999999999995400 ) ) ;
#5832 = ORIENTED_EDGE ( 'NONE', *, *, #2304, .F. ) ;
#5833 = CARTESIAN_POINT ( 'NONE',  ( -3.464101615137821400, 1.999999999999883400, -25.83333333333327500 ) ) ;
#5834 = FACE_OUTER_BOUND ( 'NONE', #4243, .T. ) ;
#5835 = CARTESIAN_POINT ( 'NONE',  ( 3.350480947161671900, -7.437084071668728600E-015, -25.74999999999994000 ) ) ;
#5836 = CARTESIAN_POINT ( 'NONE',  ( -2.901601615137771700, 1.675240473580788000, -5.333333333333317100 ) ) ;
#5837 = CARTESIAN_POINT ( 'NONE',  ( 3.350480947161671900, -1.074891057233370800E-014, -21.74999999999995400 ) ) ;
#5838 = EDGE_CURVE ( 'NONE', #647, #7175, #4055, .T. ) ;
#5839 = CARTESIAN_POINT ( 'NONE',  ( -3.868802153516995600, -5.474208951679871200E-014, -13.37499999999996400 ) ) ;
#5840 = DIRECTION ( 'NONE',  ( -0.0000000000000000000, -0.0000000000000000000, -1.000000000000000000 ) ) ;
#5841 = ORIENTED_EDGE ( 'NONE', *, *, #4517, .T. ) ;
#5842 = FACE_OUTER_BOUND ( 'NONE', #3145, .T. ) ;
#5843 = AXIS2_PLACEMENT_3D ( 'NONE', #3255, #123, #6319 ) ;
#5844 = CARTESIAN_POINT ( 'NONE',  ( -2.309401076758588200, 3.999999999999950700, -16.91666666666662900 ) ) ;
#5845 = CARTESIAN_POINT ( 'NONE',  ( -2.901601615137698000, -1.675240473580915200, -12.29166666666663400 ) ) ;
#5846 = CARTESIAN_POINT ( 'NONE',  ( -2.309401076758573500, 3.999999999999959100, -1.916666666666660300 ) ) ;
#5847 = CARTESIAN_POINT ( 'NONE',  ( 4.000000000000005300, -1.243387493232115400E-014, -11.37499999999997000 ) ) ;
#5848 = VERTEX_POINT ( 'NONE', #1079 ) ;
#5849 = VECTOR ( 'NONE', #2906, 1000.000000000000000 ) ;
#5850 = CARTESIAN_POINT ( 'NONE',  ( 4.000000000000008900, -1.071796769724406900, -22.29465819873847100 ) ) ;
#5851 = EDGE_CURVE ( 'NONE', #5312, #2422, #5197, .T. ) ;
#5852 = CARTESIAN_POINT ( 'NONE',  ( 1.934401076758550700, -3.350480947161630600, -0.9166666666666589700 ) ) ;
#5853 = CARTESIAN_POINT ( 'NONE',  ( 0.0000000000000000000, 0.0000000000000000000, -30.00000000000000000 ) ) ;
#5854 = CARTESIAN_POINT ( 'NONE',  ( -2.901601615137722400, -1.675240473580873000, -31.16666666666659300 ) ) ;
#5855 = CARTESIAN_POINT ( 'NONE',  ( -3.350480947161659500, -2.207884333776653700E-015, -9.249999999999976900 ) ) ;
#5856 = VERTEX_POINT ( 'NONE', #7331 ) ;
#5857 = CARTESIAN_POINT ( 'NONE',  ( 5.635356014114907400E-014, -4.000000000000000000, -18.49999999999995700 ) ) ;
#5858 = EDGE_LOOP ( 'NONE', ( #1818, #3, #1977, #686 ) ) ;
#5859 = EDGE_LOOP ( 'NONE', ( #2329, #3184, #1223, #6106 ) ) ;
#5860 = CARTESIAN_POINT ( 'NONE',  ( 3.999999999999996400, -4.531973106173131400E-014, -20.24999999999995400 ) ) ;
#5861 =( BOUNDED_CURVE ( )  B_SPLINE_CURVE ( 2, ( #6033, #6733, #519, #4793, #1135, #6675, #5459, #4871, #6084 ),
 .UNSPECIFIED., .F., .T. ) 
 B_SPLINE_CURVE_WITH_KNOTS ( ( 3, 2, 2, 2, 3 ),
 ( 0.06818181818181826000, 0.07070707070707070400, 0.07575757575757576000, 0.08080808080808081500, 0.08333333333333341200 ),
 .UNSPECIFIED. ) 
 CURVE ( )  GEOMETRIC_REPRESENTATION_ITEM ( )  RATIONAL_B_SPLINE_CURVE ( ( 0.9330127018922194100, 0.9330127018922214100, 1.000000000000000000, 0.8660254037844387100, 1.000000000000000000, 0.8660254037844387100, 1.000000000000000000, 0.9330127018922174100, 0.9330127018922194100 ) ) 
 REPRESENTATION_ITEM ( '' )  );
#5862 = AXIS2_PLACEMENT_3D ( 'NONE', #6734, #3036, #2364 ) ;
#5863 = CARTESIAN_POINT ( 'NONE',  ( 3.868802153516995600, 5.426829789941481600E-014, -5.749999999999982200 ) ) ;
#5864 = CONICAL_SURFACE ( 'NONE', #4554, 6.109999999999989700, 0.7853981633974582700 ) ;
#5865 = VERTEX_POINT ( 'NONE', #1721 ) ;
#5866 = CARTESIAN_POINT ( 'NONE',  ( -3.999999999999996400, -2.730804307565860900E-014, -27.74999999999994000 ) ) ;
#5867 = CARTESIAN_POINT ( 'NONE',  ( 1.934401076758450300, 3.350480947161689200, -24.70833333333327900 ) ) ;
#5868 = CARTESIAN_POINT ( 'NONE',  ( 1.934401076758450300, 3.350480947161689200, -16.70833333333329300 ) ) ;
#5869 =( BOUNDED_CURVE ( )  B_SPLINE_CURVE ( 2, ( #41, #7353, #10, #4896, #4326, #6110, #3685, #2415, #5544 ),
 .UNSPECIFIED., .F., .T. ) 
 B_SPLINE_CURVE_WITH_KNOTS ( ( 3, 2, 2, 2, 3 ),
 ( 0.2651515151515152500, 0.2676767676767676800, 0.2727272727272727100, 0.2777777777777777900, 0.2803030303030303900 ),
 .UNSPECIFIED. ) 
 CURVE ( )  GEOMETRIC_REPRESENTATION_ITEM ( )  RATIONAL_B_SPLINE_CURVE ( ( 0.9330127018922194100, 0.9330127018922216300, 1.000000000000000000, 0.8660254037844387100, 1.000000000000000000, 0.8660254037844387100, 1.000000000000000000, 0.9330127018922171900, 0.9330127018922194100 ) ) 
 REPRESENTATION_ITEM ( '' )  );
#5870 = APPROVAL_PERSON_ORGANIZATION ( #2802, #2471, #7139 ) ;
#5871 = DIRECTION ( 'NONE',  ( -1.000000000000000000, 0.0000000000000000000, 0.0000000000000000000 ) ) ;
#5872 = VECTOR ( 'NONE', #4888, 1000.000000000000000 ) ;
#5873 = CARTESIAN_POINT ( 'NONE',  ( -4.618802153517005800, -6.535430629823232500E-014, -15.87499999999995600 ) ) ;
#5874 = DIRECTION ( 'NONE',  ( 0.0000000000000000000, 0.0000000000000000000, 1.000000000000000000 ) ) ;
#5875 = CYLINDRICAL_SURFACE ( 'NONE', #2914, 4.000000000000000000 ) ;
#5876 = CARTESIAN_POINT ( 'NONE',  ( -4.679256681265764000E-014, 3.350480947161662100, -31.49999999999993200 ) ) ;
#5877 = CARTESIAN_POINT ( 'NONE',  ( -2.901601615137710900, -1.675240473580892800, -9.166666666666641200 ) ) ;
#5878 = CARTESIAN_POINT ( 'NONE',  ( 3.464101615137726400, 2.000000000000048800, -22.16666666666661500 ) ) ;
#5879 =( BOUNDED_CURVE ( )  B_SPLINE_CURVE ( 2, ( #6578, #5369, #3580, #7832, #1768, #2382, #3523, #5424, #3552 ),
 .UNSPECIFIED., .F., .T. ) 
 B_SPLINE_CURVE_WITH_KNOTS ( ( 3, 2, 2, 2, 3 ),
 ( 0.3409090909090909900, 0.3434343434343434300, 0.3484848484848485100, 0.3535353535353535400, 0.3560606060606061900 ),
 .UNSPECIFIED. ) 
 CURVE ( )  GEOMETRIC_REPRESENTATION_ITEM ( )  RATIONAL_B_SPLINE_CURVE ( ( 0.9330127018922194100, 0.9330127018922216300, 1.000000000000000000, 0.8660254037844387100, 1.000000000000000000, 0.8660254037844387100, 1.000000000000000000, 0.9330127018922156300, 0.9330127018922193000 ) ) 
 REPRESENTATION_ITEM ( '' )  );
#5880 = CARTESIAN_POINT ( 'NONE',  ( 3.350480947161659500, -1.400263485368877800E-014, -17.74999999999996100 ) ) ;
#5881 = LINE ( 'NONE', #414, #3313 ) ;
#5882 = ORIENTED_EDGE ( 'NONE', *, *, #1899, .T. ) ;
#5883 = CARTESIAN_POINT ( 'NONE',  ( -3.464101615137792100, 1.999999999999934500, -23.83333333333327900 ) ) ;
#5884 = CARTESIAN_POINT ( 'NONE',  ( -3.406953761837343100, 1.870891461779164400E-014, -0.2173954052450966200 ) ) ;
#5885 = EDGE_CURVE ( 'NONE', #1325, #2175, #2240, .T. ) ;
#5886 = CARTESIAN_POINT ( 'NONE',  ( -3.350480947161660800, -0.8977586640478967300, -23.33034180126142600 ) ) ;
#5887 = CARTESIAN_POINT ( 'NONE',  ( 1.934401076758450300, 3.350480947161689200, -10.58333333333330400 ) ) ;
#5888 = CARTESIAN_POINT ( 'NONE',  ( 3.350480947161668800, -0.8977586640477600600, -21.79465819873846400 ) ) ;
#5889 = VECTOR ( 'NONE', #2245, 1000.000000000000000 ) ;
#5890 = ORIENTED_EDGE ( 'NONE', *, *, #635, .F. ) ;
#5891 = CARTESIAN_POINT ( 'NONE',  ( -2.309401076758445600, -4.000000000000032900, -0.5833333333333300400 ) ) ;
#5892 = CARTESIAN_POINT ( 'NONE',  ( -1.934401076758546400, 3.350480947161633700, -13.54166666666663200 ) ) ;
#5893 = ADVANCED_FACE ( 'NONE', ( #4449 ), #2423, .T. ) ;
#5894 = CARTESIAN_POINT ( 'NONE',  ( 4.000000000000000000, 0.0000000000000000000, -30.00000000000000000 ) ) ;
#5895 = EDGE_CURVE ( 'NONE', #5509, #3541, #6354, .T. ) ;
#5896 = CARTESIAN_POINT ( 'NONE',  ( 2.309401076758446100, 4.000000000000032000, -13.20833333333329700 ) ) ;
#5897 = VECTOR ( 'NONE', #4196, 1000.000000000000000 ) ;
#5898 = ORIENTED_EDGE ( 'NONE', *, *, #7279, .F. ) ;
#5899 = ORIENTED_EDGE ( 'NONE', *, *, #1493, .F. ) ;
#5900 = DIRECTION ( 'NONE',  ( -1.000000000000000000, 0.0000000000000000000, 0.0000000000000000000 ) ) ;
#5901 = APPLICATION_CONTEXT ( 'configuration controlled 3d designs of mechanical parts and assemblies' ) ;
#5902 =( BOUNDED_CURVE ( )  B_SPLINE_CURVE ( 2, ( #5108, #1450, #5761, #4549, #3912, #835, #4575, #6997, #6387 ),
 .UNSPECIFIED., .F., .T. ) 
 B_SPLINE_CURVE_WITH_KNOTS ( ( 3, 2, 2, 2, 3 ),
 ( 0.1742424242424243400, 0.1767676767676767700, 0.1818181818181818200, 0.1868686868686868800, 0.1893939393939394800 ),
 .UNSPECIFIED. ) 
 CURVE ( )  GEOMETRIC_REPRESENTATION_ITEM ( )  RATIONAL_B_SPLINE_CURVE ( ( 0.9330127018922193000, 0.9330127018922218500, 1.000000000000000000, 0.8660254037844387100, 1.000000000000000000, 0.8660254037844387100, 1.000000000000000000, 0.9330127018922171900, 0.9330127018922194100 ) ) 
 REPRESENTATION_ITEM ( '' )  );
#5903 = CARTESIAN_POINT ( 'NONE',  ( 0.2362890544356127100, -3.865057798385581800, -29.69410510995470200 ) ) ;
#5904 = CARTESIAN_POINT ( 'NONE',  ( -2.901601615137777000, 1.675240473580779100, -19.45833333333328600 ) ) ;
#5905 = CARTESIAN_POINT ( 'NONE',  ( 2.901601615137722900, 1.675240473580871900, -29.66666666666659700 ) ) ;
#5906 = ORIENTED_EDGE ( 'NONE', *, *, #678, .F. ) ;
#5907 = CARTESIAN_POINT ( 'NONE',  ( -3.999999999999998200, 1.071796769724445900, -24.91965819873846000 ) ) ;
#5908 = CARTESIAN_POINT ( 'NONE',  ( 3.464101615137726400, 2.000000000000048800, -25.16666666666660700 ) ) ;
#5909 = ORIENTED_EDGE ( 'NONE', *, *, #6792, .T. ) ;
#5910 = EDGE_CURVE ( 'NONE', #3433, #486, #676, .T. ) ;
#5911 = CARTESIAN_POINT ( 'NONE',  ( 1.934401076758421200, 3.350480947161705600, -17.70833333333329000 ) ) ;
#5912 = CARTESIAN_POINT ( 'NONE',  ( -1.934401076758357000, -3.350480947161742500, -23.20833333333327900 ) ) ;
#5913 = DIRECTION ( 'NONE',  ( -0.0000000000000000000, -0.0000000000000000000, 1.000000000000000000 ) ) ;
#5914 = CARTESIAN_POINT ( 'NONE',  ( -3.868802153516995600, -5.474208951679871900E-014, -7.249999999999978700 ) ) ;
#5915 = CARTESIAN_POINT ( 'NONE',  ( -3.350480947161662100, 3.369928719974892700E-015, -2.374999999999992900 ) ) ;
#5916 = VERTEX_POINT ( 'NONE', #2988 ) ;
#5917 = CARTESIAN_POINT ( 'NONE',  ( -2.901601615137771700, 1.675240473580788000, -31.45833333333326100 ) ) ;
#5918 = VERTEX_POINT ( 'NONE', #6588 ) ;
#5919 = CARTESIAN_POINT ( 'NONE',  ( -4.679256681265763300E-014, 3.350480947161662100, -12.62499999999996800 ) ) ;
#5920 = CARTESIAN_POINT ( 'NONE',  ( -1.934401076758384800, -3.350480947161726500, -18.20833333333329300 ) ) ;
#5921 = AXIS2_PLACEMENT_3D ( 'NONE', #2436, #1795, #6723 ) ;
#5922 = CARTESIAN_POINT ( 'NONE',  ( 4.000000000000009800, -1.071796769724403100, -25.41965819873845700 ) ) ;
#5923 = CARTESIAN_POINT ( 'NONE',  ( -2.973012532348086300, 1.814196369779905300, -0.2649170216915124300 ) ) ;
#5924 = DIRECTION ( 'NONE',  ( -1.000000000000000000, 0.0000000000000000000, 0.0000000000000000000 ) ) ;
#5925 = EDGE_LOOP ( 'NONE', ( #501, #2162, #5620, #1122 ) ) ;
#5926 = CARTESIAN_POINT ( 'NONE',  ( -4.618802153517005800, -6.535430629823232500E-014, -13.87499999999996100 ) ) ;
#5927 = CIRCLE ( 'NONE', #751, 4.000000000000011500 ) ;
#5928 = CARTESIAN_POINT ( 'NONE',  ( 3.350480947161659500, -8.366719580627318400E-015, -26.74999999999994300 ) ) ;
#5929 = CARTESIAN_POINT ( 'NONE',  ( -3.350480947161678100, -0.8977586640478523200, -20.20534180126143300 ) ) ;
#5930 = CARTESIAN_POINT ( 'NONE',  ( 3.350480947161662100, 0.8977586640478603100, -19.83034180126143300 ) ) ;
#5931 = ORIENTED_EDGE ( 'NONE', *, *, #4873, .T. ) ;
#5932 = CIRCLE ( 'NONE', #797, 4.000000000000000000 ) ;
#5933 = CARTESIAN_POINT ( 'NONE',  ( 0.0000000000000000000, 0.0000000000000000000, -30.00000000000000000 ) ) ;
#5934 = CARTESIAN_POINT ( 'NONE',  ( 4.000000000000000000, -1.359591931851939300E-014, -9.249999999999982200 ) ) ;
#5935 = CARTESIAN_POINT ( 'NONE',  ( -3.464101615137783700, 1.999999999999948500, -23.83333333333327900 ) ) ;
#5936 = CARTESIAN_POINT ( 'NONE',  ( -3.999999999999996400, -2.335709216258459900E-014, -23.74999999999995000 ) ) ;
#5937 = ORIENTED_EDGE ( 'NONE', *, *, #4219, .F. ) ;
#5938 = CARTESIAN_POINT ( 'NONE',  ( -4.679256681265764000E-014, 3.350480947161662100, -11.49999999999996800 ) ) ;
#5939 =( BOUNDED_CURVE ( )  B_SPLINE_CURVE ( 2, ( #4910, #4883, #1846, #7277, #3699, #3621, #4240, #1233, #1179 ),
 .UNSPECIFIED., .F., .F. ) 
 B_SPLINE_CURVE_WITH_KNOTS ( ( 3, 2, 2, 2, 3 ),
 ( 0.2196969696969697800, 0.2222222222222222100, 0.2272727272727272700, 0.2323232323232323200, 0.2348484848484849500 ),
 .UNSPECIFIED. ) 
 CURVE ( )  GEOMETRIC_REPRESENTATION_ITEM ( )  RATIONAL_B_SPLINE_CURVE ( ( 0.9330127018922194100, 0.9330127018922216300, 1.000000000000000000, 0.8660254037844387100, 1.000000000000000000, 0.8660254037844387100, 1.000000000000000000, 0.9330127018922167400, 0.9330127018922193000 ) ) 
 REPRESENTATION_ITEM ( '' )  );
#5940 = CARTESIAN_POINT ( 'NONE',  ( 2.999999999999995600, 5.196152422706631100, -33.50000000000000000 ) ) ;
#5941 = EDGE_CURVE ( 'NONE', #1031, #7752, #807, .T. ) ;
#5942 = CARTESIAN_POINT ( 'NONE',  ( -2.901601615137771700, 1.675240473580788000, -28.45833333333326800 ) ) ;
#5943 = CARTESIAN_POINT ( 'NONE',  ( -1.934401076758449900, -3.350480947161689600, -14.20833333333329800 ) ) ;
#5944 = CARTESIAN_POINT ( 'NONE',  ( -3.350480947161662100, -6.100733027540754000E-015, -7.374999999999982200 ) ) ;
#5945 = EDGE_LOOP ( 'NONE', ( #5258, #5102, #3137, #6371 ) ) ;
#5946 = CARTESIAN_POINT ( 'NONE',  ( -1.363530331834491100, -2.676867011004892200, -37.53622661908820400 ) ) ;
#5947 = ORIENTED_EDGE ( 'NONE', *, *, #4831, .F. ) ;
#5948 = CARTESIAN_POINT ( 'NONE',  ( -5.992266526880394200E-014, 3.350480947161662100, -14.49999999999996300 ) ) ;
#5949 = DIRECTION ( 'NONE',  ( 0.0000000000000000000, 0.0000000000000000000, 1.000000000000000000 ) ) ;
#5950 = CARTESIAN_POINT ( 'NONE',  ( -2.309401076758561500, 3.999999999999966200, -17.04166666666662200 ) ) ;
#5951 = ORIENTED_EDGE ( 'NONE', *, *, #5767, .T. ) ;
#5952 = EDGE_CURVE ( 'NONE', #1022, #3100, #7095, .T. ) ;
#5953 = ORIENTED_EDGE ( 'NONE', *, *, #5851, .T. ) ;
#5954 = CARTESIAN_POINT ( 'NONE',  ( 2.229133405644099700, 2.685521709983979700, -29.53549202541922400 ) ) ;
#5955 = CARTESIAN_POINT ( 'NONE',  ( 1.312723034811297500, 3.411349465941841100, -0.3858579520235530500 ) ) ;
#5956 = CARTESIAN_POINT ( 'NONE',  ( -3.350480947161659500, 2.475154542602248700E-014, -21.37499999999995700 ) ) ;
#5957 = CARTESIAN_POINT ( 'NONE',  ( -3.464101615137783700, 1.999999999999948500, -24.83333333333327500 ) ) ;
#5958 = DIRECTION ( 'NONE',  ( -0.0000000000000000000, -0.0000000000000000000, -1.000000000000000000 ) ) ;
#5959 = FACE_OUTER_BOUND ( 'NONE', #4840, .T. ) ;
#5960 = VERTEX_POINT ( 'NONE', #1225 ) ;
#5961 = CARTESIAN_POINT ( 'NONE',  ( 7.938187181021203400E-014, -4.000000000000000000, -8.499999999999980500 ) ) ;
#5962 =( BOUNDED_CURVE ( )  B_SPLINE_CURVE ( 2, ( #3289, #5742, #5240, #4588, #1606 ),
 .UNSPECIFIED., .F., .T. ) 
 B_SPLINE_CURVE_WITH_KNOTS ( ( 3, 2, 3 ),
 ( 0.9318181818181819900, 0.9343434343434343600, 0.9387596529042190300 ),
 .UNSPECIFIED. ) 
 CURVE ( )  GEOMETRIC_REPRESENTATION_ITEM ( )  RATIONAL_B_SPLINE_CURVE ( ( 0.9330127018922194100, 0.9330127018922238500, 1.000000000000000000, 0.8828511025008036700, 0.9705748386641249700 ) ) 
 REPRESENTATION_ITEM ( '' )  );
#5963 = CARTESIAN_POINT ( 'NONE',  ( -2.901601615137705100, -1.675240473580902800, -23.29166666666661500 ) ) ;
#5964 =( BOUNDED_CURVE ( )  B_SPLINE_CURVE ( 2, ( #1319, #4372, #5053, #3143, #2516, #1986, #66, #6810, #5681 ),
 .UNSPECIFIED., .F., .F. ) 
 B_SPLINE_CURVE_WITH_KNOTS ( ( 3, 2, 2, 2, 3 ),
 ( 0.7651515151515152500, 0.7676767676767676200, 0.7727272727272727100, 0.7777777777777777900, 0.7803030303030305000 ),
 .UNSPECIFIED. ) 
 CURVE ( )  GEOMETRIC_REPRESENTATION_ITEM ( )  RATIONAL_B_SPLINE_CURVE ( ( 0.9330127018922194100, 0.9330127018922223000, 1.000000000000000000, 0.8660254037844387100, 1.000000000000000000, 0.8660254037844387100, 1.000000000000000000, 0.9330127018922149700, 0.9330127018922194100 ) ) 
 REPRESENTATION_ITEM ( '' )  );
#5965 = CARTESIAN_POINT ( 'NONE',  ( 1.934401076758545600, -3.350480947161634100, -9.916666666666639400 ) ) ;
#5966 = VECTOR ( 'NONE', #5123, 1000.000000000000200 ) ;
#5967 = CARTESIAN_POINT ( 'NONE',  ( -3.868802153516995600, -5.474208951679871200E-014, -29.37499999999992900 ) ) ;
#5968 = CARTESIAN_POINT ( 'NONE',  ( -2.901601615137771700, 1.675240473580788000, -20.45833333333328600 ) ) ;
#5969 = CARTESIAN_POINT ( 'NONE',  ( 3.350480947161662100, 0.8977586640478684200, -7.830341801261457800 ) ) ;
#5970 = ADVANCED_FACE ( 'NONE', ( #3688 ), #2809, .T. ) ;
#5971 = FACE_OUTER_BOUND ( 'NONE', #7532, .T. ) ;
#5972 = CARTESIAN_POINT ( 'NONE',  ( 1.934401076758444500, 3.350480947161691900, -3.708333333333320200 ) ) ;
#5973 = CARTESIAN_POINT ( 'NONE',  ( -3.350480947161656300, 0.8977586640477930300, -12.29465819873849100 ) ) ;
#5974 = CARTESIAN_POINT ( 'NONE',  ( -3.464101615137725500, -2.000000000000050200, -18.79166666666661500 ) ) ;
#5975 = LINE ( 'NONE', #3663, #1092 ) ;
#5976 = AXIS2_PLACEMENT_3D ( 'NONE', #2261, #6525, #303 ) ;
#5977 = CARTESIAN_POINT ( 'NONE',  ( -1.934401076758439400, -3.350480947161695900, -10.20833333333330700 ) ) ;
#5978 =( BOUNDED_CURVE ( )  B_SPLINE_CURVE ( 2, ( #3724, #4206, #4879, #4906, #7273, #1254, #7364, #1840, #1172 ),
 .UNSPECIFIED., .F., .T. ) 
 B_SPLINE_CURVE_WITH_KNOTS ( ( 3, 2, 2, 2, 3 ),
 ( 0.1287878787878788700, 0.1313131313131313300, 0.1363636363636363500, 0.1414141414141414100, 0.1439393939393940100 ),
 .UNSPECIFIED. ) 
 CURVE ( )  GEOMETRIC_REPRESENTATION_ITEM ( )  RATIONAL_B_SPLINE_CURVE ( ( 0.9330127018922194100, 0.9330127018922211900, 1.000000000000000000, 0.8660254037844387100, 1.000000000000000000, 0.8660254037844387100, 1.000000000000000000, 0.9330127018922175200, 0.9330127018922194100 ) ) 
 REPRESENTATION_ITEM ( '' )  );
#5979 =( BOUNDED_CURVE ( )  B_SPLINE_CURVE ( 2, ( #739, #3152, #3120, #5629, #3206, #1940, #5548, #7481, #682 ),
 .UNSPECIFIED., .F., .T. ) 
 B_SPLINE_CURVE_WITH_KNOTS ( ( 3, 2, 2, 2, 3 ),
 ( 0.6136363636363637600, 0.6161616161616161300, 0.6212121212121212200, 0.6262626262626263000, 0.6287878787878789000 ),
 .UNSPECIFIED. ) 
 CURVE ( )  GEOMETRIC_REPRESENTATION_ITEM ( )  RATIONAL_B_SPLINE_CURVE ( ( 0.9330127018922194100, 0.9330127018922223000, 1.000000000000000000, 0.8660254037844387100, 1.000000000000000000, 0.8660254037844387100, 1.000000000000000000, 0.9330127018922164100, 0.9330127018922194100 ) ) 
 REPRESENTATION_ITEM ( '' )  );
#5980 = CARTESIAN_POINT ( 'NONE',  ( -4.618802153517005800, -6.535430629823232500E-014, 1.125000000000006700 ) ) ;
#5981 = CYLINDRICAL_SURFACE ( 'NONE', #7705, 3.350480947161662100 ) ;
#5982 = ORIENTED_EDGE ( 'NONE', *, *, #1483, .T. ) ;
#5983 = CARTESIAN_POINT ( 'NONE',  ( 2.901601615137720200, 1.675240473580877200, -1.791666666666657200 ) ) ;
#5984 = CARTESIAN_POINT ( 'NONE',  ( -3.350480947161659500, 1.580380365229604700E-014, -11.24999999999997200 ) ) ;
#5985 = DIRECTION ( 'NONE',  ( -0.0000000000000000000, -0.0000000000000000000, 1.000000000000000000 ) ) ;
#5986 = CARTESIAN_POINT ( 'NONE',  ( -3.464101615137798800, 1.999999999999922500, -8.833333333333310800 ) ) ;
#5987 = CARTESIAN_POINT ( 'NONE',  ( 3.464101615137726400, 2.000000000000048800, -23.16666666666661500 ) ) ;
#5988 = CARTESIAN_POINT ( 'NONE',  ( 1.934401076758446500, 3.350480947161691000, -1.583333333333324200 ) ) ;
#5989 = CARTESIAN_POINT ( 'NONE',  ( 0.0000000000000000000, 0.0000000000000000000, 0.0000000000000000000 ) ) ;
#5990 = CARTESIAN_POINT ( 'NONE',  ( 3.999999999999996400, -9.993581721304852300E-015, -27.24999999999994300 ) ) ;
#5991 = LINE ( 'NONE', #3759, #2929 ) ;
#5992 = EDGE_LOOP ( 'NONE', ( #7307, #3858, #3416, #2477 ) ) ;
#5993 = EDGE_CURVE ( 'NONE', #196, #7745, #5014, .T. ) ;
#5994 = CARTESIAN_POINT ( 'NONE',  ( 4.000000000000007100, 1.071796769724564300, -24.33034180126141900 ) ) ;
#5995 = CARTESIAN_POINT ( 'NONE',  ( -4.679256681265764000E-014, 3.350480947161662100, -10.49999999999997200 ) ) ;
#5996 = AXIS2_PLACEMENT_3D ( 'NONE', #3373, #6933, #241 ) ;
#5997 = CARTESIAN_POINT ( 'NONE',  ( 4.618802153517005800, 6.478866617091239000E-014, -3.249999999999990700 ) ) ;
#5998 = CARTESIAN_POINT ( 'NONE',  ( 4.720288238941220100E-014, -3.350480947161662100, -20.12499999999995000 ) ) ;
#5999 = ORIENTED_EDGE ( 'NONE', *, *, #2732, .F. ) ;
#6000 = CARTESIAN_POINT ( 'NONE',  ( -2.901601615137718400, -1.675240473580879900, -20.29166666666661800 ) ) ;
#6001 = ORIENTED_EDGE ( 'NONE', *, *, #7741, .T. ) ;
#6002 = ORIENTED_EDGE ( 'NONE', *, *, #403, .F. ) ;
#6003 = EDGE_CURVE ( 'NONE', #464, #1780, #3424, .T. ) ;
#6004 = CARTESIAN_POINT ( 'NONE',  ( 0.0000000000000000000, 0.0000000000000000000, -30.00000000000000000 ) ) ;
#6005 = CARTESIAN_POINT ( 'NONE',  ( -4.000000000000000900, -7.437084071668728600E-015, -6.874999999999980500 ) ) ;
#6006 = CARTESIAN_POINT ( 'NONE',  ( 2.309401076758560200, -3.999999999999966700, -22.54166666666661100 ) ) ;
#6007 =( BOUNDED_CURVE ( )  B_SPLINE_CURVE ( 2, ( #4266, #1873, #6151, #2482, #7390 ),
 .UNSPECIFIED., .F., .T. ) 
 B_SPLINE_CURVE_WITH_KNOTS ( ( 3, 2, 3 ),
 ( 0.04940609438311892300, 0.05050505050505050400, 0.05303030303030310100 ),
 .UNSPECIFIED. ) 
 CURVE ( )  GEOMETRIC_REPRESENTATION_ITEM ( )  RATIONAL_B_SPLINE_CURVE ( ( 0.9543825978177848900, 0.9708480238665082600, 1.000000000000000000, 0.9330127018922174100, 0.9330127018922194100 ) ) 
 REPRESENTATION_ITEM ( '' )  );
#6008 = CARTESIAN_POINT ( 'NONE',  ( 0.9862100319053257500, -2.894712987739705800, -37.58105234471541700 ) ) ;
#6009 = CARTESIAN_POINT ( 'NONE',  ( -3.999999999999996400, -5.694017492371369400E-015, -27.87499999999993600 ) ) ;
#6010 = ORIENTED_EDGE ( 'NONE', *, *, #4655, .F. ) ;
#6011 = CARTESIAN_POINT ( 'NONE',  ( -4.618802153517005800, -6.535430629823232500E-014, -1.874999999999986900 ) ) ;
#6012 = CARTESIAN_POINT ( 'NONE',  ( 2.901601615137781500, -1.675240473580770400, -16.95833333333329300 ) ) ;
#6013 = VERTEX_POINT ( 'NONE', #5575 ) ;
#6014 = CARTESIAN_POINT ( 'NONE',  ( 0.0000000000000000000, 0.0000000000000000000, -30.00000000000000000 ) ) ;
#6015 =( BOUNDED_CURVE ( )  B_SPLINE_CURVE ( 2, ( #1411, #5697, #2028, #7591, #7637, #7567, #6983, #7030, #5095 ),
 .UNSPECIFIED., .F., .F. ) 
 B_SPLINE_CURVE_WITH_KNOTS ( ( 3, 2, 2, 2, 3 ),
 ( 0.7196969696969698300, 0.7222222222222222100, 0.7272727272727272900, 0.7323232323232323800, 0.7348484848484849700 ),
 .UNSPECIFIED. ) 
 CURVE ( )  GEOMETRIC_REPRESENTATION_ITEM ( )  RATIONAL_B_SPLINE_CURVE ( ( 0.9330127018922194100, 0.9330127018922238500, 1.000000000000000000, 0.8660254037844387100, 1.000000000000000000, 0.8660254037844387100, 1.000000000000000000, 0.9330127018922164100, 0.9330127018922194100 ) ) 
 REPRESENTATION_ITEM ( '' )  );
#6016 = CARTESIAN_POINT ( 'NONE',  ( -3.350480947161659500, 2.475154542602248700E-014, -21.24999999999995700 ) ) ;
#6017 = CARTESIAN_POINT ( 'NONE',  ( -3.464101615137821400, 1.999999999999883400, -24.95833333333326800 ) ) ;
#6018 = CARTESIAN_POINT ( 'NONE',  ( 4.618802153517005800, 6.478866617091239000E-014, -23.24999999999994700 ) ) ;
#6019 = CARTESIAN_POINT ( 'NONE',  ( 0.0000000000000000000, 0.0000000000000000000, -30.00000000000000000 ) ) ;
#6020 = EDGE_CURVE ( 'NONE', #4317, #6877, #578, .T. ) ;
#6021 = CARTESIAN_POINT ( 'NONE',  ( -3.999999999999996400, 2.939972297081544000E-014, -21.74999999999995700 ) ) ;
#6022 = VERTEX_POINT ( 'NONE', #1942 ) ;
#6023 = CARTESIAN_POINT ( 'NONE',  ( 3.350480947161667400, -0.8977586640477878100, -23.79465819873846800 ) ) ;
#6024 = CYLINDRICAL_SURFACE ( 'NONE', #5098, 4.000000000000000000 ) ;
#6025 = CARTESIAN_POINT ( 'NONE',  ( -1.934401076758546400, 3.350480947161633700, -17.41666666666662500 ) ) ;
#6026 = CARTESIAN_POINT ( 'NONE',  ( -3.464101615137785000, 1.999999999999946300, -9.833333333333309100 ) ) ;
#6027 = CARTESIAN_POINT ( 'NONE',  ( 3.464101615137726400, 2.000000000000048800, -5.166666666666653600 ) ) ;
#6028 = ADVANCED_FACE ( 'NONE', ( #984 ), #1473, .T. ) ;
#6029 = CARTESIAN_POINT ( 'NONE',  ( -1.934401076758546400, 3.350480947161633700, -17.54166666666662500 ) ) ;
#6030 = CARTESIAN_POINT ( 'NONE',  ( 1.934401076758429400, 3.350480947161700300, -7.708333333333311700 ) ) ;
#6031 = ORIENTED_EDGE ( 'NONE', *, *, #5895, .F. ) ;
#6032 = LOCAL_TIME ( 9, 22, 24.00000000000000000, #623 ) ;
#6033 = CARTESIAN_POINT ( 'NONE',  ( 3.999999999999999100, -1.162044386198238700E-015, -1.249999999999997300 ) ) ;
#6034 = CARTESIAN_POINT ( 'NONE',  ( 4.000000000000000900, -3.369928719974892700E-015, -6.374999999999981300 ) ) ;
#6035 = CARTESIAN_POINT ( 'NONE',  ( -2.309401076758561500, 3.999999999999966200, -20.04166666666661500 ) ) ;
#6036 = VERTEX_POINT ( 'NONE', #6193 ) ;
#6037 = FACE_OUTER_BOUND ( 'NONE', #6915, .T. ) ;
#6038 = CARTESIAN_POINT ( 'NONE',  ( -2.309401076758651300, 3.999999999999915200, -22.91666666666661500 ) ) ;
#6039 = CARTESIAN_POINT ( 'NONE',  ( 2.901601615137703800, 1.675240473580905700, -12.79166666666663400 ) ) ;
#6040 = CARTESIAN_POINT ( 'NONE',  ( 3.464101615137782400, -1.999999999999950700, -0.4583333333333232100 ) ) ;
#6041 = CARTESIAN_POINT ( 'NONE',  ( 9.768414162720188600E-014, -3.350480947161662100, -17.12499999999996100 ) ) ;
#6042 = CARTESIAN_POINT ( 'NONE',  ( -3.464101615137691300, -2.000000000000109700, -22.66666666666661500 ) ) ;
#6043 = EDGE_CURVE ( 'NONE', #7417, #6655, #408, .T. ) ;
#6044 = EDGE_LOOP ( 'NONE', ( #1709, #4234, #4429, #6776 ) ) ;
#6045 = CARTESIAN_POINT ( 'NONE',  ( -2.901601615137802800, 1.675240473580733600, -25.33333333333327500 ) ) ;
#6046 = CARTESIAN_POINT ( 'NONE',  ( 3.464101615137726400, 2.000000000000048800, -28.16666666666660400 ) ) ;
#6047 = ORIENTED_EDGE ( 'NONE', *, *, #6730, .F. ) ;
#6048 = CARTESIAN_POINT ( 'NONE',  ( -2.309401076758573500, 3.999999999999959100, -1.041666666666655200 ) ) ;
#6049 = CARTESIAN_POINT ( 'NONE',  ( -3.350480947161661200, -0.7627698873251939100, -0.2120566967670991500 ) ) ;
#6050 = CARTESIAN_POINT ( 'NONE',  ( -3.464101615137837000, 1.999999999999856600, -27.95833333333326500 ) ) ;
#6051 = CARTESIAN_POINT ( 'NONE',  ( 3.868802153516995600, 5.426829789941481600E-014, -13.74999999999996300 ) ) ;
#6052 = EDGE_LOOP ( 'NONE', ( #4662, #3144, #6894, #1799 ) ) ;
#6053 = EDGE_LOOP ( 'NONE', ( #5093, #2748, #5280, #4459 ) ) ;
#6054 = EDGE_CURVE ( 'NONE', #4035, #5546, #3106, .T. ) ;
#6055 = CARTESIAN_POINT ( 'NONE',  ( 2.309401076758446100, 4.000000000000032000, -2.083333333333326800 ) ) ;
#6056 = CARTESIAN_POINT ( 'NONE',  ( -3.868802153516995600, -5.474208951679871200E-014, -18.37499999999995700 ) ) ;
#6057 = DIRECTION ( 'NONE',  ( 1.000000000000000000, 0.0000000000000000000, 0.0000000000000000000 ) ) ;
#6058 = CARTESIAN_POINT ( 'NONE',  ( -3.464101615137689500, -2.000000000000112800, -25.79166666666660000 ) ) ;
#6059 = CARTESIAN_POINT ( 'NONE',  ( 0.0000000000000000000, 0.0000000000000000000, -30.38999999999999300 ) ) ;
#6060 = ORIENTED_EDGE ( 'NONE', *, *, #7457, .F. ) ;
#6061 = DIRECTION ( 'NONE',  ( 1.000000000000000000, 0.0000000000000000000, -0.0000000000000000000 ) ) ;
#6062 = CARTESIAN_POINT ( 'NONE',  ( 5.635356014114907400E-014, -4.000000000000000000, -19.62499999999994700 ) ) ;
#6063 = CARTESIAN_POINT ( 'NONE',  ( -3.350480947161659000, -2.295037662741521500E-014, -27.37499999999993600 ) ) ;
#6064 = DATE_AND_TIME ( #4443, #604 ) ;
#6065 = EDGE_CURVE ( 'NONE', #6190, #7338, #1163, .T. ) ;
#6066 = CONICAL_SURFACE ( 'NONE', #5427, 3.464101615137755700, 0.7853981633974500600 ) ;
#6067 = CARTESIAN_POINT ( 'NONE',  ( -2.309401076758561500, 3.999999999999966200, 0.9583333333333404800 ) ) ;
#6068 = CARTESIAN_POINT ( 'NONE',  ( -6.499999999999999100, 0.0000000000000000000, -30.38999999999999300 ) ) ;
#6069 = ADVANCED_FACE ( 'NONE', ( #4915 ), #4534, .T. ) ;
#6070 = CARTESIAN_POINT ( 'NONE',  ( 3.999999999999996400, -1.071796769724432400, -12.29465819873849400 ) ) ;
#6071 = CARTESIAN_POINT ( 'NONE',  ( 3.999999999999997300, -1.071796769724430400, -13.41965819873848400 ) ) ;
#6072 = CARTESIAN_POINT ( 'NONE',  ( -3.868802153516995600, -5.474208951679871200E-014, -22.37499999999994300 ) ) ;
#6073 = CARTESIAN_POINT ( 'NONE',  ( 3.464101615137782400, -1.999999999999950700, -28.33333333333326800 ) ) ;
#6074 = FACE_OUTER_BOUND ( 'NONE', #7525, .T. ) ;
#6075 = DIRECTION ( 'NONE',  ( -0.0000000000000000000, -0.0000000000000000000, -1.000000000000000000 ) ) ;
#6076 = CARTESIAN_POINT ( 'NONE',  ( -4.000000000000000000, 4.898587196589412800E-016, -30.00000000000000000 ) ) ;
#6077 = CARTESIAN_POINT ( 'NONE',  ( 3.868802153516995600, 5.426829789941481600E-014, -14.74999999999996100 ) ) ;
#6078 = CARTESIAN_POINT ( 'NONE',  ( 0.0000000000000000000, 4.000000000000004400, -29.75000000000000000 ) ) ;
#6079 = FACE_OUTER_BOUND ( 'NONE', #4297, .T. ) ;
#6080 = VERTEX_POINT ( 'NONE', #6764 ) ;
#6081 = CARTESIAN_POINT ( 'NONE',  ( 2.309401076758446100, 4.000000000000032000, -5.083333333333319700 ) ) ;
#6082 = CARTESIAN_POINT ( 'NONE',  ( 1.934401076758450300, 3.350480947161689200, -19.70833333333328200 ) ) ;
#6083 = CARTESIAN_POINT ( 'NONE',  ( -2.901601615137801000, 1.675240473580736200, -21.33333333333328200 ) ) ;
#6084 = CARTESIAN_POINT ( 'NONE',  ( -4.000000000000000000, -1.045839947578414800E-015, -1.749999999999996900 ) ) ;
#6085 = CARTESIAN_POINT ( 'NONE',  ( -2.309401076758439900, -4.000000000000035500, -3.583333333333323700 ) ) ;
#6086 = CARTESIAN_POINT ( 'NONE',  ( 3.350480947161662100, 4.103155767545721900E-016, 0.0000000000000000000 ) ) ;
#6087 =( BOUNDED_CURVE ( )  B_SPLINE_CURVE ( 2, ( #5308, #2889, #1065, #1678, #5961, #7830, #6722, #7804, #1824 ),
 .UNSPECIFIED., .F., .T. ) 
 B_SPLINE_CURVE_WITH_KNOTS ( ( 3, 2, 2, 2, 3 ),
 ( 0.2803030303030303900, 0.2828282828282828200, 0.2878787878787879000, 0.2929292929292929300, 0.2954545454545455300 ),
 .UNSPECIFIED. ) 
 CURVE ( )  GEOMETRIC_REPRESENTATION_ITEM ( )  RATIONAL_B_SPLINE_CURVE ( ( 0.9330127018922194100, 0.9330127018922216300, 1.000000000000000000, 0.8660254037844387100, 1.000000000000000000, 0.8660254037844387100, 1.000000000000000000, 0.9330127018922171900, 0.9330127018922194100 ) ) 
 REPRESENTATION_ITEM ( '' )  );
#6088 = CARTESIAN_POINT ( 'NONE',  ( -3.999999999999996400, 3.056176735701367700E-014, -17.87499999999995700 ) ) ;
#6089 = CARTESIAN_POINT ( 'NONE',  ( -5.586370142149013400E-014, 4.000000000000000000, -20.12499999999995000 ) ) ;
#6090 = LINE ( 'NONE', #7492, #7244 ) ;
#6091 = ORIENTED_EDGE ( 'NONE', *, *, #6102, .T. ) ;
#6092 = CARTESIAN_POINT ( 'NONE',  ( -4.679256681265763300E-014, 3.350480947161662100, -0.6249999999999932300 ) ) ;
#6093 = DIRECTION ( 'NONE',  ( -0.0000000000000000000, -0.0000000000000000000, -1.000000000000000000 ) ) ;
#6094 = CARTESIAN_POINT ( 'NONE',  ( -2.309401076758561500, 3.999999999999966200, -3.041666666666651000 ) ) ;
#6095 = CARTESIAN_POINT ( 'NONE',  ( 3.350480947161659500, -6.565550782020049000E-015, -24.74999999999995000 ) ) ;
#6096 = CYLINDRICAL_SURFACE ( 'NONE', #1236, 3.350480947161662100 ) ;
#6097 = ORIENTED_EDGE ( 'NONE', *, *, #228, .F. ) ;
#6098 = CARTESIAN_POINT ( 'NONE',  ( -3.464101615137802800, 1.999999999999915800, -15.95833333333329000 ) ) ;
#6099 = CARTESIAN_POINT ( 'NONE',  ( 2.901601615137710000, 1.675240473580894300, -25.66666666666660700 ) ) ;
#6100 = CARTESIAN_POINT ( 'NONE',  ( 3.464101615137726400, 2.000000000000048800, -31.16666666666660000 ) ) ;
#6101 = ORIENTED_EDGE ( 'NONE', *, *, #6363, .T. ) ;
#6102 = EDGE_CURVE ( 'NONE', #7011, #5960, #7677, .T. ) ;
#6103 = CARTESIAN_POINT ( 'NONE',  ( -4.000000000000005300, 1.071796769724418600, -23.91965819873845700 ) ) ;
#6104 = VERTEX_POINT ( 'NONE', #2473 ) ;
#6105 = CARTESIAN_POINT ( 'NONE',  ( -3.868802153516995600, -5.474208951679871900E-014, -13.24999999999996400 ) ) ;
#6106 = ORIENTED_EDGE ( 'NONE', *, *, #4435, .F. ) ;
#6107 = CARTESIAN_POINT ( 'NONE',  ( 5.635356014114907400E-014, -4.000000000000000000, -4.499999999999988500 ) ) ;
#6108 = CARTESIAN_POINT ( 'NONE',  ( 1.095041921765288300, -3.815144777336899400, -0.6049219488196995200 ) ) ;
#6109 = ADVANCED_FACE ( 'NONE', ( #6074 ), #4159, .T. ) ;
#6110 = CARTESIAN_POINT ( 'NONE',  ( 2.309401076758421200, 4.000000000000046200, -8.083333333333314400 ) ) ;
#6111 = CARTESIAN_POINT ( 'NONE',  ( -1.934401076758441900, -3.350480947161694100, -7.083333333333311700 ) ) ;
#6112 = CARTESIAN_POINT ( 'NONE',  ( -3.999999999999996400, 1.071796769724455700, -8.919658198738492400 ) ) ;
#6113 = CARTESIAN_POINT ( 'NONE',  ( -1.934401076758411400, -3.350480947161711000, -15.08333333333329500 ) ) ;
#6114 = EDGE_CURVE ( 'NONE', #3715, #791, #909, .T. ) ;
#6115 = CARTESIAN_POINT ( 'NONE',  ( 3.350480947161665200, -2.672702088255949100E-014, -15.74999999999996600 ) ) ;
#6116 = EDGE_LOOP ( 'NONE', ( #4621, #4090, #7807, #6728 ) ) ;
#6117 = CARTESIAN_POINT ( 'NONE',  ( 4.618802153517005800, 6.478866617091239000E-014, -26.37499999999993600 ) ) ;
#6118 = ORIENTED_EDGE ( 'NONE', *, *, #349, .F. ) ;
#6119 =( BOUNDED_CURVE ( )  B_SPLINE_CURVE ( 2, ( #657, #5571, #5488, #7354, #4305, #6111, #633, #6732, #861 ),
 .UNSPECIFIED., .F., .T. ) 
 B_SPLINE_CURVE_WITH_KNOTS ( ( 3, 2, 2, 2, 3 ),
 ( 0.2500000000000001100, 0.2525252525252525400, 0.2575757575757575700, 0.2626262626262626500, 0.2651515151515152500 ),
 .UNSPECIFIED. ) 
 CURVE ( )  GEOMETRIC_REPRESENTATION_ITEM ( )  RATIONAL_B_SPLINE_CURVE ( ( 0.9330127018922193000, 0.9330127018922218500, 1.000000000000000000, 0.8660254037844387100, 1.000000000000000000, 0.8660254037844387100, 1.000000000000000000, 0.9330127018922171900, 0.9330127018922194100 ) ) 
 REPRESENTATION_ITEM ( '' )  );
#6120 = CARTESIAN_POINT ( 'NONE',  ( -3.999999999999996400, 2.173023002190706400E-014, -28.87499999999993600 ) ) ;
#6121 = CARTESIAN_POINT ( 'NONE',  ( -3.350480947161659500, 1.103942166888326800E-014, -12.37499999999997300 ) ) ;
#6122 = PRODUCT_DEFINITION_SHAPE ( 'NONE', 'NONE',  #3717 ) ;
#6123 = CARTESIAN_POINT ( 'NONE',  ( 2.309401076758446100, 4.000000000000032000, -5.208333333333312600 ) ) ;
#6124 = CARTESIAN_POINT ( 'NONE',  ( -1.934401076758409900, -3.350480947161712700, -17.20833333333329000 ) ) ;
#6125 = ORIENTED_EDGE ( 'NONE', *, *, #4720, .F. ) ;
#6126 = CYLINDRICAL_SURFACE ( 'NONE', #1413, 4.000000000000000000 ) ;
#6127 = CARTESIAN_POINT ( 'NONE',  ( -6.110000000000003900, 0.0000000000000000000, -30.00000000000000000 ) ) ;
#6128 = CARTESIAN_POINT ( 'NONE',  ( 3.350480947161674100, 0.8977586640478687500, -25.70534180126142200 ) ) ;
#6129 = CARTESIAN_POINT ( 'NONE',  ( -5.586370142149013400E-014, 4.000000000000000000, -30.99999999999992900 ) ) ;
#6130 = CARTESIAN_POINT ( 'NONE',  ( -3.138272439726229400, -1.225273054265130900, -0.1840949086846340200 ) ) ;
#6131 = CARTESIAN_POINT ( 'NONE',  ( 1.934401076758421200, 3.350480947161705600, -17.58333333333329000 ) ) ;
#6132 = CARTESIAN_POINT ( 'NONE',  ( 1.146616033158412100E-013, -4.000000000000000000, -15.49999999999996400 ) ) ;
#6133 = ORIENTED_EDGE ( 'NONE', *, *, #2618, .T. ) ;
#6134 = LINE ( 'NONE', #2027, #4 ) ;
#6135 = CARTESIAN_POINT ( 'NONE',  ( 3.868802153516995600, 5.426829789941481600E-014, -16.74999999999995700 ) ) ;
#6136 = DIRECTION ( 'NONE',  ( 1.000000000000000000, 0.0000000000000000000, 0.0000000000000000000 ) ) ;
#6137 = CARTESIAN_POINT ( 'NONE',  ( 5.635356014114907400E-014, -4.000000000000000000, -7.499999999999981300 ) ) ;
#6138 = CARTESIAN_POINT ( 'NONE',  ( -2.999999999999996400, 1.732050807568880500, -33.50000000000000000 ) ) ;
#6139 = ORIENTED_EDGE ( 'NONE', *, *, #3093, .F. ) ;
#6140 = CARTESIAN_POINT ( 'NONE',  ( -1.934401076758436100, -3.350480947161697200, -14.20833333333329700 ) ) ;
#6141 = CYLINDRICAL_SURFACE ( 'NONE', #6621, 4.000000000000000000 ) ;
#6142 = CARTESIAN_POINT ( 'NONE',  ( 7.644271949225837800E-014, -4.000000000000000000, -5.499999999999985800 ) ) ;
#6143 = CARTESIAN_POINT ( 'NONE',  ( -5.586370142149013400E-014, 4.000000000000000000, -27.12499999999993200 ) ) ;
#6144 = CARTESIAN_POINT ( 'NONE',  ( -2.901601615137722400, -1.675240473580873000, 0.7083333333333372600 ) ) ;
#6145 = DIRECTION ( 'NONE',  ( 1.000000000000000000, 0.0000000000000000000, 0.0000000000000000000 ) ) ;
#6146 = ORIENTED_EDGE ( 'NONE', *, *, #4430, .F. ) ;
#6147 = ORIENTED_EDGE ( 'NONE', *, *, #5065, .T. ) ;
#6148 = CARTESIAN_POINT ( 'NONE',  ( 2.309401076758560200, -3.999999999999966700, -2.541666666666652300 ) ) ;
#6149 = CARTESIAN_POINT ( 'NONE',  ( -3.999999999999996400, 1.882511905641147000E-014, -11.74999999999997500 ) ) ;
#6150 = ADVANCED_FACE ( 'NONE', ( #239 ), #6952, .T. ) ;
#6151 = CARTESIAN_POINT ( 'NONE',  ( -3.464101615137723700, -2.000000000000053700, -0.6666666666666630800 ) ) ;
#6152 = CARTESIAN_POINT ( 'NONE',  ( 8.290448533271907500E-014, -3.350480947161662100, -27.99999999999993600 ) ) ;
#6153 = EDGE_CURVE ( 'NONE', #62, #7761, #6168, .T. ) ;
#6154 = CARTESIAN_POINT ( 'NONE',  ( -3.350480947161662600, 4.299564228933483700E-015, -6.249999999999985800 ) ) ;
#6155 = DIRECTION ( 'NONE',  ( 0.0000000000000000000, 0.0000000000000000000, 1.000000000000000000 ) ) ;
#6156 = CARTESIAN_POINT ( 'NONE',  ( -3.464101615137783700, 1.999999999999948500, -31.83333333333326100 ) ) ;
#6157 = VERTEX_POINT ( 'NONE', #5017 ) ;
#6158 = DIRECTION ( 'NONE',  ( 0.0000000000000000000, 0.0000000000000000000, 1.000000000000000000 ) ) ;
#6159 =( BOUNDED_CURVE ( )  B_SPLINE_CURVE ( 2, ( #5299, #2904, #2239, #1665, #4717, #2344, #5360, #2962, #5928 ),
 .UNSPECIFIED., .F., .T. ) 
 B_SPLINE_CURVE_WITH_KNOTS ( ( 3, 2, 2, 2, 3 ),
 ( 0.8409090909090910500, 0.8434343434343434300, 0.8484848484848485100, 0.8535353535353534800, 0.8560606060606061900 ),
 .UNSPECIFIED. ) 
 CURVE ( )  GEOMETRIC_REPRESENTATION_ITEM ( )  RATIONAL_B_SPLINE_CURVE ( ( 0.9330127018922194100, 0.9330127018922238500, 1.000000000000000000, 0.8660254037844387100, 1.000000000000000000, 0.8660254037844387100, 1.000000000000000000, 0.9330127018922149700, 0.9330127018922194100 ) ) 
 REPRESENTATION_ITEM ( '' )  );
#6160 = VERTEX_POINT ( 'NONE', #4968 ) ;
#6161 = CARTESIAN_POINT ( 'NONE',  ( 2.901601615137770400, -1.675240473580789800, -18.83333333333329000 ) ) ;
#6162 = DIRECTION ( 'NONE',  ( -0.0000000000000000000, -0.0000000000000000000, -1.000000000000000000 ) ) ;
#6163 = CYLINDRICAL_SURFACE ( 'NONE', #5153, 3.350480947161662100 ) ;
#6164 = EDGE_CURVE ( 'NONE', #2945, #4082, #56, .T. ) ;
#6165 = CARTESIAN_POINT ( 'NONE',  ( -3.464101615137725500, -2.000000000000050200, -10.66666666666664100 ) ) ;
#6166 = ORIENTED_EDGE ( 'NONE', *, *, #3853, .T. ) ;
#6167 = DIRECTION ( 'NONE',  ( 0.0000000000000000000, 0.0000000000000000000, 1.000000000000000000 ) ) ;
#6168 = LINE ( 'NONE', #7437, #5298 ) ;
#6169 = CARTESIAN_POINT ( 'NONE',  ( 3.350480947161659500, -8.715332896486790000E-016, -14.74999999999996400 ) ) ;
#6170 = CARTESIAN_POINT ( 'NONE',  ( -2.309401076758445600, -4.000000000000032900, -26.70833333333326500 ) ) ;
#6171 = FACE_OUTER_BOUND ( 'NONE', #5655, .T. ) ;
#6172 = CARTESIAN_POINT ( 'NONE',  ( 2.901601615137722900, 1.675240473580871900, -0.7916666666666597500 ) ) ;
#6173 = CARTESIAN_POINT ( 'NONE',  ( 4.000000000000005300, -1.034219503716432500E-014, -14.24999999999997200 ) ) ;
#6174 = EDGE_CURVE ( 'NONE', #3983, #4762, #3777, .T. ) ;
#6175 = CARTESIAN_POINT ( 'NONE',  ( 2.309401076758446100, 4.000000000000032000, -3.208333333333317100 ) ) ;
#6176 = CYLINDRICAL_SURFACE ( 'NONE', #3188, 4.000000000000000000 ) ;
#6177 = CARTESIAN_POINT ( 'NONE',  ( -3.464101615137833400, 1.999999999999863000, -20.83333333333328600 ) ) ;
#6178 = CARTESIAN_POINT ( 'NONE',  ( -2.901601615137783700, 1.675240473580766900, -7.333333333333311700 ) ) ;
#6179 = LINE ( 'NONE', #7843, #4353 ) ;
#6180 = CARTESIAN_POINT ( 'NONE',  ( -4.000000000000000900, -8.250515142007494700E-015, -7.874999999999977800 ) ) ;
#6181 = CARTESIAN_POINT ( 'NONE',  ( 2.309401076758424300, 4.000000000000044400, -5.083333333333319700 ) ) ;
#6182 = CARTESIAN_POINT ( 'NONE',  ( 0.0000000000000000000, 0.0000000000000000000, 0.0000000000000000000 ) ) ;
#6183 = ORIENTED_EDGE ( 'NONE', *, *, #1650, .T. ) ;
#6184 = CARTESIAN_POINT ( 'NONE',  ( -1.934401076758449900, -3.350480947161689600, -22.08333333333328200 ) ) ;
#6185 = CARTESIAN_POINT ( 'NONE',  ( -3.999999999999996400, -2.335709216258459900E-014, -23.74999999999995000 ) ) ;
#6186 = CARTESIAN_POINT ( 'NONE',  ( 3.464101615137782400, -1.999999999999950700, -9.333333333333310800 ) ) ;
#6187 = ADVANCED_FACE ( 'NONE', ( #526 ), #3700, .T. ) ;
#6188 = VECTOR ( 'NONE', #3076, 1000.000000000000000 ) ;
#6189 = VERTEX_POINT ( 'NONE', #694 ) ;
#6190 = VERTEX_POINT ( 'NONE', #7464 ) ;
#6191 = ORIENTED_EDGE ( 'NONE', *, *, #1813, .F. ) ;
#6192 = CARTESIAN_POINT ( 'NONE',  ( -2.309401076758438100, -4.000000000000036400, -5.583333333333319700 ) ) ;
#6193 = CARTESIAN_POINT ( 'NONE',  ( -4.000000000000000900, -8.250515142007494700E-015, -8.749999999999982200 ) ) ;
#6194 = CARTESIAN_POINT ( 'NONE',  ( 3.464101615137726400, 2.000000000000048800, -26.29166666666660000 ) ) ;
#6195 = ORIENTED_EDGE ( 'NONE', *, *, #1298, .T. ) ;
#6196 = CARTESIAN_POINT ( 'NONE',  ( 1.934401076758450300, 3.350480947161689200, -2.708333333333321900 ) ) ;
#6197 = DIRECTION ( 'NONE',  ( -0.0000000000000000000, -0.0000000000000000000, -1.000000000000000000 ) ) ;
#6198 = DATE_AND_TIME ( #3164, #6032 ) ;
#6199 = ORIENTED_EDGE ( 'NONE', *, *, #6352, .T. ) ;
#6200 = CARTESIAN_POINT ( 'NONE',  ( 4.618802153517005800, 6.478866617091239000E-014, -6.374999999999977800 ) ) ;
#6201 = CARTESIAN_POINT ( 'NONE',  ( -4.000000000000004400, 1.071796769724422600, -20.79465819873847500 ) ) ;
#6202 = DIRECTION ( 'NONE',  ( 1.000000000000000000, 0.0000000000000000000, 0.0000000000000000000 ) ) ;
#6203 = CARTESIAN_POINT ( 'NONE',  ( 0.0000000000000000000, 0.0000000000000000000, -30.00000000000000000 ) ) ;
#6204 = CARTESIAN_POINT ( 'NONE',  ( -2.309401076758441200, -4.000000000000034600, -2.583333333333325000 ) ) ;
#6205 = DIRECTION ( 'NONE',  ( 0.0000000000000000000, 0.0000000000000000000, 1.000000000000000000 ) ) ;
#6206 = ORIENTED_EDGE ( 'NONE', *, *, #5389, .F. ) ;
#6207 = CARTESIAN_POINT ( 'NONE',  ( 3.350480947161662100, 4.880586422032603200E-015, -4.749999999999987600 ) ) ;
#6208 = EDGE_CURVE ( 'NONE', #547, #4201, #6596, .T. ) ;
#6209 = DIRECTION ( 'NONE',  ( -1.000000000000000000, 0.0000000000000000000, 0.0000000000000000000 ) ) ;
#6210 = EDGE_LOOP ( 'NONE', ( #1745, #761, #4019, #3423 ) ) ;
#6211 = CARTESIAN_POINT ( 'NONE',  ( -4.679256681265764000E-014, 3.350480947161662100, -20.49999999999995400 ) ) ;
#6212 = CARTESIAN_POINT ( 'NONE',  ( 3.350480947161659500, -3.869607806040135100E-014, -16.87499999999996400 ) ) ;
#6213 = CARTESIAN_POINT ( 'NONE',  ( -3.464101615137783700, 1.999999999999948500, -7.833333333333315300 ) ) ;
#6214 = ORIENTED_EDGE ( 'NONE', *, *, #2922, .T. ) ;
#6215 = LINE ( 'NONE', #4477, #7647 ) ;
#6216 = CARTESIAN_POINT ( 'NONE',  ( -1.934401076758578600, 3.350480947161614600, -28.54166666666660000 ) ) ;
#6217 =( BOUNDED_CURVE ( )  B_SPLINE_CURVE ( 2, ( #2082, #5721, #2056, #2691, #896, #4469, #802, #3350, #244 ),
 .UNSPECIFIED., .F., .T. ) 
 B_SPLINE_CURVE_WITH_KNOTS ( ( 3, 2, 2, 2, 3 ),
 ( 0.1136363636363637200, 0.1161616161616161600, 0.1212121212121212200, 0.1262626262626262700, 0.1287878787878788700 ),
 .UNSPECIFIED. ) 
 CURVE ( )  GEOMETRIC_REPRESENTATION_ITEM ( )  RATIONAL_B_SPLINE_CURVE ( ( 0.9330127018922194100, 0.9330127018922216300, 1.000000000000000000, 0.8660254037844387100, 1.000000000000000000, 0.8660254037844387100, 1.000000000000000000, 0.9330127018922175200, 0.9330127018922194100 ) ) 
 REPRESENTATION_ITEM ( '' )  );
#6218 = AXIS2_PLACEMENT_3D ( 'NONE', #6004, #5408, #607 ) ;
#6219 = DIRECTION ( 'NONE',  ( 0.0000000000000000000, 0.0000000000000000000, 1.000000000000000000 ) ) ;
#6220 = DIRECTION ( 'NONE',  ( -0.0000000000000000000, -0.0000000000000000000, -1.000000000000000000 ) ) ;
#6221 = CARTESIAN_POINT ( 'NONE',  ( -4.618802153517005800, -6.535430629823232500E-014, -27.87499999999992900 ) ) ;
#6222 = EDGE_CURVE ( 'NONE', #5403, #3332, #1995, .T. ) ;
#6223 = EDGE_LOOP ( 'NONE', ( #1537, #3348, #2355, #360 ) ) ;
#6224 = VECTOR ( 'NONE', #7917, 1000.000000000000000 ) ;
#6225 = CARTESIAN_POINT ( 'NONE',  ( 1.934401076758545600, -3.350480947161634100, -6.041666666666648300 ) ) ;
#6226 = CARTESIAN_POINT ( 'NONE',  ( 8.526017644611932100E-014, -4.000000000000000000, -14.49999999999996800 ) ) ;
#6227 = CARTESIAN_POINT ( 'NONE',  ( -5.586370142149013400E-014, 4.000000000000000000, -8.124999999999973400 ) ) ;
#6228 = CARTESIAN_POINT ( 'NONE',  ( 2.309401076758417700, 4.000000000000048000, -11.20833333333330000 ) ) ;
#6229 = ADVANCED_FACE ( 'NONE', ( #2061 ), #5200, .T. ) ;
#6230 = CARTESIAN_POINT ( 'NONE',  ( 6.977438687657277900E-014, -3.350480947161662100, -11.99999999999996800 ) ) ;
#6231 = VERTEX_POINT ( 'NONE', #1516 ) ;
#6232 = CARTESIAN_POINT ( 'NONE',  ( 4.000000000000012400, -1.289869268680045000E-014, -21.37499999999995400 ) ) ;
#6233 =( BOUNDED_CURVE ( )  B_SPLINE_CURVE ( 2, ( #2084, #1492, #5904, #7195, #1643, #2324, #4088, #5930, #2880 ),
 .UNSPECIFIED., .F., .T. ) 
 B_SPLINE_CURVE_WITH_KNOTS ( ( 3, 2, 2, 2, 3 ),
 ( 0.6287878787878789000, 0.6313131313131312700, 0.6363636363636363500, 0.6414141414141414400, 0.6439393939393941400 ),
 .UNSPECIFIED. ) 
 CURVE ( )  GEOMETRIC_REPRESENTATION_ITEM ( )  RATIONAL_B_SPLINE_CURVE ( ( 0.9330127018922194100, 0.9330127018922223000, 1.000000000000000000, 0.8660254037844387100, 1.000000000000000000, 0.8660254037844387100, 1.000000000000000000, 0.9330127018922149700, 0.9330127018922194100 ) ) 
 REPRESENTATION_ITEM ( '' )  );
#6234 = CARTESIAN_POINT ( 'NONE',  ( 3.350480947161662100, 0.8977586640478659700, -4.705341801261464100 ) ) ;
#6235 = CARTESIAN_POINT ( 'NONE',  ( 2.901601615137770400, -1.675240473580789800, -20.83333333333328200 ) ) ;
#6236 = ORIENTED_EDGE ( 'NONE', *, *, #2779, .F. ) ;
#6237 = ORIENTED_EDGE ( 'NONE', *, *, #7040, .F. ) ;
#6238 = CARTESIAN_POINT ( 'NONE',  ( 3.350480947161662100, 5.752119711681282000E-015, -5.749999999999984900 ) ) ;
#6239 = CARTESIAN_POINT ( 'NONE',  ( 5.635356014114907400E-014, -4.000000000000000000, -11.49999999999997300 ) ) ;
#6240 = CARTESIAN_POINT ( 'NONE',  ( -1.108183878490072900E-013, 3.350480947161662100, -18.49999999999995400 ) ) ;
#6241 = CARTESIAN_POINT ( 'NONE',  ( -8.126737079135990000E-014, 3.350480947161662100, -11.49999999999996800 ) ) ;
#6242 = CARTESIAN_POINT ( 'NONE',  ( 0.0000000000000000000, 0.0000000000000000000, -30.00000000000000000 ) ) ;
#6243 = CARTESIAN_POINT ( 'NONE',  ( -3.350480947161663000, -0.8977586640478614200, -11.33034180126145100 ) ) ;
#6244 = EDGE_LOOP ( 'NONE', ( #5574, #4466, #3425, #6389 ) ) ;
#6245 = CARTESIAN_POINT ( 'NONE',  ( -2.901601615137722400, -1.675240473580873000, -23.29166666666661500 ) ) ;
#6246 = CARTESIAN_POINT ( 'NONE',  ( 1.934401076758545600, -3.350480947161634100, 0.08333333333333889400 ) ) ;
#6247 = CARTESIAN_POINT ( 'NONE',  ( 3.868802153516995600, 5.426829789941480900E-014, -2.874999999999988500 ) ) ;
#6248 = CARTESIAN_POINT ( 'NONE',  ( -2.309401076758429600, -4.000000000000041700, -14.58333333333329800 ) ) ;
#6249 = CONICAL_SURFACE ( 'NONE', #3974, 4.000000000000011500, 1.178097245096171800 ) ;
#6250 = CARTESIAN_POINT ( 'NONE',  ( -4.618802153517005800, -6.535430629823232500E-014, -11.87499999999996400 ) ) ;
#6251 = ORIENTED_EDGE ( 'NONE', *, *, #1578, .T. ) ;
#6252 = CARTESIAN_POINT ( 'NONE',  ( -1.323014690686558000E-013, 4.000000000000000000, -18.99999999999995400 ) ) ;
#6253 = EDGE_CURVE ( 'NONE', #647, #6736, #6015, .T. ) ;
#6254 = CARTESIAN_POINT ( 'NONE',  ( -1.029000421989339200E-013, 4.000000000000000000, -17.12499999999995400 ) ) ;
#6255 = CARTESIAN_POINT ( 'NONE',  ( -2.309401076758433200, -4.000000000000040000, -10.58333333333330900 ) ) ;
#6257 = CARTESIAN_POINT ( 'NONE',  ( -3.350480947161665700, 0.8977586640477733800, -20.29465819873846800 ) ) ;
#6256 = VECTOR ( 'NONE', #7547, 1000.000000000000000 ) ;
#6258 = CARTESIAN_POINT ( 'NONE',  ( 7.742243693157625900E-014, -4.000000000000000000, -5.624999999999978700 ) ) ;
#6259 =( BOUNDED_CURVE ( )  B_SPLINE_CURVE ( 2, ( #5293, #5922, #2147, #7053, #941, #7078, #6058, #7239, #3637 ),
 .UNSPECIFIED., .F., .F. ) 
 B_SPLINE_CURVE_WITH_KNOTS ( ( 3, 2, 2, 2, 3 ),
 ( 0.8257575757575759100, 0.8282828282828282900, 0.8333333333333333700, 0.8383838383838383400, 0.8409090909090910500 ),
 .UNSPECIFIED. ) 
 CURVE ( )  GEOMETRIC_REPRESENTATION_ITEM ( )  RATIONAL_B_SPLINE_CURVE ( ( 0.9330127018922194100, 0.9330127018922238500, 1.000000000000000000, 0.8660254037844387100, 1.000000000000000000, 0.8660254037844387100, 1.000000000000000000, 0.9330127018922149700, 0.9330127018922194100 ) ) 
 REPRESENTATION_ITEM ( '' )  );
#6260 = CARTESIAN_POINT ( 'NONE',  ( 4.720288238941220700E-014, -3.350480947161662100, -18.99999999999995400 ) ) ;
#6261 = FACE_OUTER_BOUND ( 'NONE', #5665, .T. ) ;
#6262 = EDGE_CURVE ( 'NONE', #4707, #3163, #422, .T. ) ;
#6263 = CARTESIAN_POINT ( 'NONE',  ( 5.635356014114907400E-014, -4.000000000000000000, -14.49999999999996800 ) ) ;
#6264 = ADVANCED_FACE ( 'NONE', ( #7230 ), #5780, .T. ) ;
#6265 = EDGE_LOOP ( 'NONE', ( #4876, #7569, #7620, #5294 ) ) ;
#6266 = CARTESIAN_POINT ( 'NONE',  ( 3.350480947161659500, 2.324088772396477500E-015, -18.87499999999996100 ) ) ;
#6267 = CARTESIAN_POINT ( 'NONE',  ( 3.350480947161662600, -5.519710834441634500E-015, -3.874999999999989300 ) ) ;
#6268 = CARTESIAN_POINT ( 'NONE',  ( -3.999999999999996400, 3.056176735701367700E-014, -18.74999999999996100 ) ) ;
#6269 = CARTESIAN_POINT ( 'NONE',  ( -4.000000000000000900, 3.834746474454188800E-015, -1.874999999999989600 ) ) ;
#6270 = CARTESIAN_POINT ( 'NONE',  ( -2.901601615137771700, 1.675240473580788000, -27.45833333333326800 ) ) ;
#6271 = CARTESIAN_POINT ( 'NONE',  ( 2.309401076758446100, 4.000000000000032000, -30.20833333333325800 ) ) ;
#6272 = LINE ( 'NONE', #912, #6766 ) ;
#6273 = VERTEX_POINT ( 'NONE', #3320 ) ;
#6274 = CARTESIAN_POINT ( 'NONE',  ( 2.901601615137770400, -1.675240473580789800, -1.958333333333323700 ) ) ;
#6275 = CARTESIAN_POINT ( 'NONE',  ( 4.618802153517005800, 6.478866617091239000E-014, -9.374999999999971600 ) ) ;
#6276 = CARTESIAN_POINT ( 'NONE',  ( -4.000000000000011500, 2.835388302323702600E-014, -20.74999999999995700 ) ) ;
#6277 = CARTESIAN_POINT ( 'NONE',  ( 2.309401076758423400, 4.000000000000045300, -5.208333333333312600 ) ) ;
#6278 = DIRECTION ( 'NONE',  ( -0.0000000000000000000, -0.0000000000000000000, -1.000000000000000000 ) ) ;
#6279 = CYLINDRICAL_SURFACE ( 'NONE', #1486, 3.350480947161662100 ) ;
#6280 = ORIENTED_EDGE ( 'NONE', *, *, #7742, .F. ) ;
#6281 = CARTESIAN_POINT ( 'NONE',  ( -3.464101615137794400, 1.999999999999931200, -27.83333333333326800 ) ) ;
#6282 = CARTESIAN_POINT ( 'NONE',  ( -4.000000000000004400, 1.071796769724422600, -19.91965819873847500 ) ) ;
#6283 = CARTESIAN_POINT ( 'NONE',  ( 1.934401076758550700, -3.350480947161630600, -1.041666666666659000 ) ) ;
#6284 = AXIS2_PLACEMENT_3D ( 'NONE', #5572, #3745, #4352 ) ;
#6285 = LINE ( 'NONE', #2658, #6561 ) ;
#6286 = ORIENTED_EDGE ( 'NONE', *, *, #2522, .T. ) ;
#6287 = CARTESIAN_POINT ( 'NONE',  ( -2.901601615137722400, -1.675240473580873000, -24.16666666666661100 ) ) ;
#6288 = CARTESIAN_POINT ( 'NONE',  ( -3.999999999999999100, -1.071796769724570300, -23.70534180126142600 ) ) ;
#6289 = ORIENTED_EDGE ( 'NONE', *, *, #625, .T. ) ;
#6290 = CARTESIAN_POINT ( 'NONE',  ( 3.464101615137726400, 2.000000000000048800, -13.16666666666663800 ) ) ;
#6291 = ORIENTED_EDGE ( 'NONE', *, *, #3898, .F. ) ;
#6292 = CARTESIAN_POINT ( 'NONE',  ( 0.0000000000000000000, 0.0000000000000000000, -30.00000000000000000 ) ) ;
#6293 = CARTESIAN_POINT ( 'NONE',  ( 1.818924854232908400, -3.498844798275305900, -0.5868416501089192000 ) ) ;
#6294 = CARTESIAN_POINT ( 'NONE',  ( -1.934401076758602200, 3.350480947161601700, -27.41666666666660700 ) ) ;
#6295 = CARTESIAN_POINT ( 'NONE',  ( 4.720288238941220100E-014, -3.350480947161662100, -25.12499999999994300 ) ) ;
#6296 = EDGE_LOOP ( 'NONE', ( #3515, #6031, #4199, #4432 ) ) ;
#6297 = CARTESIAN_POINT ( 'NONE',  ( 2.901601615137770400, -1.675240473580789800, -0.8333333333333257100 ) ) ;
#6298 = EDGE_CURVE ( 'NONE', #5341, #4959, #5679, .T. ) ;
#6299 = CARTESIAN_POINT ( 'NONE',  ( -1.934401076758546400, 3.350480947161633700, -3.541666666666653200 ) ) ;
#6300 = CARTESIAN_POINT ( 'NONE',  ( -3.350480947161659500, -2.207884333776653700E-015, -9.374999999999978700 ) ) ;
#6301 = CARTESIAN_POINT ( 'NONE',  ( -3.464101615137783700, 1.999999999999948500, -8.958333333333303700 ) ) ;
#6302 = ADVANCED_FACE ( 'NONE', ( #246 ), #6853, .T. ) ;
#6303 = ORIENTED_EDGE ( 'NONE', *, *, #5230, .F. ) ;
#6304 = ORIENTED_EDGE ( 'NONE', *, *, #2674, .F. ) ;
#6305 = CARTESIAN_POINT ( 'NONE',  ( 3.464101615137686900, 2.000000000000118600, -17.29166666666662200 ) ) ;
#6306 = CARTESIAN_POINT ( 'NONE',  ( 3.350480947161658100, -0.8977586640477952500, -12.79465819873848500 ) ) ;
#6307 = CARTESIAN_POINT ( 'NONE',  ( 3.350480947161659900, -0.8977586640477980300, -3.794658198738508800 ) ) ;
#6308 = EDGE_CURVE ( 'NONE', #4177, #3631, #4358, .T. ) ;
#6309 = ORIENTED_EDGE ( 'NONE', *, *, #4268, .T. ) ;
#6310 = CARTESIAN_POINT ( 'NONE',  ( -0.2538926150680639900, -3.883476680677151900, -29.70173446080403300 ) ) ;
#6311 = CYLINDRICAL_SURFACE ( 'NONE', #5921, 4.000000000000000000 ) ;
#6312 = CARTESIAN_POINT ( 'NONE',  ( 2.901601615137722900, 1.675240473580871900, -25.66666666666660700 ) ) ;
#6313 = DIRECTION ( 'NONE',  ( -1.000000000000000000, 0.0000000000000000000, 0.0000000000000000000 ) ) ;
#6314 = CARTESIAN_POINT ( 'NONE',  ( 3.464101615137726400, 2.000000000000048800, -14.16666666666663400 ) ) ;
#6315 = CARTESIAN_POINT ( 'NONE',  ( 2.999999999999997300, -1.732050807568878300, -33.50000000000000000 ) ) ;
#6316 = B_SPLINE_CURVE_WITH_KNOTS ( 'NONE', 3,
 ( #5735, #6411, #6972, #7653, #1505, #7582, #3961, #5233, #7020, #885, #6391, #4012 ),
 .UNSPECIFIED., .F., .F.,
 ( 4, 2, 2, 2, 2, 4 ),
 ( 2.544334156053967200E-007, 0.0008948231872789951500, 0.001342107564210689600, 0.001789391941142384100, 0.002683960695005773800, 0.003578529448869163600 ),
 .UNSPECIFIED. ) ;
#6317 = ORIENTED_EDGE ( 'NONE', *, *, #5178, .F. ) ;
#6318 = CARTESIAN_POINT ( 'NONE',  ( -3.464101615137784100, 1.999999999999948000, -0.8333333333333293700 ) ) ;
#6319 = DIRECTION ( 'NONE',  ( -1.000000000000000000, 0.0000000000000000000, 0.0000000000000000000 ) ) ;
#6320 = CARTESIAN_POINT ( 'NONE',  ( -1.934401076758449900, -3.350480947161689600, -27.20833333333327200 ) ) ;
#6321 = CARTESIAN_POINT ( 'NONE',  ( -3.868802153516995600, -5.474208951679871900E-014, 0.7500000000000042200 ) ) ;
#6322 = EDGE_CURVE ( 'NONE', #2825, #3901, #2925, .T. ) ;
#6323 = CARTESIAN_POINT ( 'NONE',  ( 2.901601615137722900, 1.675240473580871900, -9.791666666666639400 ) ) ;
#6324 = ORIENTED_EDGE ( 'NONE', *, *, #2304, .T. ) ;
#6325 = VECTOR ( 'NONE', #345, 1000.000000000000000 ) ;
#6326 = CARTESIAN_POINT ( 'NONE',  ( 3.464101615137782400, -1.999999999999950700, -9.458333333333305500 ) ) ;
#6327 = CARTESIAN_POINT ( 'NONE',  ( 1.518623888214418200E-013, -3.350480947161662100, -25.12499999999994300 ) ) ;
#6328 = CARTESIAN_POINT ( 'NONE',  ( 0.0000000000000000000, 0.0000000000000000000, -30.00000000000000000 ) ) ;
#6329 = CARTESIAN_POINT ( 'NONE',  ( -2.901601615137709100, -1.675240473580895900, -13.16666666666663200 ) ) ;
#6330 = VERTEX_POINT ( 'NONE', #824 ) ;
#6331 = ORIENTED_EDGE ( 'NONE', *, *, #4864, .F. ) ;
#6332 = CARTESIAN_POINT ( 'NONE',  ( -1.934401076758444300, -3.350480947161691900, -4.083333333333318800 ) ) ;
#6333 = CARTESIAN_POINT ( 'NONE',  ( 2.901601615137793900, -1.675240473580749100, -17.83333333333329300 ) ) ;
#6334 = CARTESIAN_POINT ( 'NONE',  ( 3.999999999999996400, -4.067155351693835500E-015, -28.37499999999993200 ) ) ;
#6335 = CARTESIAN_POINT ( 'NONE',  ( -3.350480947161659500, 2.475154542602248700E-014, -21.37499999999995700 ) ) ;
#6336 = CARTESIAN_POINT ( 'NONE',  ( 1.934401076758450300, 3.350480947161689200, -25.58333333333327500 ) ) ;
#6337 = CARTESIAN_POINT ( 'NONE',  ( 3.350480947161662100, 4.103155767545721900E-016, 0.0000000000000000000 ) ) ;
#6338 = CARTESIAN_POINT ( 'NONE',  ( 5.635356014114907400E-014, -4.000000000000000000, -12.49999999999997200 ) ) ;
#6340 = ADVANCED_FACE ( 'NONE', ( #7220 ), #5116, .T. ) ;
#6339 = VERTEX_POINT ( 'NONE', #3475 ) ;
#6341 = CARTESIAN_POINT ( 'NONE',  ( 3.999999999999991600, 1.071796769724561800, -26.33034180126141500 ) ) ;
#6342 = DIRECTION ( 'NONE',  ( 1.000000000000000000, 0.0000000000000000000, 0.0000000000000000000 ) ) ;
#6343 = CARTESIAN_POINT ( 'NONE',  ( -3.999999999999996400, 2.544877205774143000E-014, -25.74999999999994000 ) ) ;
#6344 = CARTESIAN_POINT ( 'NONE',  ( 3.999999999999996400, -7.785697387528199800E-015, -25.24999999999994700 ) ) ;
#6345 = CARTESIAN_POINT ( 'NONE',  ( -2.309401076758561500, 3.999999999999966200, -29.04166666666659300 ) ) ;
#6346 = ORIENTED_EDGE ( 'NONE', *, *, #2605, .F. ) ;
#6347 = CARTESIAN_POINT ( 'NONE',  ( -2.901601615137771700, 1.675240473580788000, -9.458333333333307300 ) ) ;
#6348 = CARTESIAN_POINT ( 'NONE',  ( 4.000000000000003600, -3.195622062045156800E-014, -15.37499999999996300 ) ) ;
#6349 = CARTESIAN_POINT ( 'NONE',  ( -2.309401076758445600, -4.000000000000032900, -15.70833333333329000 ) ) ;
#6350 = CYLINDRICAL_SURFACE ( 'NONE', #3990, 4.000000000000000000 ) ;
#6351 = CARTESIAN_POINT ( 'NONE',  ( -2.309401076758438100, -4.000000000000036400, -4.708333333333314400 ) ) ;
#6352 = EDGE_CURVE ( 'NONE', #5309, #2025, #5806, .T. ) ;
#6353 = CARTESIAN_POINT ( 'NONE',  ( 3.350480947161671400, 0.8977586640478662000, -11.83034180126145100 ) ) ;
#6354 =( BOUNDED_CURVE ( )  B_SPLINE_CURVE ( 2, ( #6034, #6680, #2367, #1169, #1806, #5384, #1837, #7928, #6005 ),
 .UNSPECIFIED., .F., .F. ) 
 B_SPLINE_CURVE_WITH_KNOTS ( ( 3, 2, 2, 2, 3 ),
 ( 0.2500000000000001100, 0.2525252525252525400, 0.2575757575757575700, 0.2626262626262626500, 0.2651515151515152500 ),
 .UNSPECIFIED. ) 
 CURVE ( )  GEOMETRIC_REPRESENTATION_ITEM ( )  RATIONAL_B_SPLINE_CURVE ( ( 0.9330127018922193000, 0.9330127018922218500, 1.000000000000000000, 0.8660254037844387100, 1.000000000000000000, 0.8660254037844387100, 1.000000000000000000, 0.9330127018922171900, 0.9330127018922194100 ) ) 
 REPRESENTATION_ITEM ( '' )  );
#6355 = CARTESIAN_POINT ( 'NONE',  ( -2.901601615137713100, -1.675240473580889200, -4.166666666666651900 ) ) ;
#6356 = VECTOR ( 'NONE', #3702, 1000.000000000000000 ) ;
#6357 = CARTESIAN_POINT ( 'NONE',  ( 3.464101615137790800, -1.999999999999937200, -5.458333333333312600 ) ) ;
#6358 = VECTOR ( 'NONE', #3588, 1000.000000000000000 ) ;
#6359 = CARTESIAN_POINT ( 'NONE',  ( 3.868802153516995600, 5.426829789941481600E-014, -26.74999999999994000 ) ) ;
#6360 = CARTESIAN_POINT ( 'NONE',  ( -3.999999999999994200, 1.071796769724444200, -14.79465819873848900 ) ) ;
#6361 = CARTESIAN_POINT ( 'NONE',  ( -2.309401076758445600, -4.000000000000032900, -12.58333333333330600 ) ) ;
#6362 = DIRECTION ( 'NONE',  ( -0.0000000000000000000, -0.0000000000000000000, -1.000000000000000000 ) ) ;
#6363 = EDGE_CURVE ( 'NONE', #4277, #1252, #5787, .T. ) ;
#6364 = FACE_OUTER_BOUND ( 'NONE', #1390, .T. ) ;
#6365 = ORIENTED_EDGE ( 'NONE', *, *, #3709, .F. ) ;
#6366 = CARTESIAN_POINT ( 'NONE',  ( 1.934401076758545600, -3.350480947161634100, -23.04166666666661100 ) ) ;
#6367 = AXIS2_PLACEMENT_3D ( 'NONE', #2910, #2298, #5421 ) ;
#6368 =( BOUNDED_CURVE ( )  B_SPLINE_CURVE ( 2, ( #163, #4974, #5677, #4367, #2006, #1316, #3246, #5592, #2535 ),
 .UNSPECIFIED., .F., .T. ) 
 B_SPLINE_CURVE_WITH_KNOTS ( ( 3, 2, 2, 2, 3 ),
 ( 0.8560606060606061900, 0.8585858585858585600, 0.8636363636363636500, 0.8686868686868687300, 0.8712121212121213300 ),
 .UNSPECIFIED. ) 
 CURVE ( )  GEOMETRIC_REPRESENTATION_ITEM ( )  RATIONAL_B_SPLINE_CURVE ( ( 0.9330127018922194100, 0.9330127018922238500, 1.000000000000000000, 0.8660254037844387100, 1.000000000000000000, 0.8660254037844387100, 1.000000000000000000, 0.9330127018922164100, 0.9330127018922194100 ) ) 
 REPRESENTATION_ITEM ( '' )  );
#6369 = CARTESIAN_POINT ( 'NONE',  ( 3.999999999999986200, -1.071796769724428400, -25.29465819873846800 ) ) ;
#6370 = CARTESIAN_POINT ( 'NONE',  ( 3.868802153516995600, 5.426829789941481600E-014, -6.749999999999980500 ) ) ;
#6371 = ORIENTED_EDGE ( 'NONE', *, *, #349, .T. ) ;
#6372 = CARTESIAN_POINT ( 'NONE',  ( 0.8373189931875406600, -3.888419052125247500, -0.6108532978783514100 ) ) ;
#6373 = CARTESIAN_POINT ( 'NONE',  ( 3.868802153516995600, 5.426829789941480900E-014, -6.874999999999980500 ) ) ;
#6374 = ORIENTED_EDGE ( 'NONE', *, *, #819, .T. ) ;
#6375 = DIRECTION ( 'NONE',  ( 0.0000000000000000000, 0.0000000000000000000, 1.000000000000000000 ) ) ;
#6376 = ADVANCED_FACE ( 'NONE', ( #3509 ), #1874, .T. ) ;
#6377 = CARTESIAN_POINT ( 'NONE',  ( -4.000000000000000000, 4.898587196589412800E-016, -30.00000000000000000 ) ) ;
#6378 = DIRECTION ( 'NONE',  ( 0.0000000000000000000, 0.0000000000000000000, 1.000000000000000000 ) ) ;
#6379 = ORIENTED_EDGE ( 'NONE', *, *, #4329, .T. ) ;
#6380 = CARTESIAN_POINT ( 'NONE',  ( 0.3888111834371395000, 3.601775765660910200, -0.3631032623722512700 ) ) ;
#6381 = ORIENTED_EDGE ( 'NONE', *, *, #3771, .F. ) ;
#6382 = CARTESIAN_POINT ( 'NONE',  ( 3.350480947161661200, -0.8977586640477918100, -5.919658198738503100 ) ) ;
#6383 = CARTESIAN_POINT ( 'NONE',  ( -3.350480947161659000, -0.8977586640478735200, -21.33034180126143700 ) ) ;
#6384 = CARTESIAN_POINT ( 'NONE',  ( 1.934401076758545600, -3.350480947161634100, -28.91666666666660000 ) ) ;
#6385 = CARTESIAN_POINT ( 'NONE',  ( -2.901601615137804600, 1.675240473580730700, -29.45833333333326800 ) ) ;
#6386 = CARTESIAN_POINT ( 'NONE',  ( 5.635356014114907400E-014, -4.000000000000000000, -17.49999999999996100 ) ) ;
#6387 = CARTESIAN_POINT ( 'NONE',  ( 4.000000000000000900, 5.926426369611017600E-015, -4.374999999999984000 ) ) ;
#6388 = VERTEX_POINT ( 'NONE', #2793 ) ;
#6389 = ORIENTED_EDGE ( 'NONE', *, *, #268, .F. ) ;
#6390 = CARTESIAN_POINT ( 'NONE',  ( -2.309401076758405700, -4.000000000000056800, -8.708333333333305500 ) ) ;
#6391 = CARTESIAN_POINT ( 'NONE',  ( -0.2357775955572591300, 3.327975356873890800, -37.86387374173585100 ) ) ;
#6392 = CARTESIAN_POINT ( 'NONE',  ( -1.934401076758449900, -3.350480947161689600, -3.083333333333321000 ) ) ;
#6393 = CARTESIAN_POINT ( 'NONE',  ( -6.499999999999999100, 7.960204194457794500E-016, -37.60999999999999900 ) ) ;
#6394 = ORIENTED_EDGE ( 'NONE', *, *, #4126, .T. ) ;
#6395 = EDGE_CURVE ( 'NONE', #7096, #4646, #1482, .T. ) ;
#6396 = CARTESIAN_POINT ( 'NONE',  ( 1.934401076758450300, 3.350480947161689200, -7.708333333333311700 ) ) ;
#6397 = CARTESIAN_POINT ( 'NONE',  ( -3.350480947161659500, 2.155592336397733000E-014, -25.24999999999994700 ) ) ;
#6398 = CARTESIAN_POINT ( 'NONE',  ( -1.305865696588942500E-016, 3.464101615137755700, -33.50000000000000000 ) ) ;
#6399 = ORIENTED_EDGE ( 'NONE', *, *, #6577, .F. ) ;
#6400 = CARTESIAN_POINT ( 'NONE',  ( -3.464101615137808100, 1.999999999999907200, -26.83333333333327200 ) ) ;
#6401 = FACE_OUTER_BOUND ( 'NONE', #3336, .T. ) ;
#6402 = CARTESIAN_POINT ( 'NONE',  ( -4.000000000000000000, 4.898587196589412800E-016, -30.00000000000000000 ) ) ;
#6403 = EDGE_CURVE ( 'NONE', #7537, #3294, #1506, .T. ) ;
#6404 = CARTESIAN_POINT ( 'NONE',  ( 1.934401076758608600, -3.350480947161597700, -21.04166666666661800 ) ) ;
#6405 = ORIENTED_EDGE ( 'NONE', *, *, #2823, .T. ) ;
#6406 = LINE ( 'NONE', #3888, #1538 ) ;
#6407 = CARTESIAN_POINT ( 'NONE',  ( 3.999999999999997300, 1.071796769724545600, -15.20534180126144700 ) ) ;
#6408 = CARTESIAN_POINT ( 'NONE',  ( -3.464101615137725500, -2.000000000000050200, -17.66666666666662500 ) ) ;
#6409 = B_SPLINE_CURVE_WITH_KNOTS ( 'NONE', 3,
 ( #6963, #2088, #3379, #220, #2721, #313, #1418, #7646, #6310, #5704 ),
 .UNSPECIFIED., .F., .F.,
 ( 4, 2, 2, 2, 4 ),
 ( 2.029932244471839400E-016, 0.0007607160536003567200, 0.001521432107200510500, 0.002282148160800664400, 0.003042864214400818000 ),
 .UNSPECIFIED. ) ;
#6410 = DIRECTION ( 'NONE',  ( -0.0000000000000000000, -0.0000000000000000000, -1.000000000000000000 ) ) ;
#6411 = CARTESIAN_POINT ( 'NONE',  ( -2.765603479645006900, 1.867379701692945400, -37.86467110587594900 ) ) ;
#6412 = EDGE_LOOP ( 'NONE', ( #862, #5423, #7702, #1504 ) ) ;
#6413 = CARTESIAN_POINT ( 'NONE',  ( -1.934401076758592400, 3.350480947161607500, -15.41666666666662900 ) ) ;
#6414 = ORIENTED_EDGE ( 'NONE', *, *, #1018, .T. ) ;
#6415 = CARTESIAN_POINT ( 'NONE',  ( -1.934401076758449900, -3.350480947161689600, -4.083333333333318800 ) ) ;
#6416 = EDGE_CURVE ( 'NONE', #4746, #1414, #6259, .T. ) ;
#6417 = CARTESIAN_POINT ( 'NONE',  ( -3.350480947161659500, -3.311826500664980400E-015, -22.24999999999995000 ) ) ;
#6418 = CARTESIAN_POINT ( 'NONE',  ( 1.934401076758545600, -3.350480947161634100, -9.041666666666641200 ) ) ;
#6419 = DIRECTION ( 'NONE',  ( -0.0000000000000000000, -0.0000000000000000000, -1.000000000000000000 ) ) ;
#6420 = CARTESIAN_POINT ( 'NONE',  ( 3.464101615137798400, -1.999999999999924500, -21.33333333333328200 ) ) ;
#6421 = ORIENTED_EDGE ( 'NONE', *, *, #5132, .T. ) ;
#6422 = CARTESIAN_POINT ( 'NONE',  ( -3.350480947161659500, 2.155592336397733000E-014, -25.37499999999994700 ) ) ;
#6423 = ORIENTED_EDGE ( 'NONE', *, *, #317, .T. ) ;
#6424 = CARTESIAN_POINT ( 'NONE',  ( 0.0000000000000000000, 0.0000000000000000000, -30.00000000000000000 ) ) ;
#6425 = CARTESIAN_POINT ( 'NONE',  ( 6.109999999999989700, 0.0000000000000000000, -38.00000000000000000 ) ) ;
#6426 = VERTEX_POINT ( 'NONE', #7185 ) ;
#6427 = CARTESIAN_POINT ( 'NONE',  ( 3.350480947161662100, 4.103155767545721900E-016, 0.0000000000000000000 ) ) ;
#6428 = CARTESIAN_POINT ( 'NONE',  ( 2.901601615137777000, -1.675240473580779100, -4.833333333333316200 ) ) ;
#6429 = DIRECTION ( 'NONE',  ( 0.0000000000000000000, 0.0000000000000000000, 1.000000000000000000 ) ) ;
#6430 = CARTESIAN_POINT ( 'NONE',  ( 5.635356014114907400E-014, -4.000000000000000000, -20.49999999999995400 ) ) ;
#6431 = CARTESIAN_POINT ( 'NONE',  ( -3.350480947161661200, 0.8977586640478008000, -2.294658198738510600 ) ) ;
#6432 =( BOUNDED_CURVE ( )  B_SPLINE_CURVE ( 2, ( #4899, #548, #3660, #1834, #1248, #6140, #4254, #4821, #2470 ),
 .UNSPECIFIED., .F., .T. ) 
 B_SPLINE_CURVE_WITH_KNOTS ( ( 3, 2, 2, 2, 3 ),
 ( 0.4621212121212122700, 0.4646464646464646400, 0.4696969696969697200, 0.4747474747474747500, 0.4772727272727274000 ),
 .UNSPECIFIED. ) 
 CURVE ( )  GEOMETRIC_REPRESENTATION_ITEM ( )  RATIONAL_B_SPLINE_CURVE ( ( 0.9330127018922193000, 0.9330127018922229600, 1.000000000000000000, 0.8660254037844387100, 1.000000000000000000, 0.8660254037844387100, 1.000000000000000000, 0.9330127018922156300, 0.9330127018922193000 ) ) 
 REPRESENTATION_ITEM ( '' )  );
#6433 = EDGE_CURVE ( 'NONE', #3901, #4227, #4837, .T. ) ;
#6434 = CARTESIAN_POINT ( 'NONE',  ( 3.464101615137710900, 2.000000000000075500, -26.16666666666660700 ) ) ;
#6435 = CARTESIAN_POINT ( 'NONE',  ( -1.934401076758426300, -3.350480947161702500, -26.08333333333327500 ) ) ;
#6436 = CARTESIAN_POINT ( 'NONE',  ( 1.934401076758450300, 3.350480947161689200, -2.583333333333321500 ) ) ;
#6437 = CYLINDRICAL_SURFACE ( 'NONE', #5254, 4.000000000000000000 ) ;
#6438 = AXIS2_PLACEMENT_3D ( 'NONE', #7409, #6220, #2549 ) ;
#6439 = CARTESIAN_POINT ( 'NONE',  ( -3.350480947161659000, -2.295037662741521500E-014, -27.37499999999993600 ) ) ;
#6440 = ORIENTED_EDGE ( 'NONE', *, *, #7643, .T. ) ;
#6441 = CYLINDRICAL_SURFACE ( 'NONE', #2815, 4.000000000000000000 ) ;
#6442 = CARTESIAN_POINT ( 'NONE',  ( -2.901601615137771700, 1.675240473580788000, -26.45833333333327200 ) ) ;
#6443 = CARTESIAN_POINT ( 'NONE',  ( -2.901601615137771700, 1.675240473580788000, -14.45833333333329700 ) ) ;
#6444 = CARTESIAN_POINT ( 'NONE',  ( -3.350480947161659500, -2.207884333776653700E-015, -9.249999999999976900 ) ) ;
#6445 =( BOUNDED_CURVE ( )  B_SPLINE_CURVE ( 2, ( #6232, #1951, #2589, #3242, #7468, #750, #3731, #6855, #1362 ),
 .UNSPECIFIED., .F., .T. ) 
 B_SPLINE_CURVE_WITH_KNOTS ( ( 3, 2, 2, 2, 3 ),
 ( 0.7045454545454547000, 0.7070707070707070700, 0.7121212121212121500, 0.7171717171717171300, 0.7196969696969698300 ),
 .UNSPECIFIED. ) 
 CURVE ( )  GEOMETRIC_REPRESENTATION_ITEM ( )  RATIONAL_B_SPLINE_CURVE ( ( 0.9330127018922194100, 0.9330127018922238500, 1.000000000000000000, 0.8660254037844387100, 1.000000000000000000, 0.8660254037844387100, 1.000000000000000000, 0.9330127018922149700, 0.9330127018922194100 ) ) 
 REPRESENTATION_ITEM ( '' )  );
#6446 = CARTESIAN_POINT ( 'NONE',  ( 8.917904620339084600E-014, -4.000000000000000000, -18.49999999999995700 ) ) ;
#6447 = CARTESIAN_POINT ( 'NONE',  ( -2.999999999999997300, 1.461467694226874100, -37.87048231857281200 ) ) ;
#6448 = LINE ( 'NONE', #4633, #6958 ) ;
#6449 = ORIENTED_EDGE ( 'NONE', *, *, #2011, .T. ) ;
#6450 = EDGE_CURVE ( 'NONE', #3901, #1260, #5589, .T. ) ;
#6451 = CARTESIAN_POINT ( 'NONE',  ( 2.901601615137710000, 1.675240473580894300, -25.79166666666660700 ) ) ;
#6452 = APPROVAL ( #6592, 'UNSPECIFIED' ) ;
#6453 = CARTESIAN_POINT ( 'NONE',  ( -4.000000000000000000, -1.071796769724546100, -12.70534180126145300 ) ) ;
#6454 = DIRECTION ( 'NONE',  ( -0.0000000000000000000, -0.0000000000000000000, -1.000000000000000000 ) ) ;
#6455 = VERTEX_POINT ( 'NONE', #6646 ) ;
#6456 = CARTESIAN_POINT ( 'NONE',  ( 1.934401076758450300, 3.350480947161689200, -30.58333333333325800 ) ) ;
#6457 = CARTESIAN_POINT ( 'NONE',  ( -3.464101615137819200, 1.999999999999886800, -20.95833333333327900 ) ) ;
#6458 = AXIS2_PLACEMENT_3D ( 'NONE', #1249, #6219, #4331 ) ;
#6459 = CARTESIAN_POINT ( 'NONE',  ( 3.464101615137782400, -1.999999999999950700, -20.33333333333328600 ) ) ;
#6460 =( BOUNDED_CURVE ( )  B_SPLINE_CURVE ( 2, ( #7753, #4098, #1042, #4705, #4140, #4052, #4690, #2900, #6558 ),
 .UNSPECIFIED., .F., .T. ) 
 B_SPLINE_CURVE_WITH_KNOTS ( ( 3, 2, 2, 2, 3 ),
 ( 0.9015151515151517100, 0.9040404040404040900, 0.9090909090909090600, 0.9141414141414141400, 0.9166666666666668500 ),
 .UNSPECIFIED. ) 
 CURVE ( )  GEOMETRIC_REPRESENTATION_ITEM ( )  RATIONAL_B_SPLINE_CURVE ( ( 0.9330127018922194100, 0.9330127018922238500, 1.000000000000000000, 0.8660254037844387100, 1.000000000000000000, 0.8660254037844387100, 1.000000000000000000, 0.9330127018922149700, 0.9330127018922194100 ) ) 
 REPRESENTATION_ITEM ( '' )  );
#6461 = PLANE ( 'NONE',  #5619 ) ;
#6462 = EDGE_CURVE ( 'NONE', #3100, #2950, #3955, .T. ) ;
#6463 = CARTESIAN_POINT ( 'NONE',  ( -1.934401076758558000, 3.350480947161627000, -2.416666666666655900 ) ) ;
#6464 = VECTOR ( 'NONE', #5694, 1000.000000000000000 ) ;
#6465 = ORIENTED_EDGE ( 'NONE', *, *, #2144, .F. ) ;
#6466 = ORIENTED_EDGE ( 'NONE', *, *, #1451, .T. ) ;
#6467 = CARTESIAN_POINT ( 'NONE',  ( -1.934401076758449900, -3.350480947161689600, -6.083333333333314400 ) ) ;
#6468 = CARTESIAN_POINT ( 'NONE',  ( -3.999999999999996400, 2.173023002190706400E-014, -28.87499999999993600 ) ) ;
#6469 = CARTESIAN_POINT ( 'NONE',  ( -1.934401076758546400, 3.350480947161633700, -30.54166666666660000 ) ) ;
#6470 = CARTESIAN_POINT ( 'NONE',  ( 3.868802153516995600, 5.426829789941480900E-014, -16.87499999999996100 ) ) ;
#6471 = DIRECTION ( 'NONE',  ( -0.0000000000000000000, -0.0000000000000000000, -1.000000000000000000 ) ) ;
#6472 = ORIENTED_EDGE ( 'NONE', *, *, #1129, .T. ) ;
#6473 = CARTESIAN_POINT ( 'NONE',  ( -2.309401076758394100, -4.000000000000062200, -21.58333333333328200 ) ) ;
#6474 = CARTESIAN_POINT ( 'NONE',  ( -3.464101615137800600, 1.999999999999919400, -11.95833333333329800 ) ) ;
#6475 = ORIENTED_EDGE ( 'NONE', *, *, #5805, .F. ) ;
#6476 = CARTESIAN_POINT ( 'NONE',  ( -2.713444957723882400, 2.208896618494231600, -0.2761650253742883900 ) ) ;
#6477 = DIRECTION ( 'NONE',  ( -0.7071067811865545700, 8.659560562355019100E-017, 0.7071067811865404700 ) ) ;
#6478 = CARTESIAN_POINT ( 'NONE',  ( 3.464101615137782400, -1.999999999999950700, -16.45833333333329000 ) ) ;
#6479 = CARTESIAN_POINT ( 'NONE',  ( -4.000000000000000000, 4.898587196589412800E-016, -30.00000000000000000 ) ) ;
#6480 = CARTESIAN_POINT ( 'NONE',  ( -2.999999999999997300, -0.3049793845354181200, -37.53589838486224300 ) ) ;
#6481 = ORIENTED_EDGE ( 'NONE', *, *, #6153, .T. ) ;
#6482 = CARTESIAN_POINT ( 'NONE',  ( -2.901601615137678900, -1.675240473580948100, -29.29166666666659700 ) ) ;
#6483 = CARTESIAN_POINT ( 'NONE',  ( 3.464101615137726400, 2.000000000000048800, -21.16666666666661800 ) ) ;
#6484 = ADVANCED_FACE ( 'NONE', ( #1081 ), #4169, .T. ) ;
#6485 = DIRECTION ( 'NONE',  ( -1.000000000000000000, 0.0000000000000000000, 0.0000000000000000000 ) ) ;
#6486 = ORIENTED_EDGE ( 'NONE', *, *, #3939, .T. ) ;
#6487 = CARTESIAN_POINT ( 'NONE',  ( 0.0000000000000000000, 0.0000000000000000000, -38.00000000000000000 ) ) ;
#6488 =( BOUNDED_CURVE ( )  B_SPLINE_CURVE ( 2, ( #7840, #545, #2284, #4740, #3586, #1074, #4712, #431, #2362 ),
 .UNSPECIFIED., .F., .T. ) 
 B_SPLINE_CURVE_WITH_KNOTS ( ( 3, 2, 2, 2, 3 ),
 ( 0.4469696969696970700, 0.4494949494949495000, 0.4545454545454545300, 0.4595959595959596100, 0.4621212121212122700 ),
 .UNSPECIFIED. ) 
 CURVE ( )  GEOMETRIC_REPRESENTATION_ITEM ( )  RATIONAL_B_SPLINE_CURVE ( ( 0.9330127018922194100, 0.9330127018922223000, 1.000000000000000000, 0.8660254037844387100, 1.000000000000000000, 0.8660254037844387100, 1.000000000000000000, 0.9330127018922156300, 0.9330127018922193000 ) ) 
 REPRESENTATION_ITEM ( '' )  );
#6489 = CYLINDRICAL_SURFACE ( 'NONE', #7050, 3.350480947161662100 ) ;
#6490 = CARTESIAN_POINT ( 'NONE',  ( 3.350480947161669700, -0.8977586640477568400, -25.79465819873846000 ) ) ;
#6491 = CARTESIAN_POINT ( 'NONE',  ( -2.901601615137722400, -1.675240473580873000, -8.166666666666643000 ) ) ;
#6492 = CARTESIAN_POINT ( 'NONE',  ( -3.350480947161662100, -0.8977586640478605300, -4.330341801261466700 ) ) ;
#6493 = EDGE_CURVE ( 'NONE', #3389, #20, #6179, .T. ) ;
#6494 = CARTESIAN_POINT ( 'NONE',  ( -5.586370142149013400E-014, 4.000000000000000000, 1.951563910473908000E-015 ) ) ;
#6495 = CARTESIAN_POINT ( 'NONE',  ( -1.934401076758449900, -3.350480947161689600, -15.20833333333329500 ) ) ;
#6496 = PLANE ( 'NONE',  #5976 ) ;
#6497 = ORIENTED_EDGE ( 'NONE', *, *, #1343, .T. ) ;
#6498 = CARTESIAN_POINT ( 'NONE',  ( -2.999999999999997300, 1.037045567506757800, -37.70703580193890000 ) ) ;
#6499 = CARTESIAN_POINT ( 'NONE',  ( -4.000000000000000900, -8.947741773726438700E-015, -2.874999999999987100 ) ) ;
#6500 = CARTESIAN_POINT ( 'NONE',  ( 0.0000000000000000000, 0.0000000000000000000, -30.00000000000000000 ) ) ;
#6501 = CARTESIAN_POINT ( 'NONE',  ( -2.309401076758561500, 3.999999999999966200, -16.04166666666662200 ) ) ;
#6502 = ORIENTED_EDGE ( 'NONE', *, *, #4097, .F. ) ;
#6503 = CIRCLE ( 'NONE', #2370, 3.350480947161662100 ) ;
#6504 = CARTESIAN_POINT ( 'NONE',  ( -3.350480947161659000, -2.295037662741521500E-014, -27.37499999999993600 ) ) ;
#6505 = PERSON_AND_ORGANIZATION_ROLE ( 'creator' ) ;
#6506 = CARTESIAN_POINT ( 'NONE',  ( -2.901601615137775300, 1.675240473580781500, -1.458333333333325000 ) ) ;
#6507 = CARTESIAN_POINT ( 'NONE',  ( -3.350480947161662100, -0.8977586640478613100, -5.205341801261463200 ) ) ;
#6508 = CARTESIAN_POINT ( 'NONE',  ( -2.309401076758678300, 3.999999999999899200, -21.04166666666661100 ) ) ;
#6509 = VERTEX_POINT ( 'NONE', #5380 ) ;
#6510 = CARTESIAN_POINT ( 'NONE',  ( -2.309401076758682300, 3.999999999999897000, -25.04166666666660000 ) ) ;
#6511 = CARTESIAN_POINT ( 'NONE',  ( -3.464101615137725500, -2.000000000000050200, -22.66666666666661500 ) ) ;
#6512 = VERTEX_POINT ( 'NONE', #550 ) ;
#6513 = CARTESIAN_POINT ( 'NONE',  ( -1.934401076758560000, 3.350480947161626100, -5.416666666666649200 ) ) ;
#6514 = CARTESIAN_POINT ( 'NONE',  ( -0.1423319756673691600, 3.363533992980785000, -29.48636714790318800 ) ) ;
#6515 = CARTESIAN_POINT ( 'NONE',  ( 3.999999999999984500, -1.071796769724466600, -16.41965819873848200 ) ) ;
#6516 = LOCAL_TIME ( 9, 22, 24.00000000000000000, #3204 ) ;
#6517 = CARTESIAN_POINT ( 'NONE',  ( -3.350480947161661200, 0.8977586640478008000, -2.419658198738510600 ) ) ;
#6518 = DIRECTION ( 'NONE',  ( -1.000000000000000000, 0.0000000000000000000, 0.0000000000000000000 ) ) ;
#6519 = CARTESIAN_POINT ( 'NONE',  ( -1.934401076758546400, 3.350480947161633700, -11.41666666666663600 ) ) ;
#6520 = EDGE_LOOP ( 'NONE', ( #7151, #3465, #4217, #5732 ) ) ;
#6521 = CARTESIAN_POINT ( 'NONE',  ( 3.350480947161665200, -2.672702088255949100E-014, -15.87499999999996600 ) ) ;
#6522 = ORIENTED_EDGE ( 'NONE', *, *, #689, .F. ) ;
#6523 = CARTESIAN_POINT ( 'NONE',  ( -2.901601615137722400, -1.675240473580873000, -29.29166666666659700 ) ) ;
#6524 = CARTESIAN_POINT ( 'NONE',  ( -2.901601615137722400, -1.675240473580873000, -13.29166666666663200 ) ) ;
#6525 = DIRECTION ( 'NONE',  ( 0.4999999999999999400, 0.8660254037844387100, -0.0000000000000000000 ) ) ;
#6526 = CARTESIAN_POINT ( 'NONE',  ( -0.7803049068974858800, 3.498404410502896000, -0.3361710960201023100 ) ) ;
#6527 = CARTESIAN_POINT ( 'NONE',  ( 2.309401076758387900, 4.000000000000065700, -12.20833333333329800 ) ) ;
#6528 = CYLINDRICAL_SURFACE ( 'NONE', #378, 3.350480947161662100 ) ;
#6529 = CARTESIAN_POINT ( 'NONE',  ( -6.279902207174505100E-014, 3.350480947161662100, -3.624999999999986200 ) ) ;
#6530 = VERTEX_POINT ( 'NONE', #5321 ) ;
#6531 = CARTESIAN_POINT ( 'NONE',  ( 5.635356014114907400E-014, -4.000000000000000000, -15.62499999999995900 ) ) ;
#6532 = DIRECTION ( 'NONE',  ( 1.000000000000000000, 0.0000000000000000000, 0.0000000000000000000 ) ) ;
#6533 = LINE ( 'NONE', #5271, #621 ) ;
#6534 = CARTESIAN_POINT ( 'NONE',  ( 3.350480947161665700, 1.801168798607269900E-015, -9.874999999999976900 ) ) ;
#6535 = CARTESIAN_POINT ( 'NONE',  ( -3.464101615137660700, -2.000000000000163900, -27.79166666666659700 ) ) ;
#6536 = VECTOR ( 'NONE', #202, 1000.000000000000000 ) ;
#6537 = CARTESIAN_POINT ( 'NONE',  ( 3.623181373342656100, -0.4402553051165244400, -29.60177781237047200 ) ) ;
#6538 = CARTESIAN_POINT ( 'NONE',  ( 3.790234977630353000, 0.2355590119644746200, -0.4857718017975089500 ) ) ;
#6539 = DIRECTION ( 'NONE',  ( 0.0000000000000000000, 0.0000000000000000000, 1.000000000000000000 ) ) ;
#6540 = DIRECTION ( 'NONE',  ( -0.0000000000000000000, -0.0000000000000000000, -1.000000000000000000 ) ) ;
#6541 = CARTESIAN_POINT ( 'NONE',  ( 3.350480947161662100, 4.103155767545721900E-016, 0.0000000000000000000 ) ) ;
#6542 = CARTESIAN_POINT ( 'NONE',  ( 2.309401076758560200, -3.999999999999966700, -27.41666666666660000 ) ) ;
#6543 = DIRECTION ( 'NONE',  ( -0.0000000000000000000, -0.0000000000000000000, -1.000000000000000000 ) ) ;
#6544 = CYLINDRICAL_SURFACE ( 'NONE', #5555, 4.000000000000000000 ) ;
#6545 = CARTESIAN_POINT ( 'NONE',  ( -3.350480947161671900, 2.393811435568371800E-014, -20.24999999999995400 ) ) ;
#6546 = EDGE_CURVE ( 'NONE', #4686, #1879, #2337, .T. ) ;
#6547 = CARTESIAN_POINT ( 'NONE',  ( -4.000000000000019500, -1.071796769724517200, -20.70534180126143700 ) ) ;
#6548 = AXIS2_PLACEMENT_3D ( 'NONE', #7246, #5823, #1109 ) ;
#6549 =( BOUNDED_CURVE ( )  B_SPLINE_CURVE ( 2, ( #2562, #84, #1285, #3166, #1928, #6882, #723, #3134, #1979 ),
 .UNSPECIFIED., .F., .T. ) 
 B_SPLINE_CURVE_WITH_KNOTS ( ( 3, 2, 2, 2, 3 ),
 ( 0.4924242424242425400, 0.4949494949494949700, 0.5000000000000000000, 0.5050505050505050800, 0.5075757575757576800 ),
 .UNSPECIFIED. ) 
 CURVE ( )  GEOMETRIC_REPRESENTATION_ITEM ( )  RATIONAL_B_SPLINE_CURVE ( ( 0.9330127018922194100, 0.9330127018922223000, 1.000000000000000000, 0.8660254037844387100, 1.000000000000000000, 0.8660254037844387100, 1.000000000000000000, 0.9330127018922164100, 0.9330127018922194100 ) ) 
 REPRESENTATION_ITEM ( '' )  );
#6550 = CARTESIAN_POINT ( 'NONE',  ( 2.901601615137770400, -1.675240473580789800, -9.833333333333307300 ) ) ;
#6551 = ORIENTED_EDGE ( 'NONE', *, *, #6792, .F. ) ;
#6552 = CARTESIAN_POINT ( 'NONE',  ( 3.868802153516995600, 5.426829789941480900E-014, -30.87499999999992900 ) ) ;
#6553 = CARTESIAN_POINT ( 'NONE',  ( -3.868802153516995600, -5.474208951679871200E-014, -21.37499999999995000 ) ) ;
#6554 = DIRECTION ( 'NONE',  ( -1.000000000000000000, 0.0000000000000000000, 0.0000000000000000000 ) ) ;
#6555 = CARTESIAN_POINT ( 'NONE',  ( 3.464101615137789900, -1.999999999999938500, -4.333333333333321500 ) ) ;
#6556 = CARTESIAN_POINT ( 'NONE',  ( 3.350480947161659500, 0.8977586640478763000, -14.70534180126144400 ) ) ;
#6557 = EDGE_CURVE ( 'NONE', #3903, #201, #5420, .T. ) ;
#6558 = CARTESIAN_POINT ( 'NONE',  ( 3.350480947161659500, -3.369928719974892300E-015, -28.74999999999994000 ) ) ;
#6559 = CARTESIAN_POINT ( 'NONE',  ( 3.350480947161675000, 0.8977586640478653100, -21.83034180126143700 ) ) ;
#6560 = CARTESIAN_POINT ( 'NONE',  ( 2.309401076758446100, 4.000000000000032000, -17.20833333333328600 ) ) ;
#6561 = VECTOR ( 'NONE', #891, 1000.000000000000000 ) ;
#6562 = ORIENTED_EDGE ( 'NONE', *, *, #2568, .F. ) ;
#6563 = CC_DESIGN_DATE_AND_TIME_ASSIGNMENT ( #6064, #997, ( #3717 ) ) ;
#6564 = ORIENTED_EDGE ( 'NONE', *, *, #7003, .T. ) ;
#6565 = CARTESIAN_POINT ( 'NONE',  ( 3.350480947161662100, 4.103155767545721900E-016, 0.0000000000000000000 ) ) ;
#6566 =( BOUNDED_CURVE ( )  B_SPLINE_CURVE ( 2, ( #5835, #6490, #3986, #2165, #7070, #6435, #1533, #4039, #5810 ),
 .UNSPECIFIED., .F., .T. ) 
 B_SPLINE_CURVE_WITH_KNOTS ( ( 3, 2, 2, 2, 3 ),
 ( 0.8257575757575759100, 0.8282828282828282900, 0.8333333333333333700, 0.8383838383838383400, 0.8409090909090910500 ),
 .UNSPECIFIED. ) 
 CURVE ( )  GEOMETRIC_REPRESENTATION_ITEM ( )  RATIONAL_B_SPLINE_CURVE ( ( 0.9330127018922194100, 0.9330127018922238500, 1.000000000000000000, 0.8660254037844387100, 1.000000000000000000, 0.8660254037844387100, 1.000000000000000000, 0.9330127018922149700, 0.9330127018922194100 ) ) 
 REPRESENTATION_ITEM ( '' )  );
#6567 = CARTESIAN_POINT ( 'NONE',  ( 0.0000000000000000000, 0.0000000000000000000, -30.00000000000000000 ) ) ;
#6568 = CARTESIAN_POINT ( 'NONE',  ( 4.618802153517005800, 6.478866617091239000E-014, 0.6250000000000079900 ) ) ;
#6569 = CARTESIAN_POINT ( 'NONE',  ( 3.350480947161662100, 0.8977586640478659700, -4.830341801261463200 ) ) ;
#6570 = CARTESIAN_POINT ( 'NONE',  ( -3.464101615137689500, -2.000000000000112800, -26.66666666666660700 ) ) ;
#6571 = ORIENTED_EDGE ( 'NONE', *, *, #7888, .T. ) ;
#6572 = CARTESIAN_POINT ( 'NONE',  ( -4.000000000000003600, 3.486133158594716000E-015, -13.74999999999997000 ) ) ;
#6573 = CARTESIAN_POINT ( 'NONE',  ( -3.464101615137725500, -2.000000000000050200, -23.66666666666661500 ) ) ;
#6574 = VERTEX_POINT ( 'NONE', #5353 ) ;
#6575 = CARTESIAN_POINT ( 'NONE',  ( 3.464101615137723300, 2.000000000000055100, -1.291666666666654500 ) ) ;
#6576 = ORIENTED_EDGE ( 'NONE', *, *, #1963, .F. ) ;
#6577 = EDGE_CURVE ( 'NONE', #201, #1404, #90, .T. ) ;
#6578 = CARTESIAN_POINT ( 'NONE',  ( 4.000000000000005300, 2.324088772396477500E-015, -9.374999999999973400 ) ) ;
#6579 = CARTESIAN_POINT ( 'NONE',  ( 0.0000000000000000000, 0.0000000000000000000, 0.0000000000000000000 ) ) ;
#6580 = CARTESIAN_POINT ( 'NONE',  ( -2.901601615137722400, -1.675240473580873000, -10.16666666666663800 ) ) ;
#6581 = ORIENTED_EDGE ( 'NONE', *, *, #7803, .F. ) ;
#6582 = CARTESIAN_POINT ( 'NONE',  ( -2.309401076758561500, 3.999999999999966200, 0.08333333333333510500 ) ) ;
#6583 = ORIENTED_EDGE ( 'NONE', *, *, #4006, .F. ) ;
#6584 = CARTESIAN_POINT ( 'NONE',  ( -4.679256681265763300E-014, 3.350480947161662100, -17.62499999999995700 ) ) ;
#6585 = DIRECTION ( 'NONE',  ( -1.000000000000000000, 0.0000000000000000000, 0.0000000000000000000 ) ) ;
#6586 = CARTESIAN_POINT ( 'NONE',  ( -3.464101615137710000, -2.000000000000077700, -12.79166666666663100 ) ) ;
#6587 = CARTESIAN_POINT ( 'NONE',  ( 2.309401076758439400, 4.000000000000036400, -3.208333333333317100 ) ) ;
#6588 = CARTESIAN_POINT ( 'NONE',  ( 2.999999999999996400, 1.732050807568880500, -33.50000000000000000 ) ) ;
#6589 = EDGE_LOOP ( 'NONE', ( #6497, #5633, #4490, #3329 ) ) ;
#6590 = CARTESIAN_POINT ( 'NONE',  ( 3.464101615137726400, 2.000000000000048800, -21.29166666666661100 ) ) ;
#6591 = VECTOR ( 'NONE', #6896, 1000.000000000000000 ) ;
#6592 = APPROVAL_STATUS ( 'not_yet_approved' ) ;
#6593 = CARTESIAN_POINT ( 'NONE',  ( 2.309401076758446100, 4.000000000000032000, -1.208333333333321700 ) ) ;
#6594 = CARTESIAN_POINT ( 'NONE',  ( -3.999999999999996400, -2.556497649636125300E-015, -8.874999999999975100 ) ) ;
#6595 = ORIENTED_EDGE ( 'NONE', *, *, #2871, .T. ) ;
#6596 =( BOUNDED_CURVE ( )  B_SPLINE_CURVE ( 2, ( #3756, #4442, #5641, #1386, #6230, #1332, #83, #108, #2586 ),
 .UNSPECIFIED., .F., .F. ) 
 B_SPLINE_CURVE_WITH_KNOTS ( ( 3, 2, 2, 2, 3 ),
 ( 0.4015151515151516600, 0.4040404040404040300, 0.4090909090909091200, 0.4141414141414141400, 0.4166666666666668000 ),
 .UNSPECIFIED. ) 
 CURVE ( )  GEOMETRIC_REPRESENTATION_ITEM ( )  RATIONAL_B_SPLINE_CURVE ( ( 0.9330127018922193000, 0.9330127018922229600, 1.000000000000000000, 0.8660254037844387100, 1.000000000000000000, 0.8660254037844387100, 1.000000000000000000, 0.9330127018922156300, 0.9330127018922193000 ) ) 
 REPRESENTATION_ITEM ( '' )  );
#6597 = CYLINDRICAL_SURFACE ( 'NONE', #7556, 3.350480947161662100 ) ;
#6598 = CARTESIAN_POINT ( 'NONE',  ( 3.464101615137717100, 2.000000000000065700, -14.16666666666663200 ) ) ;
#6599 = DIRECTION ( 'NONE',  ( -1.000000000000000000, 0.0000000000000000000, 0.0000000000000000000 ) ) ;
#6600 = CARTESIAN_POINT ( 'NONE',  ( 2.309401076758446100, 4.000000000000032000, -26.08333333333327500 ) ) ;
#6601 = CARTESIAN_POINT ( 'NONE',  ( -4.000000000000000000, 4.898587196589412800E-016, -30.00000000000000000 ) ) ;
#6602 = CARTESIAN_POINT ( 'NONE',  ( -2.309401076758331900, -4.000000000000098600, -27.58333333333327200 ) ) ;
#6603 = CARTESIAN_POINT ( 'NONE',  ( -3.350480947161662100, 3.369928719974893100E-015, -2.249999999999992500 ) ) ;
#6604 = ORIENTED_EDGE ( 'NONE', *, *, #784, .T. ) ;
#6605 = CARTESIAN_POINT ( 'NONE',  ( -2.901601615137771700, 1.675240473580788000, -8.333333333333309100 ) ) ;
#6606 = CARTESIAN_POINT ( 'NONE',  ( 4.966477584993963900E-014, -3.350480947161662100, -2.124999999999990200 ) ) ;
#6607 = EDGE_CURVE ( 'NONE', #1842, #1879, #2720, .T. ) ;
#6608 = CARTESIAN_POINT ( 'NONE',  ( -3.464101615137783700, 1.999999999999948500, -3.833333333333323300 ) ) ;
#6609 = CARTESIAN_POINT ( 'NONE',  ( 3.868802153516995600, 5.426829789941480900E-014, -20.87499999999995400 ) ) ;
#6610 = CARTESIAN_POINT ( 'NONE',  ( -3.350480947161664800, 0.8977586640477914800, -7.419658198738498600 ) ) ;
#6611 = EDGE_LOOP ( 'NONE', ( #374, #6394, #7496, #5270 ) ) ;
#6612 =( BOUNDED_CURVE ( )  B_SPLINE_CURVE ( 2, ( #2502, #209, #1514, #5789, #821, #6954, #5716, #2129, #6397 ),
 .UNSPECIFIED., .F., .T. ) 
 B_SPLINE_CURVE_WITH_KNOTS ( ( 3, 2, 2, 2, 3 ),
 ( 0.7954545454545456400, 0.7979797979797980100, 0.8030303030303029800, 0.8080808080808080700, 0.8106060606060607700 ),
 .UNSPECIFIED. ) 
 CURVE ( )  GEOMETRIC_REPRESENTATION_ITEM ( )  RATIONAL_B_SPLINE_CURVE ( ( 0.9330127018922194100, 0.9330127018922238500, 1.000000000000000000, 0.8660254037844387100, 1.000000000000000000, 0.8660254037844387100, 1.000000000000000000, 0.9330127018922149700, 0.9330127018922194100 ) ) 
 REPRESENTATION_ITEM ( '' )  );
#6613 = CARTESIAN_POINT ( 'NONE',  ( -2.309401076758439000, -4.000000000000036400, -4.583333333333322400 ) ) ;
#6614 = ORIENTED_EDGE ( 'NONE', *, *, #7851, .T. ) ;
#6615 = CARTESIAN_POINT ( 'NONE',  ( -3.350480947161671900, 2.393811435568371800E-014, -20.37499999999995700 ) ) ;
#6616 = CARTESIAN_POINT ( 'NONE',  ( -3.464101615137785900, 1.999999999999944500, -11.83333333333330700 ) ) ;
#6617 = CARTESIAN_POINT ( 'NONE',  ( 3.999999999999995600, 1.071796769724549400, -18.33034180126143700 ) ) ;
#6618 = CARTESIAN_POINT ( 'NONE',  ( 2.309401076758560200, -3.999999999999966700, -19.54166666666661800 ) ) ;
#6619 = CARTESIAN_POINT ( 'NONE',  ( 2.901601615137790800, -1.675240473580754900, -9.958333333333307300 ) ) ;
#6620 = CARTESIAN_POINT ( 'NONE',  ( 1.243631002705786900, -2.746090920953005100, -37.53526225536037900 ) ) ;
#6621 = AXIS2_PLACEMENT_3D ( 'NONE', #6868, #15, #1350 ) ;
#6622 = CARTESIAN_POINT ( 'NONE',  ( 3.999999999999996400, -1.045839947578414800E-015, -14.37499999999996300 ) ) ;
#6623 = VERTEX_POINT ( 'NONE', #606 ) ;
#6624 = EDGE_CURVE ( 'NONE', #7709, #5750, #5975, .T. ) ;
#6625 = ORIENTED_EDGE ( 'NONE', *, *, #3030, .F. ) ;
#6626 = CARTESIAN_POINT ( 'NONE',  ( 4.618802153517005800, 6.478866617091239000E-014, -1.374999999999987800 ) ) ;
#6627 = CARTESIAN_POINT ( 'NONE',  ( 3.999999999999996400, -4.996790860652426200E-015, -11.24999999999997700 ) ) ;
#6628 = ADVANCED_FACE ( 'NONE', ( #2915 ), #7609, .T. ) ;
#6629 = CARTESIAN_POINT ( 'NONE',  ( -4.000000000000000000, 4.898587196589412800E-016, -30.00000000000000000 ) ) ;
#6630 = DIRECTION ( 'NONE',  ( 0.0000000000000000000, 0.0000000000000000000, 1.000000000000000000 ) ) ;
#6631 = CARTESIAN_POINT ( 'NONE',  ( -2.309401076758613100, 3.999999999999936100, -13.91666666666663600 ) ) ;
#6632 = AXIS2_PLACEMENT_3D ( 'NONE', #6, #6694, #6136 ) ;
#6633 = CARTESIAN_POINT ( 'NONE',  ( -4.618802153517005800, -6.535430629823232500E-014, -23.74999999999994300 ) ) ;
#6634 = CARTESIAN_POINT ( 'NONE',  ( -1.934401076758556700, 3.350480947161627900, -1.416666666666657600 ) ) ;
#6635 =( BOUNDED_CURVE ( )  B_SPLINE_CURVE ( 2, ( #6343, #5207, #5833, #955, #5161, #2163, #6434, #7069, #4527 ),
 .UNSPECIFIED., .F., .F. ) 
 B_SPLINE_CURVE_WITH_KNOTS ( ( 3, 2, 2, 2, 3 ),
 ( 0.8106060606060607700, 0.8131313131313131500, 0.8181818181818182300, 0.8232323232323232000, 0.8257575757575759100 ),
 .UNSPECIFIED. ) 
 CURVE ( )  GEOMETRIC_REPRESENTATION_ITEM ( )  RATIONAL_B_SPLINE_CURVE ( ( 0.9330127018922194100, 0.9330127018922238500, 1.000000000000000000, 0.8660254037844387100, 1.000000000000000000, 0.8660254037844387100, 1.000000000000000000, 0.9330127018922149700, 0.9330127018922194100 ) ) 
 REPRESENTATION_ITEM ( '' )  );
#6636 = ORIENTED_EDGE ( 'NONE', *, *, #4989, .F. ) ;
#6637 = CARTESIAN_POINT ( 'NONE',  ( -2.309401076758582400, 3.999999999999954300, -10.04166666666663600 ) ) ;
#6638 = CARTESIAN_POINT ( 'NONE',  ( -3.350480947161659000, 0.8977586640478008000, -9.294658198738496000 ) ) ;
#6639 = CARTESIAN_POINT ( 'NONE',  ( 1.934401076758634400, -3.350480947161582200, -23.91666666666661100 ) ) ;
#6640 = CARTESIAN_POINT ( 'NONE',  ( -4.679256681265764000E-014, 3.350480947161662100, -13.49999999999996400 ) ) ;
#6641 = CARTESIAN_POINT ( 'NONE',  ( -1.934401076758602200, 3.350480947161601700, -27.54166666666660400 ) ) ;
#6642 = CYLINDRICAL_SURFACE ( 'NONE', #168, 4.000000000000000000 ) ;
#6643 = CARTESIAN_POINT ( 'NONE',  ( 5.635356014114907400E-014, -4.000000000000000000, -2.499999999999992900 ) ) ;
#6644 = CARTESIAN_POINT ( 'NONE',  ( 2.901601615137770400, -1.675240473580789800, -17.95833333333329300 ) ) ;
#6645 = CARTESIAN_POINT ( 'NONE',  ( 3.350480947161662100, 4.103155767545721900E-016, 0.0000000000000000000 ) ) ;
#6646 = CARTESIAN_POINT ( 'NONE',  ( 3.350480947161665700, -8.773435115796703100E-015, -13.74999999999996800 ) ) ;
#6647 = VECTOR ( 'NONE', #3477, 1000.000000000000000 ) ;
#6648 = CARTESIAN_POINT ( 'NONE',  ( -2.901601615137777000, 1.675240473580779100, -19.33333333333328600 ) ) ;
#6649 = CARTESIAN_POINT ( 'NONE',  ( 5.635356014114907400E-014, -4.000000000000000000, -23.62499999999994000 ) ) ;
#6650 = LINE ( 'NONE', #2881, #5109 ) ;
#6651 = CARTESIAN_POINT ( 'NONE',  ( -7.937691996511932000E-014, 4.000000000000000000, -22.99999999999994700 ) ) ;
#6652 = PERSON_AND_ORGANIZATION_ROLE ( 'classification_officer' ) ;
#6653 = CARTESIAN_POINT ( 'NONE',  ( 3.464101615137726400, 2.000000000000048800, 1.708333333333338800 ) ) ;
#6654 = VECTOR ( 'NONE', #1512, 1000.000000000000000 ) ;
#6655 = VERTEX_POINT ( 'NONE', #2113 ) ;
#6656 = CARTESIAN_POINT ( 'NONE',  ( 3.999999999999996400, -1.661723472263481600E-014, -17.37499999999995400 ) ) ;
#6657 = CARTESIAN_POINT ( 'NONE',  ( 1.934401076758344200, 3.350480947161751400, -24.58333333333327500 ) ) ;
#6658 = CARTESIAN_POINT ( 'NONE',  ( -5.335761604073078800E-014, 3.350480947161662100, -6.499999999999979600 ) ) ;
#6659 = CARTESIAN_POINT ( 'NONE',  ( 2.901601615137675300, 1.675240473580954100, -22.79166666666661500 ) ) ;
#6660 = CARTESIAN_POINT ( 'NONE',  ( 3.350480947161671900, -7.437084071668728600E-015, -25.74999999999994000 ) ) ;
#6661 = CARTESIAN_POINT ( 'NONE',  ( 4.618802153517005800, 6.478866617091239000E-014, -31.24999999999992900 ) ) ;
#6662 = CARTESIAN_POINT ( 'NONE',  ( 2.901601615137720200, 1.675240473580877200, -1.666666666666657000 ) ) ;
#6663 = CARTESIAN_POINT ( 'NONE',  ( 0.0000000000000000000, -7.130989006236733300E-015, -29.74999999999999600 ) ) ;
#6664 = CARTESIAN_POINT ( 'NONE',  ( 4.000000000000001800, -1.071796769724430400, -27.29465819873846000 ) ) ;
#6665 = ORIENTED_EDGE ( 'NONE', *, *, #5647, .T. ) ;
#6666 = EDGE_CURVE ( 'NONE', #1879, #6968, #5173, .T. ) ;
#6667 = CARTESIAN_POINT ( 'NONE',  ( -3.999999999999996400, -5.694017492371369400E-015, -27.87499999999993600 ) ) ;
#6668 = CARTESIAN_POINT ( 'NONE',  ( 4.720288238941220700E-014, -3.350480947161662100, -14.99999999999996300 ) ) ;
#6669 = AXIS2_PLACEMENT_3D ( 'NONE', #3310, #931, #320 ) ;
#6670 = CARTESIAN_POINT ( 'NONE',  ( -6.977023911091368200E-014, 3.350480947161662100, -26.62499999999994000 ) ) ;
#6671 = CARTESIAN_POINT ( 'NONE',  ( 5.635356014114907400E-014, -4.000000000000000000, -3.499999999999990200 ) ) ;
#6672 = ADVANCED_FACE ( 'NONE', ( #892 ), #900, .T. ) ;
#6673 = CARTESIAN_POINT ( 'NONE',  ( 2.901601615137770400, -1.675240473580789800, -16.95833333333329300 ) ) ;
#6674 = EDGE_LOOP ( 'NONE', ( #1155, #5022 ) ) ;
#6675 = CARTESIAN_POINT ( 'NONE',  ( -2.309401076758442100, -4.000000000000034600, -1.583333333333327700 ) ) ;
#6676 = VERTEX_POINT ( 'NONE', #3907 ) ;
#6677 = ORIENTED_EDGE ( 'NONE', *, *, #7414, .F. ) ;
#6678 = EDGE_CURVE ( 'NONE', #2175, #6683, #2532, .T. ) ;
#6679 =( BOUNDED_CURVE ( )  B_SPLINE_CURVE ( 2, ( #846, #5745, #6982, #3921, #4535, #869, #7008, #1560, #2790 ),
 .UNSPECIFIED., .F., .F. ) 
 B_SPLINE_CURVE_WITH_KNOTS ( ( 3, 2, 2, 2, 3 ),
 ( 0.2803030303030303900, 0.2828282828282828200, 0.2878787878787879000, 0.2929292929292929300, 0.2954545454545455300 ),
 .UNSPECIFIED. ) 
 CURVE ( )  GEOMETRIC_REPRESENTATION_ITEM ( )  RATIONAL_B_SPLINE_CURVE ( ( 0.9330127018922194100, 0.9330127018922216300, 1.000000000000000000, 0.8660254037844387100, 1.000000000000000000, 0.8660254037844387100, 1.000000000000000000, 0.9330127018922171900, 0.9330127018922194100 ) ) 
 REPRESENTATION_ITEM ( '' )  );
#6680 = CARTESIAN_POINT ( 'NONE',  ( 3.999999999999998200, -1.071796769724449300, -6.419658198738500400 ) ) ;
#6681 = CARTESIAN_POINT ( 'NONE',  ( -2.309401076758561500, 3.999999999999966200, -22.04166666666660700 ) ) ;
#6682 = CARTESIAN_POINT ( 'NONE',  ( 4.720288238941220100E-014, -3.350480947161662100, 0.8750000000000035500 ) ) ;
#6683 = VERTEX_POINT ( 'NONE', #2036 ) ;
#6684 = CARTESIAN_POINT ( 'NONE',  ( 3.350480947161659500, -3.369928719974892300E-015, -28.87499999999994000 ) ) ;
#6685 = CARTESIAN_POINT ( 'NONE',  ( 3.464101615137793500, -1.999999999999932700, -11.33333333333330700 ) ) ;
#6686 = CARTESIAN_POINT ( 'NONE',  ( 4.000000000000012400, -1.289869268680045000E-014, -22.24999999999995400 ) ) ;
#6687 = CARTESIAN_POINT ( 'NONE',  ( -4.000000000000000000, -1.071796769724525000, -0.8303418012614698400 ) ) ;
#6688 = CARTESIAN_POINT ( 'NONE',  ( -4.618802153517005800, -6.535430629823232500E-014, -28.74999999999993600 ) ) ;
#6689 = CARTESIAN_POINT ( 'NONE',  ( -3.020290287111177600, -1.450368628616595800, -0.1778527147052651700 ) ) ;
#6690 = ORIENTED_EDGE ( 'NONE', *, *, #6836, .F. ) ;
#6691 = CARTESIAN_POINT ( 'NONE',  ( -2.309401076758595700, 3.999999999999946300, -24.04166666666660700 ) ) ;
#6692 = FACE_OUTER_BOUND ( 'NONE', #1786, .T. ) ;
#6693 = CARTESIAN_POINT ( 'NONE',  ( 1.934401076758545600, -3.350480947161634100, -14.91666666666662900 ) ) ;
#6694 = DIRECTION ( 'NONE',  ( 0.0000000000000000000, 0.0000000000000000000, 1.000000000000000000 ) ) ;
#6695 = CARTESIAN_POINT ( 'NONE',  ( -3.464101615137783700, 1.999999999999948500, -1.833333333333327700 ) ) ;
#6696 = CARTESIAN_POINT ( 'NONE',  ( -3.350480947161659500, 9.296355089585909900E-015, -14.24999999999996600 ) ) ;
#6697 = CARTESIAN_POINT ( 'NONE',  ( 3.999999999999996400, 2.788906526875773200E-015, -19.24999999999995700 ) ) ;
#6698 = ORIENTED_EDGE ( 'NONE', *, *, #6942, .T. ) ;
#6699 =( BOUNDED_CURVE ( )  B_SPLINE_CURVE ( 2, ( #1479, #7019, #2703, #3363, #3280, #230, #1034, #5303, #442 ),
 .UNSPECIFIED., .F., .T. ) 
 B_SPLINE_CURVE_WITH_KNOTS ( ( 3, 2, 2, 2, 3 ),
 ( 0.5075757575757576800, 0.5101010101010100600, 0.5151515151515151400, 0.5202020202020202200, 0.5227272727272729300 ),
 .UNSPECIFIED. ) 
 CURVE ( )  GEOMETRIC_REPRESENTATION_ITEM ( )  RATIONAL_B_SPLINE_CURVE ( ( 0.9330127018922194100, 0.9330127018922223000, 1.000000000000000000, 0.8660254037844387100, 1.000000000000000000, 0.8660254037844387100, 1.000000000000000000, 0.9330127018922149700, 0.9330127018922194100 ) ) 
 REPRESENTATION_ITEM ( '' )  );
#6700 = AXIS2_PLACEMENT_3D ( 'NONE', #4036, #6543, #341 ) ;
#6701 = CARTESIAN_POINT ( 'NONE',  ( -3.464101615137794400, 1.999999999999931200, -26.95833333333326500 ) ) ;
#6702 = CARTESIAN_POINT ( 'NONE',  ( -3.999999999999998200, -1.071796769724530100, -3.705341801261470300 ) ) ;
#6703 = CARTESIAN_POINT ( 'NONE',  ( 4.000000000000000000, 0.0000000000000000000, -30.00000000000000000 ) ) ;
#6704 = CARTESIAN_POINT ( 'NONE',  ( 4.618802153517005800, 6.478866617091239000E-014, -18.37499999999995000 ) ) ;
#6705 = VERTEX_POINT ( 'NONE', #6992 ) ;
#6706 =( BOUNDED_CURVE ( )  B_SPLINE_CURVE ( 2, ( #7467, #2055, #4412, #5020, #5643, #1978, #3899, #7613, #2715 ),
 .UNSPECIFIED., .F., .F. ) 
 B_SPLINE_CURVE_WITH_KNOTS ( ( 3, 2, 2, 2, 3 ),
 ( 0.6136363636363637600, 0.6161616161616161300, 0.6212121212121212200, 0.6262626262626263000, 0.6287878787878789000 ),
 .UNSPECIFIED. ) 
 CURVE ( )  GEOMETRIC_REPRESENTATION_ITEM ( )  RATIONAL_B_SPLINE_CURVE ( ( 0.9330127018922194100, 0.9330127018922223000, 1.000000000000000000, 0.8660254037844387100, 1.000000000000000000, 0.8660254037844387100, 1.000000000000000000, 0.9330127018922164100, 0.9330127018922194100 ) ) 
 REPRESENTATION_ITEM ( '' )  );
#6707 = CIRCLE ( 'NONE', #1763, 3.464101615137755700 ) ;
#6708 = DIRECTION ( 'NONE',  ( -0.0000000000000000000, -0.0000000000000000000, -1.000000000000000000 ) ) ;
#6709 = CARTESIAN_POINT ( 'NONE',  ( -2.309401076758561500, 3.999999999999966200, -5.041666666666647400 ) ) ;
#6710 = DIRECTION ( 'NONE',  ( 1.000000000000000000, 0.0000000000000000000, 0.0000000000000000000 ) ) ;
#6711 = ADVANCED_FACE ( 'NONE', ( #3966 ), #818, .T. ) ;
#6712 = CARTESIAN_POINT ( 'NONE',  ( -1.934401076758560000, 3.350480947161626100, -5.541666666666649200 ) ) ;
#6713 = CARTESIAN_POINT ( 'NONE',  ( -3.350480947161662600, 0.8977586640477969200, -6.419658198738503100 ) ) ;
#6714 = EDGE_CURVE ( 'NONE', #6330, #3154, #6409, .T. ) ;
#6715 = DIRECTION ( 'NONE',  ( 0.0000000000000000000, 0.0000000000000000000, 1.000000000000000000 ) ) ;
#6716 = EDGE_LOOP ( 'NONE', ( #7914, #3605, #7555, #644 ) ) ;
#6717 = AXIS2_PLACEMENT_3D ( 'NONE', #632, #3087, #7380 ) ;
#6718 = CARTESIAN_POINT ( 'NONE',  ( -4.000000000000000000, 4.898587196589412800E-016, -30.00000000000000000 ) ) ;
#6719 = CARTESIAN_POINT ( 'NONE',  ( -3.464101615137725500, -2.000000000000050200, -28.66666666666660000 ) ) ;
#6720 = EDGE_LOOP ( 'NONE', ( #6932, #3027 ) ) ;
#6721 = AXIS2_PLACEMENT_3D ( 'NONE', #5819, #1561, #353 ) ;
#6722 = CARTESIAN_POINT ( 'NONE',  ( -3.464101615137713100, -2.000000000000072800, -8.666666666666644800 ) ) ;
#6723 = DIRECTION ( 'NONE',  ( 1.000000000000000000, 0.0000000000000000000, 0.0000000000000000000 ) ) ;
#6724 = CARTESIAN_POINT ( 'NONE',  ( -1.934401076758449900, -3.350480947161689600, -16.08333333333329300 ) ) ;
#6725 = EDGE_LOOP ( 'NONE', ( #7542, #5181, #7627, #3923 ) ) ;
#6726 =( BOUNDED_CURVE ( )  B_SPLINE_CURVE ( 2, ( #4770, #7219, #1726, #1757, #5495, #1869, #2479, #2369, #3643 ),
 .UNSPECIFIED., .F., .T. ) 
 B_SPLINE_CURVE_WITH_KNOTS ( ( 3, 2, 2, 2, 3 ),
 ( 0.1439393939393940100, 0.1464646464646464600, 0.1515151515151515200, 0.1565656565656565700, 0.1590909090909092000 ),
 .UNSPECIFIED. ) 
 CURVE ( )  GEOMETRIC_REPRESENTATION_ITEM ( )  RATIONAL_B_SPLINE_CURVE ( ( 0.9330127018922194100, 0.9330127018922211900, 1.000000000000000000, 0.8660254037844387100, 1.000000000000000000, 0.8660254037844387100, 1.000000000000000000, 0.9330127018922167400, 0.9330127018922193000 ) ) 
 REPRESENTATION_ITEM ( '' )  );
#6727 =( BOUNDED_CURVE ( )  B_SPLINE_CURVE ( 2, ( #4446, #6282, #3763, #3194, #7469, #3785, #1417, #7517, #5050 ),
 .UNSPECIFIED., .F., .T. ) 
 B_SPLINE_CURVE_WITH_KNOTS ( ( 3, 2, 2, 2, 3 ),
 ( 0.6590909090909092800, 0.6616161616161616600, 0.6666666666666666300, 0.6717171717171717100, 0.6742424242424244200 ),
 .UNSPECIFIED. ) 
 CURVE ( )  GEOMETRIC_REPRESENTATION_ITEM ( )  RATIONAL_B_SPLINE_CURVE ( ( 0.9330127018922194100, 0.9330127018922238500, 1.000000000000000000, 0.8660254037844387100, 1.000000000000000000, 0.8660254037844387100, 1.000000000000000000, 0.9330127018922149700, 0.9330127018922194100 ) ) 
 REPRESENTATION_ITEM ( '' )  );
#6728 = ORIENTED_EDGE ( 'NONE', *, *, #5122, .F. ) ;
#6729 = DIRECTION ( 'NONE',  ( -1.000000000000000000, 0.0000000000000000000, 0.0000000000000000000 ) ) ;
#6730 = EDGE_CURVE ( 'NONE', #3551, #2227, #5399, .T. ) ;
#6731 = CARTESIAN_POINT ( 'NONE',  ( -2.309401076758561500, 3.999999999999966200, -1.916666666666660500 ) ) ;
#6732 = CARTESIAN_POINT ( 'NONE',  ( -3.350480947161658600, -0.8977586640478673100, -7.205341801261457800 ) ) ;
#6733 = CARTESIAN_POINT ( 'NONE',  ( 3.999999999999998200, -1.071796769724457700, -1.294658198738516600 ) ) ;
#6734 = CARTESIAN_POINT ( 'NONE',  ( 0.0000000000000000000, 0.0000000000000000000, 0.0000000000000000000 ) ) ;
#6735 = DIRECTION ( 'NONE',  ( -0.0000000000000000000, -0.0000000000000000000, -1.000000000000000000 ) ) ;
#6736 = VERTEX_POINT ( 'NONE', #901 ) ;
#6737 = CARTESIAN_POINT ( 'NONE',  ( 9.440161701316530600E-014, -3.350480947161662100, -13.12499999999996600 ) ) ;
#6738 = CARTESIAN_POINT ( 'NONE',  ( -3.464101615137725500, -2.000000000000050200, -28.79166666666659300 ) ) ;
#6739 = CARTESIAN_POINT ( 'NONE',  ( 3.464101615137813900, -1.999999999999897200, -23.45833333333327200 ) ) ;
#6740 = AXIS2_PLACEMENT_3D ( 'NONE', #1998, #4439, #5696 ) ;
#6741 = EDGE_CURVE ( 'NONE', #3913, #4614, #4000, .T. ) ;
#6742 = VECTOR ( 'NONE', #6962, 1000.000000000000000 ) ;
#6743 = CARTESIAN_POINT ( 'NONE',  ( -3.464101615137725500, -2.000000000000050200, -5.791666666666644800 ) ) ;
#6744 = DIRECTION ( 'NONE',  ( 0.0000000000000000000, 0.0000000000000000000, 1.000000000000000000 ) ) ;
#6745 = ORIENTED_EDGE ( 'NONE', *, *, #6462, .F. ) ;
#6746 = CARTESIAN_POINT ( 'NONE',  ( 3.350480947161665200, 0.8977586640478634200, -6.830341801261461400 ) ) ;
#6747 = CARTESIAN_POINT ( 'NONE',  ( -2.309401076758561500, 3.999999999999966200, -31.91666666666659300 ) ) ;
#6748 = VECTOR ( 'NONE', #2081, 1000.000000000000000 ) ;
#6749 = CARTESIAN_POINT ( 'NONE',  ( 4.000000000000003600, -3.195622062045156800E-014, -15.37499999999996300 ) ) ;
#6751 = DIRECTION ( 'NONE',  ( 0.0000000000000000000, 0.0000000000000000000, 1.000000000000000000 ) ) ;
#6750 = FACE_OUTER_BOUND ( 'NONE', #1509, .T. ) ;
#6752 =( BOUNDED_CURVE ( )  B_SPLINE_CURVE ( 2, ( #4703, #2301, #363, #7674, #4676, #4651, #1649, #5253, #951 ),
 .UNSPECIFIED., .F., .T. ) 
 B_SPLINE_CURVE_WITH_KNOTS ( ( 3, 2, 2, 2, 3 ),
 ( 0.7196969696969698300, 0.7222222222222222100, 0.7272727272727272900, 0.7323232323232323800, 0.7348484848484849700 ),
 .UNSPECIFIED. ) 
 CURVE ( )  GEOMETRIC_REPRESENTATION_ITEM ( )  RATIONAL_B_SPLINE_CURVE ( ( 0.9330127018922194100, 0.9330127018922238500, 1.000000000000000000, 0.8660254037844387100, 1.000000000000000000, 0.8660254037844387100, 1.000000000000000000, 0.9330127018922164100, 0.9330127018922194100 ) ) 
 REPRESENTATION_ITEM ( '' )  );
#6753 = CARTESIAN_POINT ( 'NONE',  ( -4.000000000000000900, -1.071796769724532100, -15.70534180126144400 ) ) ;
#6754 = CARTESIAN_POINT ( 'NONE',  ( -3.868802153516995600, -5.474208951679871900E-014, -18.24999999999995700 ) ) ;
#6755 = DIRECTION ( 'NONE',  ( -1.000000000000000000, 0.0000000000000000000, 0.0000000000000000000 ) ) ;
#6756 = FACE_OUTER_BOUND ( 'NONE', #6044, .T. ) ;
#6757 = VERTEX_POINT ( 'NONE', #3976 ) ;
#6758 = CARTESIAN_POINT ( 'NONE',  ( -3.464101615137783700, 1.999999999999948500, -6.833333333333317100 ) ) ;
#6759 = ADVANCED_FACE ( 'NONE', ( #3880 ), #4918, .T. ) ;
#6760 = CARTESIAN_POINT ( 'NONE',  ( -3.350480947161662100, 0.0000000000000000000, 0.0000000000000000000 ) ) ;
#6761 = VECTOR ( 'NONE', #4022, 1000.000000000000000 ) ;
#6762 = DIRECTION ( 'NONE',  ( -1.000000000000000000, 0.0000000000000000000, 0.0000000000000000000 ) ) ;
#6763 = CARTESIAN_POINT ( 'NONE',  ( -3.350480947161671900, 2.062628785501874000E-014, -24.24999999999995000 ) ) ;
#6764 = CARTESIAN_POINT ( 'NONE',  ( 3.350480947161671900, -1.074891057233370800E-014, -21.74999999999995400 ) ) ;
#6765 = CARTESIAN_POINT ( 'NONE',  ( -2.309401076758561500, 3.999999999999966200, -26.04166666666660400 ) ) ;
#6766 = VECTOR ( 'NONE', #5189, 1000.000000000000000 ) ;
#6767 = EDGE_LOOP ( 'NONE', ( #1131, #5188, #3192, #2075 ) ) ;
#6768 = CARTESIAN_POINT ( 'NONE',  ( -2.901601615137785500, 1.675240473580763600, -12.45833333333330000 ) ) ;
#6769 = CARTESIAN_POINT ( 'NONE',  ( 4.618802153517005800, 6.478866617091239000E-014, -5.374999999999979600 ) ) ;
#6770 = DIRECTION ( 'NONE',  ( -1.000000000000000000, 2.503857664561928900E-016, 0.0000000000000000000 ) ) ;
#6771 = CARTESIAN_POINT ( 'NONE',  ( 0.0000000000000000000, 0.0000000000000000000, -30.00000000000000000 ) ) ;
#6772 = FACE_OUTER_BOUND ( 'NONE', #1641, .T. ) ;
#6773 = EDGE_LOOP ( 'NONE', ( #7841, #2135, #2115, #2496 ) ) ;
#6774 = CARTESIAN_POINT ( 'NONE',  ( 2.901601615137777900, -1.675240473580776000, -8.958333333333307300 ) ) ;
#6775 = CARTESIAN_POINT ( 'NONE',  ( 5.635356014114907400E-014, -4.000000000000000000, -30.49999999999992900 ) ) ;
#6776 = ORIENTED_EDGE ( 'NONE', *, *, #75, .F. ) ;
#6777 = CARTESIAN_POINT ( 'NONE',  ( 3.350480947161662100, -1.138803498474273900E-014, -8.749999999999978700 ) ) ;
#6778 = CARTESIAN_POINT ( 'NONE',  ( 3.350480947161659500, -9.819275063375116700E-015, -20.87499999999996100 ) ) ;
#6779 = EDGE_CURVE ( 'NONE', #6676, #1000, #5502, .T. ) ;
#6780 = VERTEX_POINT ( 'NONE', #3407 ) ;
#6781 = CARTESIAN_POINT ( 'NONE',  ( 2.901601615137722900, 1.675240473580871900, -21.66666666666661500 ) ) ;
#6782 = ORIENTED_EDGE ( 'NONE', *, *, #4475, .F. ) ;
#6783 = ORIENTED_EDGE ( 'NONE', *, *, #7690, .T. ) ;
#6784 = CARTESIAN_POINT ( 'NONE',  ( -5.586370142149013400E-014, 4.000000000000000000, -6.999999999999983100 ) ) ;
#6785 = CARTESIAN_POINT ( 'NONE',  ( -3.464101615137797900, 1.999999999999924900, -5.833333333333318800 ) ) ;
#6786 = CARTESIAN_POINT ( 'NONE',  ( -3.350480947161659500, 0.8977586640477962500, -21.29465819873847100 ) ) ;
#6787 = CARTESIAN_POINT ( 'NONE',  ( -3.999999999999996400, -1.071796769724542700, -20.83034180126142900 ) ) ;
#6788 = EDGE_CURVE ( 'NONE', #486, #1888, #7446, .T. ) ;
#6789 =( BOUNDED_CURVE ( )  B_SPLINE_CURVE ( 2, ( #2407, #6103, #1769, #6691, #2383, #7233, #7889, #5994, #4246 ),
 .UNSPECIFIED., .F., .F. ) 
 B_SPLINE_CURVE_WITH_KNOTS ( ( 3, 2, 2, 2, 3 ),
 ( 0.7803030303030305000, 0.7828282828282828700, 0.7878787878787878500, 0.7929292929292929300, 0.7954545454545456400 ),
 .UNSPECIFIED. ) 
 CURVE ( )  GEOMETRIC_REPRESENTATION_ITEM ( )  RATIONAL_B_SPLINE_CURVE ( ( 0.9330127018922194100, 0.9330127018922238500, 1.000000000000000000, 0.8660254037844387100, 1.000000000000000000, 0.8660254037844387100, 1.000000000000000000, 0.9330127018922149700, 0.9330127018922194100 ) ) 
 REPRESENTATION_ITEM ( '' )  );
#6790 = ORIENTED_EDGE ( 'NONE', *, *, #3839, .T. ) ;
#6791 = CARTESIAN_POINT ( 'NONE',  ( 4.618802153517005800, 6.478866617091239000E-014, -25.37499999999993600 ) ) ;
#6792 = EDGE_CURVE ( 'NONE', #3294, #7717, #4592, .T. ) ;
#6793 = ORIENTED_EDGE ( 'NONE', *, *, #2934, .T. ) ;
#6794 = CARTESIAN_POINT ( 'NONE',  ( -4.000000000000018700, -1.071796769724521200, -24.70534180126142200 ) ) ;
#6795 = CARTESIAN_POINT ( 'NONE',  ( -3.464101615137695800, -2.000000000000103000, -14.66666666666663400 ) ) ;
#6796 = CARTESIAN_POINT ( 'NONE',  ( -3.464101615137783700, 1.999999999999948500, -4.958333333333313500 ) ) ;
#6797 = CARTESIAN_POINT ( 'NONE',  ( -3.999999999999996400, 1.882511905641147000E-014, -10.87499999999997000 ) ) ;
#6798 = ADVANCED_FACE ( 'NONE', ( #7887 ), #4059, .T. ) ;
#6799 = CARTESIAN_POINT ( 'NONE',  ( 3.350480947161662100, 0.8977586640478684200, -7.705341801261457800 ) ) ;
#6800 = CARTESIAN_POINT ( 'NONE',  ( -3.350480947161651900, 0.8977586640477986900, -16.29465819873848200 ) ) ;
#6801 = ORIENTED_EDGE ( 'NONE', *, *, #4911, .F. ) ;
#6802 = CARTESIAN_POINT ( 'NONE',  ( -3.999999999999988000, 1.071796769724452800, -15.91965819873847600 ) ) ;
#6803 = AXIS2_PLACEMENT_3D ( 'NONE', #4861, #6158, #1931 ) ;
#6804 = CARTESIAN_POINT ( 'NONE',  ( 3.464101615137716200, 2.000000000000067100, -15.29166666666662300 ) ) ;
#6805 = CARTESIAN_POINT ( 'NONE',  ( 2.901601615137704200, 1.675240473580904300, -10.66666666666663800 ) ) ;
#6806 = CARTESIAN_POINT ( 'NONE',  ( 3.350480947161659900, -0.8977586640477955800, -6.919658198738502200 ) ) ;
#6807 = ORIENTED_EDGE ( 'NONE', *, *, #1921, .F. ) ;
#6808 = VECTOR ( 'NONE', #5169, 1000.000000000000000 ) ;
#6809 = CARTESIAN_POINT ( 'NONE',  ( 2.901601615137722900, 1.675240473580871900, -22.66666666666661500 ) ) ;
#6810 = CARTESIAN_POINT ( 'NONE',  ( -3.350480947161677700, -0.8977586640478556500, -24.33034180126142600 ) ) ;
#6811 = CARTESIAN_POINT ( 'NONE',  ( -3.464101615137783700, 1.999999999999948500, -9.833333333333310800 ) ) ;
#6812 = CARTESIAN_POINT ( 'NONE',  ( 3.868802153516995600, 5.426829789941480900E-014, -22.87499999999995000 ) ) ;
#6813 = ORIENTED_EDGE ( 'NONE', *, *, #4817, .T. ) ;
#6814 =( BOUNDED_CURVE ( )  B_SPLINE_CURVE ( 2, ( #4032, #2214, #3458, #1645, #4648, #7722, #949, #3409, #315 ),
 .UNSPECIFIED., .F., .F. ) 
 B_SPLINE_CURVE_WITH_KNOTS ( ( 3, 2, 2, 2, 3 ),
 ( 0.9166666666666668500, 0.9191919191919192300, 0.9242424242424242000, 0.9292929292929292800, 0.9318181818181819900 ),
 .UNSPECIFIED. ) 
 CURVE ( )  GEOMETRIC_REPRESENTATION_ITEM ( )  RATIONAL_B_SPLINE_CURVE ( ( 0.9330127018922194100, 0.9330127018922238500, 1.000000000000000000, 0.8660254037844387100, 1.000000000000000000, 0.8660254037844387100, 1.000000000000000000, 0.9330127018922149700, 0.9330127018922194100 ) ) 
 REPRESENTATION_ITEM ( '' )  );
#6815 = CIRCLE ( 'NONE', #7305, 6.110000000000003900 ) ;
#6816 = CARTESIAN_POINT ( 'NONE',  ( 3.350480947161659000, -2.614599868946037200E-015, -12.87499999999997000 ) ) ;
#6817 = CARTESIAN_POINT ( 'NONE',  ( -3.464101615137783700, 1.999999999999948500, -23.95833333333327200 ) ) ;
#6818 = CARTESIAN_POINT ( 'NONE',  ( 2.901601615137722900, 1.675240473580871900, -3.791666666666652800 ) ) ;
#6819 = CARTESIAN_POINT ( 'NONE',  ( -2.901601615137772600, 1.675240473580786000, -9.458333333333307300 ) ) ;
#6820 = VERTEX_POINT ( 'NONE', #7086 ) ;
#6821 = ORIENTED_EDGE ( 'NONE', *, *, #6557, .F. ) ;
#6822 = CARTESIAN_POINT ( 'NONE',  ( 2.309401076758560200, -3.999999999999966700, -6.541666666666643900 ) ) ;
#6823 = CARTESIAN_POINT ( 'NONE',  ( 4.000000000000000900, 1.071796769724534300, -5.330341801261459600 ) ) ;
#6824 = CARTESIAN_POINT ( 'NONE',  ( -1.091771255419890100E-013, 3.350480947161662100, -16.49999999999995700 ) ) ;
#6825 = EDGE_CURVE ( 'NONE', #745, #841, #2054, .T. ) ;
#6826 = CARTESIAN_POINT ( 'NONE',  ( 0.0000000000000000000, 0.0000000000000000000, 0.0000000000000000000 ) ) ;
#6827 = AXIS2_PLACEMENT_3D ( 'NONE', #1061, #1087, #6599 ) ;
#6828 = AXIS2_PLACEMENT_3D ( 'NONE', #1102, #7787, #7211 ) ;
#6829 =( BOUNDED_CURVE ( )  B_SPLINE_CURVE ( 2, ( #434, #4666, #994, #1607, #4714, #4742, #2872, #2236, #966 ),
 .UNSPECIFIED., .F., .T. ) 
 B_SPLINE_CURVE_WITH_KNOTS ( ( 3, 2, 2, 2, 3 ),
 ( 0.7348484848484849700, 0.7373737373737373500, 0.7424242424242424300, 0.7474747474747475100, 0.7500000000000001100 ),
 .UNSPECIFIED. ) 
 CURVE ( )  GEOMETRIC_REPRESENTATION_ITEM ( )  RATIONAL_B_SPLINE_CURVE ( ( 0.9330127018922194100, 0.9330127018922223000, 1.000000000000000000, 0.8660254037844387100, 1.000000000000000000, 0.8660254037844387100, 1.000000000000000000, 0.9330127018922164100, 0.9330127018922194100 ) ) 
 REPRESENTATION_ITEM ( '' )  );
#6830 = ORIENTED_EDGE ( 'NONE', *, *, #3606, .F. ) ;
#6831 = CARTESIAN_POINT ( 'NONE',  ( -3.230638199309121100, -0.9870691022340850600, -0.1906485722025291500 ) ) ;
#6832 = CARTESIAN_POINT ( 'NONE',  ( 3.350480947161665700, -8.773435115796703100E-015, -13.74999999999996800 ) ) ;
#6833 = CARTESIAN_POINT ( 'NONE',  ( 1.934401076758545600, -3.350480947161634100, -19.91666666666662200 ) ) ;
#6834 = CARTESIAN_POINT ( 'NONE',  ( 3.464101615137827700, -1.999999999999873400, -23.33333333333327900 ) ) ;
#6835 = CYLINDRICAL_SURFACE ( 'NONE', #658, 3.350480947161662100 ) ;
#6836 = EDGE_CURVE ( 'NONE', #3154, #799, #2469, .T. ) ;
#6837 = CARTESIAN_POINT ( 'NONE',  ( -3.464101615137725500, -2.000000000000050200, -9.666666666666644800 ) ) ;
#6839 = ADVANCED_FACE ( 'NONE', ( #3308 ), #3181, .F. ) ;
#6838 = VERTEX_POINT ( 'NONE', #4030 ) ;
#6840 = CARTESIAN_POINT ( 'NONE',  ( -3.999999999999996400, 1.289869268680045000E-014, -12.74999999999997500 ) ) ;
#6841 = DIRECTION ( 'NONE',  ( 0.0000000000000000000, 0.0000000000000000000, -1.000000000000000000 ) ) ;
#6842 = DIRECTION ( 'NONE',  ( 0.0000000000000000000, 0.0000000000000000000, 1.000000000000000000 ) ) ;
#6843 = CARTESIAN_POINT ( 'NONE',  ( 1.934401076758554200, -3.350480947161628800, -13.04166666666663200 ) ) ;
#6844 = CARTESIAN_POINT ( 'NONE',  ( 2.309401076758446100, 4.000000000000032000, -28.20833333333326100 ) ) ;
#6845 = FACE_OUTER_BOUND ( 'NONE', #6674, .T. ) ;
#6846 = CARTESIAN_POINT ( 'NONE',  ( -1.934401076758449900, -3.350480947161689600, -6.208333333333314400 ) ) ;
#6847 = CARTESIAN_POINT ( 'NONE',  ( 1.934401076758427900, 3.350480947161701200, -9.708333333333307300 ) ) ;
#6848 = AXIS2_PLACEMENT_3D ( 'NONE', #1146, #4881, #1207 ) ;
#6849 = EDGE_CURVE ( 'NONE', #5220, #775, #1749, .T. ) ;
#6850 = CARTESIAN_POINT ( 'NONE',  ( 5.635356014114907400E-014, -4.000000000000000000, -10.62499999999996800 ) ) ;
#6851 = CARTESIAN_POINT ( 'NONE',  ( -3.464101615137803700, 1.999999999999914100, -18.83333333333329000 ) ) ;
#6852 = CARTESIAN_POINT ( 'NONE',  ( 0.0000000000000000000, 0.0000000000000000000, 0.0000000000000000000 ) ) ;
#6853 = CYLINDRICAL_SURFACE ( 'NONE', #5996, 4.000000000000000000 ) ;
#6854 =( BOUNDED_CURVE ( )  B_SPLINE_CURVE ( 2, ( #2521, #1372, #147, #6867, #3150, #762, #4984, #5031, #97 ),
 .UNSPECIFIED., .F., .T. ) 
 B_SPLINE_CURVE_WITH_KNOTS ( ( 3, 2, 2, 2, 3 ),
 ( 0.5681818181818183400, 0.5707070707070707200, 0.5757575757575758000, 0.5808080808080807700, 0.5833333333333334800 ),
 .UNSPECIFIED. ) 
 CURVE ( )  GEOMETRIC_REPRESENTATION_ITEM ( )  RATIONAL_B_SPLINE_CURVE ( ( 0.9330127018922194100, 0.9330127018922238500, 1.000000000000000000, 0.8660254037844387100, 1.000000000000000000, 0.8660254037844387100, 1.000000000000000000, 0.9330127018922149700, 0.9330127018922194100 ) ) 
 REPRESENTATION_ITEM ( '' )  );
#6855 = CARTESIAN_POINT ( 'NONE',  ( -4.000000000000003600, -1.071796769724575800, -21.83034180126142900 ) ) ;
#6856 = CARTESIAN_POINT ( 'NONE',  ( 4.000000000000000000, 0.0000000000000000000, -30.00000000000000000 ) ) ;
#6857 = CIRCLE ( 'NONE', #3049, 3.350480947161662100 ) ;
#6858 = ORIENTED_EDGE ( 'NONE', *, *, #2522, .F. ) ;
#6859 = CARTESIAN_POINT ( 'NONE',  ( -4.000000000000000900, -1.071796769724527000, -3.830341801261465000 ) ) ;
#6860 = AXIS2_PLACEMENT_3D ( 'NONE', #3635, #3836, #3177 ) ;
#6861 =( BOUNDED_CURVE ( )  B_SPLINE_CURVE ( 2, ( #4697, #478, #1671, #4180, #7771, #5304, #1058, #4774, #5984 ),
 .UNSPECIFIED., .F., .T. ) 
 B_SPLINE_CURVE_WITH_KNOTS ( ( 3, 2, 2, 2, 3 ),
 ( 0.3712121212121213300, 0.3737373737373737600, 0.3787878787878787800, 0.3838383838383838100, 0.3863636363636364600 ),
 .UNSPECIFIED. ) 
 CURVE ( )  GEOMETRIC_REPRESENTATION_ITEM ( )  RATIONAL_B_SPLINE_CURVE ( ( 0.9330127018922194100, 0.9330127018922223000, 1.000000000000000000, 0.8660254037844387100, 1.000000000000000000, 0.8660254037844387100, 1.000000000000000000, 0.9330127018922164100, 0.9330127018922194100 ) ) 
 REPRESENTATION_ITEM ( '' )  );
#6862 = CARTESIAN_POINT ( 'NONE',  ( -2.901601615137771700, 1.675240473580788000, -22.33333333333328200 ) ) ;
#6863 = CARTESIAN_POINT ( 'NONE',  ( 5.635356014114907400E-014, -4.000000000000000000, -10.49999999999997700 ) ) ;
#6864 = CARTESIAN_POINT ( 'NONE',  ( -1.934401076758360400, -3.350480947161740700, -19.20833333333329000 ) ) ;
#6865 = VECTOR ( 'NONE', #6155, 1000.000000000000000 ) ;
#6866 = EDGE_LOOP ( 'NONE', ( #6324, #706 ) ) ;
#6867 = CARTESIAN_POINT ( 'NONE',  ( -2.309401076758617900, 3.999999999999934300, -17.91666666666662500 ) ) ;
#6868 = CARTESIAN_POINT ( 'NONE',  ( 0.0000000000000000000, 0.0000000000000000000, -30.00000000000000000 ) ) ;
#6869 = CARTESIAN_POINT ( 'NONE',  ( -2.901601615137722400, -1.675240473580873000, -26.29166666666660400 ) ) ;
#6870 = CARTESIAN_POINT ( 'NONE',  ( -5.586370142149013400E-014, 4.000000000000000000, -31.12499999999992500 ) ) ;
#6871 = LINE ( 'NONE', #5433, #5897 ) ;
#6872 = ORIENTED_EDGE ( 'NONE', *, *, #1077, .T. ) ;
#6873 = EDGE_CURVE ( 'NONE', #5140, #3441, #321, .T. ) ;
#6874 = CARTESIAN_POINT ( 'NONE',  ( -1.934401076758546400, 3.350480947161633700, -4.541666666666652800 ) ) ;
#6875 = DIRECTION ( 'NONE',  ( -0.0000000000000000000, -0.0000000000000000000, -1.000000000000000000 ) ) ;
#6876 = ORIENTED_EDGE ( 'NONE', *, *, #572, .T. ) ;
#6877 = VERTEX_POINT ( 'NONE', #7648 ) ;
#6878 = CARTESIAN_POINT ( 'NONE',  ( -4.618802153517005800, -6.535430629823232500E-014, -8.874999999999969800 ) ) ;
#6879 = ADVANCED_FACE ( 'NONE', ( #6750 ), #2810, .F. ) ;
#6880 = CARTESIAN_POINT ( 'NONE',  ( 2.309401076758382100, 4.000000000000069300, -19.08333333333329000 ) ) ;
#6881 = CARTESIAN_POINT ( 'NONE',  ( -2.901601615137787200, 1.675240473580760400, -16.33333333333329300 ) ) ;
#6882 = CARTESIAN_POINT ( 'NONE',  ( -1.934401076758411400, -3.350480947161711000, -15.20833333333329500 ) ) ;
#6883 = CARTESIAN_POINT ( 'NONE',  ( 4.000000000000000900, 8.947741773726438700E-015, -7.374999999999978700 ) ) ;
#6884 = ORIENTED_EDGE ( 'NONE', *, *, #317, .F. ) ;
#6885 = EDGE_CURVE ( 'NONE', #872, #5750, #4451, .T. ) ;
#6886 = CARTESIAN_POINT ( 'NONE',  ( -3.350480947161662100, -6.100733027540754000E-015, -7.374999999999982200 ) ) ;
#6887 = ORIENTED_EDGE ( 'NONE', *, *, #2986, .F. ) ;
#6888 = CARTESIAN_POINT ( 'NONE',  ( 1.934401076758450300, 3.350480947161689200, -27.58333333333327200 ) ) ;
#6889 = CC_DESIGN_SECURITY_CLASSIFICATION ( #7137, ( #2769 ) ) ;
#6890 = CARTESIAN_POINT ( 'NONE',  ( 4.000000000000014200, -1.071796769724412600, -23.29465819873847100 ) ) ;
#6891 = CARTESIAN_POINT ( 'NONE',  ( -5.586370142149013400E-014, 4.000000000000000000, -11.99999999999997300 ) ) ;
#6892 =( BOUNDED_CURVE ( )  B_SPLINE_CURVE ( 2, ( #4129, #6517, #5257, #2276, #2833, #4681, #3464, #7725, #454 ),
 .UNSPECIFIED., .F., .F. ) 
 B_SPLINE_CURVE_WITH_KNOTS ( ( 3, 2, 2, 2, 3 ),
 ( 0.1136363636363637200, 0.1161616161616161600, 0.1212121212121212200, 0.1262626262626262700, 0.1287878787878788700 ),
 .UNSPECIFIED. ) 
 CURVE ( )  GEOMETRIC_REPRESENTATION_ITEM ( )  RATIONAL_B_SPLINE_CURVE ( ( 0.9330127018922194100, 0.9330127018922216300, 1.000000000000000000, 0.8660254037844387100, 1.000000000000000000, 0.8660254037844387100, 1.000000000000000000, 0.9330127018922175200, 0.9330127018922194100 ) ) 
 REPRESENTATION_ITEM ( '' )  );
#6893 = CARTESIAN_POINT ( 'NONE',  ( 3.350480947161659500, 2.324088772396477500E-015, -18.74999999999996100 ) ) ;
#6894 = ORIENTED_EDGE ( 'NONE', *, *, #3948, .T. ) ;
#6895 = FACE_OUTER_BOUND ( 'NONE', #3243, .T. ) ;
#6896 = DIRECTION ( 'NONE',  ( -0.0000000000000000000, -0.0000000000000000000, -1.000000000000000000 ) ) ;
#6897 = CARTESIAN_POINT ( 'NONE',  ( -3.350480947161659000, -2.295037662741521500E-014, -27.24999999999993600 ) ) ;
#6898 = CARTESIAN_POINT ( 'NONE',  ( -1.934401076758546400, 3.350480947161633700, -25.54166666666661100 ) ) ;
#6899 = CARTESIAN_POINT ( 'NONE',  ( -4.618802153517005800, -6.535430629823232500E-014, -29.87499999999992200 ) ) ;
#6900 = EDGE_CURVE ( 'NONE', #6820, #1912, #5493, .T. ) ;
#6901 = ORIENTED_EDGE ( 'NONE', *, *, #6043, .T. ) ;
#6902 = VECTOR ( 'NONE', #4887, 1000.000000000000000 ) ;
#6903 = CARTESIAN_POINT ( 'NONE',  ( -4.679256681265763300E-014, 3.350480947161662100, -2.624999999999988900 ) ) ;
#6904 = CARTESIAN_POINT ( 'NONE',  ( 3.999999999999981800, -1.071796769724419100, -28.29465819873846000 ) ) ;
#6905 = AXIS2_PLACEMENT_3D ( 'NONE', #3708, #3004, #6729 ) ;
#6906 = CARTESIAN_POINT ( 'NONE',  ( -3.464101615137783700, 1.999999999999948500, -12.95833333333329500 ) ) ;
#6907 = CARTESIAN_POINT ( 'NONE',  ( -3.999999999999996400, -1.940614124951058600E-014, -18.87499999999995400 ) ) ;
#6908 = CARTESIAN_POINT ( 'NONE',  ( -4.000000000000011500, 1.403168596334377600E-012, -29.74999999999999600 ) ) ;
#6909 = CARTESIAN_POINT ( 'NONE',  ( -3.999999999999996400, -1.071796769724534700, -7.705341801261462300 ) ) ;
#6910 = ORIENTED_EDGE ( 'NONE', *, *, #6825, .F. ) ;
#6911 = CARTESIAN_POINT ( 'NONE',  ( -3.464101615137798800, 1.999999999999923200, -6.958333333333309100 ) ) ;
#6912 = CARTESIAN_POINT ( 'NONE',  ( -1.124596501560255900E-013, 3.350480947161662100, -20.49999999999995400 ) ) ;
#6913 = CARTESIAN_POINT ( 'NONE',  ( 3.350480947161659500, -6.565550782020049000E-015, -24.74999999999994700 ) ) ;
#6914 = CARTESIAN_POINT ( 'NONE',  ( 1.934401076758450300, 3.350480947161689200, -24.58333333333327500 ) ) ;
#6915 = EDGE_LOOP ( 'NONE', ( #6472, #1052, #4404, #6001, #1267 ) ) ;
#6916 = VERTEX_POINT ( 'NONE', #3517 ) ;
#6917 = DIRECTION ( 'NONE',  ( 1.000000000000000000, 0.0000000000000000000, 0.0000000000000000000 ) ) ;
#6918 = CARTESIAN_POINT ( 'NONE',  ( -4.618802153517005800, -6.535430629823232500E-014, -16.74999999999995700 ) ) ;
#6919 = ADVANCED_FACE ( 'NONE', ( #409 ), #7695, .T. ) ;
#6920 = CARTESIAN_POINT ( 'NONE',  ( -3.999999999999996400, -2.556497649636125300E-015, -8.874999999999975100 ) ) ;
#6921 = CARTESIAN_POINT ( 'NONE',  ( -4.000000000000000000, 4.898587196589412800E-016, -30.00000000000000000 ) ) ;
#6922 = ORIENTED_EDGE ( 'NONE', *, *, #3089, .T. ) ;
#6923 = CARTESIAN_POINT ( 'NONE',  ( -1.420106672136729900E-013, 3.350480947161662100, -27.49999999999993600 ) ) ;
#6924 = ORIENTED_EDGE ( 'NONE', *, *, #3565, .F. ) ;
#6925 = CARTESIAN_POINT ( 'NONE',  ( 1.934401076758450300, 3.350480947161689200, -23.70833333333327900 ) ) ;
#6926 = CARTESIAN_POINT ( 'NONE',  ( -2.901601615137722400, -1.675240473580873000, 0.8333333333333373700 ) ) ;
#6927 = CARTESIAN_POINT ( 'NONE',  ( 1.934401076758450300, 3.350480947161689200, -10.70833333333330600 ) ) ;
#6928 = CARTESIAN_POINT ( 'NONE',  ( 2.309401076758629900, -3.999999999999927200, -14.54166666666662700 ) ) ;
#6929 = CARTESIAN_POINT ( 'NONE',  ( 4.618802153517005800, 6.478866617091239000E-014, -11.37499999999996600 ) ) ;
#6930 = CARTESIAN_POINT ( 'NONE',  ( 6.110000000000003900, 7.721398068624063200E-016, -30.00000000000000000 ) ) ;
#6931 =( BOUNDED_CURVE ( )  B_SPLINE_CURVE ( 2, ( #2380, #1091, #1738, #6637, #2970, #7861, #4272, #7886, #7259 ),
 .UNSPECIFIED., .F., .T. ) 
 B_SPLINE_CURVE_WITH_KNOTS ( ( 3, 2, 2, 2, 3 ),
 ( 0.3560606060606061900, 0.3585858585858585600, 0.3636363636363636500, 0.3686868686868686700, 0.3712121212121213300 ),
 .UNSPECIFIED. ) 
 CURVE ( )  GEOMETRIC_REPRESENTATION_ITEM ( )  RATIONAL_B_SPLINE_CURVE ( ( 0.9330127018922193000, 0.9330127018922229600, 1.000000000000000000, 0.8660254037844387100, 1.000000000000000000, 0.8660254037844387100, 1.000000000000000000, 0.9330127018922164100, 0.9330127018922194100 ) ) 
 REPRESENTATION_ITEM ( '' )  );
#6932 = ORIENTED_EDGE ( 'NONE', *, *, #1129, .F. ) ;
#6933 = DIRECTION ( 'NONE',  ( 0.0000000000000000000, 0.0000000000000000000, 1.000000000000000000 ) ) ;
#6934 = EDGE_CURVE ( 'NONE', #1652, #5312, #6861, .T. ) ;
#6935 = CARTESIAN_POINT ( 'NONE',  ( -2.309401076758617900, 3.999999999999934300, -17.04166666666662200 ) ) ;
#6936 = CARTESIAN_POINT ( 'NONE',  ( 0.0000000000000000000, 0.0000000000000000000, -30.00000000000000000 ) ) ;
#6937 = CARTESIAN_POINT ( 'NONE',  ( -2.562296379002562100, 2.394832687647124600, -0.2820891904642037200 ) ) ;
#6938 = LINE ( 'NONE', #3300, #6256 ) ;
#6939 = EDGE_LOOP ( 'NONE', ( #1743, #4853, #7545, #7651 ) ) ;
#6940 = CARTESIAN_POINT ( 'NONE',  ( 4.720288238941220700E-014, -3.350480947161662100, -25.99999999999994000 ) ) ;
#6941 = CARTESIAN_POINT ( 'NONE',  ( 3.350480947161651000, 0.8977586640478818500, -23.83034180126142600 ) ) ;
#6942 = EDGE_CURVE ( 'NONE', #2030, #5865, #6650, .T. ) ;
#6943 = CARTESIAN_POINT ( 'NONE',  ( -5.586370142149013400E-014, 4.000000000000000000, -12.99999999999997200 ) ) ;
#6944 = DIRECTION ( 'NONE',  ( 0.0000000000000000000, 0.0000000000000000000, 1.000000000000000000 ) ) ;
#6945 = EDGE_CURVE ( 'NONE', #4489, #3353, #4357, .T. ) ;
#6946 = CYLINDRICAL_SURFACE ( 'NONE', #778, 4.000000000000000000 ) ;
#6947 = CARTESIAN_POINT ( 'NONE',  ( -3.464101615137714400, -2.000000000000070600, -5.666666666666652800 ) ) ;
#6948 = CARTESIAN_POINT ( 'NONE',  ( 3.868802153516995600, 5.426829789941480900E-014, -24.87499999999994300 ) ) ;
#6949 = CARTESIAN_POINT ( 'NONE',  ( -4.679256681265764000E-014, 3.350480947161662100, 0.5000000000000047700 ) ) ;
#6950 = LINE ( 'NONE', #1235, #6356 ) ;
#6951 = ORIENTED_EDGE ( 'NONE', *, *, #6054, .F. ) ;
#6952 = CYLINDRICAL_SURFACE ( 'NONE', #3072, 4.000000000000000000 ) ;
#6953 = CARTESIAN_POINT ( 'NONE',  ( 2.901601615137770400, -1.675240473580789800, -6.958333333333312600 ) ) ;
#6954 = CARTESIAN_POINT ( 'NONE',  ( -1.934401076758403200, -3.350480947161715900, -25.08333333333327200 ) ) ;
#6955 = CARTESIAN_POINT ( 'NONE',  ( -2.309401076758445600, -4.000000000000032900, -7.708333333333308200 ) ) ;
#6956 = ADVANCED_FACE ( 'NONE', ( #146 ), #3692, .T. ) ;
#6957 = CARTESIAN_POINT ( 'NONE',  ( -4.000000000000000900, -8.947741773726438700E-015, -2.874999999999987100 ) ) ;
#6958 = VECTOR ( 'NONE', #5164, 1000.000000000000000 ) ;
#6959 = ORIENTED_EDGE ( 'NONE', *, *, #2934, .F. ) ;
#6960 = CARTESIAN_POINT ( 'NONE',  ( -3.350480947161665200, 3.079417623425332900E-015, -13.24999999999996800 ) ) ;
#6961 =( BOUNDED_CURVE ( )  B_SPLINE_CURVE ( 2, ( #3537, #7135, #2795, #4053, #2845, #7162, #467, #7736, #4024 ),
 .UNSPECIFIED., .F., .F. ) 
 B_SPLINE_CURVE_WITH_KNOTS ( ( 3, 2, 2, 2, 3 ),
 ( 0.7348484848484849700, 0.7373737373737373500, 0.7424242424242424300, 0.7474747474747475100, 0.7500000000000001100 ),
 .UNSPECIFIED. ) 
 CURVE ( )  GEOMETRIC_REPRESENTATION_ITEM ( )  RATIONAL_B_SPLINE_CURVE ( ( 0.9330127018922194100, 0.9330127018922223000, 1.000000000000000000, 0.8660254037844387100, 1.000000000000000000, 0.8660254037844387100, 1.000000000000000000, 0.9330127018922164100, 0.9330127018922194100 ) ) 
 REPRESENTATION_ITEM ( '' )  );
#6962 = DIRECTION ( 'NONE',  ( -0.0000000000000000000, -0.0000000000000000000, -1.000000000000000000 ) ) ;
#6963 = CARTESIAN_POINT ( 'NONE',  ( -2.802517076967264500, -2.854101966172019700, -29.74999999999999600 ) ) ;
#6964 = CYLINDRICAL_SURFACE ( 'NONE', #2096, 3.350480947161662100 ) ;
#6965 = ORIENTED_EDGE ( 'NONE', *, *, #1334, .F. ) ;
#6966 = CARTESIAN_POINT ( 'NONE',  ( -1.934401076758449900, -3.350480947161689600, -26.08333333333327500 ) ) ;
#6967 = CARTESIAN_POINT ( 'NONE',  ( 2.901601615137777000, -1.675240473580778200, -5.833333333333315300 ) ) ;
#6968 = VERTEX_POINT ( 'NONE', #5956 ) ;
#6969 = CARTESIAN_POINT ( 'NONE',  ( 2.309401076758560200, -3.999999999999966700, -15.41666666666663200 ) ) ;
#6970 = DIRECTION ( 'NONE',  ( 0.8660254037844386000, 0.4999999999999998900, 0.0000000000000000000 ) ) ;
#6971 = ORIENTED_EDGE ( 'NONE', *, *, #4363, .F. ) ;
#6972 = CARTESIAN_POINT ( 'NONE',  ( -2.525919559295392200, 2.005761277627220500, -37.74960794448540500 ) ) ;
#6973 = CARTESIAN_POINT ( 'NONE',  ( -3.999999999999995600, -1.071796769724546500, -25.70534180126142200 ) ) ;
#6974 = ORIENTED_EDGE ( 'NONE', *, *, #5339, .F. ) ;
#6975 = CARTESIAN_POINT ( 'NONE',  ( 4.720288238941220700E-014, -3.350480947161662100, 5.854691731421723900E-015 ) ) ;
#6976 = EDGE_CURVE ( 'NONE', #4250, #5614, #7333, .T. ) ;
#6977 = CARTESIAN_POINT ( 'NONE',  ( -1.934401076758449900, -3.350480947161689600, -10.20833333333330600 ) ) ;
#6978 = CARTESIAN_POINT ( 'NONE',  ( -3.464101615137694900, -2.000000000000104400, -15.79166666666662300 ) ) ;
#6979 = AXIS2_PLACEMENT_3D ( 'NONE', #2796, #7081, #3422 ) ;
#6980 = CARTESIAN_POINT ( 'NONE',  ( -5.586370142149013400E-014, 4.000000000000000000, -18.12499999999995000 ) ) ;
#6981 = AXIS2_PLACEMENT_3D ( 'NONE', #6203, #4995, #159 ) ;
#6982 = CARTESIAN_POINT ( 'NONE',  ( 2.901601615137777500, -1.675240473580776700, -7.958333333333309900 ) ) ;
#6983 = CARTESIAN_POINT ( 'NONE',  ( 2.901601615137675300, 1.675240473580954100, -22.66666666666661500 ) ) ;
#6984 = ORIENTED_EDGE ( 'NONE', *, *, #6153, .F. ) ;
#6985 = ORIENTED_EDGE ( 'NONE', *, *, #5793, .T. ) ;
#6986 = CARTESIAN_POINT ( 'NONE',  ( 2.309401076758442100, 4.000000000000034600, -2.083333333333326800 ) ) ;
#6987 = DIRECTION ( 'NONE',  ( 1.000000000000000000, 0.0000000000000000000, 0.0000000000000000000 ) ) ;
#6988 = CARTESIAN_POINT ( 'NONE',  ( 2.901601615137776600, -1.675240473580779500, -3.833333333333319300 ) ) ;
#6989 = CARTESIAN_POINT ( 'NONE',  ( -2.901601615137695300, -1.675240473580919900, -18.16666666666662200 ) ) ;
#6990 = EDGE_CURVE ( 'NONE', #6426, #5614, #2578, .T. ) ;
#6991 = ORIENTED_EDGE ( 'NONE', *, *, #1852, .F. ) ;
#6992 = CARTESIAN_POINT ( 'NONE',  ( 3.350480947161659500, -1.981285678467997400E-014, -27.74999999999994300 ) ) ;
#6993 = CARTESIAN_POINT ( 'NONE',  ( -3.868802153516995600, -5.474208951679871900E-014, -26.24999999999994300 ) ) ;
#6994 = DIRECTION ( 'NONE',  ( 0.0000000000000000000, 0.0000000000000000000, 1.000000000000000000 ) ) ;
#6995 = CARTESIAN_POINT ( 'NONE',  ( 2.309401076758446100, 4.000000000000032000, -13.08333333333330400 ) ) ;
#6996 = ADVANCED_FACE ( 'NONE', ( #242 ), #3215, .T. ) ;
#6997 = CARTESIAN_POINT ( 'NONE',  ( 4.000000000000000900, 1.071796769724533600, -4.330341801261460500 ) ) ;
#6998 = B_SPLINE_CURVE_WITH_KNOTS ( 'NONE', 3,
 ( #5284, #1049, #2286, #6372, #6108, #4611, #6293, #1729, #7908, #4802, #2398, #7880, #4772, #4835, #7275, #558, #4178, #7935 ),
 .UNSPECIFIED., .F., .F.,
 ( 4, 2, 2, 2, 2, 2, 2, 2, 4 ),
 ( 0.0000000000000000000, 0.0007880711386765339000, 0.001576142277353067600, 0.002364213416029601000, 0.003152284554706133900, 0.003940355693382666800, 0.004728426832059200200, 0.005516497970735733500, 0.006304569109412266000 ),
 .UNSPECIFIED. ) ;
#6999 = ORIENTED_EDGE ( 'NONE', *, *, #3080, .F. ) ;
#7000 = CARTESIAN_POINT ( 'NONE',  ( 0.0000000000000000000, 0.0000000000000000000, 0.0000000000000000000 ) ) ;
#7001 = CARTESIAN_POINT ( 'NONE',  ( 3.999999999999996400, -1.045839947578414800E-015, -14.37499999999996300 ) ) ;
#7002 = CARTESIAN_POINT ( 'NONE',  ( 2.901601615137770400, -1.675240473580789800, -2.833333333333321900 ) ) ;
#7003 = EDGE_CURVE ( 'NONE', #6705, #2645, #5199, .T. ) ;
#7004 = CARTESIAN_POINT ( 'NONE',  ( -2.901601615137722400, -1.675240473580873000, -7.291666666666645600 ) ) ;
#7005 = CARTESIAN_POINT ( 'NONE',  ( -2.309401076758399900, -4.000000000000058600, -14.70833333333329100 ) ) ;
#7006 = ORIENTED_EDGE ( 'NONE', *, *, #2152, .F. ) ;
#7007 = VECTOR ( 'NONE', #7339, 1000.000000000000000 ) ;
#7008 = CARTESIAN_POINT ( 'NONE',  ( -2.901601615137711800, -1.675240473580891900, -8.291666666666643000 ) ) ;
#7009 = DIRECTION ( 'NONE',  ( 0.0000000000000000000, 0.0000000000000000000, 1.000000000000000000 ) ) ;
#7010 = CARTESIAN_POINT ( 'NONE',  ( 9.440161701316530600E-014, -3.350480947161662100, -12.99999999999996600 ) ) ;
#7011 = VERTEX_POINT ( 'NONE', #3729 ) ;
#7012 = CARTESIAN_POINT ( 'NONE',  ( 3.350480947161662600, -3.660439816524453200E-015, -1.874999999999993100 ) ) ;
#7013 = CARTESIAN_POINT ( 'NONE',  ( -1.617028959383776600E-013, 4.000000000000000000, -19.99999999999995400 ) ) ;
#7014 = CARTESIAN_POINT ( 'NONE',  ( -3.350480947161665200, 1.394453263437886600E-015, -15.37499999999996300 ) ) ;
#7015 = CARTESIAN_POINT ( 'NONE',  ( 3.868802153516995600, 5.426829789941481600E-014, -29.74999999999993600 ) ) ;
#7016 = CARTESIAN_POINT ( 'NONE',  ( -2.309401076758445600, -4.000000000000032900, -20.58333333333328600 ) ) ;
#7017 = ORIENTED_EDGE ( 'NONE', *, *, #4174, .F. ) ;
#7018 = CARTESIAN_POINT ( 'NONE',  ( 2.309401076758375000, 4.000000000000073700, -26.20833333333326800 ) ) ;
#7019 = CARTESIAN_POINT ( 'NONE',  ( -4.000000000000008000, 1.071796769724434200, -15.79465819873848700 ) ) ;
#7020 = CARTESIAN_POINT ( 'NONE',  ( -0.9862100319053255200, 2.894712987739706600, -37.58105234471543100 ) ) ;
#7021 = AXIS2_PLACEMENT_3D ( 'NONE', #2998, #508, #1737 ) ;
#7022 = CARTESIAN_POINT ( 'NONE',  ( -1.934401076758567800, 3.350480947161621700, -14.54166666666663200 ) ) ;
#7023 = CARTESIAN_POINT ( 'NONE',  ( -2.901601615137771700, 1.675240473580788000, -4.333333333333317900 ) ) ;
#7024 = CYLINDRICAL_SURFACE ( 'NONE', #7766, 3.350480947161662100 ) ;
#7025 = ORIENTED_EDGE ( 'NONE', *, *, #3910, .F. ) ;
#7026 = CARTESIAN_POINT ( 'NONE',  ( 4.000000000000000000, -1.359591931851939300E-014, -9.249999999999982200 ) ) ;
#7027 = CARTESIAN_POINT ( 'NONE',  ( -2.901601615137722400, -1.675240473580873000, -6.291666666666646500 ) ) ;
#7028 = CARTESIAN_POINT ( 'NONE',  ( 3.999999999999991600, -1.071796769724439300, -15.41965819873848200 ) ) ;
#7029 = CARTESIAN_POINT ( 'NONE',  ( 3.999999999999985300, -1.071796769724432400, -21.29465819873847500 ) ) ;
#7030 = CARTESIAN_POINT ( 'NONE',  ( 3.350480947161644400, 0.8977586640479050500, -22.70534180126142600 ) ) ;
#7031 = VECTOR ( 'NONE', #2963, 1000.000000000000000 ) ;
#7032 = EDGE_CURVE ( 'NONE', #6231, #7761, #2126, .T. ) ;
#7033 = CARTESIAN_POINT ( 'NONE',  ( -4.000000000000000000, -1.045839947578414800E-015, -1.749999999999996900 ) ) ;
#7034 = CC_DESIGN_PERSON_AND_ORGANIZATION_ASSIGNMENT ( #7319, #6505, ( #3717 ) ) ;
#7035 = CARTESIAN_POINT ( 'NONE',  ( 3.350480947161655500, -0.8977586640477855900, -17.79465819873848200 ) ) ;
#7036 = VECTOR ( 'NONE', #5559, 1000.000000000000000 ) ;
#7037 = CARTESIAN_POINT ( 'NONE',  ( 2.309401076758405700, 4.000000000000056800, -23.20833333333327900 ) ) ;
#7038 = CARTESIAN_POINT ( 'NONE',  ( 2.309401076758446100, 4.000000000000032000, -18.08333333333329000 ) ) ;
#7039 = CARTESIAN_POINT ( 'NONE',  ( 3.350480947161659500, -1.981285678467997400E-014, -27.87499999999994700 ) ) ;
#7040 = EDGE_CURVE ( 'NONE', #5429, #62, #5346, .T. ) ;
#7041 = CYLINDRICAL_SURFACE ( 'NONE', #1870, 4.000000000000000000 ) ;
#7042 = ORIENTED_EDGE ( 'NONE', *, *, #2480, .T. ) ;
#7043 = CARTESIAN_POINT ( 'NONE',  ( -3.416068459153125000, 0.2380347161221544900, -0.2237775850141072400 ) ) ;
#7044 = CARTESIAN_POINT ( 'NONE',  ( 2.309401076758415900, 4.000000000000049700, -13.20833333333329700 ) ) ;
#7045 = CARTESIAN_POINT ( 'NONE',  ( -3.868802153516995600, -5.474208951679871900E-014, -4.249999999999984900 ) ) ;
#7046 = LINE ( 'NONE', #7323, #3026 ) ;
#7047 = EDGE_LOOP ( 'NONE', ( #1309, #3346, #7938, #3654 ) ) ;
#7048 = CARTESIAN_POINT ( 'NONE',  ( 2.901601615137770400, -1.675240473580789800, -11.95833333333330200 ) ) ;
#7049 = CARTESIAN_POINT ( 'NONE',  ( -4.000000000000000000, 4.898587196589412800E-016, -30.00000000000000000 ) ) ;
#7050 = AXIS2_PLACEMENT_3D ( 'NONE', #1654, #4782, #4812 ) ;
#7051 =( BOUNDED_CURVE ( )  B_SPLINE_CURVE ( 2, ( #3574, #4182, #6045, #7313, #7942, #3649, #6099, #6128, #6660 ),
 .UNSPECIFIED., .F., .T. ) 
 B_SPLINE_CURVE_WITH_KNOTS ( ( 3, 2, 2, 2, 3 ),
 ( 0.8106060606060607700, 0.8131313131313131500, 0.8181818181818182300, 0.8232323232323232000, 0.8257575757575759100 ),
 .UNSPECIFIED. ) 
 CURVE ( )  GEOMETRIC_REPRESENTATION_ITEM ( )  RATIONAL_B_SPLINE_CURVE ( ( 0.9330127018922194100, 0.9330127018922238500, 1.000000000000000000, 0.8660254037844387100, 1.000000000000000000, 0.8660254037844387100, 1.000000000000000000, 0.9330127018922149700, 0.9330127018922194100 ) ) 
 REPRESENTATION_ITEM ( '' )  );
#7052 = CARTESIAN_POINT ( 'NONE',  ( 2.309401076758422500, 4.000000000000046200, -6.208333333333310800 ) ) ;
#7053 = CARTESIAN_POINT ( 'NONE',  ( 2.309401076758611700, -3.999999999999937800, -25.54166666666660000 ) ) ;
#7054 = CARTESIAN_POINT ( 'NONE',  ( -9.275620694048792500E-014, 3.350480947161662100, -25.62499999999994000 ) ) ;
#7055 = CARTESIAN_POINT ( 'NONE',  ( 3.999999999999979100, 1.071796769724580000, -23.20534180126142600 ) ) ;
#7056 = VERTEX_POINT ( 'NONE', #2377 ) ;
#7057 = ORIENTED_EDGE ( 'NONE', *, *, #511, .F. ) ;
#7058 = CARTESIAN_POINT ( 'NONE',  ( 4.000000000000016000, 1.071796769724532700, -22.20534180126143700 ) ) ;
#7059 = CARTESIAN_POINT ( 'NONE',  ( 8.673617379884035500E-016, 3.464101615137756200, -38.00000000000000000 ) ) ;
#7060 = CARTESIAN_POINT ( 'NONE',  ( 1.934401076758548000, -3.350480947161632800, -4.916666666666651900 ) ) ;
#7061 = CARTESIAN_POINT ( 'NONE',  ( 4.000000000000000000, 0.0000000000000000000, -30.00000000000000000 ) ) ;
#7062 = CARTESIAN_POINT ( 'NONE',  ( -5.586370142149013400E-014, 4.000000000000000000, -17.99999999999995700 ) ) ;
#7063 =( BOUNDED_CURVE ( )  B_SPLINE_CURVE ( 2, ( #5601, #72, #1965, #1274, #4377, #660, #4958, #6243, #7453 ),
 .UNSPECIFIED., .F., .T. ) 
 B_SPLINE_CURVE_WITH_KNOTS ( ( 3, 2, 2, 2, 3 ),
 ( 0.3712121212121213300, 0.3737373737373737600, 0.3787878787878787800, 0.3838383838383838100, 0.3863636363636364600 ),
 .UNSPECIFIED. ) 
 CURVE ( )  GEOMETRIC_REPRESENTATION_ITEM ( )  RATIONAL_B_SPLINE_CURVE ( ( 0.9330127018922194100, 0.9330127018922223000, 1.000000000000000000, 0.8660254037844387100, 1.000000000000000000, 0.8660254037844387100, 1.000000000000000000, 0.9330127018922164100, 0.9330127018922194100 ) ) 
 REPRESENTATION_ITEM ( '' )  );
#7064 = ADVANCED_FACE ( 'NONE', ( #1962 ), #6946, .T. ) ;
#7065 = CARTESIAN_POINT ( 'NONE',  ( 3.999999999999996400, -1.661723472263481600E-014, -18.24999999999996100 ) ) ;
#7066 = ORIENTED_EDGE ( 'NONE', *, *, #819, .F. ) ;
#7067 = ORIENTED_EDGE ( 'NONE', *, *, #1963, .T. ) ;
#7068 = CARTESIAN_POINT ( 'NONE',  ( 2.999999999999996900, -0.6021501345183392100, -37.58312389431179700 ) ) ;
#7069 = CARTESIAN_POINT ( 'NONE',  ( 4.000000000000015100, 1.071796769724536500, -26.20534180126142600 ) ) ;
#7070 = CARTESIAN_POINT ( 'NONE',  ( 1.288764209918675700E-013, -3.350480947161662100, -25.99999999999994000 ) ) ;
#7071 = CARTESIAN_POINT ( 'NONE',  ( -1.934401076758546400, 3.350480947161633700, -5.416666666666649200 ) ) ;
#7072 = CARTESIAN_POINT ( 'NONE',  ( -2.901601615137693500, -1.675240473580923000, -22.16666666666661500 ) ) ;
#7073 = ORIENTED_EDGE ( 'NONE', *, *, #572, .F. ) ;
#7074 = EDGE_CURVE ( 'NONE', #4130, #6574, #5939, .T. ) ;
#7075 = CARTESIAN_POINT ( 'NONE',  ( 1.934401076758545600, -3.350480947161634100, -24.04166666666661100 ) ) ;
#7076 = CARTESIAN_POINT ( 'NONE',  ( 2.901601615137722900, 1.675240473580871900, -11.79166666666663600 ) ) ;
#7077 = CARTESIAN_POINT ( 'NONE',  ( -2.901601615137771700, 1.675240473580787300, -0.4583333333333268800 ) ) ;
#7078 = CARTESIAN_POINT ( 'NONE',  ( -2.309401076758417700, -4.000000000000048000, -25.70833333333327200 ) ) ;
#7079 = CARTESIAN_POINT ( 'NONE',  ( -3.350480947161659500, 1.103942166888326800E-014, -12.24999999999997300 ) ) ;
#7080 = EDGE_LOOP ( 'NONE', ( #5275, #6303, #5722, #668 ) ) ;
#7081 = DIRECTION ( 'NONE',  ( -0.0000000000000000000, -5.481006805486179000E-016, -1.000000000000000000 ) ) ;
#7082 = FACE_OUTER_BOUND ( 'NONE', #288, .T. ) ;
#7083 = CARTESIAN_POINT ( 'NONE',  ( -3.464101615137819200, 1.999999999999886800, -21.83333333333328600 ) ) ;
#7084 = EDGE_CURVE ( 'NONE', #1365, #3690, #5448, .T. ) ;
#7085 = DIRECTION ( 'NONE',  ( -0.0000000000000000000, -0.0000000000000000000, 1.000000000000000000 ) ) ;
#7086 = CARTESIAN_POINT ( 'NONE',  ( 3.096480947161662100, 4.345341338575854200E-016, 0.0000000000000000000 ) ) ;
#7087 = CARTESIAN_POINT ( 'NONE',  ( 1.934401076758545600, -3.350480947161634100, -30.91666666666659300 ) ) ;
#7088 = ORIENTED_EDGE ( 'NONE', *, *, #1144, .F. ) ;
#7089 = CYLINDRICAL_SURFACE ( 'NONE', #1312, 4.000000000000000000 ) ;
#7090 = CARTESIAN_POINT ( 'NONE',  ( -2.901601615137712200, -1.675240473580890800, -6.166666666666646500 ) ) ;
#7091 = CARTESIAN_POINT ( 'NONE',  ( 4.618802153517005800, 6.478866617091239000E-014, -21.24999999999995400 ) ) ;
#7092 = DIRECTION ( 'NONE',  ( 0.0000000000000000000, 0.0000000000000000000, -1.000000000000000000 ) ) ;
#7093 = CARTESIAN_POINT ( 'NONE',  ( -4.000000000000013300, -1.071796769724512500, -16.83034180126143700 ) ) ;
#7094 = CARTESIAN_POINT ( 'NONE',  ( -2.901601615137788100, 1.675240473580759100, -18.45833333333329000 ) ) ;
#7095 =( BOUNDED_CURVE ( )  B_SPLINE_CURVE ( 2, ( #6088, #2927, #7817, #3666, #4284, #3638, #609, #6617, #3591 ),
 .UNSPECIFIED., .F., .F. ) 
 B_SPLINE_CURVE_WITH_KNOTS ( ( 3, 2, 2, 2, 3 ),
 ( 0.5984848484848486200, 0.6010101010101009900, 0.6060606060606060800, 0.6111111111111111600, 0.6136363636363637600 ),
 .UNSPECIFIED. ) 
 CURVE ( )  GEOMETRIC_REPRESENTATION_ITEM ( )  RATIONAL_B_SPLINE_CURVE ( ( 0.9330127018922194100, 0.9330127018922238500, 1.000000000000000000, 0.8660254037844387100, 1.000000000000000000, 0.8660254037844387100, 1.000000000000000000, 0.9330127018922164100, 0.9330127018922194100 ) ) 
 REPRESENTATION_ITEM ( '' )  );
#7096 = VERTEX_POINT ( 'NONE', #5687 ) ;
#7097 = CARTESIAN_POINT ( 'NONE',  ( -2.901601615137798800, 1.675240473580740500, -15.33333333333329500 ) ) ;
#7098 = ORIENTED_EDGE ( 'NONE', *, *, #3867, .T. ) ;
#7099 = CARTESIAN_POINT ( 'NONE',  ( 1.934401076758450300, 3.350480947161689200, -7.583333333333309900 ) ) ;
#7100 = CARTESIAN_POINT ( 'NONE',  ( 3.999999999999994700, -1.071796769724452800, -9.294658198738499500 ) ) ;
#7101 = CARTESIAN_POINT ( 'NONE',  ( 3.868802153516995600, 5.426829789941480900E-014, -29.87499999999993200 ) ) ;
#7102 = CARTESIAN_POINT ( 'NONE',  ( -1.934401076758546400, 3.350480947161633700, -14.54166666666663200 ) ) ;
#7103 = CARTESIAN_POINT ( 'NONE',  ( -2.309401076758389700, -4.000000000000063900, -24.70833333333326800 ) ) ;
#7104 = ORIENTED_EDGE ( 'NONE', *, *, #1868, .F. ) ;
#7105 = CARTESIAN_POINT ( 'NONE',  ( 3.350480947161659500, -8.366719580627318400E-015, -26.87499999999994000 ) ) ;
#7106 = EDGE_LOOP ( 'NONE', ( #3894, #2661, #7362, #4904 ) ) ;
#7107 = CARTESIAN_POINT ( 'NONE',  ( 4.000000000000004400, 1.071796769724527400, -3.330341801261465000 ) ) ;
#7108 = CARTESIAN_POINT ( 'NONE',  ( 4.618802153517005800, 6.478866617091239000E-014, -15.37499999999995900 ) ) ;
#7109 = FACE_OUTER_BOUND ( 'NONE', #3678, .T. ) ;
#7110 = CARTESIAN_POINT ( 'NONE',  ( 3.350480947161660300, -0.8977586640478026900, -0.7946581987385138400 ) ) ;
#7111 = ORIENTED_EDGE ( 'NONE', *, *, #5805, .T. ) ;
#7112 = DIRECTION ( 'NONE',  ( 1.000000000000000000, 0.0000000000000000000, 0.0000000000000000000 ) ) ;
#7113 = CARTESIAN_POINT ( 'NONE',  ( 2.901601615137770400, -1.675240473580789800, -29.83333333333326800 ) ) ;
#7114 = CARTESIAN_POINT ( 'NONE',  ( -3.464101615137783700, 1.999999999999948500, -19.83333333333328600 ) ) ;
#7115 = CARTESIAN_POINT ( 'NONE',  ( -5.253698488722164600E-014, 3.350480947161662100, -5.499999999999982200 ) ) ;
#7116 = LINE ( 'NONE', #7850, #7031 ) ;
#7117 = CARTESIAN_POINT ( 'NONE',  ( 3.350480947161663000, 0.8977586640478844000, -17.83034180126144000 ) ) ;
#7118 = CARTESIAN_POINT ( 'NONE',  ( -3.464101615137708200, -2.000000000000081300, -16.79166666666662200 ) ) ;
#7119 = EDGE_CURVE ( 'NONE', #6757, #5220, #4029, .T. ) ;
#7120 = CARTESIAN_POINT ( 'NONE',  ( -4.000000000000011500, 2.835388302323702600E-014, -20.74999999999995700 ) ) ;
#7121 = CARTESIAN_POINT ( 'NONE',  ( 3.350480947161676300, 0.8977586640478605300, -15.70534180126144400 ) ) ;
#7122 = CARTESIAN_POINT ( 'NONE',  ( 4.720288238941220700E-014, -3.350480947161662100, -10.99999999999997000 ) ) ;
#7123 = VECTOR ( 'NONE', #4355, 1000.000000000000100 ) ;
#7124 = AXIS2_PLACEMENT_3D ( 'NONE', #5797, #3951, #270 ) ;
#7125 = CARTESIAN_POINT ( 'NONE',  ( 1.934401076758585700, -3.350480947161610600, -21.91666666666661500 ) ) ;
#7126 = LINE ( 'NONE', #3984, #3873 ) ;
#7127 = CARTESIAN_POINT ( 'NONE',  ( 1.934401076758545600, -3.350480947161634100, -30.04166666666659700 ) ) ;
#7128 = CARTESIAN_POINT ( 'NONE',  ( -1.934401076758546400, 3.350480947161633700, -16.54166666666662900 ) ) ;
#7129 = CARTESIAN_POINT ( 'NONE',  ( -3.350480947161659500, 2.550687427705134000E-014, -18.37499999999996400 ) ) ;
#7130 = CARTESIAN_POINT ( 'NONE',  ( 0.0000000000000000000, 0.0000000000000000000, 0.0000000000000000000 ) ) ;
#7131 = CARTESIAN_POINT ( 'NONE',  ( -6.957974557194048300E-014, 4.000000000000000000, -12.12499999999996600 ) ) ;
#7132 = ORIENTED_EDGE ( 'NONE', *, *, #4373, .F. ) ;
#7133 = EDGE_CURVE ( 'NONE', #1022, #7717, #2624, .T. ) ;
#7134 = CARTESIAN_POINT ( 'NONE',  ( 3.350480947161662100, 6.797959659259697200E-015, -2.749999999999990700 ) ) ;
#7135 = CARTESIAN_POINT ( 'NONE',  ( 4.000000000000014200, -1.071796769724412600, -22.41965819873846400 ) ) ;
#7136 = CARTESIAN_POINT ( 'NONE',  ( -2.309401076758445600, -4.000000000000032900, -14.70833333333329100 ) ) ;
#7137 = SECURITY_CLASSIFICATION ( '', '', #1812 ) ;
#7138 = CARTESIAN_POINT ( 'NONE',  ( 2.309401076758315100, 4.000000000000107500, -29.08333333333326800 ) ) ;
#7139 = APPROVAL_ROLE ( '' ) ;
#7140 = CARTESIAN_POINT ( 'NONE',  ( 3.999999999999996400, -4.624936657068990400E-014, -17.24999999999996400 ) ) ;
#7141 = LINE ( 'NONE', #1006, #6188 ) ;
#7142 = ORIENTED_EDGE ( 'NONE', *, *, #228, .T. ) ;
#7143 = CARTESIAN_POINT ( 'NONE',  ( -2.901601615137781900, 1.675240473580768900, -4.458333333333317900 ) ) ;
#7144 = DIRECTION ( 'NONE',  ( -0.0000000000000000000, -0.0000000000000000000, -1.000000000000000000 ) ) ;
#7145 = CARTESIAN_POINT ( 'NONE',  ( 2.309401076758350600, 4.000000000000087000, -21.20833333333327500 ) ) ;
#7146 = CARTESIAN_POINT ( 'NONE',  ( -3.464101615137725500, -2.000000000000050200, -26.66666666666660700 ) ) ;
#7147 = CARTESIAN_POINT ( 'NONE',  ( 3.350480947161662100, 5.752119711681282000E-015, -5.749999999999984900 ) ) ;
#7148 = EDGE_CURVE ( 'NONE', #7721, #4177, #47, .T. ) ;
#7149 = CARTESIAN_POINT ( 'NONE',  ( -0.4262449961937100900, 3.323257104184552000, -29.48096039929462700 ) ) ;
#7150 = LINE ( 'NONE', #7049, #3622 ) ;
#7151 = ORIENTED_EDGE ( 'NONE', *, *, #2480, .F. ) ;
#7152 = CARTESIAN_POINT ( 'NONE',  ( 1.026079285482567500E-013, -3.350480947161662100, -23.12499999999994700 ) ) ;
#7153 = VERTEX_POINT ( 'NONE', #5032 ) ;
#7154 = CARTESIAN_POINT ( 'NONE',  ( 4.720288238941220700E-014, -3.350480947161662100, -11.99999999999996800 ) ) ;
#7155 = CARTESIAN_POINT ( 'NONE',  ( 2.309401076758419400, 4.000000000000047100, -10.08333333333331100 ) ) ;
#7156 = CARTESIAN_POINT ( 'NONE',  ( -5.586370142149013400E-014, 4.000000000000000000, 0.9999999999999997800 ) ) ;
#7157 = CARTESIAN_POINT ( 'NONE',  ( 1.934401076758545600, -3.350480947161634100, -16.04166666666662900 ) ) ;
#7158 = AXIS2_PLACEMENT_3D ( 'NONE', #1976, #1863, #13 ) ;
#7159 = VERTEX_POINT ( 'NONE', #7505 ) ;
#7160 = ORIENTED_EDGE ( 'NONE', *, *, #6416, .T. ) ;
#7161 = CARTESIAN_POINT ( 'NONE',  ( 3.999999999999996400, -4.996790860652426200E-015, -10.37499999999997200 ) ) ;
#7162 = CARTESIAN_POINT ( 'NONE',  ( -2.309401076758334600, -4.000000000000095900, -22.70833333333327500 ) ) ;
#7163 = CARTESIAN_POINT ( 'NONE',  ( 3.464101615137726400, 2.000000000000048800, -13.29166666666662900 ) ) ;
#7164 =( BOUNDED_CURVE ( )  B_SPLINE_CURVE ( 2, ( #6656, #2450, #2584, #1947, #7367, #25, #3099, #1974, #3073 ),
 .UNSPECIFIED., .F., .T. ) 
 B_SPLINE_CURVE_WITH_KNOTS ( ( 3, 2, 2, 2, 3 ),
 ( 0.5833333333333334800, 0.5858585858585858600, 0.5909090909090909400, 0.5959595959595959100, 0.5984848484848486200 ),
 .UNSPECIFIED. ) 
 CURVE ( )  GEOMETRIC_REPRESENTATION_ITEM ( )  RATIONAL_B_SPLINE_CURVE ( ( 0.9330127018922194100, 0.9330127018922238500, 1.000000000000000000, 0.8660254037844387100, 1.000000000000000000, 0.8660254037844387100, 1.000000000000000000, 0.9330127018922149700, 0.9330127018922194100 ) ) 
 REPRESENTATION_ITEM ( '' )  );
#7165 = DIRECTION ( 'NONE',  ( 1.000000000000000000, 0.0000000000000000000, 0.0000000000000000000 ) ) ;
#7166 = EDGE_LOOP ( 'NONE', ( #5231, #2622 ) ) ;
#7167 = CARTESIAN_POINT ( 'NONE',  ( 3.999999999999984500, -1.071796769724466600, -17.29465819873847800 ) ) ;
#7168 = CARTESIAN_POINT ( 'NONE',  ( -3.350480947161662100, -8.715332896486790000E-016, -1.374999999999994200 ) ) ;
#7169 = ORIENTED_EDGE ( 'NONE', *, *, #4126, .F. ) ;
#7170 = CARTESIAN_POINT ( 'NONE',  ( 2.309401076758611700, -3.999999999999937800, -26.41666666666660700 ) ) ;
#7171 = CARTESIAN_POINT ( 'NONE',  ( 4.000000000000015100, 1.071796769724536500, -25.33034180126142200 ) ) ;
#7172 = CARTESIAN_POINT ( 'NONE',  ( 4.618802153517005800, 6.478866617091239000E-014, -24.24999999999994700 ) ) ;
#7173 = CARTESIAN_POINT ( 'NONE',  ( -4.000000000000000000, -1.045839947578414800E-015, -0.8749999999999916700 ) ) ;
#7174 = CARTESIAN_POINT ( 'NONE',  ( -2.065214632606364300, 2.894865095468931200, -0.2999605481758245200 ) ) ;
#7175 = VERTEX_POINT ( 'NONE', #5060 ) ;
#7176 = CARTESIAN_POINT ( 'NONE',  ( 3.350480947161662100, 0.8977586640478574200, -9.705341801261452500 ) ) ;
#7177 = LINE ( 'NONE', #5043, #1141 ) ;
#7178 = CARTESIAN_POINT ( 'NONE',  ( -3.868802153516995600, -5.474208951679871900E-014, -9.249999999999973400 ) ) ;
#7179 = EDGE_CURVE ( 'NONE', #2106, #4590, #326, .T. ) ;
#7180 = CARTESIAN_POINT ( 'NONE',  ( 2.309401076758446100, 4.000000000000032000, 0.9166666666666666300 ) ) ;
#7181 = CARTESIAN_POINT ( 'NONE',  ( -3.868802153516995600, -5.474208951679871200E-014, -19.37499999999995700 ) ) ;
#7182 = DIRECTION ( 'NONE',  ( -0.0000000000000000000, -0.0000000000000000000, -1.000000000000000000 ) ) ;
#7183 = VERTEX_POINT ( 'NONE', #6268 ) ;
#7184 = CARTESIAN_POINT ( 'NONE',  ( -3.999999999999996400, 2.939972297081544000E-014, -21.74999999999995700 ) ) ;
#7185 = CARTESIAN_POINT ( 'NONE',  ( 4.000000000000011500, -8.947741773726438700E-015, -26.24999999999994700 ) ) ;
#7186 = CARTESIAN_POINT ( 'NONE',  ( -1.934401076758558200, 3.350480947161626600, -3.541666666666653200 ) ) ;
#7187 = CARTESIAN_POINT ( 'NONE',  ( -8.947368232645134500E-014, 3.350480947161662100, -21.62499999999995000 ) ) ;
#7188 = CARTESIAN_POINT ( 'NONE',  ( 2.309401076758560200, -3.999999999999966700, -17.54166666666661800 ) ) ;
#7189 = ORIENTED_EDGE ( 'NONE', *, *, #5217, .T. ) ;
#7190 = LINE ( 'NONE', #4851, #3078 ) ;
#7191 = CARTESIAN_POINT ( 'NONE',  ( 2.153533018905500600, -2.220758746963916100, -37.62630599202692100 ) ) ;
#7192 = CARTESIAN_POINT ( 'NONE',  ( 3.350480947161659500, -3.369928719974892300E-015, -28.74999999999994000 ) ) ;
#7193 = EDGE_CURVE ( 'NONE', #1333, #1013, #5018, .T. ) ;
#7194 = CARTESIAN_POINT ( 'NONE',  ( 2.309401076758560200, -3.999999999999966700, 0.4583333333333414200 ) ) ;
#7195 = CARTESIAN_POINT ( 'NONE',  ( -1.934401076758594900, 3.350480947161605700, -19.54166666666662200 ) ) ;
#7196 = ADVANCED_FACE ( 'NONE', ( #1767 ), #6441, .T. ) ;
#7197 = CARTESIAN_POINT ( 'NONE',  ( 2.309401076758599700, -3.999999999999943600, -13.54166666666662700 ) ) ;
#7198 =( BOUNDED_CURVE ( )  B_SPLINE_CURVE ( 2, ( #5837, #5888, #1535, #7125, #2733, #4016, #7072, #2143, #6417 ),
 .UNSPECIFIED., .F., .T. ) 
 B_SPLINE_CURVE_WITH_KNOTS ( ( 3, 2, 2, 2, 3 ),
 ( 0.7045454545454547000, 0.7070707070707070700, 0.7121212121212121500, 0.7171717171717171300, 0.7196969696969698300 ),
 .UNSPECIFIED. ) 
 CURVE ( )  GEOMETRIC_REPRESENTATION_ITEM ( )  RATIONAL_B_SPLINE_CURVE ( ( 0.9330127018922194100, 0.9330127018922238500, 1.000000000000000000, 0.8660254037844387100, 1.000000000000000000, 0.8660254037844387100, 1.000000000000000000, 0.9330127018922149700, 0.9330127018922194100 ) ) 
 REPRESENTATION_ITEM ( '' )  );
#7199 = ORIENTED_EDGE ( 'NONE', *, *, #2168, .T. ) ;
#7200 = CARTESIAN_POINT ( 'NONE',  ( 2.309401076758560200, -3.999999999999966700, -24.41666666666661100 ) ) ;
#7201 = ORIENTED_EDGE ( 'NONE', *, *, #2888, .T. ) ;
#7202 = DIRECTION ( 'NONE',  ( 0.0000000000000000000, 0.0000000000000000000, 1.000000000000000000 ) ) ;
#7203 = CARTESIAN_POINT ( 'NONE',  ( 1.934401076758562200, -3.350480947161624400, -23.04166666666661500 ) ) ;
#7204 = CARTESIAN_POINT ( 'NONE',  ( 2.901601615137722900, 1.675240473580871900, -11.66666666666663600 ) ) ;
#7205 = ORIENTED_EDGE ( 'NONE', *, *, #625, .F. ) ;
#7206 = CARTESIAN_POINT ( 'NONE',  ( 3.350480947161659500, -3.869607806040135100E-014, -16.74999999999996800 ) ) ;
#7207 = ORIENTED_EDGE ( 'NONE', *, *, #7240, .F. ) ;
#7208 = CARTESIAN_POINT ( 'NONE',  ( -3.464101615137783700, 1.999999999999948500, 0.1666666666666682700 ) ) ;
#7209 = CARTESIAN_POINT ( 'NONE',  ( -1.934401076758449900, -3.350480947161689600, -22.20833333333328200 ) ) ;
#7210 =( BOUNDED_CURVE ( )  B_SPLINE_CURVE ( 2, ( #4508, #1485, #1431, #6928, #3941, #7005, #3262, #796, #7535 ),
 .UNSPECIFIED., .F., .T. ) 
 B_SPLINE_CURVE_WITH_KNOTS ( ( 3, 2, 2, 2, 3 ),
 ( 0.4924242424242425400, 0.4949494949494949700, 0.5000000000000000000, 0.5050505050505050800, 0.5075757575757576800 ),
 .UNSPECIFIED. ) 
 CURVE ( )  GEOMETRIC_REPRESENTATION_ITEM ( )  RATIONAL_B_SPLINE_CURVE ( ( 0.9330127018922194100, 0.9330127018922223000, 1.000000000000000000, 0.8660254037844387100, 1.000000000000000000, 0.8660254037844387100, 1.000000000000000000, 0.9330127018922164100, 0.9330127018922194100 ) ) 
 REPRESENTATION_ITEM ( '' )  );
#7211 = DIRECTION ( 'NONE',  ( -1.000000000000000000, 0.0000000000000000000, 0.0000000000000000000 ) ) ;
#7212 = FACE_BOUND ( 'NONE', #7589, .T. ) ;
#7213 = DIRECTION ( 'NONE',  ( -0.0000000000000000000, -0.0000000000000000000, -1.000000000000000000 ) ) ;
#7214 = ORIENTED_EDGE ( 'NONE', *, *, #3709, .T. ) ;
#7215 = CARTESIAN_POINT ( 'NONE',  ( -3.350480947161656800, 0.8977586640477763800, -19.29465819873847500 ) ) ;
#7216 = CARTESIAN_POINT ( 'NONE',  ( 3.464101615137782400, -1.999999999999950700, -20.45833333333327900 ) ) ;
#7217 = AXIS2_PLACEMENT_3D ( 'NONE', #2336, #4105, #5317 ) ;
#7218 = CARTESIAN_POINT ( 'NONE',  ( 3.350480947161662100, 4.103155767545721900E-016, 0.0000000000000000000 ) ) ;
#7219 = CARTESIAN_POINT ( 'NONE',  ( -4.000000000000003600, 1.071796769724449500, -3.794658198738511500 ) ) ;
#7220 = FACE_OUTER_BOUND ( 'NONE', #7106, .T. ) ;
#7221 =( LENGTH_UNIT ( ) NAMED_UNIT ( * ) SI_UNIT ( .MILLI., .METRE. ) );
#7222 = CYLINDRICAL_SURFACE ( 'NONE', #1689, 3.350480947161662100 ) ;
#7223 = CARTESIAN_POINT ( 'NONE',  ( 2.309401076758446100, 4.000000000000032000, 1.791666666666671800 ) ) ;
#7224 = CARTESIAN_POINT ( 'NONE',  ( 4.000000000000005300, -1.034219503716432500E-014, -14.24999999999997200 ) ) ;
#7225 = CARTESIAN_POINT ( 'NONE',  ( -2.309401076758445600, -4.000000000000032900, -22.58333333333328200 ) ) ;
#7226 = CARTESIAN_POINT ( 'NONE',  ( -3.350480947161662100, 0.8977586640477993600, -1.294658198738513100 ) ) ;
#7227 = VECTOR ( 'NONE', #6540, 1000.000000000000000 ) ;
#7228 = UNCERTAINTY_MEASURE_WITH_UNIT (LENGTH_MEASURE( 1.000000000000000100E-005 ), #7221, 'distance_accuracy_value', 'NONE');
#7229 = CARTESIAN_POINT ( 'NONE',  ( -3.350480947161657200, -0.8977586640478800700, -29.20534180126141200 ) ) ;
#7231 = CARTESIAN_POINT ( 'NONE',  ( 1.264182125876558100E-013, -4.000000000000000000, -27.49999999999993600 ) ) ;
#7230 = FACE_OUTER_BOUND ( 'NONE', #1139, .T. ) ;
#7232 = EDGE_CURVE ( 'NONE', #7417, #6780, #3107, .T. ) ;
#7233 = CARTESIAN_POINT ( 'NONE',  ( 2.309401076758320000, 4.000000000000105700, -24.20833333333327500 ) ) ;
#7234 = CARTESIAN_POINT ( 'NONE',  ( 1.934401076758545600, -3.350480947161634100, -16.91666666666662500 ) ) ;
#7235 = CARTESIAN_POINT ( 'NONE',  ( 4.000000000000000900, 8.482924019247143800E-015, -3.249999999999993800 ) ) ;
#7236 = ORIENTED_EDGE ( 'NONE', *, *, #2073, .F. ) ;
#7237 = CARTESIAN_POINT ( 'NONE',  ( 3.464101615137782400, -1.999999999999950700, -1.333333333333328600 ) ) ;
#7238 = CARTESIAN_POINT ( 'NONE',  ( 2.901601615137770400, -1.675240473580789800, -20.95833333333328200 ) ) ;
#7239 = CARTESIAN_POINT ( 'NONE',  ( -4.000000000000002700, -1.071796769724579600, -25.83034180126141900 ) ) ;
#7240 = EDGE_CURVE ( 'NONE', #2306, #2250, #3406, .T. ) ;
#7241 = DIRECTION ( 'NONE',  ( 0.0000000000000000000, 0.0000000000000000000, 1.000000000000000000 ) ) ;
#7242 = DIRECTION ( 'NONE',  ( 0.0000000000000000000, 0.0000000000000000000, 1.000000000000000000 ) ) ;
#7243 = CARTESIAN_POINT ( 'NONE',  ( 2.309401076758446100, 4.000000000000032000, -19.20833333333328200 ) ) ;
#7244 = VECTOR ( 'NONE', #4971, 1000.000000000000000 ) ;
#7245 = ORIENTED_EDGE ( 'NONE', *, *, #7837, .T. ) ;
#7246 = CARTESIAN_POINT ( 'NONE',  ( 0.0000000000000000000, -7.130989006236733300E-015, -29.74999999999999600 ) ) ;
#7247 = CARTESIAN_POINT ( 'NONE',  ( -3.999999999999996400, -5.694017492371369400E-015, -28.74999999999994300 ) ) ;
#7248 = CARTESIAN_POINT ( 'NONE',  ( -6.370144093603319600E-014, 4.000000000000000000, -6.999999999999983100 ) ) ;
#7249 = CARTESIAN_POINT ( 'NONE',  ( -2.309401076758561500, 3.999999999999966200, -2.041666666666653200 ) ) ;
#7250 = PLANE ( 'NONE',  #1507 ) ;
#7251 = CARTESIAN_POINT ( 'NONE',  ( -3.464101615137696700, -2.000000000000101300, -12.66666666666663900 ) ) ;
#7252 = ORIENTED_EDGE ( 'NONE', *, *, #2764, .T. ) ;
#7253 = CARTESIAN_POINT ( 'NONE',  ( -3.350480947161659500, -3.311826500664980400E-015, -22.37499999999995000 ) ) ;
#7254 = CARTESIAN_POINT ( 'NONE',  ( 2.309401076758347000, 4.000000000000090600, -25.20833333333327200 ) ) ;
#7255 = CARTESIAN_POINT ( 'NONE',  ( 2.309401076758446100, 4.000000000000032000, -27.08333333333327200 ) ) ;
#7256 = CARTESIAN_POINT ( 'NONE',  ( 2.999999999999997300, -1.732050807568883900, -38.00000000000000000 ) ) ;
#7257 = ORIENTED_EDGE ( 'NONE', *, *, #6779, .F. ) ;
#7258 = EDGE_CURVE ( 'NONE', #4440, #265, #348, .T. ) ;
#7259 = CARTESIAN_POINT ( 'NONE',  ( 3.999999999999996400, -4.996790860652426200E-015, -10.37499999999997200 ) ) ;
#7260 = CARTESIAN_POINT ( 'NONE',  ( 3.350480947161659500, 4.648177544792955000E-015, -23.74999999999994700 ) ) ;
#7261 = CARTESIAN_POINT ( 'NONE',  ( 1.934401076758545600, -3.350480947161634100, -13.91666666666663100 ) ) ;
#7262 = CARTESIAN_POINT ( 'NONE',  ( -3.350480947161661700, -0.8977586640478563100, -0.3303418012614746700 ) ) ;
#7263 = ORIENTED_EDGE ( 'NONE', *, *, #637, .F. ) ;
#7264 = CARTESIAN_POINT ( 'NONE',  ( 2.309401076758446100, 4.000000000000032000, -6.083333333333317900 ) ) ;
#7265 = ORIENTED_EDGE ( 'NONE', *, *, #5496, .F. ) ;
#7266 = CARTESIAN_POINT ( 'NONE',  ( -4.679256681265763300E-014, 3.350480947161662100, -20.62499999999995400 ) ) ;
#7267 = DIRECTION ( 'NONE',  ( -0.0000000000000000000, -0.0000000000000000000, -1.000000000000000000 ) ) ;
#7268 = CARTESIAN_POINT ( 'NONE',  ( -3.350480947161659500, -6.623653001329960800E-015, -26.37499999999994300 ) ) ;
#7269 = ORIENTED_EDGE ( 'NONE', *, *, #3209, .F. ) ;
#7270 = CARTESIAN_POINT ( 'NONE',  ( -5.586370142149013400E-014, 4.000000000000000000, -22.12499999999994300 ) ) ;
#7271 = VECTOR ( 'NONE', #5874, 1000.000000000000000 ) ;
#7272 = CARTESIAN_POINT ( 'NONE',  ( 4.000000000000012400, -4.996790860652426200E-015, -29.37499999999993600 ) ) ;
#7273 = CARTESIAN_POINT ( 'NONE',  ( 6.238870649499048300E-014, -3.350480947161662100, -2.999999999999987600 ) ) ;
#7274 = CARTESIAN_POINT ( 'NONE',  ( -4.618802153517005800, -6.535430629823232500E-014, -0.8749999999999891200 ) ) ;
#7275 = CARTESIAN_POINT ( 'NONE',  ( 3.697786166775919100, -1.046632878113035000, -0.5163879054732297700 ) ) ;
#7276 = ADVANCED_FACE ( 'NONE', ( #4828 ), #987, .T. ) ;
#7277 = CARTESIAN_POINT ( 'NONE',  ( 2.309401076758592200, -3.999999999999948000, -6.416666666666650100 ) ) ;
#7278 = ORIENTED_EDGE ( 'NONE', *, *, #418, .T. ) ;
#7279 = EDGE_CURVE ( 'NONE', #2025, #293, #6316, .T. ) ;
#7280 = FACE_OUTER_BOUND ( 'NONE', #4569, .T. ) ;
#7281 = CARTESIAN_POINT ( 'NONE',  ( 3.350480947161659500, 2.771475861082799400E-014, -22.87499999999994300 ) ) ;
#7282 = CARTESIAN_POINT ( 'NONE',  ( -4.000000000000000000, -1.071796769724546100, -11.83034180126144900 ) ) ;
#7283 = CARTESIAN_POINT ( 'NONE',  ( -2.309401076758561500, 3.999999999999966200, -27.91666666666660400 ) ) ;
#7284 = CARTESIAN_POINT ( 'NONE',  ( -3.999999999999996400, -3.834746474454188000E-015, -22.74999999999995000 ) ) ;
#7285 = CARTESIAN_POINT ( 'NONE',  ( -3.350480947161659000, -2.295037662741521500E-014, -27.24999999999993600 ) ) ;
#7286 = CARTESIAN_POINT ( 'NONE',  ( 0.0000000000000000000, 0.0000000000000000000, -30.00000000000000000 ) ) ;
#7287 = ORIENTED_EDGE ( 'NONE', *, *, #3080, .T. ) ;
#7288 = CARTESIAN_POINT ( 'NONE',  ( -2.901601615137771700, 1.675240473580788000, -15.33333333333329500 ) ) ;
#7289 = DIRECTION ( 'NONE',  ( -1.000000000000000000, 0.0000000000000000000, 0.0000000000000000000 ) ) ;
#7290 = EDGE_CURVE ( 'NONE', #5546, #7056, #7126, .T. ) ;
#7291 = CARTESIAN_POINT ( 'NONE',  ( 3.464101615137782400, -1.999999999999950700, -2.333333333333325900 ) ) ;
#7292 = CARTESIAN_POINT ( 'NONE',  ( -2.901601615137722400, -1.675240473580873000, -18.29166666666662200 ) ) ;
#7293 = DIRECTION ( 'NONE',  ( -0.0000000000000000000, -0.0000000000000000000, -1.000000000000000000 ) ) ;
#7294 = ORIENTED_EDGE ( 'NONE', *, *, #1447, .F. ) ;
#7295 = DIRECTION ( 'NONE',  ( -0.7071067811865487900, 0.0000000000000000000, -0.7071067811865463500 ) ) ;
#7296 = ORIENTED_EDGE ( 'NONE', *, *, #7414, .T. ) ;
#7297 = CARTESIAN_POINT ( 'NONE',  ( 0.0000000000000000000, 0.0000000000000000000, 0.0000000000000000000 ) ) ;
#7298 = CARTESIAN_POINT ( 'NONE',  ( -3.350480947161663900, -0.8977586640479050500, -26.33034180126141900 ) ) ;
#7299 = CARTESIAN_POINT ( 'NONE',  ( 3.350480947161659500, -3.794074920937249900E-014, -19.74999999999995700 ) ) ;
#7300 = CARTESIAN_POINT ( 'NONE',  ( 2.309401076758446100, 4.000000000000032000, -22.20833333333327900 ) ) ;
#7301 =( BOUNDED_CURVE ( )  B_SPLINE_CURVE ( 2, ( #6572, #2349, #7855, #6631, #2967, #5363, #6598, #2940, #7224 ),
 .UNSPECIFIED., .F., .F. ) 
 B_SPLINE_CURVE_WITH_KNOTS ( ( 3, 2, 2, 2, 3 ),
 ( 0.4469696969696970700, 0.4494949494949495000, 0.4545454545454545300, 0.4595959595959596100, 0.4621212121212122700 ),
 .UNSPECIFIED. ) 
 CURVE ( )  GEOMETRIC_REPRESENTATION_ITEM ( )  RATIONAL_B_SPLINE_CURVE ( ( 0.9330127018922194100, 0.9330127018922223000, 1.000000000000000000, 0.8660254037844387100, 1.000000000000000000, 0.8660254037844387100, 1.000000000000000000, 0.9330127018922156300, 0.9330127018922193000 ) ) 
 REPRESENTATION_ITEM ( '' )  );
#7302 = CARTESIAN_POINT ( 'NONE',  ( 2.309401076758666300, -3.999999999999905900, -23.54166666666660700 ) ) ;
#7303 = CARTESIAN_POINT ( 'NONE',  ( 1.058904531622933200E-013, -3.350480947161662100, -27.12499999999993600 ) ) ;
#7304 = ORIENTED_EDGE ( 'NONE', *, *, #7443, .F. ) ;
#7305 = AXIS2_PLACEMENT_3D ( 'NONE', #2253, #4069, #6518 ) ;
#7306 = ORIENTED_EDGE ( 'NONE', *, *, #3312, .T. ) ;
#7307 = ORIENTED_EDGE ( 'NONE', *, *, #2630, .T. ) ;
#7308 = EDGE_CURVE ( 'NONE', #4227, #1365, #847, .T. ) ;
#7309 = CARTESIAN_POINT ( 'NONE',  ( 3.464101615137782400, -1.999999999999950700, 0.5416666666666746200 ) ) ;
#7310 = CARTESIAN_POINT ( 'NONE',  ( -3.999999999999996400, 1.882511905641147000E-014, -11.74999999999997500 ) ) ;
#7311 = CARTESIAN_POINT ( 'NONE',  ( -1.934401076758560900, 3.350480947161625300, -6.541666666666647400 ) ) ;
#7312 = CARTESIAN_POINT ( 'NONE',  ( -2.999999999999997300, -1.732050807568878700, -33.50000000000000000 ) ) ;
#7313 = CARTESIAN_POINT ( 'NONE',  ( -1.934401076758648100, 3.350480947161575100, -25.41666666666660700 ) ) ;
#7314 = CARTESIAN_POINT ( 'NONE',  ( -3.464101615137783700, 1.999999999999948500, -27.83333333333326800 ) ) ;
#7315 = EDGE_LOOP ( 'NONE', ( #4850, #6922, #6604, #4834, #1993, #6876, #2270, #6595, #4513, #4335, #5357, #4568, #551, #4349, #3527, #5049, #2735, #7812, #344, #3706, #95, #2843, #69, #5811, #2400, #2322, #1807, #6423, #4493, #6466, #4111, #4249, #6183, #5117, #2132, #1501, #6665, #6374, #275, #2588, #585, #2651, #6309, #7584, #6985, #1872, #5841, #3781, #4670, #6486, #7160, #837, #3647, #7042, #6571, #2981, #4551, #2886, #3245, #5374, #2511, #4343, #6924, #5517, #3904, #948, #3799, #5642, #4309, #7731, #6502, #4768, #7494, #2256, #1577, #5478, #7440, #664, #5808, #5071, #5458, #2702, #5431, #6097, #5174, #3362, #6576, #919, #810, #7493, #6002, #6399, #6821, #216, #7681, #7132, #299, #4094, #2040, #1221, #539, #592, #6991, #6317, #7294, #4058, #387, #2099, #6237, #5770, #638, #3670, #4826, #3696, #6381, #4855, #3018, #2484, #6999, #2631, #698, #5078, #404, #337, #5890 ) ) ;
#7316 = CARTESIAN_POINT ( 'NONE',  ( -3.464101615137706900, -2.000000000000082600, -19.66666666666662200 ) ) ;
#7317 = DIRECTION ( 'NONE',  ( -0.0000000000000000000, -0.0000000000000000000, -1.000000000000000000 ) ) ;
#7318 = CARTESIAN_POINT ( 'NONE',  ( -1.934401076758546400, 3.350480947161633700, -15.41666666666662900 ) ) ;
#7319 = PERSON_AND_ORGANIZATION ( #4398, #318 ) ;
#7320 = CARTESIAN_POINT ( 'NONE',  ( 0.0000000000000000000, 0.0000000000000000000, 0.0000000000000000000 ) ) ;
#7321 = CARTESIAN_POINT ( 'NONE',  ( -4.618802153517005800, -6.535430629823232500E-014, -4.749999999999987600 ) ) ;
#7322 = ADVANCED_FACE ( 'NONE', ( #6171 ), #5288, .T. ) ;
#7323 = CARTESIAN_POINT ( 'NONE',  ( -3.350480947161662100, 0.0000000000000000000, 0.0000000000000000000 ) ) ;
#7324 = DIRECTION ( 'NONE',  ( -1.000000000000000000, 0.0000000000000000000, 0.0000000000000000000 ) ) ;
#7325 = B_SPLINE_CURVE_WITH_KNOTS ( 'NONE', 3,
 ( #923, #5198, #5825, #7668, #6480, #334 ),
 .UNSPECIFIED., .F., .F.,
 ( 4, 2, 4 ),
 ( 0.002048497718556407800, 0.002945963617169672400, 0.003843429515782936500 ),
 .UNSPECIFIED. ) ;
#7326 = CARTESIAN_POINT ( 'NONE',  ( 4.000000000000012400, 1.071796769724573600, -27.33034180126141500 ) ) ;
#7327 = CARTESIAN_POINT ( 'NONE',  ( 2.901601615137819200, -1.675240473580704900, -21.95833333333328200 ) ) ;
#7328 = DIRECTION ( 'NONE',  ( -0.0000000000000000000, -0.0000000000000000000, -1.000000000000000000 ) ) ;
#7329 = CYLINDRICAL_SURFACE ( 'NONE', #1844, 3.350480947161662100 ) ;
#7330 = CARTESIAN_POINT ( 'NONE',  ( -2.901601615137692200, -1.675240473580925400, -26.29166666666660400 ) ) ;
#7331 = CARTESIAN_POINT ( 'NONE',  ( -3.350480947161659500, 2.475154542602248700E-014, -21.24999999999995700 ) ) ;
#7332 = CARTESIAN_POINT ( 'NONE',  ( 5.635356014114907400E-014, -4.000000000000000000, -20.62499999999994700 ) ) ;
#7333 = LINE ( 'NONE', #5334, #3499 ) ;
#7334 = CARTESIAN_POINT ( 'NONE',  ( -1.146566514707485100E-013, 4.000000000000000000, -29.12499999999992900 ) ) ;
#7335 = CARTESIAN_POINT ( 'NONE',  ( -3.350480947161662100, 0.0000000000000000000, 0.0000000000000000000 ) ) ;
#7336 = CARTESIAN_POINT ( 'NONE',  ( 3.464101615137782400, -1.999999999999950700, -7.458333333333308200 ) ) ;
#7337 = VECTOR ( 'NONE', #1706, 1000.000000000000000 ) ;
#7338 = VERTEX_POINT ( 'NONE', #5139 ) ;
#7339 = DIRECTION ( 'NONE',  ( 0.0000000000000000000, 0.0000000000000000000, 1.000000000000000000 ) ) ;
#7340 = CARTESIAN_POINT ( 'NONE',  ( -2.901601615137782800, 1.675240473580768200, -5.458333333333317100 ) ) ;
#7341 = CARTESIAN_POINT ( 'NONE',  ( -5.335761604073078800E-014, 3.350480947161662100, -6.624999999999979600 ) ) ;
#7342 = CARTESIAN_POINT ( 'NONE',  ( 3.999999999999996400, -1.071796769724432400, -11.41965819873849100 ) ) ;
#7343 = CARTESIAN_POINT ( 'NONE',  ( -1.934401076758399900, -3.350480947161717600, -29.08333333333326800 ) ) ;
#7344 = CARTESIAN_POINT ( 'NONE',  ( -8.619115771241476400E-014, 3.350480947161662100, -17.49999999999995700 ) ) ;
#7345 =( BOUNDED_CURVE ( )  B_SPLINE_CURVE ( 2, ( #5685, #1345, #1961, #3203, #6240, #2571, #7477, #3811, #6893 ),
 .UNSPECIFIED., .F., .T. ) 
 B_SPLINE_CURVE_WITH_KNOTS ( ( 3, 2, 2, 2, 3 ),
 ( 0.5984848484848486200, 0.6010101010101009900, 0.6060606060606060800, 0.6111111111111111600, 0.6136363636363637600 ),
 .UNSPECIFIED. ) 
 CURVE ( )  GEOMETRIC_REPRESENTATION_ITEM ( )  RATIONAL_B_SPLINE_CURVE ( ( 0.9330127018922194100, 0.9330127018922238500, 1.000000000000000000, 0.8660254037844387100, 1.000000000000000000, 0.8660254037844387100, 1.000000000000000000, 0.9330127018922164100, 0.9330127018922194100 ) ) 
 REPRESENTATION_ITEM ( '' )  );
#7346 = LINE ( 'NONE', #6760, #4072 ) ;
#7347 = VERTEX_POINT ( 'NONE', #2141 ) ;
#7348 = EDGE_CURVE ( 'NONE', #5152, #6426, #6635, .T. ) ;
#7349 = CARTESIAN_POINT ( 'NONE',  ( 1.934401076758450300, 3.350480947161689200, -15.58333333333329500 ) ) ;
#7350 = AXIS2_PLACEMENT_3D ( 'NONE', #6579, #3436, #485 ) ;
#7351 = CARTESIAN_POINT ( 'NONE',  ( 2.309401076758568600, -3.999999999999962300, -10.54166666666663600 ) ) ;
#7352 = CARTESIAN_POINT ( 'NONE',  ( 2.309401076758560200, -3.999999999999966700, -2.416666666666659900 ) ) ;
#7353 = CARTESIAN_POINT ( 'NONE',  ( -4.000000000000003600, 1.071796769724444200, -7.794658198738501300 ) ) ;
#7354 = CARTESIAN_POINT ( 'NONE',  ( 1.934401076758573100, -3.350480947161618600, -6.916666666666645600 ) ) ;
#7355 = FACE_OUTER_BOUND ( 'NONE', #1849, .T. ) ;
#7356 = ORIENTED_EDGE ( 'NONE', *, *, #5122, .T. ) ;
#7357 = EDGE_LOOP ( 'NONE', ( #4391, #6286, #40, #6280 ) ) ;
#7358 = EDGE_CURVE ( 'NONE', #559, #6512, #1666, .T. ) ;
#7359 = DIRECTION ( 'NONE',  ( -1.000000000000000000, 0.0000000000000000000, 0.0000000000000000000 ) ) ;
#7360 = CARTESIAN_POINT ( 'NONE',  ( -3.464101615137725500, -2.000000000000050200, -25.79166666666660000 ) ) ;
#7361 = EDGE_CURVE ( 'NONE', #1252, #841, #2610, .T. ) ;
#7362 = ORIENTED_EDGE ( 'NONE', *, *, #2327, .F. ) ;
#7363 = CARTESIAN_POINT ( 'NONE',  ( -3.464101615137719300, -2.000000000000062600, -23.79166666666660700 ) ) ;
#7364 = CARTESIAN_POINT ( 'NONE',  ( -2.901601615137719700, -1.675240473580878100, -3.166666666666654100 ) ) ;
#7365 = VERTEX_POINT ( 'NONE', #2223 ) ;
#7366 = CARTESIAN_POINT ( 'NONE',  ( -2.309401076758445600, -4.000000000000032900, -4.708333333333314400 ) ) ;
#7367 = CARTESIAN_POINT ( 'NONE',  ( 8.917904620339084600E-014, -4.000000000000000000, -17.62499999999995400 ) ) ;
#7368 = ADVANCED_FACE ( 'NONE', ( #3014 ), #4160, .F. ) ;
#7369 = CARTESIAN_POINT ( 'NONE',  ( 1.934401076758403200, 3.350480947161715900, -10.70833333333330400 ) ) ;
#7370 = CARTESIAN_POINT ( 'NONE',  ( 3.350480947161659500, -1.981285678467997400E-014, -27.74999999999994300 ) ) ;
#7371 = CARTESIAN_POINT ( 'NONE',  ( 3.350480947161662100, -1.138803498474273900E-014, -8.874999999999980500 ) ) ;
#7372 = AXIS2_PLACEMENT_3D ( 'NONE', #7130, #2897, #6585 ) ;
#7373 = CARTESIAN_POINT ( 'NONE',  ( 5.635356014114907400E-014, -4.000000000000000000, -28.49999999999993600 ) ) ;
#7374 = ORIENTED_EDGE ( 'NONE', *, *, #4329, .F. ) ;
#7375 = CARTESIAN_POINT ( 'NONE',  ( 1.934401076758403200, 3.350480947161715900, -10.58333333333330400 ) ) ;
#7376 = CARTESIAN_POINT ( 'NONE',  ( 4.000000000000000900, -6.391244124090313400E-015, -3.374999999999987600 ) ) ;
#7377 = ORIENTED_EDGE ( 'NONE', *, *, #393, .F. ) ;
#7378 = CARTESIAN_POINT ( 'NONE',  ( -1.934401076758449900, -3.350480947161689600, -19.08333333333329000 ) ) ;
#7379 = CARTESIAN_POINT ( 'NONE',  ( -2.309401076758561500, 3.999999999999966200, -9.916666666666644800 ) ) ;
#7380 = DIRECTION ( 'NONE',  ( 1.000000000000000000, 0.0000000000000000000, 0.0000000000000000000 ) ) ;
#7381 = CARTESIAN_POINT ( 'NONE',  ( -4.000000000000000900, 6.042630808230842100E-015, -4.874999999999983100 ) ) ;
#7382 = ORIENTED_EDGE ( 'NONE', *, *, #511, .T. ) ;
#7383 = CARTESIAN_POINT ( 'NONE',  ( -2.309401076758627700, 3.999999999999928100, -27.04166666666660000 ) ) ;
#7384 =( BOUNDED_CURVE ( )  B_SPLINE_CURVE ( 2, ( #3829, #3927, #3327, #6283, #3247, #5755, #1367, #2641, #7574 ),
 .UNSPECIFIED., .F., .F. ) 
 B_SPLINE_CURVE_WITH_KNOTS ( ( 3, 2, 2, 2, 3 ),
 ( 0.06818181818181826000, 0.07070707070707070400, 0.07575757575757576000, 0.08080808080808081500, 0.08333333333333341200 ),
 .UNSPECIFIED. ) 
 CURVE ( )  GEOMETRIC_REPRESENTATION_ITEM ( )  RATIONAL_B_SPLINE_CURVE ( ( 0.9330127018922194100, 0.9330127018922214100, 1.000000000000000000, 0.8660254037844387100, 1.000000000000000000, 0.8660254037844387100, 1.000000000000000000, 0.9330127018922174100, 0.9330127018922194100 ) ) 
 REPRESENTATION_ITEM ( '' )  );
#7385 = CARTESIAN_POINT ( 'NONE',  ( -4.000000000000000000, -1.071796769724548300, -13.83034180126144200 ) ) ;
#7386 = CARTESIAN_POINT ( 'NONE',  ( 3.464101615137726400, 2.000000000000048800, -27.29166666666660000 ) ) ;
#7387 = ORIENTED_EDGE ( 'NONE', *, *, #1865, .F. ) ;
#7388 = CARTESIAN_POINT ( 'NONE',  ( -2.309401076758561500, 3.999999999999966200, -4.041666666666649200 ) ) ;
#7389 = CARTESIAN_POINT ( 'NONE',  ( 2.309401076758437200, 4.000000000000037300, -21.08333333333328200 ) ) ;
#7390 = CARTESIAN_POINT ( 'NONE',  ( -3.999999999999999100, 2.556497649636125300E-015, -0.7499999999999986700 ) ) ;
#7391 = DIRECTION ( 'NONE',  ( 0.0000000000000000000, 0.0000000000000000000, 1.000000000000000000 ) ) ;
#7392 = EDGE_CURVE ( 'NONE', #6530, #7537, #5100, .T. ) ;
#7393 = CARTESIAN_POINT ( 'NONE',  ( -4.000000000000000000, 4.898587196589412800E-016, -30.00000000000000000 ) ) ;
#7394 = VERTEX_POINT ( 'NONE', #7751 ) ;
#7395 = CARTESIAN_POINT ( 'NONE',  ( 4.618802153517005800, 6.478866617091239000E-014, -29.24999999999993200 ) ) ;
#7396 = CYLINDRICAL_SURFACE ( 'NONE', #4778, 4.000000000000000000 ) ;
#7397 = AXIS2_PLACEMENT_3D ( 'NONE', #7297, #1471, #7615 ) ;
#7398 = CARTESIAN_POINT ( 'NONE',  ( -1.934401076758564200, 3.350480947161623500, -10.41666666666663900 ) ) ;
#7399 = DIRECTION ( 'NONE',  ( 0.0000000000000000000, 0.0000000000000000000, 1.000000000000000000 ) ) ;
#7400 = CARTESIAN_POINT ( 'NONE',  ( -4.679256681265764000E-014, 3.350480947161662100, -21.49999999999995000 ) ) ;
#7401 = VERTEX_POINT ( 'NONE', #1093 ) ;
#7402 = FACE_OUTER_BOUND ( 'NONE', #3767, .T. ) ;
#7403 = EDGE_CURVE ( 'NONE', #1498, #3068, #6892, .T. ) ;
#7404 = CARTESIAN_POINT ( 'NONE',  ( 2.309401076758560200, -3.999999999999966700, -7.416666666666649200 ) ) ;
#7405 = ADVANCED_FACE ( 'NONE', ( #515 ), #4626, .T. ) ;
#7406 = CARTESIAN_POINT ( 'NONE',  ( 2.901601615137775700, -1.675240473580781100, -1.833333333333323500 ) ) ;
#7407 =( BOUNDED_CURVE ( )  B_SPLINE_CURVE ( 2, ( #6439, #4659, #4759, #6641, #7756, #7809, #1095, #488, #1714 ),
 .UNSPECIFIED., .F., .F. ) 
 B_SPLINE_CURVE_WITH_KNOTS ( ( 3, 2, 2, 2, 3 ),
 ( 0.8712121212121213300, 0.8737373737373737000, 0.8787878787878787800, 0.8838383838383838700, 0.8863636363636365800 ),
 .UNSPECIFIED. ) 
 CURVE ( )  GEOMETRIC_REPRESENTATION_ITEM ( )  RATIONAL_B_SPLINE_CURVE ( ( 0.9330127018922194100, 0.9330127018922223000, 1.000000000000000000, 0.8660254037844387100, 1.000000000000000000, 0.8660254037844387100, 1.000000000000000000, 0.9330127018922134100, 0.9330127018922193000 ) ) 
 REPRESENTATION_ITEM ( '' )  );
#7408 = VERTEX_POINT ( 'NONE', #4757 ) ;
#7409 = CARTESIAN_POINT ( 'NONE',  ( 0.0000000000000000000, 0.0000000000000000000, 0.0000000000000000000 ) ) ;
#7410 = CARTESIAN_POINT ( 'NONE',  ( -3.464101615137725500, -2.000000000000050200, -26.79166666666660000 ) ) ;
#7411 = CARTESIAN_POINT ( 'NONE',  ( -2.901601615137722400, -1.675240473580873000, -1.291666666666658500 ) ) ;
#7412 = DIRECTION ( 'NONE',  ( -1.000000000000000000, 0.0000000000000000000, 0.0000000000000000000 ) ) ;
#7413 = CARTESIAN_POINT ( 'NONE',  ( 0.0000000000000000000, 0.0000000000000000000, 0.0000000000000000000 ) ) ;
#7414 = EDGE_CURVE ( 'NONE', #961, #6104, #934, .T. ) ;
#7415 = FACE_OUTER_BOUND ( 'NONE', #7445, .T. ) ;
#7416 = CARTESIAN_POINT ( 'NONE',  ( 5.635356014114907400E-014, -4.000000000000000000, -2.624999999999984900 ) ) ;
#7417 = VERTEX_POINT ( 'NONE', #4732 ) ;
#7418 = CARTESIAN_POINT ( 'NONE',  ( 1.934401076758429400, 3.350480947161700300, -7.583333333333309900 ) ) ;
#7419 = CARTESIAN_POINT ( 'NONE',  ( 3.350480947161659000, -2.614599868946037200E-015, -12.74999999999997000 ) ) ;
#7420 = VECTOR ( 'NONE', #3328, 1000.000000000000000 ) ;
#7421 =( BOUNDED_CURVE ( )  B_SPLINE_CURVE ( 2, ( #1613, #4696, #7143, #2909, #1001, #1703, #3925, #6569, #5774 ),
 .UNSPECIFIED., .F., .T. ) 
 B_SPLINE_CURVE_WITH_KNOTS ( ( 3, 2, 2, 2, 3 ),
 ( 0.1742424242424243400, 0.1767676767676767700, 0.1818181818181818200, 0.1868686868686868800, 0.1893939393939394800 ),
 .UNSPECIFIED. ) 
 CURVE ( )  GEOMETRIC_REPRESENTATION_ITEM ( )  RATIONAL_B_SPLINE_CURVE ( ( 0.9330127018922193000, 0.9330127018922218500, 1.000000000000000000, 0.8660254037844387100, 1.000000000000000000, 0.8660254037844387100, 1.000000000000000000, 0.9330127018922171900, 0.9330127018922194100 ) ) 
 REPRESENTATION_ITEM ( '' )  );
#7422 = CARTESIAN_POINT ( 'NONE',  ( -2.309401076758439000, -4.000000000000036400, -3.708333333333316200 ) ) ;
#7423 = CARTESIAN_POINT ( 'NONE',  ( 3.868802153516995600, 5.426829789941481600E-014, -22.74999999999994700 ) ) ;
#7424 = CARTESIAN_POINT ( 'NONE',  ( 2.901601615137776100, -1.675240473580780400, -2.958333333333321900 ) ) ;
#7425 = VECTOR ( 'NONE', #1151, 1000.000000000000000 ) ;
#7426 = CARTESIAN_POINT ( 'NONE',  ( 3.464101615137782400, -1.999999999999950700, -7.333333333333316200 ) ) ;
#7427 = CARTESIAN_POINT ( 'NONE',  ( -3.999999999999996400, 2.939972297081544000E-014, -20.87499999999995000 ) ) ;
#7428 = CARTESIAN_POINT ( 'NONE',  ( -6.762031069330472100E-014, 4.000000000000000000, -10.99999999999997500 ) ) ;
#7429 = CARTESIAN_POINT ( 'NONE',  ( -3.464101615137783700, 1.999999999999948500, -26.95833333333326500 ) ) ;
#7430 = CYLINDRICAL_SURFACE ( 'NONE', #2634, 3.350480947161662100 ) ;
#7431 = ORIENTED_EDGE ( 'NONE', *, *, #6666, .T. ) ;
#7432 = CARTESIAN_POINT ( 'NONE',  ( 4.720288238941220100E-014, -3.350480947161662100, -1.124999999999991800 ) ) ;
#7433 = CARTESIAN_POINT ( 'NONE',  ( 3.999999999999997300, -1.071796769724430400, -14.29465819873848900 ) ) ;
#7434 = CARTESIAN_POINT ( 'NONE',  ( -4.618802153517005800, -6.535430629823232500E-014, -6.874999999999976000 ) ) ;
#7435 = ADVANCED_FACE ( 'NONE', ( #6845, #3868 ), #4300, .F. ) ;
#7436 = PLANE ( 'NONE',  #7571 ) ;
#7437 = CARTESIAN_POINT ( 'NONE',  ( 3.350480947161662100, 4.103155767545721900E-016, 0.0000000000000000000 ) ) ;
#7438 =( BOUNDED_CURVE ( )  B_SPLINE_CURVE ( 2, ( #4882, #82, #6178, #4941, #3675, #7418, #3698, #6799, #5472 ),
 .UNSPECIFIED., .F., .T. ) 
 B_SPLINE_CURVE_WITH_KNOTS ( ( 3, 2, 2, 2, 3 ),
 ( 0.2651515151515152500, 0.2676767676767676800, 0.2727272727272727100, 0.2777777777777777900, 0.2803030303030303900 ),
 .UNSPECIFIED. ) 
 CURVE ( )  GEOMETRIC_REPRESENTATION_ITEM ( )  RATIONAL_B_SPLINE_CURVE ( ( 0.9330127018922194100, 0.9330127018922216300, 1.000000000000000000, 0.8660254037844387100, 1.000000000000000000, 0.8660254037844387100, 1.000000000000000000, 0.9330127018922171900, 0.9330127018922194100 ) ) 
 REPRESENTATION_ITEM ( '' )  );
#7439 = FACE_OUTER_BOUND ( 'NONE', #261, .T. ) ;
#7440 = ORIENTED_EDGE ( 'NONE', *, *, #6253, .F. ) ;
#7441 = CARTESIAN_POINT ( 'NONE',  ( -3.350480947161662100, -6.856061878569608300E-015, -8.249999999999978700 ) ) ;
#7442 = CARTESIAN_POINT ( 'NONE',  ( 0.0000000000000000000, 0.0000000000000000000, 0.0000000000000000000 ) ) ;
#7443 = EDGE_CURVE ( 'NONE', #7096, #7667, #1294, .T. ) ;
#7444 = CARTESIAN_POINT ( 'NONE',  ( -3.350480947161661700, -0.8977586640478785200, -14.20534180126144400 ) ) ;
#7445 = EDGE_LOOP ( 'NONE', ( #3315, #675, #4784, #3850, #2166, #2794, #1597, #331 ) ) ;
#7446 =( BOUNDED_CURVE ( )  B_SPLINE_CURVE ( 2, ( #4671, #5201, #4644, #972, #5247, #2183, #2213, #5929, #5225 ),
 .UNSPECIFIED., .F., .F. ) 
 B_SPLINE_CURVE_WITH_KNOTS ( ( 3, 2, 2, 2, 3 ),
 ( 0.6439393939393941400, 0.6464646464646465200, 0.6515151515151514900, 0.6565656565656565700, 0.6590909090909092800 ),
 .UNSPECIFIED. ) 
 CURVE ( )  GEOMETRIC_REPRESENTATION_ITEM ( )  RATIONAL_B_SPLINE_CURVE ( ( 0.9330127018922194100, 0.9330127018922238500, 1.000000000000000000, 0.8660254037844387100, 1.000000000000000000, 0.8660254037844387100, 1.000000000000000000, 0.9330127018922149700, 0.9330127018922194100 ) ) 
 REPRESENTATION_ITEM ( '' )  );
#7447 = CARTESIAN_POINT ( 'NONE',  ( -3.868802153516995600, -5.474208951679871900E-014, -20.24999999999995000 ) ) ;
#7448 =( GEOMETRIC_REPRESENTATION_CONTEXT ( 3 ) GLOBAL_UNCERTAINTY_ASSIGNED_CONTEXT ( ( #7228 ) ) GLOBAL_UNIT_ASSIGNED_CONTEXT ( ( #7221, #1727, #3540 ) ) REPRESENTATION_CONTEXT ( 'NONE', 'WORKASPACE' ) );
#7449 = ORIENTED_EDGE ( 'NONE', *, *, #7789, .T. ) ;
#7450 = VERTEX_POINT ( 'NONE', #2356 ) ;
#7451 = CARTESIAN_POINT ( 'NONE',  ( -2.309401076758445600, -4.000000000000032900, -10.58333333333330900 ) ) ;
#7452 = CARTESIAN_POINT ( 'NONE',  ( 2.901601615137716200, 1.675240473580884100, -11.66666666666663600 ) ) ;
#7453 = CARTESIAN_POINT ( 'NONE',  ( -3.350480947161659500, 1.580380365229604700E-014, -11.37499999999997200 ) ) ;
#7454 = CARTESIAN_POINT ( 'NONE',  ( -2.901601615137709100, -1.675240473580895900, -13.29166666666663200 ) ) ;
#7455 = VERTEX_POINT ( 'NONE', #4783 ) ;
#7456 = CARTESIAN_POINT ( 'NONE',  ( -5.586370142149013400E-014, 4.000000000000000000, -29.12499999999992900 ) ) ;
#7457 = EDGE_CURVE ( 'NONE', #7401, #6509, #6789, .T. ) ;
#7458 = ORIENTED_EDGE ( 'NONE', *, *, #6493, .T. ) ;
#7459 = CARTESIAN_POINT ( 'NONE',  ( 3.868802153516995600, 5.426829789941480900E-014, -3.874999999999986200 ) ) ;
#7460 = CARTESIAN_POINT ( 'NONE',  ( 2.309401076758671200, -3.999999999999903600, -28.41666666666660400 ) ) ;
#7461 = CARTESIAN_POINT ( 'NONE',  ( -3.464101615137725500, -2.000000000000050200, -9.791666666666635900 ) ) ;
#7462 = CARTESIAN_POINT ( 'NONE',  ( 3.999999999999996400, -1.185285273922203500E-014, -21.24999999999996100 ) ) ;
#7463 = CARTESIAN_POINT ( 'NONE',  ( -4.000000000000000900, 1.071796769724451300, -4.919658198738502200 ) ) ;
#7464 = CARTESIAN_POINT ( 'NONE',  ( 3.350480947161659000, -2.614599868946037200E-015, -12.87499999999997000 ) ) ;
#7465 = ORIENTED_EDGE ( 'NONE', *, *, #1298, .F. ) ;
#7466 = CYLINDRICAL_SURFACE ( 'NONE', #1156, 3.350480947161662100 ) ;
#7467 = CARTESIAN_POINT ( 'NONE',  ( 3.999999999999996400, 2.788906526875773200E-015, -18.37499999999995400 ) ) ;
#7468 = CARTESIAN_POINT ( 'NONE',  ( 1.499413348214704100E-013, -4.000000000000000000, -21.62499999999994300 ) ) ;
#7469 = CARTESIAN_POINT ( 'NONE',  ( -1.342609039472915600E-013, 4.000000000000000000, -20.12499999999995000 ) ) ;
#7470 = CARTESIAN_POINT ( 'NONE',  ( 2.901601615137792600, -1.675240473580751800, -13.83333333333329700 ) ) ;
#7471 = VERTEX_POINT ( 'NONE', #6603 ) ;
#7472 = CARTESIAN_POINT ( 'NONE',  ( -2.901601615137722400, -1.675240473580873000, -19.16666666666662200 ) ) ;
#7473 = CARTESIAN_POINT ( 'NONE',  ( 0.0000000000000000000, 0.0000000000000000000, -30.00000000000000000 ) ) ;
#7474 = CARTESIAN_POINT ( 'NONE',  ( 3.464101615137726400, 2.000000000000048800, -9.166666666666646500 ) ) ;
#7475 =( BOUNDED_CURVE ( )  B_SPLINE_CURVE ( 2, ( #7260, #6023, #7918, #6639, #2437, #4273, #598, #2973, #4865 ),
 .UNSPECIFIED., .F., .F. ) 
 B_SPLINE_CURVE_WITH_KNOTS ( ( 3, 2, 2, 2, 3 ),
 ( 0.7651515151515152500, 0.7676767676767676200, 0.7727272727272727100, 0.7777777777777777900, 0.7803030303030305000 ),
 .UNSPECIFIED. ) 
 CURVE ( )  GEOMETRIC_REPRESENTATION_ITEM ( )  RATIONAL_B_SPLINE_CURVE ( ( 0.9330127018922194100, 0.9330127018922223000, 1.000000000000000000, 0.8660254037844387100, 1.000000000000000000, 0.8660254037844387100, 1.000000000000000000, 0.9330127018922149700, 0.9330127018922194100 ) ) 
 REPRESENTATION_ITEM ( '' )  );
#7476 = ADVANCED_FACE ( 'NONE', ( #2714 ), #1083, .T. ) ;
#7477 = CARTESIAN_POINT ( 'NONE',  ( 2.901601615137701500, 1.675240473580909900, -18.66666666666662200 ) ) ;
#7478 = ORIENTED_EDGE ( 'NONE', *, *, #4804, .F. ) ;
#7479 = CARTESIAN_POINT ( 'NONE',  ( 0.0000000000000000000, 0.0000000000000000000, -38.00000000000000000 ) ) ;
#7480 = CARTESIAN_POINT ( 'NONE',  ( 2.901601615137697100, 1.675240473580916800, -28.79166666666660000 ) ) ;
#7481 = CARTESIAN_POINT ( 'NONE',  ( -3.350480947161661700, -0.8977586640478934000, -19.20534180126143300 ) ) ;
#7482 = CARTESIAN_POINT ( 'NONE',  ( -3.868802153516995600, -5.474208951679871200E-014, -24.37499999999994300 ) ) ;
#7483 = CARTESIAN_POINT ( 'NONE',  ( -1.934401076758449900, -3.350480947161689600, -1.083333333333325000 ) ) ;
#7484 = CARTESIAN_POINT ( 'NONE',  ( 3.868802153516995600, 5.426829789941480900E-014, -5.874999999999983100 ) ) ;
#7485 = CARTESIAN_POINT ( 'NONE',  ( -3.350480947161659000, 0.8977586640478008000, -9.419658198738496000 ) ) ;
#7486 = ORIENTED_EDGE ( 'NONE', *, *, #6730, .T. ) ;
#7487 = ORIENTED_EDGE ( 'NONE', *, *, #182, .T. ) ;
#7488 = CARTESIAN_POINT ( 'NONE',  ( 2.309401076758560200, -3.999999999999966700, -8.541666666666637700 ) ) ;
#7489 = CARTESIAN_POINT ( 'NONE',  ( -6.272172349671531500E-014, 4.000000000000000000, -5.124999999999980500 ) ) ;
#7490 = EDGE_CURVE ( 'NONE', #2122, #3715, #3399, .T. ) ;
#7491 = CARTESIAN_POINT ( 'NONE',  ( 2.309401076758401700, 4.000000000000058600, -28.08333333333326800 ) ) ;
#7492 = CARTESIAN_POINT ( 'NONE',  ( -4.000000000000000000, 4.898587196589412800E-016, -30.00000000000000000 ) ) ;
#7493 = ORIENTED_EDGE ( 'NONE', *, *, #1483, .F. ) ;
#7494 = ORIENTED_EDGE ( 'NONE', *, *, #2268, .F. ) ;
#7495 = CARTESIAN_POINT ( 'NONE',  ( -5.171635373371249700E-014, 3.350480947161662100, -4.499999999999984900 ) ) ;
#7496 = ORIENTED_EDGE ( 'NONE', *, *, #3287, .F. ) ;
#7497 = CARTESIAN_POINT ( 'NONE',  ( 2.309401076758592200, -3.999999999999948000, -5.541666666666645600 ) ) ;
#7498 = CARTESIAN_POINT ( 'NONE',  ( 2.901601615137722900, 1.675240473580871900, -27.66666666666660400 ) ) ;
#7499 = DIRECTION ( 'NONE',  ( 0.0000000000000000000, 0.0000000000000000000, 1.000000000000000000 ) ) ;
#7500 = CIRCLE ( 'NONE', #5727, 6.499999999999999100 ) ;
#7501 = EDGE_CURVE ( 'NONE', #856, #2025, #613, .T. ) ;
#7502 = CARTESIAN_POINT ( 'NONE',  ( -5.586370142149013400E-014, 4.000000000000000000, -15.99999999999996300 ) ) ;
#7503 = ORIENTED_EDGE ( 'NONE', *, *, #7729, .F. ) ;
#7504 = CARTESIAN_POINT ( 'NONE',  ( 3.350480947161662100, 4.880586422032603200E-015, -4.874999999999986700 ) ) ;
#7505 = CARTESIAN_POINT ( 'NONE',  ( -4.000000000000000900, 4.996790860652426900E-015, -5.874999999999982200 ) ) ;
#7506 = APPROVAL_DATE_TIME ( #6198, #6452 ) ;
#7507 = CARTESIAN_POINT ( 'NONE',  ( 4.720288238941220100E-014, -3.350480947161662100, -23.12499999999994700 ) ) ;
#7508 = CARTESIAN_POINT ( 'NONE',  ( -1.934401076758546400, 3.350480947161633700, -1.416666666666657600 ) ) ;
#7509 = CARTESIAN_POINT ( 'NONE',  ( -3.868802153516995600, -5.474208951679871200E-014, -5.374999999999982200 ) ) ;
#7510 = CARTESIAN_POINT ( 'NONE',  ( 3.464101615137782400, -1.999999999999950700, -11.45833333333330000 ) ) ;
#7511 = FACE_OUTER_BOUND ( 'NONE', #4073, .T. ) ;
#7512 =( BOUNDED_CURVE ( )  B_SPLINE_CURVE ( 2, ( #5936, #2302, #5883, #1571, #2251, #2221, #4730, #2806, #2829 ),
 .UNSPECIFIED., .F., .T. ) 
 B_SPLINE_CURVE_WITH_KNOTS ( ( 3, 2, 2, 2, 3 ),
 ( 0.7500000000000001100, 0.7525252525252524900, 0.7575757575757575700, 0.7626262626262626500, 0.7651515151515152500 ),
 .UNSPECIFIED. ) 
 CURVE ( )  GEOMETRIC_REPRESENTATION_ITEM ( )  RATIONAL_B_SPLINE_CURVE ( ( 0.9330127018922194100, 0.9330127018922223000, 1.000000000000000000, 0.8660254037844387100, 1.000000000000000000, 0.8660254037844387100, 1.000000000000000000, 0.9330127018922164100, 0.9330127018922194100 ) ) 
 REPRESENTATION_ITEM ( '' )  );
#7513 = ADVANCED_FACE ( 'NONE', ( #7689 ), #6066, .F. ) ;
#7514 = VECTOR ( 'NONE', #6842, 1000.000000000000000 ) ;
#7515 = CARTESIAN_POINT ( 'NONE',  ( -3.999999999999996400, -2.730804307565861300E-014, -27.74999999999994000 ) ) ;
#7516 = CARTESIAN_POINT ( 'NONE',  ( 1.577790743360134600E-013, -4.000000000000000000, -29.62499999999992500 ) ) ;
#7517 = CARTESIAN_POINT ( 'NONE',  ( 4.000000000000008900, 1.071796769724560300, -20.33034180126142600 ) ) ;
#7518 = VECTOR ( 'NONE', #1526, 1000.000000000000000 ) ;
#7519 = EDGE_LOOP ( 'NONE', ( #6060, #2346, #3794, #3141 ) ) ;
#7520 = CARTESIAN_POINT ( 'NONE',  ( -4.679256681265764000E-014, 3.350480947161662100, -24.49999999999994300 ) ) ;
#7521 = DIRECTION ( 'NONE',  ( 0.0000000000000000000, 0.0000000000000000000, 1.000000000000000000 ) ) ;
#7522 = CARTESIAN_POINT ( 'NONE',  ( -2.309401076758445600, -4.000000000000032900, -13.58333333333330200 ) ) ;
#7523 = PLANE ( 'NONE',  #4641 ) ;
#7524 = CONICAL_SURFACE ( 'NONE', #2048, 3.464101615137755700, 0.7853981633974500600 ) ;
#7525 = EDGE_LOOP ( 'NONE', ( #2202, #2000, #5320, #4083 ) ) ;
#7526 = DIRECTION ( 'NONE',  ( -1.000000000000000000, 0.0000000000000000000, 0.0000000000000000000 ) ) ;
#7527 = DIRECTION ( 'NONE',  ( 1.000000000000000000, 0.0000000000000000000, 0.0000000000000000000 ) ) ;
#7528 = CARTESIAN_POINT ( 'NONE',  ( -3.868802153516995600, -5.474208951679871200E-014, -25.37499999999994300 ) ) ;
#7529 = CARTESIAN_POINT ( 'NONE',  ( 4.618802153517005800, 6.478866617091239000E-014, -30.37499999999993200 ) ) ;
#7530 =( BOUNDED_CURVE ( )  B_SPLINE_CURVE ( 2, ( #3598, #944, #3426, #560, #2376, #6657, #1208, #3047, #6095 ),
 .UNSPECIFIED., .F., .T. ) 
 B_SPLINE_CURVE_WITH_KNOTS ( ( 3, 2, 2, 2, 3 ),
 ( 0.7803030303030305000, 0.7828282828282828700, 0.7878787878787878500, 0.7929292929292929300, 0.7954545454545456400 ),
 .UNSPECIFIED. ) 
 CURVE ( )  GEOMETRIC_REPRESENTATION_ITEM ( )  RATIONAL_B_SPLINE_CURVE ( ( 0.9330127018922194100, 0.9330127018922238500, 1.000000000000000000, 0.8660254037844387100, 1.000000000000000000, 0.8660254037844387100, 1.000000000000000000, 0.9330127018922149700, 0.9330127018922194100 ) ) 
 REPRESENTATION_ITEM ( '' )  );
#7531 = FACE_OUTER_BOUND ( 'NONE', #7047, .T. ) ;
#7532 = EDGE_LOOP ( 'NONE', ( #4890, #1827, #6133, #6745 ) ) ;
#7533 = EDGE_CURVE ( 'NONE', #1754, #196, #7475, .T. ) ;
#7534 = CARTESIAN_POINT ( 'NONE',  ( 1.934401076758450300, 3.350480947161689200, -8.708333333333309100 ) ) ;
#7535 = CARTESIAN_POINT ( 'NONE',  ( -4.000000000000003600, 1.626862140677534300E-015, -14.87499999999996300 ) ) ;
#7536 = ORIENTED_EDGE ( 'NONE', *, *, #2359, .F. ) ;
#7537 = VERTEX_POINT ( 'NONE', #5450 ) ;
#7538 = CARTESIAN_POINT ( 'NONE',  ( 2.309401076758560200, -3.999999999999966700, -11.54166666666663200 ) ) ;
#7539 = CARTESIAN_POINT ( 'NONE',  ( 0.0000000000000000000, 0.0000000000000000000, -38.00000000000000000 ) ) ;
#7540 = DIRECTION ( 'NONE',  ( -1.000000000000000000, 0.0000000000000000000, 0.0000000000000000000 ) ) ;
#7541 = CARTESIAN_POINT ( 'NONE',  ( 1.934401076758344200, 3.350480947161751400, -24.70833333333327900 ) ) ;
#7542 = ORIENTED_EDGE ( 'NONE', *, *, #6607, .F. ) ;
#7543 =( BOUNDED_CURVE ( )  B_SPLINE_CURVE ( 2, ( #758, #783, #7424, #4395, #730, #5595, #1342, #2010, #702 ),
 .UNSPECIFIED., .F., .F. ) 
 B_SPLINE_CURVE_WITH_KNOTS ( ( 3, 2, 2, 2, 3 ),
 ( 0.1287878787878788700, 0.1313131313131313300, 0.1363636363636363500, 0.1414141414141414100, 0.1439393939393940100 ),
 .UNSPECIFIED. ) 
 CURVE ( )  GEOMETRIC_REPRESENTATION_ITEM ( )  RATIONAL_B_SPLINE_CURVE ( ( 0.9330127018922194100, 0.9330127018922211900, 1.000000000000000000, 0.8660254037844387100, 1.000000000000000000, 0.8660254037844387100, 1.000000000000000000, 0.9330127018922175200, 0.9330127018922194100 ) ) 
 REPRESENTATION_ITEM ( '' )  );
#7544 = CARTESIAN_POINT ( 'NONE',  ( 8.134130668884778400E-014, -4.000000000000000000, -10.49999999999997500 ) ) ;
#7545 = ORIENTED_EDGE ( 'NONE', *, *, #4278, .T. ) ;
#7546 = EDGE_CURVE ( 'NONE', #293, #3490, #1562, .T. ) ;
#7547 = DIRECTION ( 'NONE',  ( -0.0000000000000000000, -0.0000000000000000000, -1.000000000000000000 ) ) ;
#7548 = CARTESIAN_POINT ( 'NONE',  ( 5.335346827507168400E-014, -3.350480947161662100, -21.12499999999995000 ) ) ;
#7549 = CARTESIAN_POINT ( 'NONE',  ( -1.934401076758449900, -3.350480947161689600, -24.08333333333327900 ) ) ;
#7550 = CARTESIAN_POINT ( 'NONE',  ( -2.309401076758586400, 3.999999999999952500, -14.91666666666662900 ) ) ;
#7551 = CARTESIAN_POINT ( 'NONE',  ( -4.618802153517005800, -6.535430629823232500E-014, -13.74999999999997000 ) ) ;
#7552 = ADVANCED_FACE ( 'NONE', ( #5591 ), #4816, .T. ) ;
#7553 = CARTESIAN_POINT ( 'NONE',  ( 1.934401076758637900, -3.350480947161581300, -28.04166666666660400 ) ) ;
#7554 = EDGE_LOOP ( 'NONE', ( #7207, #5947, #4576, #5792 ) ) ;
#7555 = ORIENTED_EDGE ( 'NONE', *, *, #4937, .F. ) ;
#7556 = AXIS2_PLACEMENT_3D ( 'NONE', #4966, #5611, #5668 ) ;
#7557 =( BOUNDED_CURVE ( )  B_SPLINE_CURVE ( 2, ( #1154, #6638, #2916, #510, #5400, #7778, #4704, #7176, #2971 ),
 .UNSPECIFIED., .F., .T. ) 
 B_SPLINE_CURVE_WITH_KNOTS ( ( 3, 2, 2, 2, 3 ),
 ( 0.3257575757575758600, 0.3282828282828282900, 0.3333333333333333100, 0.3383838383838384000, 0.3409090909090909900 ),
 .UNSPECIFIED. ) 
 CURVE ( )  GEOMETRIC_REPRESENTATION_ITEM ( )  RATIONAL_B_SPLINE_CURVE ( ( 0.9330127018922194100, 0.9330127018922216300, 1.000000000000000000, 0.8660254037844387100, 1.000000000000000000, 0.8660254037844387100, 1.000000000000000000, 0.9330127018922171900, 0.9330127018922194100 ) ) 
 REPRESENTATION_ITEM ( '' )  );
#7558 = CARTESIAN_POINT ( 'NONE',  ( -4.000000000000000900, -1.071796769724527900, -5.705341801261466700 ) ) ;
#7559 = CARTESIAN_POINT ( 'NONE',  ( 2.901601615137722900, 1.675240473580871900, -27.79166666666660400 ) ) ;
#7560 = CARTESIAN_POINT ( 'NONE',  ( 4.720288238941220700E-014, -3.350480947161662100, -0.9999999999999917800 ) ) ;
#7561 = EDGE_CURVE ( 'NONE', #161, #2106, #2510, .T. ) ;
#7562 = ORIENTED_EDGE ( 'NONE', *, *, #3299, .F. ) ;
#7563 = FACE_OUTER_BOUND ( 'NONE', #6520, .T. ) ;
#7564 = CARTESIAN_POINT ( 'NONE',  ( -1.934401076758546400, 3.350480947161633700, -11.54166666666663600 ) ) ;
#7565 = CARTESIAN_POINT ( 'NONE',  ( -3.464101615137800600, 1.999999999999919400, -12.83333333333330400 ) ) ;
#7566 = CARTESIAN_POINT ( 'NONE',  ( -3.464101615137783700, 1.999999999999948500, -9.958333333333303700 ) ) ;
#7567 = CARTESIAN_POINT ( 'NONE',  ( 1.934401076758393500, 3.350480947161721200, -22.58333333333328200 ) ) ;
#7568 = CARTESIAN_POINT ( 'NONE',  ( 3.350480947161663900, -0.8977586640477799300, -26.79465819873846000 ) ) ;
#7569 = ORIENTED_EDGE ( 'NONE', *, *, #7803, .T. ) ;
#7570 = CARTESIAN_POINT ( 'NONE',  ( 3.350480947161659500, -6.565550782020049000E-015, -24.87499999999994700 ) ) ;
#7571 = AXIS2_PLACEMENT_3D ( 'NONE', #1949, #5670, #2585 ) ;
#7572 = CARTESIAN_POINT ( 'NONE',  ( 2.309401076758596600, -3.999999999999944900, -10.41666666666664100 ) ) ;
#7573 = DIRECTION ( 'NONE',  ( -0.8191520442889934600, 0.0000000000000000000, -0.5735764363510437200 ) ) ;
#7574 = CARTESIAN_POINT ( 'NONE',  ( -3.350480947161662100, -8.715332896486790000E-016, -1.374999999999994200 ) ) ;
#7575 = CARTESIAN_POINT ( 'NONE',  ( 4.000000000000000000, 0.0000000000000000000, -30.00000000000000000 ) ) ;
#7576 = CARTESIAN_POINT ( 'NONE',  ( 2.901601615137770400, -1.675240473580789800, -23.83333333333327500 ) ) ;
#7577 = ORIENTED_EDGE ( 'NONE', *, *, #7119, .T. ) ;
#7578 = CARTESIAN_POINT ( 'NONE',  ( 0.0000000000000000000, 0.0000000000000000000, 0.0000000000000000000 ) ) ;
#7579 = CARTESIAN_POINT ( 'NONE',  ( -2.309401076758561500, 3.999999999999966200, -11.91666666666664100 ) ) ;
#7580 =( BOUNDED_CURVE ( )  B_SPLINE_CURVE ( 2, ( #927, #2673, #2726, #3334, #3957, #227, #2118, #5182, #1528 ),
 .UNSPECIFIED., .F., .T. ) 
 B_SPLINE_CURVE_WITH_KNOTS ( ( 3, 2, 2, 2, 3 ),
 ( 0.5227272727272729300, 0.5252525252525253000, 0.5303030303030302800, 0.5353535353535353600, 0.5378787878787880700 ),
 .UNSPECIFIED. ) 
 CURVE ( )  GEOMETRIC_REPRESENTATION_ITEM ( )  RATIONAL_B_SPLINE_CURVE ( ( 0.9330127018922194100, 0.9330127018922238500, 1.000000000000000000, 0.8660254037844387100, 1.000000000000000000, 0.8660254037844387100, 1.000000000000000000, 0.9330127018922149700, 0.9330127018922194100 ) ) 
 REPRESENTATION_ITEM ( '' )  );
#7581 = CARTESIAN_POINT ( 'NONE',  ( -2.792084135800105800, 1.967197549528342000, -29.50529262551640700 ) ) ;
#7582 = CARTESIAN_POINT ( 'NONE',  ( -1.769308155976455000, 2.442591075005347900, -37.54837837872109700 ) ) ;
#7583 = ORIENTED_EDGE ( 'NONE', *, *, #5273, .F. ) ;
#7584 = ORIENTED_EDGE ( 'NONE', *, *, #3021, .T. ) ;
#7585 = CARTESIAN_POINT ( 'NONE',  ( -3.868802153516995600, -5.474208951679871900E-014, -6.249999999999982200 ) ) ;
#7586 = CARTESIAN_POINT ( 'NONE',  ( -2.901601615137722400, -1.675240473580873000, -10.29166666666663800 ) ) ;
#7587 = CARTESIAN_POINT ( 'NONE',  ( 2.309401076758602000, -3.999999999999942700, -15.54166666666662300 ) ) ;
#7588 = DIRECTION ( 'NONE',  ( -0.0000000000000000000, -0.0000000000000000000, -1.000000000000000000 ) ) ;
#7590 = ADVANCED_FACE ( 'NONE', ( #3210 ), #5194, .T. ) ;
#7589 = EDGE_LOOP ( 'NONE', ( #7618, #681, #6625, #5521, #5148, #5832, #2595 ) ) ;
#7591 = CARTESIAN_POINT ( 'NONE',  ( -1.934401076758621900, 3.350480947161590200, -22.41666666666661500 ) ) ;
#7592 = EDGE_CURVE ( 'NONE', #6455, #3903, #1197, .T. ) ;
#7593 = CARTESIAN_POINT ( 'NONE',  ( 3.464101615137723300, 2.000000000000055100, -2.166666666666659400 ) ) ;
#7594 = CARTESIAN_POINT ( 'NONE',  ( -1.157421747700621800E-013, 3.350480947161662100, -24.62499999999994300 ) ) ;
#7595 = CARTESIAN_POINT ( 'NONE',  ( 3.350480947161663000, 0.8977586640478574200, -1.830341801261471200 ) ) ;
#7596 = CARTESIAN_POINT ( 'NONE',  ( -1.934401076758441900, -3.350480947161694100, -7.208333333333311700 ) ) ;
#7597 = ORIENTED_EDGE ( 'NONE', *, *, #2888, .F. ) ;
#7598 = CARTESIAN_POINT ( 'NONE',  ( -1.656217656956492400E-013, 4.000000000000000000, -23.12499999999994000 ) ) ;
#7599 = CARTESIAN_POINT ( 'NONE',  ( -2.901601615137722400, -1.675240473580873000, -23.16666666666661500 ) ) ;
#7600 = CIRCLE ( 'NONE', #1428, 6.499999999999999100 ) ;
#7601 = CARTESIAN_POINT ( 'NONE',  ( 2.309401076758560200, -3.999999999999966700, -16.41666666666662900 ) ) ;
#7602 = EDGE_CURVE ( 'NONE', #7910, #1199, #2235, .T. ) ;
#7603 = VECTOR ( 'NONE', #6454, 1000.000000000000000 ) ;
#7604 = B_SPLINE_CURVE_WITH_KNOTS ( 'NONE', 3,
 ( #2850, #6538, #2937, #3455, #4724, #1057, #5331, #477, #1670, #4541, #873, #1085, #2110, #5955, #5149, #2294, #6380, #7719, #4613, #6526, #1136, #7927, #7174, #6937, #6476, #5923, #2252, #930, #2140, #3982, #7043, #5884 ),
 .UNSPECIFIED., .F., .F.,
 ( 4, 2, 2, 2, 2, 2, 2, 2, 2, 2, 2, 2, 2, 2, 2, 4 ),
 ( 0.006304569109412266000, 0.007008417383402848000, 0.007712265657393429000, 0.008416113931384011000, 0.009119962205374592900, 0.009823810479365173100, 0.01052765875335575500, 0.01123150702734633900, 0.01193535530133691900, 0.01263920357532749900, 0.01334305184931808100, 0.01475074839729924700, 0.01545459667128982700, 0.01615844494528040700, 0.01686229321927098700, 0.01756614149326156700 ),
 .UNSPECIFIED. ) ;
#7605 = CARTESIAN_POINT ( 'NONE',  ( -3.999999999999995600, -1.071796769724536500, -8.830341801261449000 ) ) ;
#7606 = AXIS2_PLACEMENT_3D ( 'NONE', #7883, #5985, #3572 ) ;
#7607 = CARTESIAN_POINT ( 'NONE',  ( -3.868802153516995600, -5.474208951679871900E-014, -3.249999999999986700 ) ) ;
#7608 = VECTOR ( 'NONE', #2670, 1000.000000000000000 ) ;
#7609 = CYLINDRICAL_SURFACE ( 'NONE', #7397, 3.350480947161662100 ) ;
#7610 = CARTESIAN_POINT ( 'NONE',  ( 2.901601615137770400, -1.675240473580789800, -9.958333333333307300 ) ) ;
#7611 = CARTESIAN_POINT ( 'NONE',  ( -3.999999999999996400, 3.242103837493085700E-014, -15.87499999999996300 ) ) ;
#7612 = ORIENTED_EDGE ( 'NONE', *, *, #7602, .F. ) ;
#7613 = CARTESIAN_POINT ( 'NONE',  ( -4.000000000000000000, -1.071796769724566300, -18.83034180126142900 ) ) ;
#7614 = CARTESIAN_POINT ( 'NONE',  ( 3.350480947161667900, 0.8977586640478917300, -24.83034180126142200 ) ) ;
#7615 = DIRECTION ( 'NONE',  ( -1.000000000000000000, 0.0000000000000000000, 0.0000000000000000000 ) ) ;
#7616 = AXIS2_PLACEMENT_3D ( 'NONE', #1134, #1687, #6057 ) ;
#7617 = CYLINDRICAL_SURFACE ( 'NONE', #6717, 4.000000000000000000 ) ;
#7618 = ORIENTED_EDGE ( 'NONE', *, *, #1089, .F. ) ;
#7619 = CARTESIAN_POINT ( 'NONE',  ( -3.868802153516995600, -5.474208951679871900E-014, -30.24999999999993600 ) ) ;
#7620 = ORIENTED_EDGE ( 'NONE', *, *, #5323, .F. ) ;
#7621 = CARTESIAN_POINT ( 'NONE',  ( 4.618802153517005800, 6.478866617091239000E-014, -17.24999999999996100 ) ) ;
#7622 = CARTESIAN_POINT ( 'NONE',  ( -3.999999999999996400, -7.669492948908376000E-015, -25.87499999999993600 ) ) ;
#7623 = CARTESIAN_POINT ( 'NONE',  ( -2.617034016985671400, 2.092093576117753300, -29.48096039929462400 ) ) ;
#7624 = ORIENTED_EDGE ( 'NONE', *, *, #2257, .T. ) ;
#7625 = CARTESIAN_POINT ( 'NONE',  ( -4.000000000000000900, -1.071796769724530100, -13.70534180126144900 ) ) ;
#7626 = CARTESIAN_POINT ( 'NONE',  ( 3.350480947161659500, -8.715332896486790000E-016, -14.87499999999996400 ) ) ;
#7627 = ORIENTED_EDGE ( 'NONE', *, *, #7742, .T. ) ;
#7628 = EDGE_LOOP ( 'NONE', ( #6475, #7205, #4208, #2604 ) ) ;
#7629 = CARTESIAN_POINT ( 'NONE',  ( 2.901601615137722900, 1.675240473580871900, -4.666666666666651000 ) ) ;
#7630 = CARTESIAN_POINT ( 'NONE',  ( -2.999999999999996400, 1.732050807568880500, -33.50000000000000000 ) ) ;
#7631 = EDGE_CURVE ( 'NONE', #1704, #2766, #3932, .T. ) ;
#7632 = CARTESIAN_POINT ( 'NONE',  ( -4.679256681265763300E-014, 3.350480947161662100, -7.624999999999976900 ) ) ;
#7633 = CARTESIAN_POINT ( 'NONE',  ( 3.350480947161661700, 0.8977586640478587600, -0.8303418012614735000 ) ) ;
#7634 =( BOUNDED_CURVE ( )  B_SPLINE_CURVE ( 2, ( #4121, #4777, #5986, #7773, #2299, #4092, #1617, #3520, #5934 ),
 .UNSPECIFIED., .F., .T. ) 
 B_SPLINE_CURVE_WITH_KNOTS ( ( 3, 2, 2, 2, 3 ),
 ( 0.2954545454545455300, 0.2979797979797979600, 0.3030303030303030400, 0.3080808080808080700, 0.3106060606060607200 ),
 .UNSPECIFIED. ) 
 CURVE ( )  GEOMETRIC_REPRESENTATION_ITEM ( )  RATIONAL_B_SPLINE_CURVE ( ( 0.9330127018922194100, 0.9330127018922216300, 1.000000000000000000, 0.8660254037844387100, 1.000000000000000000, 0.8660254037844387100, 1.000000000000000000, 0.9330127018922164100, 0.9330127018922194100 ) ) 
 REPRESENTATION_ITEM ( '' )  );
#7635 = AXIS2_PLACEMENT_3D ( 'NONE', #829, #875, #2062 ) ;
#7636 = CARTESIAN_POINT ( 'NONE',  ( -4.000000000000001800, 1.071796769724450800, -5.919658198738501300 ) ) ;
#7637 = CARTESIAN_POINT ( 'NONE',  ( -6.648771449687710200E-014, 3.350480947161662100, -22.49999999999994700 ) ) ;
#7638 = VERTEX_POINT ( 'NONE', #1907 ) ;
#7639 = ORIENTED_EDGE ( 'NONE', *, *, #3910, .T. ) ;
#7640 = CARTESIAN_POINT ( 'NONE',  ( -4.000000000000000900, 1.071796769724453700, -1.794658198738515700 ) ) ;
#7641 = DIRECTION ( 'NONE',  ( -0.0000000000000000000, -0.0000000000000000000, -1.000000000000000000 ) ) ;
#7642 = DIRECTION ( 'NONE',  ( -0.0000000000000000000, -0.0000000000000000000, -1.000000000000000000 ) ) ;
#7643 = EDGE_CURVE ( 'NONE', #5205, #7183, #3958, .T. ) ;
#7644 = CARTESIAN_POINT ( 'NONE',  ( 0.0000000000000000000, 0.0000000000000000000, 0.0000000000000000000 ) ) ;
#7645 = ORIENTED_EDGE ( 'NONE', *, *, #7358, .T. ) ;
#7646 = CARTESIAN_POINT ( 'NONE',  ( -0.5127035203363813400, -3.868129123310021900, -29.70596208830425400 ) ) ;
#7647 = VECTOR ( 'NONE', #5783, 1000.000000000000100 ) ;
#7648 = CARTESIAN_POINT ( 'NONE',  ( 3.350480947161662100, -1.138803498474273900E-014, -8.874999999999978700 ) ) ;
#7649 = CARTESIAN_POINT ( 'NONE',  ( 3.464101615137726400, 2.000000000000048800, -17.16666666666662500 ) ) ;
#7650 = DIRECTION ( 'NONE',  ( -1.000000000000000000, 0.0000000000000000000, 0.0000000000000000000 ) ) ;
#7651 = ORIENTED_EDGE ( 'NONE', *, *, #4577, .F. ) ;
#7652 = CARTESIAN_POINT ( 'NONE',  ( 2.999999999999996900, 1.181334954680996100, -37.75756227222067500 ) ) ;
#7653 = CARTESIAN_POINT ( 'NONE',  ( -2.153533018905500600, 2.220758746963917800, -37.62630599202692800 ) ) ;
#7654 = CARTESIAN_POINT ( 'NONE',  ( 3.464101615137719700, 2.000000000000061700, -8.291666666666639400 ) ) ;
#7655 = CARTESIAN_POINT ( 'NONE',  ( 3.868802153516995600, 5.426829789941481600E-014, -4.749999999999983100 ) ) ;
#7656 = EDGE_CURVE ( 'NONE', #7761, #4472, #3566, .T. ) ;
#7657 = CARTESIAN_POINT ( 'NONE',  ( 4.720288238941220100E-014, -3.350480947161662100, -16.12499999999996100 ) ) ;
#7658 = CARTESIAN_POINT ( 'NONE',  ( -3.350480947161661200, 2.265986553086565600E-015, -0.3749999999999963400 ) ) ;
#7659 = ORIENTED_EDGE ( 'NONE', *, *, #7698, .T. ) ;
#7660 = CYLINDRICAL_SURFACE ( 'NONE', #71, 4.000000000000000000 ) ;
#7661 = CARTESIAN_POINT ( 'NONE',  ( -3.464101615137693100, -2.000000000000106100, -18.66666666666662200 ) ) ;
#7662 = ADVANCED_FACE ( 'NONE', ( #894 ), #7222, .T. ) ;
#7663 = CARTESIAN_POINT ( 'NONE',  ( 3.464101615137703300, 2.000000000000089300, -12.29166666666663100 ) ) ;
#7664 = DIRECTION ( 'NONE',  ( -1.000000000000000000, 0.0000000000000000000, 0.0000000000000000000 ) ) ;
#7665 = DIRECTION ( 'NONE',  ( -0.0000000000000000000, -0.0000000000000000000, -1.000000000000000000 ) ) ;
#7666 = VERTEX_POINT ( 'NONE', #5678 ) ;
#7667 = VERTEX_POINT ( 'NONE', #6334 ) ;
#7668 = CARTESIAN_POINT ( 'NONE',  ( -2.999999999999996900, -0.6022710553209451600, -37.58315072979380700 ) ) ;
#7669 = CARTESIAN_POINT ( 'NONE',  ( -2.901601615137771700, 1.675240473580788000, -29.33333333333326800 ) ) ;
#7670 = DIRECTION ( 'NONE',  ( 0.0000000000000000000, 0.0000000000000000000, 1.000000000000000000 ) ) ;
#7671 = VERTEX_POINT ( 'NONE', #2007 ) ;
#7672 = CARTESIAN_POINT ( 'NONE',  ( 2.309401076758560200, -3.999999999999966700, -21.41666666666661800 ) ) ;
#7673 = ORIENTED_EDGE ( 'NONE', *, *, #6493, .F. ) ;
#7674 = CARTESIAN_POINT ( 'NONE',  ( -2.309401076758651300, 3.999999999999915200, -22.04166666666660700 ) ) ;
#7675 = CARTESIAN_POINT ( 'NONE',  ( -4.000000000000000000, 4.898587196589412800E-016, -30.00000000000000000 ) ) ;
#7676 = EDGE_CURVE ( 'NONE', #2014, #5865, #7384, .T. ) ;
#7677 =( BOUNDED_CURVE ( )  B_SPLINE_CURVE ( 2, ( #3720, #45, #1903, #7262, #3630 ),
 .UNSPECIFIED., .F., .F. ) 
 B_SPLINE_CURVE_WITH_KNOTS ( ( 3, 2, 3 ),
 ( 0.04711068705766338600, 0.05050505050505050400, 0.05303030303030310100 ),
 .UNSPECIFIED. ) 
 CURVE ( )  GEOMETRIC_REPRESENTATION_ITEM ( )  RATIONAL_B_SPLINE_CURVE ( ( 0.9409474519010052600, 0.9099578224900351000, 1.000000000000000000, 0.9330127018922174100, 0.9330127018922194100 ) ) 
 REPRESENTATION_ITEM ( '' )  );
#7678 = DIRECTION ( 'NONE',  ( 0.0000000000000000000, 0.0000000000000000000, -1.000000000000000000 ) ) ;
#7679 = CARTESIAN_POINT ( 'NONE',  ( 1.934401076758545600, -3.350480947161634100, -4.916666666666651000 ) ) ;
#7680 = CYLINDRICAL_SURFACE ( 'NONE', #7021, 4.000000000000000000 ) ;
#7681 = ORIENTED_EDGE ( 'NONE', *, *, #3701, .F. ) ;
#7682 = CARTESIAN_POINT ( 'NONE',  ( -3.350480947161671900, 2.393811435568371800E-014, -20.37499999999995700 ) ) ;
#7683 = CARTESIAN_POINT ( 'NONE',  ( -2.901601615137771700, 1.675240473580788000, -25.45833333333327500 ) ) ;
#7684 = CARTESIAN_POINT ( 'NONE',  ( 2.901601615137770400, -1.675240473580789800, -14.95833333333329500 ) ) ;
#7685 = CARTESIAN_POINT ( 'NONE',  ( 0.0000000000000000000, 0.0000000000000000000, 0.0000000000000000000 ) ) ;
#7686 = DATE_AND_TIME ( #5688, #5099 ) ;
#7687 = CARTESIAN_POINT ( 'NONE',  ( 4.000000000000004400, 1.071796769724530800, -6.330341801261459600 ) ) ;
#7688 = CARTESIAN_POINT ( 'NONE',  ( -3.999999999999996400, 1.289869268680045000E-014, -11.87499999999997200 ) ) ;
#7689 = FACE_OUTER_BOUND ( 'NONE', #5057, .T. ) ;
#7690 = EDGE_CURVE ( 'NONE', #3758, #6877, #4051, .T. ) ;
#7691 = CARTESIAN_POINT ( 'NONE',  ( -2.901601615137801000, 1.675240473580736200, -21.45833333333328200 ) ) ;
#7692 = CARTESIAN_POINT ( 'NONE',  ( -5.586370142149013400E-014, 4.000000000000000000, -15.12499999999995700 ) ) ;
#7693 = CARTESIAN_POINT ( 'NONE',  ( 4.000000000000000000, 0.0000000000000000000, -30.00000000000000000 ) ) ;
#7694 = VECTOR ( 'NONE', #7242, 1000.000000000000000 ) ;
#7695 = CYLINDRICAL_SURFACE ( 'NONE', #1, 3.350480947161662100 ) ;
#7696 = CARTESIAN_POINT ( 'NONE',  ( 1.934401076758450300, 3.350480947161689200, -29.58333333333326500 ) ) ;
#7697 = DIRECTION ( 'NONE',  ( -0.0000000000000000000, -0.0000000000000000000, -1.000000000000000000 ) ) ;
#7698 = EDGE_CURVE ( 'NONE', #1888, #4686, #6938, .T. ) ;
#7699 = CARTESIAN_POINT ( 'NONE',  ( -3.464101615137783700, 1.999999999999948500, -17.83333333333329300 ) ) ;
#7700 = CARTESIAN_POINT ( 'NONE',  ( -3.350480947161665200, 3.079417623425332500E-015, -13.24999999999996800 ) ) ;
#7701 = EDGE_CURVE ( 'NONE', #3389, #7159, #451, .T. ) ;
#7702 = ORIENTED_EDGE ( 'NONE', *, *, #2220, .T. ) ;
#7703 = CARTESIAN_POINT ( 'NONE',  ( -4.706073476491882900E-014, 3.369682535702161400, -29.48891395768721000 ) ) ;
#7704 = CARTESIAN_POINT ( 'NONE',  ( -1.108183878490072900E-013, 3.350480947161662100, -18.62499999999995400 ) ) ;
#7705 = AXIS2_PLACEMENT_3D ( 'NONE', #4893, #2492, #7289 ) ;
#7706 = CARTESIAN_POINT ( 'NONE',  ( -1.934401076758546400, 3.350480947161633700, -8.416666666666641200 ) ) ;
#7707 =( BOUNDED_CURVE ( )  B_SPLINE_CURVE ( 2, ( #5224, #6382, #359, #4643, #970, #5246, #2719, #3454, #3352 ),
 .UNSPECIFIED., .F., .F. ) 
 B_SPLINE_CURVE_WITH_KNOTS ( ( 3, 2, 2, 2, 3 ),
 ( 0.2196969696969697800, 0.2222222222222222100, 0.2272727272727272700, 0.2323232323232323200, 0.2348484848484849500 ),
 .UNSPECIFIED. ) 
 CURVE ( )  GEOMETRIC_REPRESENTATION_ITEM ( )  RATIONAL_B_SPLINE_CURVE ( ( 0.9330127018922194100, 0.9330127018922216300, 1.000000000000000000, 0.8660254037844387100, 1.000000000000000000, 0.8660254037844387100, 1.000000000000000000, 0.9330127018922167400, 0.9330127018922193000 ) ) 
 REPRESENTATION_ITEM ( '' )  );
#7708 = CYLINDRICAL_SURFACE ( 'NONE', #3133, 4.000000000000000000 ) ;
#7709 = VERTEX_POINT ( 'NONE', #779 ) ;
#7710 = CARTESIAN_POINT ( 'NONE',  ( -4.618802153517005800, -6.535430629823232500E-014, -0.7499999999999965600 ) ) ;
#7711 = CARTESIAN_POINT ( 'NONE',  ( 2.901601615137722900, 1.675240473580871900, -12.79166666666663400 ) ) ;
#7712 = CARTESIAN_POINT ( 'NONE',  ( 1.934401076758582400, -3.350480947161612800, -18.04166666666662200 ) ) ;
#7713 = CARTESIAN_POINT ( 'NONE',  ( -2.901601615137776100, 1.675240473580780000, -3.458333333333320600 ) ) ;
#7714 = CARTESIAN_POINT ( 'NONE',  ( 5.635356014114907400E-014, -4.000000000000000000, -16.62499999999995700 ) ) ;
#7715 = CYLINDRICAL_SURFACE ( 'NONE', #2752, 3.350480947161662100 ) ;
#7716 = ORIENTED_EDGE ( 'NONE', *, *, #7656, .T. ) ;
#7717 = VERTEX_POINT ( 'NONE', #5051 ) ;
#7718 = CARTESIAN_POINT ( 'NONE',  ( 3.350480947161661200, -9.877377282685029400E-016, -0.7499999999999952300 ) ) ;
#7719 = CARTESIAN_POINT ( 'NONE',  ( -0.08216659852586906400, 3.606705526160706800, -0.3525359329121606200 ) ) ;
#7720 = CARTESIAN_POINT ( 'NONE',  ( -1.934401076758546400, 3.350480947161633700, -29.41666666666660000 ) ) ;
#7721 = VERTEX_POINT ( 'NONE', #6913 ) ;
#7722 = CARTESIAN_POINT ( 'NONE',  ( -2.309401076758386100, -4.000000000000066600, -28.70833333333325800 ) ) ;
#7723 = CARTESIAN_POINT ( 'NONE',  ( -2.309401076758445600, -4.000000000000032900, -18.58333333333329300 ) ) ;
#7724 = ORIENTED_EDGE ( 'NONE', *, *, #635, .T. ) ;
#7725 = CARTESIAN_POINT ( 'NONE',  ( 3.350480947161660800, 0.8977586640478627500, -2.830341801261469400 ) ) ;
#7726 = DIRECTION ( 'NONE',  ( -1.000000000000000000, 0.0000000000000000000, 0.0000000000000000000 ) ) ;
#7727 = CARTESIAN_POINT ( 'NONE',  ( 2.901601615137770400, -1.675240473580789800, -10.83333333333330400 ) ) ;
#7728 = ORIENTED_EDGE ( 'NONE', *, *, #7729, .T. ) ;
#7729 = EDGE_CURVE ( 'NONE', #3433, #1149, #5692, .T. ) ;
#7730 = CARTESIAN_POINT ( 'NONE',  ( 1.934401076758545600, -3.350480947161634100, -29.04166666666660400 ) ) ;
#7731 = ORIENTED_EDGE ( 'NONE', *, *, #459, .F. ) ;
#7732 = CARTESIAN_POINT ( 'NONE',  ( -4.679256681265763300E-014, 3.350480947161662100, -16.62499999999996100 ) ) ;
#7733 = CARTESIAN_POINT ( 'NONE',  ( 3.350480947161661200, -9.877377282685029400E-016, -0.8749999999999953400 ) ) ;
#7734 = CARTESIAN_POINT ( 'NONE',  ( 0.0000000000000000000, 0.0000000000000000000, -38.00000000000000000 ) ) ;
#7735 = DIRECTION ( 'NONE',  ( -1.000000000000000000, 0.0000000000000000000, 0.0000000000000000000 ) ) ;
#7736 = CARTESIAN_POINT ( 'NONE',  ( -3.999999999999999100, -1.071796769724570300, -22.83034180126142600 ) ) ;
#7737 = ORIENTED_EDGE ( 'NONE', *, *, #922, .T. ) ;
#7738 = CARTESIAN_POINT ( 'NONE',  ( -5.586370142149013400E-014, 4.000000000000000000, -16.12499999999995400 ) ) ;
#7739 = CYLINDRICAL_SURFACE ( 'NONE', #2277, 4.000000000000000000 ) ;
#7740 = CARTESIAN_POINT ( 'NONE',  ( 3.999999999999996400, -4.067155351693835500E-015, -29.24999999999994300 ) ) ;
#7741 = EDGE_CURVE ( 'NONE', #3988, #6683, #1954, .T. ) ;
#7742 = EDGE_CURVE ( 'NONE', #5856, #6968, #1379, .T. ) ;
#7743 = CARTESIAN_POINT ( 'NONE',  ( -2.309401076758398100, -4.000000000000060400, -17.58333333333329000 ) ) ;
#7744 = CARTESIAN_POINT ( 'NONE',  ( 4.000000000000011500, -8.947741773726438700E-015, -26.24999999999994700 ) ) ;
#7745 = VERTEX_POINT ( 'NONE', #3854 ) ;
#7746 = LINE ( 'NONE', #2392, #5452 ) ;
#7747 = CARTESIAN_POINT ( 'NONE',  ( 3.464101615137782400, -1.999999999999950700, -25.33333333333327900 ) ) ;
#7748 = CARTESIAN_POINT ( 'NONE',  ( 0.0000000000000000000, 0.0000000000000000000, -38.00000000000000000 ) ) ;
#7749 = DIRECTION ( 'NONE',  ( 0.0000000000000000000, 0.0000000000000000000, 1.000000000000000000 ) ) ;
#7750 = DIRECTION ( 'NONE',  ( -0.0000000000000000000, -5.481006805486179000E-016, -1.000000000000000000 ) ) ;
#7751 = CARTESIAN_POINT ( 'NONE',  ( -3.350480947161659500, 1.260818159025089000E-014, -10.24999999999997700 ) ) ;
#7752 = VERTEX_POINT ( 'NONE', #4571 ) ;
#7753 = CARTESIAN_POINT ( 'NONE',  ( -3.350480947161659500, -4.822484202722690600E-015, -28.24999999999994000 ) ) ;
#7754 = FACE_OUTER_BOUND ( 'NONE', #3915, .T. ) ;
#7755 = CARTESIAN_POINT ( 'NONE',  ( -1.934401076758449900, -3.350480947161689600, -12.08333333333330200 ) ) ;
#7756 = CARTESIAN_POINT ( 'NONE',  ( -1.420106672136729900E-013, 3.350480947161662100, -27.62499999999993600 ) ) ;
#7757 = CARTESIAN_POINT ( 'NONE',  ( -3.868802153516995600, -5.474208951679871200E-014, -30.37499999999993200 ) ) ;
#7758 = CARTESIAN_POINT ( 'NONE',  ( -2.901601615137722400, -1.675240473580873000, -12.29166666666663400 ) ) ;
#7759 = ORIENTED_EDGE ( 'NONE', *, *, #258, .T. ) ;
#7760 = CARTESIAN_POINT ( 'NONE',  ( -4.000000000000000900, -1.071796769724527000, -4.705341801261469400 ) ) ;
#7761 = VERTEX_POINT ( 'NONE', #5151 ) ;
#7762 = EDGE_LOOP ( 'NONE', ( #5318, #4524, #5953, #7905 ) ) ;
#7763 = CARTESIAN_POINT ( 'NONE',  ( 1.934401076758370100, 3.350480947161734500, -21.70833333333328600 ) ) ;
#7764 = CARTESIAN_POINT ( 'NONE',  ( 3.464101615137726400, 2.000000000000048800, -16.29166666666662200 ) ) ;
#7765 =( BOUNDED_CURVE ( )  B_SPLINE_CURVE ( 2, ( #1783, #6070, #504, #333, #1730, #3620, #7251, #6453, #4618 ),
 .UNSPECIFIED., .F., .T. ) 
 B_SPLINE_CURVE_WITH_KNOTS ( ( 3, 2, 2, 2, 3 ),
 ( 0.4015151515151516600, 0.4040404040404040300, 0.4090909090909091200, 0.4141414141414141400, 0.4166666666666668000 ),
 .UNSPECIFIED. ) 
 CURVE ( )  GEOMETRIC_REPRESENTATION_ITEM ( )  RATIONAL_B_SPLINE_CURVE ( ( 0.9330127018922193000, 0.9330127018922229600, 1.000000000000000000, 0.8660254037844387100, 1.000000000000000000, 0.8660254037844387100, 1.000000000000000000, 0.9330127018922156300, 0.9330127018922193000 ) ) 
 REPRESENTATION_ITEM ( '' )  );
#7766 = AXIS2_PLACEMENT_3D ( 'NONE', #7000, #836, #7526 ) ;
#7767 = ORIENTED_EDGE ( 'NONE', *, *, #7837, .F. ) ;
#7768 = EDGE_LOOP ( 'NONE', ( #4421, #5649, #3561, #3472 ) ) ;
#7769 = CARTESIAN_POINT ( 'NONE',  ( 0.4701207486254572200, -3.834316195222124100, -29.69024793005463500 ) ) ;
#7770 = CARTESIAN_POINT ( 'NONE',  ( 1.934401076758446500, 3.350480947161691000, -1.708333333333324400 ) ) ;
#7771 = CARTESIAN_POINT ( 'NONE',  ( 9.276035470614702200E-014, -3.350480947161662100, -10.99999999999997000 ) ) ;
#7772 =( BOUNDED_CURVE ( )  B_SPLINE_CURVE ( 2, ( #7079, #5973, #435, #7791, #2207, #405, #1026, #376, #1635 ),
 .UNSPECIFIED., .F., .F. ) 
 B_SPLINE_CURVE_WITH_KNOTS ( ( 3, 2, 2, 2, 3 ),
 ( 0.4166666666666668000, 0.4191919191919191700, 0.4242424242424242500, 0.4292929292929292800, 0.4318181818181819300 ),
 .UNSPECIFIED. ) 
 CURVE ( )  GEOMETRIC_REPRESENTATION_ITEM ( )  RATIONAL_B_SPLINE_CURVE ( ( 0.9330127018922193000, 0.9330127018922229600, 1.000000000000000000, 0.8660254037844387100, 1.000000000000000000, 0.8660254037844387100, 1.000000000000000000, 0.9330127018922164100, 0.9330127018922194100 ) ) 
 REPRESENTATION_ITEM ( '' )  );
#7773 = CARTESIAN_POINT ( 'NONE',  ( -2.309401076758580200, 3.999999999999955600, -8.916666666666646500 ) ) ;
#7774 = CARTESIAN_POINT ( 'NONE',  ( 3.464101615137782400, -1.999999999999950700, -24.33333333333327500 ) ) ;
#7775 = LINE ( 'NONE', #1548, #4437 ) ;
#7776 = VERTEX_POINT ( 'NONE', #5179 ) ;
#7777 = CARTESIAN_POINT ( 'NONE',  ( -3.350480947161658600, 0.8977586640477996900, -17.41965819873848200 ) ) ;
#7778 = CARTESIAN_POINT ( 'NONE',  ( 1.934401076758427900, 3.350480947161701200, -9.583333333333307300 ) ) ;
#7779 = EDGE_CURVE ( 'NONE', #1013, #7709, #4445, .T. ) ;
#7780 = CARTESIAN_POINT ( 'NONE',  ( 1.934401076758450300, 3.350480947161689200, -9.583333333333307300 ) ) ;
#7781 = VECTOR ( 'NONE', #2664, 1000.000000000000000 ) ;
#7782 = CARTESIAN_POINT ( 'NONE',  ( 2.901601615137775700, -1.675240473580781100, -1.958333333333323700 ) ) ;
#7783 = VECTOR ( 'NONE', #1705, 1000.000000000000000 ) ;
#7784 = CARTESIAN_POINT ( 'NONE',  ( -2.309401076758445600, -4.000000000000032900, 0.4166666666666676800 ) ) ;
#7785 = ADVANCED_FACE ( 'NONE', ( #3489 ), #2616, .T. ) ;
#7786 = CARTESIAN_POINT ( 'NONE',  ( 1.934401076758450300, 3.350480947161689200, -21.70833333333328200 ) ) ;
#7787 = DIRECTION ( 'NONE',  ( -0.0000000000000000000, -0.0000000000000000000, -1.000000000000000000 ) ) ;
#7788 = VECTOR ( 'NONE', #2587, 1000.000000000000000 ) ;
#7789 = EDGE_CURVE ( 'NONE', #781, #6820, #712, .T. ) ;
#7790 = CARTESIAN_POINT ( 'NONE',  ( 0.0000000000000000000, 0.0000000000000000000, -38.00000000000000000 ) ) ;
#7791 = CARTESIAN_POINT ( 'NONE',  ( -1.934401076758566200, 3.350480947161623000, -12.41666666666663200 ) ) ;
#7792 = CARTESIAN_POINT ( 'NONE',  ( 3.464101615137782400, -1.999999999999950700, -18.45833333333328600 ) ) ;
#7793 = CARTESIAN_POINT ( 'NONE',  ( 1.934401076758575800, -3.350480947161616400, -10.04166666666663900 ) ) ;
#7794 = CARTESIAN_POINT ( 'NONE',  ( -3.999999999999999100, 1.071796769724455500, -2.794658198738513300 ) ) ;
#7795 = CARTESIAN_POINT ( 'NONE',  ( -2.309401076758578900, 3.999999999999956000, -6.916666666666650100 ) ) ;
#7796 = CARTESIAN_POINT ( 'NONE',  ( -5.586370142149013400E-014, 4.000000000000000000, 0.8750000000000073300 ) ) ;
#7797 = EDGE_LOOP ( 'NONE', ( #3450, #2757, #4672, #1632 ) ) ;
#7798 = CARTESIAN_POINT ( 'NONE',  ( -3.350480947161662100, 0.8977586640477993600, -1.419658198738513100 ) ) ;
#7799 = DIRECTION ( 'NONE',  ( -0.0000000000000000000, -0.0000000000000000000, -1.000000000000000000 ) ) ;
#7800 = AXIS2_PLACEMENT_3D ( 'NONE', #5311, #3466, #7726 ) ;
#7801 = CARTESIAN_POINT ( 'NONE',  ( -4.618802153517005800, -6.535430629823232500E-014, -22.74999999999994700 ) ) ;
#7802 = CARTESIAN_POINT ( 'NONE',  ( -5.880285373944379000E-014, 4.000000000000000000, -1.124999999999988500 ) ) ;
#7803 = EDGE_CURVE ( 'NONE', #293, #3490, #3117, .T. ) ;
#7804 = CARTESIAN_POINT ( 'NONE',  ( -3.999999999999996400, -1.071796769724535600, -8.705341801261459600 ) ) ;
#7805 = FACE_OUTER_BOUND ( 'NONE', #6210, .T. ) ;
#7806 = ORIENTED_EDGE ( 'NONE', *, *, #1334, .T. ) ;
#7807 = ORIENTED_EDGE ( 'NONE', *, *, #5065, .F. ) ;
#7808 = CARTESIAN_POINT ( 'NONE',  ( -4.679256681265764000E-014, 3.350480947161662100, -8.499999999999975100 ) ) ;
#7809 = CARTESIAN_POINT ( 'NONE',  ( 1.934401076758412600, 3.350480947161710500, -27.70833333333326500 ) ) ;
#7810 = CARTESIAN_POINT ( 'NONE',  ( 3.464101615137782400, -1.999999999999950700, -0.3333333333333306500 ) ) ;
#7811 = CARTESIAN_POINT ( 'NONE',  ( 2.901601615137770400, -1.675240473580789800, -21.95833333333328200 ) ) ;
#7812 = ORIENTED_EDGE ( 'NONE', *, *, #2560, .T. ) ;
#7813 = CARTESIAN_POINT ( 'NONE',  ( -4.336808689942017700E-016, -3.464101615137755700, -38.00000000000000000 ) ) ;
#7814 = CARTESIAN_POINT ( 'NONE',  ( 4.000000000000000000, 0.0000000000000000000, -30.00000000000000000 ) ) ;
#7815 = EDGE_LOOP ( 'NONE', ( #4413, #3259, #888, #4760 ) ) ;
#7816 = CARTESIAN_POINT ( 'NONE',  ( -3.350480947161663900, 0.8977586640477958100, -3.419658198738508800 ) ) ;
#7817 = CARTESIAN_POINT ( 'NONE',  ( -3.464101615137803700, 1.999999999999914100, -17.95833333333328600 ) ) ;
#7818 = CARTESIAN_POINT ( 'NONE',  ( 5.635356014114907400E-014, -4.000000000000000000, -21.62499999999994300 ) ) ;
#7819 = CARTESIAN_POINT ( 'NONE',  ( 3.350480947161662100, 4.103155767545721900E-016, 0.0000000000000000000 ) ) ;
#7820 = APPROVAL_ROLE ( '' ) ;
#7821 = ORIENTED_EDGE ( 'NONE', *, *, #119, .T. ) ;
#7822 = CARTESIAN_POINT ( 'NONE',  ( 3.464101615137782400, -1.999999999999950700, -1.458333333333321000 ) ) ;
#7823 = CARTESIAN_POINT ( 'NONE',  ( 2.309401076758568600, -3.999999999999962300, -11.41666666666663900 ) ) ;
#7824 = ORIENTED_EDGE ( 'NONE', *, *, #4475, .T. ) ;
#7825 = CARTESIAN_POINT ( 'NONE',  ( 6.499999999999999100, 7.960204194457794500E-016, -30.38999999999999300 ) ) ;
#7826 = CARTESIAN_POINT ( 'NONE',  ( -3.350480947161659500, 1.580380365229604700E-014, -11.24999999999997200 ) ) ;
#7827 = CARTESIAN_POINT ( 'NONE',  ( -3.464101615137783700, 1.999999999999948500, -26.83333333333327200 ) ) ;
#7828 = CARTESIAN_POINT ( 'NONE',  ( 3.350480947161663000, 0.8977586640478574200, -1.705341801261471200 ) ) ;
#7829 = AXIS2_PLACEMENT_3D ( 'NONE', #1104, #7902, #6061 ) ;
#7830 = CARTESIAN_POINT ( 'NONE',  ( -2.309401076758406600, -4.000000000000056000, -8.583333333333314400 ) ) ;
#7831 = VERTEX_POINT ( 'NONE', #7014 ) ;
#7832 = CARTESIAN_POINT ( 'NONE',  ( 2.309401076758596600, -3.999999999999944900, -9.541666666666635900 ) ) ;
#7833 = CARTESIAN_POINT ( 'NONE',  ( -1.420986434618346100E-013, 4.000000000000000000, -28.12499999999993200 ) ) ;
#7834 = CIRCLE ( 'NONE', #3275, 3.464101615137755700 ) ;
#7835 = CARTESIAN_POINT ( 'NONE',  ( 4.720288238941220700E-014, -3.350480947161662100, -16.99999999999996100 ) ) ;
#7836 = CARTESIAN_POINT ( 'NONE',  ( -9.506230268439084700E-014, 4.000000000000000000, -9.999999999999976900 ) ) ;
#7837 = EDGE_CURVE ( 'NONE', #7056, #5309, #7325, .T. ) ;
#7838 = CARTESIAN_POINT ( 'NONE',  ( 3.464101615137782400, -1.999999999999950700, -5.333333333333319700 ) ) ;
#7839 = CARTESIAN_POINT ( 'NONE',  ( -1.934401076758449900, -3.350480947161689600, -19.20833333333329000 ) ) ;
#7840 = CARTESIAN_POINT ( 'NONE',  ( -3.350480947161665200, 3.079417623425332900E-015, -13.24999999999996800 ) ) ;
#7841 = ORIENTED_EDGE ( 'NONE', *, *, #2857, .F. ) ;
#7842 = CARTESIAN_POINT ( 'NONE',  ( 7.546300205294049700E-014, -4.000000000000000000, -4.499999999999988500 ) ) ;
#7843 = CARTESIAN_POINT ( 'NONE',  ( 4.000000000000000000, 0.0000000000000000000, -30.00000000000000000 ) ) ;
#7844 = DIRECTION ( 'NONE',  ( 0.0000000000000000000, 0.0000000000000000000, 1.000000000000000000 ) ) ;
#7845 = CARTESIAN_POINT ( 'NONE',  ( 2.309401076758446100, 4.000000000000032000, -23.20833333333327200 ) ) ;
#7846 = ORIENTED_EDGE ( 'NONE', *, *, #6308, .F. ) ;
#7847 = CARTESIAN_POINT ( 'NONE',  ( 3.464101615137668200, 2.000000000000150100, -27.16666666666660700 ) ) ;
#7848 = CARTESIAN_POINT ( 'NONE',  ( 0.0000000000000000000, 0.0000000000000000000, 0.0000000000000000000 ) ) ;
#7849 = EDGE_CURVE ( 'NONE', #1780, #2030, #705, .T. ) ;
#7850 = CARTESIAN_POINT ( 'NONE',  ( -4.000000000000000000, 4.898587196589412800E-016, -30.00000000000000000 ) ) ;
#7851 = EDGE_CURVE ( 'NONE', #3569, #6231, #7707, .T. ) ;
#7852 = CARTESIAN_POINT ( 'NONE',  ( -2.309401076758445600, -4.000000000000032900, 0.2916666666666752900 ) ) ;
#7853 = CARTESIAN_POINT ( 'NONE',  ( 3.350480947161659500, -3.869607806040135100E-014, -16.87499999999996400 ) ) ;
#7854 = CARTESIAN_POINT ( 'NONE',  ( 0.0000000000000000000, 0.0000000000000000000, 0.0000000000000000000 ) ) ;
#7855 = CARTESIAN_POINT ( 'NONE',  ( -3.464101615137815700, 1.999999999999893900, -13.83333333333330200 ) ) ;
#7856 = EDGE_LOOP ( 'NONE', ( #235, #4420, #101 ) ) ;
#7857 = CARTESIAN_POINT ( 'NONE',  ( 0.0000000000000000000, 0.0000000000000000000, -30.00000000000000000 ) ) ;
#7858 = CARTESIAN_POINT ( 'NONE',  ( -2.309401076758561500, 3.999999999999966200, -23.91666666666661100 ) ) ;
#7859 = VECTOR ( 'NONE', #7844, 1000.000000000000000 ) ;
#7860 = CARTESIAN_POINT ( 'NONE',  ( 2.525919559295391800, -2.005761277627216900, -37.74960794448540500 ) ) ;
#7861 = CARTESIAN_POINT ( 'NONE',  ( 2.309401076758389700, 4.000000000000063900, -10.20833333333330200 ) ) ;
#7862 = CARTESIAN_POINT ( 'NONE',  ( 0.0000000000000000000, 0.0000000000000000000, -30.00000000000000000 ) ) ;
#7863 = CARTESIAN_POINT ( 'NONE',  ( 4.000000000000000000, 0.0000000000000000000, -30.00000000000000000 ) ) ;
#7864 = AXIS2_PLACEMENT_3D ( 'NONE', #7862, #6751, #2513 ) ;
#7865 = CARTESIAN_POINT ( 'NONE',  ( 2.901601615137770400, -1.675240473580789800, -13.83333333333329700 ) ) ;
#7866 = ORIENTED_EDGE ( 'NONE', *, *, #784, .F. ) ;
#7867 = PLANE ( 'NONE',  #4581 ) ;
#7868 = ORIENTED_EDGE ( 'NONE', *, *, #5474, .F. ) ;
#7869 = CARTESIAN_POINT ( 'NONE',  ( -2.309401076758561500, 3.999999999999966200, -2.916666666666659000 ) ) ;
#7870 = ADVANCED_FACE ( 'NONE', ( #5484 ), #804, .F. ) ;
#7871 = CARTESIAN_POINT ( 'NONE',  ( -1.934401076758449900, -3.350480947161689600, -17.20833333333329300 ) ) ;
#7872 =( BOUNDED_CURVE ( )  B_SPLINE_CURVE ( 2, ( #7936, #1817, #7340, #6712, #1283, #4361, #4291, #3646, #1845 ),
 .UNSPECIFIED., .F., .T. ) 
 B_SPLINE_CURVE_WITH_KNOTS ( ( 3, 2, 2, 2, 3 ),
 ( 0.2045454545454546400, 0.2070707070707070700, 0.2121212121212121300, 0.2171717171717171800, 0.2196969696969697800 ),
 .UNSPECIFIED. ) 
 CURVE ( )  GEOMETRIC_REPRESENTATION_ITEM ( )  RATIONAL_B_SPLINE_CURVE ( ( 0.9330127018922193000, 0.9330127018922218500, 1.000000000000000000, 0.8660254037844387100, 1.000000000000000000, 0.8660254037844387100, 1.000000000000000000, 0.9330127018922171900, 0.9330127018922194100 ) ) 
 REPRESENTATION_ITEM ( '' )  );
#7873 = CARTESIAN_POINT ( 'NONE',  ( 1.255938963778310100E-013, -3.350480947161662100, -22.12499999999994700 ) ) ;
#7874 = DIRECTION ( 'NONE',  ( 0.0000000000000000000, 0.0000000000000000000, 1.000000000000000000 ) ) ;
#7875 = VERTEX_POINT ( 'NONE', #2267 ) ;
#7876 = CARTESIAN_POINT ( 'NONE',  ( -2.309401076758445600, -4.000000000000032900, -19.70833333333327900 ) ) ;
#7877 =( BOUNDED_CURVE ( )  B_SPLINE_CURVE ( 2, ( #1885, #4351, #7406, #1219, #2416, #3032, #3686, #3742, #1272 ),
 .UNSPECIFIED., .F., .F. ) 
 B_SPLINE_CURVE_WITH_KNOTS ( ( 3, 2, 2, 2, 3 ),
 ( 0.09848484848484856400, 0.1010101010101010100, 0.1060606060606060600, 0.1111111111111111000, 0.1136363636363637200 ),
 .UNSPECIFIED. ) 
 CURVE ( )  GEOMETRIC_REPRESENTATION_ITEM ( )  RATIONAL_B_SPLINE_CURVE ( ( 0.9330127018922194100, 0.9330127018922216300, 1.000000000000000000, 0.8660254037844387100, 1.000000000000000000, 0.8660254037844387100, 1.000000000000000000, 0.9330127018922171900, 0.9330127018922194100 ) ) 
 REPRESENTATION_ITEM ( '' )  );
#7878 = CARTESIAN_POINT ( 'NONE',  ( -4.000000000000011500, 2.451913654878283700E-014, -24.74999999999995000 ) ) ;
#7879 = CARTESIAN_POINT ( 'NONE',  ( -5.586370142149013400E-014, 4.000000000000000000, -1.124999999999988500 ) ) ;
#7880 = CARTESIAN_POINT ( 'NONE',  ( 3.304504522407768300, -2.024846275837024900, -0.5391031690292938900 ) ) ;
#7881 = CARTESIAN_POINT ( 'NONE',  ( -4.000000000000000900, -8.250515142007494700E-015, -7.874999999999977800 ) ) ;
#7882 = CARTESIAN_POINT ( 'NONE',  ( 4.000000000000005300, -1.034219503716432500E-014, -13.37499999999996600 ) ) ;
#7883 = CARTESIAN_POINT ( 'NONE',  ( 0.0000000000000000000, 0.0000000000000000000, -38.00000000000000000 ) ) ;
#7884 = CARTESIAN_POINT ( 'NONE',  ( -3.350480947161659500, -6.623653001329960800E-015, -26.37499999999994300 ) ) ;
#7885 = CYLINDRICAL_SURFACE ( 'NONE', #5528, 3.350480947161662100 ) ;
#7886 = CARTESIAN_POINT ( 'NONE',  ( 3.999999999999998200, 1.071796769724541900, -10.33034180126144900 ) ) ;
#7887 = FACE_OUTER_BOUND ( 'NONE', #2551, .T. ) ;
#7888 = EDGE_CURVE ( 'NONE', #2945, #7096, #1434, .T. ) ;
#7889 = CARTESIAN_POINT ( 'NONE',  ( 3.464101615137697500, 2.000000000000099900, -24.29166666666660400 ) ) ;
#7890 = CARTESIAN_POINT ( 'NONE',  ( -1.934401076758546400, 3.350480947161633700, -13.41666666666663200 ) ) ;
#7891 =( BOUNDED_CURVE ( )  B_SPLINE_CURVE ( 2, ( #1753, #4874, #6616, #2957, #1224, #3589, #4231, #552, #5490 ),
 .UNSPECIFIED., .F., .T. ) 
 B_SPLINE_CURVE_WITH_KNOTS ( ( 3, 2, 2, 2, 3 ),
 ( 0.3863636363636364600, 0.3888888888888889000, 0.3939393939393939200, 0.3989898989898990100, 0.4015151515151516600 ),
 .UNSPECIFIED. ) 
 CURVE ( )  GEOMETRIC_REPRESENTATION_ITEM ( )  RATIONAL_B_SPLINE_CURVE ( ( 0.9330127018922194100, 0.9330127018922223000, 1.000000000000000000, 0.8660254037844387100, 1.000000000000000000, 0.8660254037844387100, 1.000000000000000000, 0.9330127018922156300, 0.9330127018922193000 ) ) 
 REPRESENTATION_ITEM ( '' )  );
#7892 = CARTESIAN_POINT ( 'NONE',  ( 1.934401076758390300, 3.350480947161723800, -26.70833333333327200 ) ) ;
#7893 = LINE ( 'NONE', #3440, #1389 ) ;
#7894 = ORIENTED_EDGE ( 'NONE', *, *, #522, .F. ) ;
#7895 = CARTESIAN_POINT ( 'NONE',  ( 2.309401076758446100, 4.000000000000032000, -3.083333333333324200 ) ) ;
#7896 = CARTESIAN_POINT ( 'NONE',  ( -1.934401076758449900, -3.350480947161689600, -21.20833333333328200 ) ) ;
#7897 = DIRECTION ( 'NONE',  ( -0.0000000000000000000, -0.0000000000000000000, -1.000000000000000000 ) ) ;
#7898 = CARTESIAN_POINT ( 'NONE',  ( 3.999999999999985300, -1.071796769724432400, -20.41965819873847500 ) ) ;
#7899 = CARTESIAN_POINT ( 'NONE',  ( 0.0000000000000000000, 0.0000000000000000000, -30.00000000000000000 ) ) ;
#7900 = EDGE_CURVE ( 'NONE', #7159, #4699, #7116, .T. ) ;
#7901 = CARTESIAN_POINT ( 'NONE',  ( 1.934401076758588600, -3.350480947161608800, -26.04166666666660700 ) ) ;
#7902 = DIRECTION ( 'NONE',  ( 0.0000000000000000000, 0.0000000000000000000, 1.000000000000000000 ) ) ;
#7903 = CARTESIAN_POINT ( 'NONE',  ( 2.309401076758560200, -3.999999999999966700, -23.54166666666660700 ) ) ;
#7904 = CYLINDRICAL_SURFACE ( 'NONE', #1901, 4.000000000000000000 ) ;
#7905 = ORIENTED_EDGE ( 'NONE', *, *, #215, .F. ) ;
#7906 = CARTESIAN_POINT ( 'NONE',  ( 3.350480947161659500, 0.8977586640478746300, -12.83034180126144700 ) ) ;
#7907 = CARTESIAN_POINT ( 'NONE',  ( 2.902684976952226500, 2.014876138954977000, -29.55348434095182600 ) ) ;
#7908 = CARTESIAN_POINT ( 'NONE',  ( 2.468854115590849700, -3.041008195153143600, -0.5683621138389729500 ) ) ;
#7909 = ADVANCED_FACE ( 'NONE', ( #2333 ), #6642, .T. ) ;
#7910 = VERTEX_POINT ( 'NONE', #6622 ) ;
#7911 = DIRECTION ( 'NONE',  ( -0.0000000000000000000, -0.0000000000000000000, -1.000000000000000000 ) ) ;
#7912 = CARTESIAN_POINT ( 'NONE',  ( 4.000000000000000900, 6.856061878569608300E-015, -6.249999999999987600 ) ) ;
#7913 = CARTESIAN_POINT ( 'NONE',  ( -5.586370142149013400E-014, 4.000000000000000000, -28.99999999999993600 ) ) ;
#7914 = ORIENTED_EDGE ( 'NONE', *, *, #3146, .T. ) ;
#7915 = ORIENTED_EDGE ( 'NONE', *, *, #23, .T. ) ;
#7916 = CARTESIAN_POINT ( 'NONE',  ( 3.350480947161659500, -3.369928719974892300E-015, -28.74999999999994000 ) ) ;
#7917 = DIRECTION ( 'NONE',  ( -0.0000000000000000000, -0.0000000000000000000, -1.000000000000000000 ) ) ;
#7918 = CARTESIAN_POINT ( 'NONE',  ( 2.901601615137796100, -1.675240473580744900, -23.83333333333327500 ) ) ;
#7919 = EDGE_LOOP ( 'NONE', ( #3808, #4286, #2555, #2545 ) ) ;
#7920 = CARTESIAN_POINT ( 'NONE',  ( -2.901601615137722400, -1.675240473580873000, -13.16666666666663200 ) ) ;
#7921 = CARTESIAN_POINT ( 'NONE',  ( -3.464101615137710900, -2.000000000000075500, -10.79166666666663400 ) ) ;
#7922 = ORIENTED_EDGE ( 'NONE', *, *, #5089, .F. ) ;
#7923 = CARTESIAN_POINT ( 'NONE',  ( 4.618802153517005800, 6.478866617091239000E-014, -1.249999999999995100 ) ) ;
#7924 = CARTESIAN_POINT ( 'NONE',  ( -4.000000000000000900, 6.042630808230842100E-015, -5.749999999999989300 ) ) ;
#7925 = CARTESIAN_POINT ( 'NONE',  ( 1.934401076758370100, 3.350480947161734500, -21.58333333333328200 ) ) ;
#7926 = CARTESIAN_POINT ( 'NONE',  ( 3.464101615137682000, 2.000000000000126600, -27.29166666666660000 ) ) ;
#7927 = CARTESIAN_POINT ( 'NONE',  ( -1.662187531692635100, 3.163625139354973000, -0.3124688871668474000 ) ) ;
#7928 = CARTESIAN_POINT ( 'NONE',  ( -3.999999999999996400, -1.071796769724534700, -6.830341801261457000 ) ) ;
#7929 = VERTEX_POINT ( 'NONE', #1639 ) ;
#7930 = CARTESIAN_POINT ( 'NONE',  ( 3.464101615137782400, -1.999999999999950700, -28.45833333333326100 ) ) ;
#7931 = VERTEX_POINT ( 'NONE', #7192 ) ;
#7932 = CARTESIAN_POINT ( 'NONE',  ( 2.309401076758666300, -3.999999999999905900, -24.41666666666661100 ) ) ;
#7933 = CARTESIAN_POINT ( 'NONE',  ( -2.901601615137703800, -1.675240473580905700, -27.29166666666660400 ) ) ;
#7934 = CARTESIAN_POINT ( 'NONE',  ( 3.464101615137782400, -1.999999999999950700, -4.458333333333314400 ) ) ;
#7935 = CARTESIAN_POINT ( 'NONE',  ( 3.798325484591604800, -7.686342592508250300E-013, -0.4914368357597495600 ) ) ;
#7936 = CARTESIAN_POINT ( 'NONE',  ( -3.350480947161662100, 5.112995299272251500E-015, -5.374999999999986700 ) ) ;
#7937 = CARTESIAN_POINT ( 'NONE',  ( 1.934401076758637900, -3.350480947161581300, -27.91666666666660400 ) ) ;
#7938 = ORIENTED_EDGE ( 'NONE', *, *, #4383, .F. ) ;
#7939 = EDGE_CURVE ( 'NONE', #6574, #4525, #263, .T. ) ;
#7940 = LINE ( 'NONE', #5537, #1150 ) ;
#7941 = CARTESIAN_POINT ( 'NONE',  ( 2.309401076758383900, 4.000000000000067500, -16.20833333333329000 ) ) ;
#7942 = CARTESIAN_POINT ( 'NONE',  ( -9.275620694048792500E-014, 3.350480947161662100, -25.49999999999994000 ) ) ;
#7943 = CARTESIAN_POINT ( 'NONE',  ( 2.309401076758560200, -3.999999999999966700, -29.41666666666660400 ) ) ;
ENDSEC;
END-ISO-10303-21;
