ISO-10303-21;
HEADER;
FILE_DESCRIPTION (( 'STEP AP203' ),
    '1' );
FILE_NAME ('5905K497_Needle-Roller Bearing.STEP',
    '2023-01-10T21:14:46',
    ( 'Administrator' ),
    ( 'Managed by Terraform' ),
    'SwSTEP 2.0',
    'SolidWorks 2017',
    '' );
FILE_SCHEMA (( 'CONFIG_CONTROL_DESIGN' ));
ENDSEC;

DATA;
#1 = ORIENTED_EDGE ( 'NONE', *, *, #1763, .F. ) ;
#2 = CARTESIAN_POINT ( 'NONE',  ( -0.1933493070778469200, -0.1026091765329321400, 0.1562500000000000000 ) ) ;
#3 = CIRCLE ( 'NONE', #994, 0.007812500000000001700 ) ;
#4 = CARTESIAN_POINT ( 'NONE',  ( 0.2154266959714205800, 0.03798553886464035200, 0.1562500000000000000 ) ) ;
#5 = DIRECTION ( 'NONE',  ( 0.0000000000000000000, 1.000000000000000000, -9.106159978880874900E-017 ) ) ;
#6 = FACE_OUTER_BOUND ( 'NONE', #1244, .T. ) ;
#7 = ADVANCED_FACE ( 'NONE', ( #970 ), #390, .T. ) ;
#8 = DIRECTION ( 'NONE',  ( -0.6427876096865300400, 0.7660444431189859000, 1.365923996832131400E-016 ) ) ;
#9 = EDGE_CURVE ( 'NONE', #1404, #1678, #47, .T. ) ;
#10 = CARTESIAN_POINT ( 'NONE',  ( 0.0000000000000000000, 0.2187500000000000800, -0.1250000000000000000 ) ) ;
#11 = DIRECTION ( 'NONE',  ( 0.0000000000000000000, 1.365923996832131600E-016, -1.000000000000000000 ) ) ;
#12 = VERTEX_POINT ( 'NONE', #2607 ) ;
#13 = DIRECTION ( 'NONE',  ( 0.9848077530122062400, -0.1736481776669405700, 0.0000000000000000000 ) ) ;
#14 = EDGE_LOOP ( 'NONE', ( #2654, #1338 ) ) ;
#15 = VERTEX_POINT ( 'NONE', #485 ) ;
#16 = FACE_OUTER_BOUND ( 'NONE', #1493, .T. ) ;
#17 = ADVANCED_FACE ( 'NONE', ( #57, #2090 ), #927, .F. ) ;
#18 = ORIENTED_EDGE ( 'NONE', *, *, #2759, .T. ) ;
#19 = CARTESIAN_POINT ( 'NONE',  ( -0.2154266959714202000, 0.03798553886464323100, 0.1250000000000000300 ) ) ;
#20 = CIRCLE ( 'NONE', #2068, 0.007812500000000128400 ) ;
#21 = CARTESIAN_POINT ( 'NONE',  ( 0.08550503583141580400, -0.2349231551964777200, -0.1250000000000000000 ) ) ;
#22 = DIRECTION ( 'NONE',  ( 0.0000000000000000000, 1.000000000000000000, 1.365923996832131600E-016 ) ) ;
#23 = CARTESIAN_POINT ( 'NONE',  ( 9.567553118338689200E-019, 0.2265625000000000600, 0.1250000000000000300 ) ) ;
#24 = CIRCLE ( 'NONE', #2262, 0.007812500000000128400 ) ;
#25 = DIRECTION ( 'NONE',  ( -0.6427876096865409200, -0.7660444431189767900, 0.0000000000000000000 ) ) ;
#26 = ORIENTED_EDGE ( 'NONE', *, *, #564, .F. ) ;
#27 = CIRCLE ( 'NONE', #1294, 0.03124999999999997600 ) ;
#28 = ORIENTED_EDGE ( 'NONE', *, *, #1057, .T. ) ;
#29 = ADVANCED_FACE ( 'NONE', ( #1204 ), #2593, .F. ) ;
#30 = AXIS2_PLACEMENT_3D ( 'NONE', #2557, #1739, #1060 ) ;
#31 = VERTEX_POINT ( 'NONE', #80 ) ;
#32 = DIRECTION ( 'NONE',  ( 1.182924880895407400E-016, 6.829619984160548300E-017, 1.000000000000000000 ) ) ;
#33 = EDGE_LOOP ( 'NONE', ( #667, #613 ) ) ;
#34 = DIRECTION ( 'NONE',  ( 0.0000000000000000000, 0.0000000000000000000, 1.000000000000000000 ) ) ;
#35 = AXIS2_PLACEMENT_3D ( 'NONE', #2219, #1986, #1167 ) ;
#36 = CIRCLE ( 'NONE', #1770, 0.007812499999999996500 ) ;
#37 = LINE ( 'NONE', #810, #2214 ) ;
#38 = AXIS2_PLACEMENT_3D ( 'NONE', #1723, #367, #2534 ) ;
#39 = DIRECTION ( 'NONE',  ( 0.0000000000000000000, -1.000000000000000000, 1.681137226870315500E-016 ) ) ;
#40 = CARTESIAN_POINT ( 'NONE',  ( 0.07481690635248883200, -0.2055577607969180400, -0.1250000000000000000 ) ) ;
#41 = EDGE_CURVE ( 'NONE', #209, #2170, #1641, .T. ) ;
#42 = ADVANCED_FACE ( 'NONE', ( #979 ), #1543, .F. ) ;
#43 = CARTESIAN_POINT ( 'NONE',  ( -0.1933493070778469200, -0.1026091765329321400, 0.1562500000000000000 ) ) ;
#44 = PRODUCT ( '5905K497_Needle-Roller Bearing', '5905K497_Needle-Roller Bearing', '', ( #289 ) ) ;
#45 = VERTEX_POINT ( 'NONE', #1793 ) ;
#46 = EDGE_CURVE ( 'NONE', #1455, #2098, #2125, .T. ) ;
#47 = CIRCLE ( 'NONE', #378, 0.007812500000000131800 ) ;
#48 = CARTESIAN_POINT ( 'NONE',  ( 0.0000000000000000000, -1.565121246370150800E-017, 0.1562500000000000000 ) ) ;
#49 = CARTESIAN_POINT ( 'NONE',  ( -0.07214487398275976100, -0.1982164121970271000, -0.1250000000000000000 ) ) ;
#50 = DIRECTION ( 'NONE',  ( -1.345172542105706600E-016, -2.371902128814255000E-017, 1.000000000000000000 ) ) ;
#51 = ORIENTED_EDGE ( 'NONE', *, *, #1909, .F. ) ;
#52 = DIRECTION ( 'NONE',  ( 8.779990209371974400E-017, -1.046358487496129700E-016, 1.000000000000000000 ) ) ;
#53 = DIRECTION ( 'NONE',  ( 0.0000000000000000000, -1.000000000000000000, 0.0000000000000000000 ) ) ;
#54 = ORIENTED_EDGE ( 'NONE', *, *, #2564, .T. ) ;
#55 = CYLINDRICAL_SURFACE ( 'NONE', #1079, 0.007812500000000130100 ) ;
#56 = CC_DESIGN_PERSON_AND_ORGANIZATION_ASSIGNMENT ( #2655, #330, ( #1180 ) ) ;
#57 = FACE_OUTER_BOUND ( 'NONE', #393, .T. ) ;
#58 = DIRECTION ( 'NONE',  ( 0.0000000000000000000, 0.0000000000000000000, 1.000000000000000000 ) ) ;
#59 = DIRECTION ( 'NONE',  ( 0.8660254037844442600, 0.4999999999999906200, 0.0000000000000000000 ) ) ;
#60 = VECTOR ( 'NONE', #1379, 39.37007874015748100 ) ;
#61 = ORIENTED_EDGE ( 'NONE', *, *, #2539, .F. ) ;
#62 = CARTESIAN_POINT ( 'NONE',  ( 0.07481690635248883200, -0.2055577607969180100, 0.1250000000000000300 ) ) ;
#63 = CIRCLE ( 'NONE', #2063, 0.007812499999999990500 ) ;
#64 = ORIENTED_EDGE ( 'NONE', *, *, #2475, .T. ) ;
#65 = EDGE_CURVE ( 'NONE', #1780, #846, #24, .T. ) ;
#66 = VERTEX_POINT ( 'NONE', #751 ) ;
#67 = EDGE_LOOP ( 'NONE', ( #1605, #51, #1823, #2215 ) ) ;
#68 = DIRECTION ( 'NONE',  ( 0.0000000000000000000, 0.0000000000000000000, 1.000000000000000000 ) ) ;
#69 = AXIS2_PLACEMENT_3D ( 'NONE', #1803, #2644, #948 ) ;
#70 = DIRECTION ( 'NONE',  ( -4.671735211684879200E-017, 1.283548700377551000E-016, 1.000000000000000000 ) ) ;
#71 = CARTESIAN_POINT ( 'NONE',  ( 0.1406097896189307300, 0.1675722219322762500, 0.1562500000000000000 ) ) ;
#72 = CIRCLE ( 'NONE', #171, 0.007812500000000001700 ) ;
#73 = AXIS2_PLACEMENT_3D ( 'NONE', #1759, #2401, #1320 ) ;
#74 = CARTESIAN_POINT ( 'NONE',  ( 0.1894430570778454500, -0.1093750000000008900, 0.1562500000000000000 ) ) ;
#75 = AXIS2_PLACEMENT_3D ( 'NONE', #921, #1331, #1559 ) ;
#76 = LINE ( 'NONE', #326, #2177 ) ;
#77 = VERTEX_POINT ( 'NONE', #539 ) ;
#78 = DIRECTION ( 'NONE',  ( 0.3420201433256756500, 0.9396926207859058700, 0.0000000000000000000 ) ) ;
#79 = DIRECTION ( 'NONE',  ( 0.9848077530122062400, -0.1736481776669405700, 0.0000000000000000000 ) ) ;
#80 = CARTESIAN_POINT ( 'NONE',  ( 0.1205226768162264200, 0.1436333330848083000, 0.1250000000000000300 ) ) ;
#81 = DIRECTION ( 'NONE',  ( -0.0000000000000000000, -0.0000000000000000000, 1.000000000000000000 ) ) ;
#82 = EDGE_CURVE ( 'NONE', #66, #1664, #1897, .T. ) ;
#83 = CARTESIAN_POINT ( 'NONE',  ( -0.1606969024216325100, 0.1915111107797465000, 0.1250000000000000300 ) ) ;
#84 = VERTEX_POINT ( 'NONE', #2209 ) ;
#85 = EDGE_CURVE ( 'NONE', #141, #2757, #2354, .T. ) ;
#86 = ORIENTED_EDGE ( 'NONE', *, *, #596, .T. ) ;
#87 = ORIENTED_EDGE ( 'NONE', *, *, #1205, .F. ) ;
#88 = FACE_BOUND ( 'NONE', #2671, .T. ) ;
#89 = CARTESIAN_POINT ( 'NONE',  ( -0.1894430570778470600, -0.1093749999999982900, -0.1250000000000000000 ) ) ;
#90 = CARTESIAN_POINT ( 'NONE',  ( 0.1855368070778453700, -0.1161408234670669000, 0.1562500000000000000 ) ) ;
#91 = VERTEX_POINT ( 'NONE', #2227 ) ;
#92 = DIRECTION ( 'NONE',  ( -4.671735211684882200E-017, 1.283548700377551700E-016, 1.000000000000000000 ) ) ;
#93 = CYLINDRICAL_SURFACE ( 'NONE', #1367, 0.007812500000000128400 ) ;
#94 = AXIS2_PLACEMENT_3D ( 'NONE', #2720, #1452, #1887 ) ;
#95 = CARTESIAN_POINT ( 'NONE',  ( 0.1826772336107796400, -0.1054687500000009000, 0.1250000000000000300 ) ) ;
#96 = LINE ( 'NONE', #1955, #515 ) ;
#97 = ORIENTED_EDGE ( 'NONE', *, *, #1479, .F. ) ;
#98 = VECTOR ( 'NONE', #1944, 39.37007874015748100 ) ;
#99 = EDGE_LOOP ( 'NONE', ( #245, #2228 ) ) ;
#100 = CARTESIAN_POINT ( 'NONE',  ( 0.0000000000000000000, 0.2187499999999999400, -0.1562500000000000000 ) ) ;
#101 = ORIENTED_EDGE ( 'NONE', *, *, #2078, .F. ) ;
#102 = MANIFOLD_SOLID_BREP ( 'CirPattern1[1]', #471 ) ;
#103 = EDGE_CURVE ( 'NONE', #1678, #2547, #403, .T. ) ;
#104 = EDGE_LOOP ( 'NONE', ( #286, #1817, #272, #1857 ) ) ;
#105 = DIRECTION ( 'NONE',  ( 0.1736481776669404600, 0.9848077530122062400, 0.0000000000000000000 ) ) ;
#106 = LINE ( 'NONE', #1277, #722 ) ;
#107 =( CONVERSION_BASED_UNIT ( 'INCH', #1170 ) LENGTH_UNIT ( ) NAMED_UNIT ( #366 ) );
#108 = AXIS2_PLACEMENT_3D ( 'NONE', #2636, #730, #2422 ) ;
#109 = CARTESIAN_POINT ( 'NONE',  ( 0.08215825495237884200, -0.2028857284271861100, 0.1562500000000000000 ) ) ;
#110 = VECTOR ( 'NONE', #1653, 39.37007874015748100 ) ;
#111 = CARTESIAN_POINT ( 'NONE',  ( -0.1894430570778469200, -0.1093749999999982200, 0.1562500000000000000 ) ) ;
#112 = DIRECTION ( 'NONE',  ( 1.000000000000000000, 0.0000000000000000000, 0.0000000000000000000 ) ) ;
#113 = CARTESIAN_POINT ( 'NONE',  ( 0.1894430570778455300, -0.1093750000000009300, 0.1250000000000000300 ) ) ;
#114 = EDGE_LOOP ( 'NONE', ( #2293, #1908 ) ) ;
#115 = EDGE_CURVE ( 'NONE', #593, #358, #1400, .T. ) ;
#116 = CARTESIAN_POINT ( 'NONE',  ( 0.2154266959714207000, 0.03798553886464037200, -0.1250000000000000000 ) ) ;
#117 = VERTEX_POINT ( 'NONE', #2528 ) ;
#118 = DIRECTION ( 'NONE',  ( 0.9396926207859105400, 0.3420201433256630500, 0.0000000000000000000 ) ) ;
#119 = ORIENTED_EDGE ( 'NONE', *, *, #1595, .T. ) ;
#120 = CIRCLE ( 'NONE', #1435, 0.007812500000000006900 ) ;
#121 = EDGE_CURVE ( 'NONE', #594, #1512, #1068, .T. ) ;
#122 = DIRECTION ( 'NONE',  ( 0.9396926207859057600, -0.3420201433256757600, 0.0000000000000000000 ) ) ;
#123 = CIRCLE ( 'NONE', #1042, 0.007812499999999993900 ) ;
#124 = AXIS2_PLACEMENT_3D ( 'NONE', #2103, #2349, #1498 ) ;
#125 = FACE_OUTER_BOUND ( 'NONE', #1229, .T. ) ;
#126 = CARTESIAN_POINT ( 'NONE',  ( 0.2154266959714205800, 0.03798553886464035200, 0.1562500000000000000 ) ) ;
#127 = ORIENTED_EDGE ( 'NONE', *, *, #1617, .F. ) ;
#128 = CYLINDRICAL_SURFACE ( 'NONE', #38, 0.03124999999999995800 ) ;
#129 = ORIENTED_EDGE ( 'NONE', *, *, #284, .T. ) ;
#130 = CARTESIAN_POINT ( 'NONE',  ( -0.07214487398275976100, -0.1982164121970270700, 0.1250000000000000300 ) ) ;
#131 = ORIENTED_EDGE ( 'NONE', *, *, #763, .T. ) ;
#132 = MANIFOLD_SOLID_BREP ( 'CirPattern1[16]', #1647 ) ;
#133 = EDGE_CURVE ( 'NONE', #412, #914, #2625, .T. ) ;
#134 = CARTESIAN_POINT ( 'NONE',  ( -0.1406097896189285000, 0.1675722219322782200, 0.1250000000000000300 ) ) ;
#135 = EDGE_CURVE ( 'NONE', #1972, #507, #2027, .T. ) ;
#136 = CARTESIAN_POINT ( 'NONE',  ( -0.1465945118307956100, 0.1625504437316020500, 0.1562500000000000000 ) ) ;
#137 = CARTESIAN_POINT ( 'NONE',  ( 0.1846514536897891900, 0.03255903331254889800, 0.1250000000000000300 ) ) ;
#138 = ORIENTED_EDGE ( 'NONE', *, *, #665, .F. ) ;
#139 = DIRECTION ( 'NONE',  ( 0.3420201433256630500, -0.9396926207859105400, 1.365923996832131400E-016 ) ) ;
#140 = VERTEX_POINT ( 'NONE', #879 ) ;
#141 = VERTEX_POINT ( 'NONE', #2737 ) ;
#142 = ORIENTED_EDGE ( 'NONE', *, *, #2560, .T. ) ;
#143 = ORIENTED_EDGE ( 'NONE', *, *, #1115, .T. ) ;
#144 = DIRECTION ( 'NONE',  ( 0.0000000000000000000, -1.000000000000000000, 1.238933330459983100E-016 ) ) ;
#145 = LOCAL_TIME ( 15, 14, 46.00000000000000000, #474 ) ;
#146 = EDGE_CURVE ( 'NONE', #550, #617, #2289, .T. ) ;
#147 = CARTESIAN_POINT ( 'NONE',  ( 0.1456315678196069300, 0.1735569441441433300, -0.1250000000000000000 ) ) ;
#148 = EDGE_LOOP ( 'NONE', ( #631, #2692 ) ) ;
#149 = FACE_OUTER_BOUND ( 'NONE', #1006, .T. ) ;
#150 = PLANE ( 'NONE',  #1956 ) ;
#151 = PLANE ( 'NONE',  #2159 ) ;
#152 = AXIS2_PLACEMENT_3D ( 'NONE', #2492, #2506, #1871 ) ;
#153 = LINE ( 'NONE', #1148, #60 ) ;
#154 = EDGE_LOOP ( 'NONE', ( #1952, #1458, #1599, #559 ) ) ;
#155 = DIRECTION ( 'NONE',  ( 0.0000000000000000000, 0.0000000000000000000, 1.000000000000000000 ) ) ;
#156 = LINE ( 'NONE', #1758, #98 ) ;
#157 = ADVANCED_FACE ( 'NONE', ( #1233 ), #1777, .F. ) ;
#158 = VERTEX_POINT ( 'NONE', #216 ) ;
#159 = DIRECTION ( 'NONE',  ( 0.0000000000000000000, 0.0000000000000000000, 1.000000000000000000 ) ) ;
#160 = EDGE_LOOP ( 'NONE', ( #895, #178 ) ) ;
#161 = CARTESIAN_POINT ( 'NONE',  ( 0.1894430570778455300, -0.1093750000000009300, 0.1250000000000000300 ) ) ;
#162 = DIRECTION ( 'NONE',  ( 0.0000000000000000000, 0.0000000000000000000, 1.000000000000000000 ) ) ;
#163 = ORIENTED_EDGE ( 'NONE', *, *, #103, .F. ) ;
#164 = ORIENTED_EDGE ( 'NONE', *, *, #2099, .T. ) ;
#165 = DIRECTION ( 'NONE',  ( 0.0000000000000000000, -1.000000000000000000, 1.681137226870315500E-016 ) ) ;
#166 = CIRCLE ( 'NONE', #1141, 0.007812500000000135300 ) ;
#167 = LINE ( 'NONE', #2132, #2375 ) ;
#168 = AXIS2_PLACEMENT_3D ( 'NONE', #1620, #544, #2476 ) ;
#169 = CARTESIAN_POINT ( 'NONE',  ( 0.0000000000000000000, -0.2500000000000000600, 0.1562500000000000800 ) ) ;
#170 = DIRECTION ( 'NONE',  ( 0.0000000000000000000, -1.000000000000000000, 0.0000000000000000000 ) ) ;
#171 = AXIS2_PLACEMENT_3D ( 'NONE', #1101, #1089, #697 ) ;
#172 = PLANE ( 'NONE',  #238 ) ;
#173 = ORIENTED_EDGE ( 'NONE', *, *, #1115, .F. ) ;
#174 = DIRECTION ( 'NONE',  ( -1.345172542105703400E-016, 2.371902128814434400E-017, -1.000000000000000000 ) ) ;
#175 = ORIENTED_EDGE ( 'NONE', *, *, #1284, .F. ) ;
#176 = CARTESIAN_POINT ( 'NONE',  ( -0.1406097896189284500, 0.1675722219322781600, 0.1562500000000000000 ) ) ;
#177 = EDGE_CURVE ( 'NONE', #903, #91, #2718, .T. ) ;
#178 = ORIENTED_EDGE ( 'NONE', *, *, #2326, .F. ) ;
#179 = CARTESIAN_POINT ( 'NONE',  ( -0.07481690635249156600, -0.2055577607969168700, -0.1562500000000000000 ) ) ;
#180 = CIRCLE ( 'NONE', #728, 0.03124999999999998300 ) ;
#181 = AXIS2_PLACEMENT_3D ( 'NONE', #1206, #1383, #118 ) ;
#182 = FACE_BOUND ( 'NONE', #1924, .T. ) ;
#183 = EDGE_CURVE ( 'NONE', #1674, #1780, #2195, .T. ) ;
#184 = CARTESIAN_POINT ( 'NONE',  ( 0.2165063509461091800, -0.1250000000000010500, -0.1250000000000000000 ) ) ;
#185 = EDGE_LOOP ( 'NONE', ( #2551, #2453, #1448, #142 ) ) ;
#186 = DIRECTION ( 'NONE',  ( -0.0000000000000000000, 9.106159978880874900E-017, 1.000000000000000000 ) ) ;
#187 = CIRCLE ( 'NONE', #1903, 0.007812500000000121400 ) ;
#188 = DIRECTION ( 'NONE',  ( 0.0000000000000000000, 0.0000000000000000000, 1.000000000000000000 ) ) ;
#189 = ORIENTED_EDGE ( 'NONE', *, *, #1702, .T. ) ;
#190 = LINE ( 'NONE', #2373, #1509 ) ;
#191 = DIRECTION ( 'NONE',  ( -0.0000000000000000000, 9.106159978880874900E-017, 1.000000000000000000 ) ) ;
#192 = ORIENTED_EDGE ( 'NONE', *, *, #828, .T. ) ;
#193 = CARTESIAN_POINT ( 'NONE',  ( -0.1894430570778470000, -0.1093749999999982700, 0.1250000000000000300 ) ) ;
#194 = ORIENTED_EDGE ( 'NONE', *, *, #1007, .T. ) ;
#195 = DIRECTION ( 'NONE',  ( -0.0000000000000000000, 9.106159978880874900E-017, 1.000000000000000000 ) ) ;
#196 = DIRECTION ( 'NONE',  ( 1.182924880895407400E-016, 6.829619984160548300E-017, 1.000000000000000000 ) ) ;
#197 = DIRECTION ( 'NONE',  ( 0.0000000000000000000, 0.0000000000000000000, 1.000000000000000000 ) ) ;
#198 = ADVANCED_FACE ( 'NONE', ( #909 ), #480, .T. ) ;
#199 = CARTESIAN_POINT ( 'NONE',  ( 3.375432740149893000E-017, -0.2756250000000000600, 0.1818750000000000600 ) ) ;
#200 = CYLINDRICAL_SURFACE ( 'NONE', #276, 0.007812500000000121400 ) ;
#201 = EDGE_CURVE ( 'NONE', #982, #77, #1610, .T. ) ;
#202 = DIRECTION ( 'NONE',  ( 8.779990209371974400E-017, -1.046358487496129700E-016, 1.000000000000000000 ) ) ;
#203 = DIRECTION ( 'NONE',  ( 0.7660444431189779000, -0.6427876096865395800, 0.0000000000000000000 ) ) ;
#204 = CARTESIAN_POINT ( 'NONE',  ( -0.1826772336107810300, -0.1054687499999983300, 0.1250000000000000300 ) ) ;
#205 = DIRECTION ( 'NONE',  ( -0.8660254037844361500, 0.5000000000000042200, 0.0000000000000000000 ) ) ;
#206 = AXIS2_PLACEMENT_3D ( 'NONE', #450, #428, #1078 ) ;
#207 = DIRECTION ( 'NONE',  ( 0.0000000000000000000, -1.000000000000000000, 1.681137226870315500E-016 ) ) ;
#208 = AXIS2_PLACEMENT_3D ( 'NONE', #2573, #1325, #885 ) ;
#209 = VERTEX_POINT ( 'NONE', #1069 ) ;
#210 = ADVANCED_FACE ( 'NONE', ( #677, #182 ), #661, .F. ) ;
#211 = CALENDAR_DATE ( 2023, 10, 1 ) ;
#212 = CARTESIAN_POINT ( 'NONE',  ( -0.2154266959714202000, 0.03798553886464323100, 0.1250000000000000300 ) ) ;
#213 = CARTESIAN_POINT ( 'NONE',  ( 0.2154266959714206700, 0.03798553886464037200, 0.1250000000000000300 ) ) ;
#214 = ORIENTED_EDGE ( 'NONE', *, *, #1858, .T. ) ;
#215 = ORIENTED_EDGE ( 'NONE', *, *, #2035, .T. ) ;
#216 = CARTESIAN_POINT ( 'NONE',  ( -0.1606969024216325600, 0.1915111107797465600, -0.1250000000000000000 ) ) ;
#217 = VECTOR ( 'NONE', #1225, 39.37007874015748100 ) ;
#218 = VECTOR ( 'NONE', #1117, 39.37007874015748100 ) ;
#219 = CARTESIAN_POINT ( 'NONE',  ( 0.07214487398275709600, -0.1982164121970281200, -0.1250000000000000000 ) ) ;
#220 = EDGE_LOOP ( 'NONE', ( #407, #999, #2280, #989 ) ) ;
#221 = FACE_OUTER_BOUND ( 'NONE', #2016, .T. ) ;
#222 = EDGE_CURVE ( 'NONE', #412, #1072, #437, .T. ) ;
#223 = CIRCLE ( 'NONE', #1881, 0.007812499999999990500 ) ;
#224 = AXIS2_PLACEMENT_3D ( 'NONE', #2447, #2242, #320 ) ;
#225 = ADVANCED_FACE ( 'NONE', ( #1813 ), #609, .F. ) ;
#226 = ORIENTED_EDGE ( 'NONE', *, *, #901, .T. ) ;
#227 = DIRECTION ( 'NONE',  ( -1.182924880895407400E-016, -6.829619984160548300E-017, -1.000000000000000000 ) ) ;
#228 = EDGE_CURVE ( 'NONE', #2757, #508, #2391, .T. ) ;
#229 = CARTESIAN_POINT ( 'NONE',  ( -0.2231205065418280800, 0.03934216525266622000, -0.1250000000000000000 ) ) ;
#230 = CARTESIAN_POINT ( 'NONE',  ( 0.0000000000000000000, -0.2812500000000000600, 0.1818750000000000600 ) ) ;
#231 = CIRCLE ( 'NONE', #2019, 0.007812500000000001700 ) ;
#232 = CARTESIAN_POINT ( 'NONE',  ( -0.2154266959714200800, 0.03798553886464321700, -0.1562500000000000000 ) ) ;
#233 = ORIENTED_EDGE ( 'NONE', *, *, #1879, .F. ) ;
#234 = DIRECTION ( 'NONE',  ( -8.779990209372117400E-017, -1.046358487496117900E-016, 1.000000000000000000 ) ) ;
#235 = ADVANCED_FACE ( 'NONE', ( #1034 ), #2231, .T. ) ;
#236 = CARTESIAN_POINT ( 'NONE',  ( 0.06747555775259873900, -0.2082297931666496900, -0.1562500000000000000 ) ) ;
#237 = VERTEX_POINT ( 'NONE', #1752 ) ;
#238 = AXIS2_PLACEMENT_3D ( 'NONE', #1687, #1023, #1235 ) ;
#239 = AXIS2_PLACEMENT_3D ( 'NONE', #1713, #1077, #2703 ) ;
#240 = CARTESIAN_POINT ( 'NONE',  ( 0.07481690635248883200, -0.2055577607969180100, 0.1250000000000000300 ) ) ;
#241 = CYLINDRICAL_SURFACE ( 'NONE', #1469, 0.03124999999999996500 ) ;
#242 = DIRECTION ( 'NONE',  ( -0.6427876096865405800, -0.7660444431189769000, 0.0000000000000000000 ) ) ;
#243 = FACE_OUTER_BOUND ( 'NONE', #1515, .T. ) ;
#244 = ADVANCED_FACE ( 'NONE', ( #640, #839 ), #2111, .F. ) ;
#245 = ORIENTED_EDGE ( 'NONE', *, *, #2176, .T. ) ;
#246 = EDGE_CURVE ( 'NONE', #1989, #1389, #2257, .T. ) ;
#247 = DIRECTION ( 'NONE',  ( -0.6427876096865409200, -0.7660444431189767900, 0.0000000000000000000 ) ) ;
#248 = DIRECTION ( 'NONE',  ( 0.0000000000000000000, 0.0000000000000000000, 1.000000000000000000 ) ) ;
#249 = DIRECTION ( 'NONE',  ( 4.671735211685055400E-017, 1.283548700377545000E-016, 1.000000000000000000 ) ) ;
#250 = AXIS2_PLACEMENT_3D ( 'NONE', #556, #2467, #2649 ) ;
#251 = DIRECTION ( 'NONE',  ( -0.3420201433256629400, 0.9396926207859105400, 0.0000000000000000000 ) ) ;
#252 = AXIS2_PLACEMENT_3D ( 'NONE', #1188, #1643, #2679 ) ;
#253 = ORIENTED_EDGE ( 'NONE', *, *, #2445, .T. ) ;
#254 = CARTESIAN_POINT ( 'NONE',  ( 0.0000000000000000000, 0.2187500000000000600, 0.1250000000000000300 ) ) ;
#255 = ORIENTED_EDGE ( 'NONE', *, *, #2460, .F. ) ;
#256 = CC_DESIGN_DATE_AND_TIME_ASSIGNMENT ( #974, #1585, ( #1180 ) ) ;
#257 = ORIENTED_EDGE ( 'NONE', *, *, #1832, .T. ) ;
#258 = DIRECTION ( 'NONE',  ( -0.4999999999999931200, 0.8660254037844427000, 0.0000000000000000000 ) ) ;
#259 = CIRCLE ( 'NONE', #2497, 0.007812500000000128400 ) ;
#260 = DIRECTION ( 'NONE',  ( -4.671735211684882200E-017, 1.283548700377551700E-016, 1.000000000000000000 ) ) ;
#261 = VERTEX_POINT ( 'NONE', #219 ) ;
#262 = CARTESIAN_POINT ( 'NONE',  ( -0.07481690635249156600, -0.2055577607969168700, -0.1562500000000000000 ) ) ;
#263 = DIRECTION ( 'NONE',  ( 0.3420201433256756500, 0.9396926207859058700, 0.0000000000000000000 ) ) ;
#264 = VECTOR ( 'NONE', #2340, 39.37007874015748100 ) ;
#265 = DIRECTION ( 'NONE',  ( -0.0000000000000000000, -1.365923996832131600E-016, 1.000000000000000000 ) ) ;
#266 = ORIENTED_EDGE ( 'NONE', *, *, #1650, .T. ) ;
#267 = CYLINDRICAL_SURFACE ( 'NONE', #969, 0.2031250000000000800 ) ;
#268 = EDGE_CURVE ( 'NONE', #1211, #880, #1139, .T. ) ;
#269 = VERTEX_POINT ( 'NONE', #1071 ) ;
#270 = CARTESIAN_POINT ( 'NONE',  ( 0.0000000000000000000, -4.410796239770424700E-017, -0.1562500000000000000 ) ) ;
#271 = EDGE_CURVE ( 'NONE', #1062, #594, #96, .T. ) ;
#272 = ORIENTED_EDGE ( 'NONE', *, *, #2112, .T. ) ;
#273 = CARTESIAN_POINT ( 'NONE',  ( -0.2154266959714200800, 0.03798553886464321700, 0.1562500000000000000 ) ) ;
#274 = DIRECTION ( 'NONE',  ( 0.6427876096865404700, 0.7660444431189771300, 1.365923996832131400E-016 ) ) ;
#275 = ORIENTED_EDGE ( 'NONE', *, *, #2686, .T. ) ;
#276 = AXIS2_PLACEMENT_3D ( 'NONE', #71, #282, #2403 ) ;
#277 = FACE_BOUND ( 'NONE', #1837, .T. ) ;
#278 = AXIS2_PLACEMENT_3D ( 'NONE', #2306, #1224, #165 ) ;
#279 = CARTESIAN_POINT ( 'NONE',  ( 0.1406097896189308100, 0.1675722219322763300, -0.1250000000000000000 ) ) ;
#280 = CARTESIAN_POINT ( 'NONE',  ( -0.1894430570778470000, -0.1093749999999982700, 0.1250000000000000300 ) ) ;
#281 = CARTESIAN_POINT ( 'NONE',  ( 0.2154266959714206700, 0.03798553886464037200, 0.1250000000000000300 ) ) ;
#282 = DIRECTION ( 'NONE',  ( 0.0000000000000000000, 0.0000000000000000000, 1.000000000000000000 ) ) ;
#283 = VERTEX_POINT ( 'NONE', #236 ) ;
#284 = EDGE_CURVE ( 'NONE', #1989, #982, #1175, .T. ) ;
#285 = DIRECTION ( 'NONE',  ( 0.0000000000000000000, 0.0000000000000000000, -1.000000000000000000 ) ) ;
#286 = ORIENTED_EDGE ( 'NONE', *, *, #1984, .F. ) ;
#287 = EDGE_CURVE ( 'NONE', #347, #2281, #1573, .T. ) ;
#288 = ADVANCED_FACE ( 'NONE', ( #1106 ), #778, .T. ) ;
#289 = MECHANICAL_CONTEXT ( 'NONE', #1821, 'mechanical' ) ;
#290 = CARTESIAN_POINT ( 'NONE',  ( -0.2154266959714200800, 0.03798553886464321700, 0.1562500000000000000 ) ) ;
#291 = EDGE_LOOP ( 'NONE', ( #266, #1169, #2050, #1172 ) ) ;
#292 = DIRECTION ( 'NONE',  ( 1.345172542105703400E-016, -2.371902128814434100E-017, 1.000000000000000000 ) ) ;
#293 = DATE_AND_TIME ( #732, #2222 ) ;
#294 = ORIENTED_EDGE ( 'NONE', *, *, #1778, .T. ) ;
#295 = DIRECTION ( 'NONE',  ( -0.9848077530122086900, -0.1736481776669268300, 0.0000000000000000000 ) ) ;
#296 = ORIENTED_EDGE ( 'NONE', *, *, #798, .F. ) ;
#297 = CIRCLE ( 'NONE', #94, 0.2031250000000000300 ) ;
#298 = LINE ( 'NONE', #685, #806 ) ;
#299 = ORIENTED_EDGE ( 'NONE', *, *, #1430, .F. ) ;
#300 = ORIENTED_EDGE ( 'NONE', *, *, #2307, .F. ) ;
#301 = FACE_OUTER_BOUND ( 'NONE', #185, .T. ) ;
#302 = APPLICATION_PROTOCOL_DEFINITION ( 'international standard', 'config_control_design', 1994, #973 ) ;
#303 = DIRECTION ( 'NONE',  ( 1.182924880895407400E-016, 6.829619984160548300E-017, 1.000000000000000000 ) ) ;
#304 = CARTESIAN_POINT ( 'NONE',  ( -0.2154266959714202200, 0.03798553886464324500, -0.1250000000000000000 ) ) ;
#305 = FACE_OUTER_BOUND ( 'NONE', #2396, .T. ) ;
#306 = DIRECTION ( 'NONE',  ( -0.9848077530122085800, -0.1736481776669275000, 0.0000000000000000000 ) ) ;
#307 = ORIENTED_EDGE ( 'NONE', *, *, #993, .F. ) ;
#308 = CARTESIAN_POINT ( 'NONE',  ( 0.07481690635248883200, -0.2055577607969180100, 0.1250000000000000300 ) ) ;
#309 = FACE_OUTER_BOUND ( 'NONE', #1537, .T. ) ;
#310 = CARTESIAN_POINT ( 'NONE',  ( 0.1623797632095819200, -0.09375000000000084700, -0.1250000000000000000 ) ) ;
#311 = EDGE_LOOP ( 'NONE', ( #2341, #1143, #2729, #2574 ) ) ;
#312 = EDGE_CURVE ( 'NONE', #141, #1889, #1262, .T. ) ;
#313 = ORIENTED_EDGE ( 'NONE', *, *, #1483, .F. ) ;
#314 = AXIS2_PLACEMENT_3D ( 'NONE', #2314, #630, #1694 ) ;
#315 = DIRECTION ( 'NONE',  ( -0.6427876096865402500, -0.7660444431189772400, 0.0000000000000000000 ) ) ;
#316 = CARTESIAN_POINT ( 'NONE',  ( 0.0000000000000000000, 0.2109375000000000600, 0.1250000000000000300 ) ) ;
#317 = CARTESIAN_POINT ( 'NONE',  ( 0.1406097896189308100, 0.1675722219322763100, 0.1250000000000000300 ) ) ;
#318 = CIRCLE ( 'NONE', #1708, 0.007812500000000131800 ) ;
#319 = DIRECTION ( 'NONE',  ( 0.0000000000000000000, -0.0000000000000000000, 1.000000000000000000 ) ) ;
#320 = DIRECTION ( 'NONE',  ( -0.5000000000000025500, -0.8660254037844372600, 0.0000000000000000000 ) ) ;
#321 = ORIENTED_EDGE ( 'NONE', *, *, #2213, .T. ) ;
#322 = APPLICATION_PROTOCOL_DEFINITION ( 'international standard', 'config_control_design', 1994, #1821 ) ;
#323 = DIRECTION ( 'NONE',  ( 0.0000000000000000000, 0.0000000000000000000, 1.000000000000000000 ) ) ;
#324 = EDGE_CURVE ( 'NONE', #1028, #2312, #549, .T. ) ;
#325 = DIRECTION ( 'NONE',  ( -0.9396926207859106500, -0.3420201433256630500, 0.0000000000000000000 ) ) ;
#326 = CARTESIAN_POINT ( 'NONE',  ( 0.08550503583141579000, -0.2349231551964776900, 0.1250000000000000300 ) ) ;
#327 = ORIENTED_EDGE ( 'NONE', *, *, #1949, .T. ) ;
#328 = AXIS2_PLACEMENT_3D ( 'NONE', #2134, #463, #1501 ) ;
#329 = VERTEX_POINT ( 'NONE', #1092 ) ;
#330 = PERSON_AND_ORGANIZATION_ROLE ( 'creator' ) ;
#331 = CARTESIAN_POINT ( 'NONE',  ( 0.0000000000000000000, -1.280553747030123400E-017, 0.1875000000000000600 ) ) ;
#332 = VERTEX_POINT ( 'NONE', #2568 ) ;
#333 = DIRECTION ( 'NONE',  ( -0.4999999999999931200, 0.8660254037844427000, 0.0000000000000000000 ) ) ;
#334 = CIRCLE ( 'NONE', #1511, 0.03124999999999997600 ) ;
#335 = AXIS2_PLACEMENT_3D ( 'NONE', #2149, #1344, #689 ) ;
#336 = DIRECTION ( 'NONE',  ( -0.1736481776669273600, 0.9848077530122085800, 0.0000000000000000000 ) ) ;
#337 = VECTOR ( 'NONE', #452, 39.37007874015748100 ) ;
#338 = DIRECTION ( 'NONE',  ( -0.0000000000000000000, -0.0000000000000000000, 1.000000000000000000 ) ) ;
#339 = AXIS2_PLACEMENT_3D ( 'NONE', #788, #2015, #364 ) ;
#340 = EDGE_LOOP ( 'NONE', ( #2128, #2346, #1296, #662 ) ) ;
#341 = FACE_OUTER_BOUND ( 'NONE', #1185, .T. ) ;
#342 = ORIENTED_EDGE ( 'NONE', *, *, #228, .T. ) ;
#343 = DIRECTION ( 'NONE',  ( 4.671735211685055400E-017, 1.283548700377545000E-016, 1.000000000000000000 ) ) ;
#344 = ORIENTED_EDGE ( 'NONE', *, *, #863, .F. ) ;
#345 = DIRECTION ( 'NONE',  ( -0.9848077530122085800, -0.1736481776669275000, 0.0000000000000000000 ) ) ;
#346 = EDGE_CURVE ( 'NONE', #1976, #1208, #2521, .T. ) ;
#347 = VERTEX_POINT ( 'NONE', #1274 ) ;
#348 = VECTOR ( 'NONE', #768, 39.37007874015748100 ) ;
#349 = PLANE ( 'NONE',  #1749 ) ;
#350 = CC_DESIGN_DATE_AND_TIME_ASSIGNMENT ( #293, #536, ( #837 ) ) ;
#351 = ORIENTED_EDGE ( 'NONE', *, *, #2456, .T. ) ;
#352 = PLANE ( 'NONE',  #2194 ) ;
#353 = DIRECTION ( 'NONE',  ( -0.0000000000000000000, 9.106159978880874900E-017, 1.000000000000000000 ) ) ;
#354 = EDGE_CURVE ( 'NONE', #2098, #617, #1670, .T. ) ;
#355 = PLANE ( 'NONE',  #1883 ) ;
#356 = ORIENTED_EDGE ( 'NONE', *, *, #396, .T. ) ;
#357 = DIRECTION ( 'NONE',  ( 0.1736481776669399900, 0.9848077530122064700, 0.0000000000000000000 ) ) ;
#358 = VERTEX_POINT ( 'NONE', #1544 ) ;
#359 = ORIENTED_EDGE ( 'NONE', *, *, #2473, .F. ) ;
#360 = CYLINDRICAL_SURFACE ( 'NONE', #945, 0.03124999999999996500 ) ;
#361 = AXIS2_PLACEMENT_3D ( 'NONE', #1923, #1088, #636 ) ;
#362 = COORDINATED_UNIVERSAL_TIME_OFFSET ( 6, 0, .BEHIND. ) ;
#363 = ORIENTED_EDGE ( 'NONE', *, *, #883, .F. ) ;
#364 = DIRECTION ( 'NONE',  ( 0.6427876096865300400, -0.7660444431189859000, -1.365923996832131400E-016 ) ) ;
#365 = FACE_OUTER_BOUND ( 'NONE', #2038, .T. ) ;
#366 = DIMENSIONAL_EXPONENTS ( 1.000000000000000000, 0.0000000000000000000, 0.0000000000000000000, 0.0000000000000000000, 0.0000000000000000000, 0.0000000000000000000, 0.0000000000000000000 ) ;
#367 = DIRECTION ( 'NONE',  ( -1.345172542105706600E-016, -2.371902128814255000E-017, 1.000000000000000000 ) ) ;
#368 = AXIS2_PLACEMENT_3D ( 'NONE', #2210, #1578, #551 ) ;
#369 = CIRCLE ( 'NONE', #545, 0.2031250000000000800 ) ;
#370 = DIRECTION ( 'NONE',  ( -0.0000000000000000000, 9.106159978880874900E-017, 1.000000000000000000 ) ) ;
#371 = ORIENTED_EDGE ( 'NONE', *, *, #41, .F. ) ;
#372 = DIRECTION ( 'NONE',  ( -1.182924880895398100E-016, 6.829619984160714700E-017, 1.000000000000000000 ) ) ;
#373 = CIRCLE ( 'NONE', #607, 0.03124999999999996500 ) ;
#374 = EDGE_LOOP ( 'NONE', ( #2241, #1271 ) ) ;
#375 = CARTESIAN_POINT ( 'NONE',  ( 0.1894430570778455300, -0.1093750000000009300, 0.1250000000000000300 ) ) ;
#376 = CLOSED_SHELL ( 'NONE', ( #1295, #443, #456, #638, #1516, #1013 ) ) ;
#377 = DIRECTION ( 'NONE',  ( 0.0000000000000000000, 0.0000000000000000000, 1.000000000000000000 ) ) ;
#378 = AXIS2_PLACEMENT_3D ( 'NONE', #262, #2402, #920 ) ;
#379 = FACE_OUTER_BOUND ( 'NONE', #1975, .T. ) ;
#380 = DIRECTION ( 'NONE',  ( 0.0000000000000000000, -1.000000000000000000, 0.0000000000000000000 ) ) ;
#381 = ADVANCED_FACE ( 'NONE', ( #2661 ), #2688, .T. ) ;
#382 = CARTESIAN_POINT ( 'NONE',  ( -0.2167833223594430900, 0.03029172829423522700, 0.1562500000000000000 ) ) ;
#383 = FACE_OUTER_BOUND ( 'NONE', #731, .T. ) ;
#384 = CARTESIAN_POINT ( 'NONE',  ( -0.1205226768162244600, 0.1436333330848099700, -0.1250000000000000000 ) ) ;
#385 = VERTEX_POINT ( 'NONE', #43 ) ;
#386 = AXIS2_PLACEMENT_3D ( 'NONE', #408, #2073, #1447 ) ;
#387 = AXIS2_PLACEMENT_3D ( 'NONE', #570, #1419, #1829 ) ;
#388 = DIRECTION ( 'NONE',  ( -0.8660254037844361500, 0.5000000000000042200, 0.0000000000000000000 ) ) ;
#389 = DIRECTION ( 'NONE',  ( 4.671735211685055400E-017, 1.283548700377545000E-016, 1.000000000000000000 ) ) ;
#390 = CYLINDRICAL_SURFACE ( 'NONE', #568, 0.03124999999999997200 ) ;
#391 = CARTESIAN_POINT ( 'NONE',  ( -0.1894430570778469200, -0.1093749999999982200, -0.1562500000000000000 ) ) ;
#392 = ORIENTED_EDGE ( 'NONE', *, *, #1982, .T. ) ;
#393 = EDGE_LOOP ( 'NONE', ( #953, #1797 ) ) ;
#394 = ADVANCED_FACE ( 'NONE', ( #706 ), #2175, .F. ) ;
#395 = COORDINATED_UNIVERSAL_TIME_OFFSET ( 6, 0, .BEHIND. ) ;
#396 = EDGE_CURVE ( 'NONE', #1389, #1989, #1840, .T. ) ;
#397 = CARTESIAN_POINT ( 'NONE',  ( 0.1933493070778455300, -0.1026091765329348600, 0.1562500000000000000 ) ) ;
#398 = ORIENTED_EDGE ( 'NONE', *, *, #201, .T. ) ;
#399 = FACE_OUTER_BOUND ( 'NONE', #2538, .T. ) ;
#400 = MANIFOLD_SOLID_BREP ( 'Revolve2', #2151 ) ;
#401 = CARTESIAN_POINT ( 'NONE',  ( 0.0000000000000000000, -0.2031250000000000800, 0.1875000000000000800 ) ) ;
#402 = DIRECTION ( 'NONE',  ( -0.9848077530122085800, -0.1736481776669273600, -1.365923996832131600E-016 ) ) ;
#403 = LINE ( 'NONE', #1486, #1336 ) ;
#404 = EDGE_LOOP ( 'NONE', ( #1795, #1029, #987, #1626 ) ) ;
#405 = CARTESIAN_POINT ( 'NONE',  ( 0.1406097896189307300, 0.1675722219322762500, 0.1562500000000000000 ) ) ;
#406 = CYLINDRICAL_SURFACE ( 'NONE', #915, 0.007812500000000124900 ) ;
#407 = ORIENTED_EDGE ( 'NONE', *, *, #1171, .T. ) ;
#408 = CARTESIAN_POINT ( 'NONE',  ( 0.1894430570778455300, -0.1093750000000009300, 0.1250000000000000300 ) ) ;
#409 = ORIENTED_EDGE ( 'NONE', *, *, #1858, .F. ) ;
#410 = CARTESIAN_POINT ( 'NONE',  ( 0.1406097896189308100, 0.1675722219322763300, -0.1250000000000000000 ) ) ;
#411 = DIRECTION ( 'NONE',  ( 0.0000000000000000000, -1.365923996832131600E-016, 1.000000000000000000 ) ) ;
#412 = VERTEX_POINT ( 'NONE', #2393 ) ;
#413 = CARTESIAN_POINT ( 'NONE',  ( -0.07481690635249159400, -0.2055577607969169600, 0.1250000000000000300 ) ) ;
#414 = EDGE_CURVE ( 'NONE', #507, #2312, #123, .T. ) ;
#415 = VECTOR ( 'NONE', #2066, 39.37007874015748100 ) ;
#416 = CARTESIAN_POINT ( 'NONE',  ( -0.1456315678196045400, 0.1735569441441453300, -0.1250000000000000000 ) ) ;
#417 = CARTESIAN_POINT ( 'NONE',  ( 0.0000000000000000000, -1.565121246370150800E-017, 0.1562500000000000300 ) ) ;
#418 = AXIS2_PLACEMENT_3D ( 'NONE', #908, #1330, #2633 ) ;
#419 = CARTESIAN_POINT ( 'NONE',  ( 0.2154266959714205800, 0.03798553886464035200, 0.1562500000000000000 ) ) ;
#420 = ORIENTED_EDGE ( 'NONE', *, *, #1763, .T. ) ;
#421 = CARTESIAN_POINT ( 'NONE',  ( -0.07481690635249159400, -0.2055577607969169600, 0.1250000000000000300 ) ) ;
#422 = AXIS2_PLACEMENT_3D ( 'NONE', #1482, #838, #1920 ) ;
#423 = ADVANCED_FACE ( 'NONE', ( #1965 ), #2753, .F. ) ;
#424 = CARTESIAN_POINT ( 'NONE',  ( -0.2154266959714202000, 0.03798553886464323100, 0.1250000000000000300 ) ) ;
#425 = CARTESIAN_POINT ( 'NONE',  ( -0.2165063509461108400, -0.1249999999999980000, 0.1250000000000000300 ) ) ;
#426 = AXIS2_PLACEMENT_3D ( 'NONE', #1679, #586, #2523 ) ;
#427 = DIRECTION ( 'NONE',  ( 8.779990209371974400E-017, -1.046358487496129800E-016, 1.000000000000000000 ) ) ;
#428 = DIRECTION ( 'NONE',  ( 1.182924880895407400E-016, 6.829619984160548300E-017, 1.000000000000000000 ) ) ;
#429 = DIRECTION ( 'NONE',  ( 0.0000000000000000000, -9.106159978880874900E-017, -1.000000000000000000 ) ) ;
#430 = VERTEX_POINT ( 'NONE', #698 ) ;
#431 = DIRECTION ( 'NONE',  ( -1.224646799147356700E-016, 1.000000000000000000, 0.0000000000000000000 ) ) ;
#432 = EDGE_CURVE ( 'NONE', #938, #1394, #1699, .T. ) ;
#433 = ORIENTED_EDGE ( 'NONE', *, *, #146, .T. ) ;
#434 = ORIENTED_EDGE ( 'NONE', *, *, #1721, .T. ) ;
#435 = VECTOR ( 'NONE', #1922, 39.37007874015748100 ) ;
#436 = DIRECTION ( 'NONE',  ( -1.182924880895398100E-016, 6.829619984160714700E-017, 1.000000000000000000 ) ) ;
#437 = CIRCLE ( 'NONE', #1384, 0.007812500000000128400 ) ;
#438 = EDGE_CURVE ( 'NONE', #642, #601, #1002, .T. ) ;
#439 = CARTESIAN_POINT ( 'NONE',  ( 0.1894430570778454500, -0.1093750000000008900, -0.1562500000000000000 ) ) ;
#440 = DIRECTION ( 'NONE',  ( 1.345172542105703400E-016, -2.371902128814434100E-017, 1.000000000000000000 ) ) ;
#441 = CARTESIAN_POINT ( 'NONE',  ( -0.2154266959714202200, 0.03798553886464324500, -0.1250000000000000000 ) ) ;
#442 = FACE_OUTER_BOUND ( 'NONE', #1090, .T. ) ;
#443 = ADVANCED_FACE ( 'NONE', ( #2318 ), #606, .F. ) ;
#444 = ORIENTED_EDGE ( 'NONE', *, *, #479, .F. ) ;
#445 = AXIS2_PLACEMENT_3D ( 'NONE', #1359, #528, #295 ) ;
#446 = CIRCLE ( 'NONE', #2166, 0.03124999999999996500 ) ;
#447 = ORIENTED_EDGE ( 'NONE', *, *, #1237, .T. ) ;
#448 = DIRECTION ( 'NONE',  ( 0.0000000000000000000, -1.000000000000000000, 1.681137226870315000E-016 ) ) ;
#449 = EDGE_LOOP ( 'NONE', ( #1671, #2278 ) ) ;
#450 = CARTESIAN_POINT ( 'NONE',  ( -0.1894430570778470000, -0.1093749999999982700, 0.1250000000000000300 ) ) ;
#451 = CARTESIAN_POINT ( 'NONE',  ( -0.2462019382530515900, 0.04341204441673512200, 0.1250000000000000300 ) ) ;
#452 = DIRECTION ( 'NONE',  ( -0.0000000000000000000, 9.106159978880874900E-017, 1.000000000000000000 ) ) ;
#453 = CIRCLE ( 'NONE', #966, 0.007812499999999999100 ) ;
#454 = EDGE_CURVE ( 'NONE', #2224, #711, #180, .T. ) ;
#455 = FACE_OUTER_BOUND ( 'NONE', #1773, .T. ) ;
#456 = ADVANCED_FACE ( 'NONE', ( #2229, #1460 ), #2104, .F. ) ;
#457 = VERTEX_POINT ( 'NONE', #1052 ) ;
#458 = CARTESIAN_POINT ( 'NONE',  ( -0.06747555775260154200, -0.2082297931666487700, -0.1562500000000000000 ) ) ;
#459 = DIRECTION ( 'NONE',  ( 1.345172542105703400E-016, -2.371902128814434400E-017, 1.000000000000000000 ) ) ;
#460 = DIRECTION ( 'NONE',  ( 0.0000000000000000000, -1.000000000000000000, 1.681137226870315500E-016 ) ) ;
#461 = AXIS2_PLACEMENT_3D ( 'NONE', #2220, #1594, #1179 ) ;
#462 = PLANE ( 'NONE',  #2414 ) ;
#463 = DIRECTION ( 'NONE',  ( 1.000000000000000000, -1.224646799147353200E-016, 1.115182967066019300E-032 ) ) ;
#464 = AXIS2_PLACEMENT_3D ( 'NONE', #525, #700, #2180 ) ;
#465 = AXIS2_PLACEMENT_3D ( 'NONE', #1125, #58, #468 ) ;
#466 = ORIENTED_EDGE ( 'NONE', *, *, #2384, .T. ) ;
#467 = ADVANCED_FACE ( 'NONE', ( #478, #873 ), #1016, .F. ) ;
#468 = DIRECTION ( 'NONE',  ( 0.7660444431189856700, 0.6427876096865301500, 0.0000000000000000000 ) ) ;
#469 = DIRECTION ( 'NONE',  ( -0.0000000000000000000, 9.106159978880874900E-017, 1.000000000000000000 ) ) ;
#470 = DIRECTION ( 'NONE',  ( 0.0000000000000000000, 0.0000000000000000000, 1.000000000000000000 ) ) ;
#471 = CLOSED_SHELL ( 'NONE', ( #1285, #1039, #2367, #848 ) ) ;
#472 = ORIENTED_EDGE ( 'NONE', *, *, #1154, .T. ) ;
#473 = CARTESIAN_POINT ( 'NONE',  ( 0.07481690635248883200, -0.2055577607969180100, 0.1250000000000000300 ) ) ;
#474 = COORDINATED_UNIVERSAL_TIME_OFFSET ( 6, 0, .BEHIND. ) ;
#475 = CARTESIAN_POINT ( 'NONE',  ( -0.1846514536897887700, 0.03255903331255134700, 0.1250000000000000300 ) ) ;
#476 = ADVANCED_FACE ( 'NONE', ( #1104, #2056 ), #151, .F. ) ;
#477 = ORIENTED_EDGE ( 'NONE', *, *, #1075, .F. ) ;
#478 = FACE_OUTER_BOUND ( 'NONE', #1892, .T. ) ;
#479 = EDGE_CURVE ( 'NONE', #2105, #733, #1259, .T. ) ;
#480 = TOROIDAL_SURFACE ( 'NONE', #708, 0.2756250000000000600, 0.005624999999999999800 ) ;
#481 = ORIENTED_EDGE ( 'NONE', *, *, #1630, .T. ) ;
#482 = AXIS2_PLACEMENT_3D ( 'NONE', #199, #1918, #431 ) ;
#483 = DIRECTION ( 'NONE',  ( -0.3420201433256631600, 0.9396926207859105400, 0.0000000000000000000 ) ) ;
#484 = FACE_OUTER_BOUND ( 'NONE', #1477, .T. ) ;
#485 = CARTESIAN_POINT ( 'NONE',  ( 0.2462019382530521400, 0.04341204441673184000, 0.1250000000000000300 ) ) ;
#486 = ORIENTED_EDGE ( 'NONE', *, *, #1395, .F. ) ;
#487 = CARTESIAN_POINT ( 'NONE',  ( -0.2154266959714202000, 0.03798553886464323100, 0.1250000000000000300 ) ) ;
#488 = DIRECTION ( 'NONE',  ( -0.9396926207859106500, -0.3420201433256630500, 0.0000000000000000000 ) ) ;
#489 = AXIS2_PLACEMENT_3D ( 'NONE', #100, #81, #1606 ) ;
#490 = ORIENTED_EDGE ( 'NONE', *, *, #1152, .T. ) ;
#491 = ORIENTED_EDGE ( 'NONE', *, *, #2121, .F. ) ;
#492 = CARTESIAN_POINT ( 'NONE',  ( 0.1894430570778454500, -0.1093750000000008900, -0.1562500000000000000 ) ) ;
#493 = DIRECTION ( 'NONE',  ( -0.3420201433256631600, 0.9396926207859105400, 0.0000000000000000000 ) ) ;
#494 = LINE ( 'NONE', #1703, #2107 ) ;
#495 = EDGE_CURVE ( 'NONE', #1072, #2351, #1810, .T. ) ;
#496 = DIRECTION ( 'NONE',  ( 0.0000000000000000000, 1.000000000000000000, -1.238933330459983100E-016 ) ) ;
#497 = MANIFOLD_SOLID_BREP ( 'CirPattern1[7]', #2106 ) ;
#498 = EDGE_CURVE ( 'NONE', #430, #31, #2428, .T. ) ;
#499 = EDGE_LOOP ( 'NONE', ( #520, #1898 ) ) ;
#500 = ADVANCED_FACE ( 'NONE', ( #943 ), #977, .F. ) ;
#501 = DIRECTION ( 'NONE',  ( -4.671735211684882200E-017, 1.283548700377551700E-016, 1.000000000000000000 ) ) ;
#502 = CARTESIAN_POINT ( 'NONE',  ( 0.1406097896189307300, 0.1675722219322762500, 0.1562500000000000000 ) ) ;
#503 = CARTESIAN_POINT ( 'NONE',  ( -0.1406097896189285000, 0.1675722219322782200, 0.1250000000000000300 ) ) ;
#504 = CARTESIAN_POINT ( 'NONE',  ( 0.2154266959714206700, 0.03798553886464037200, 0.1250000000000000300 ) ) ;
#505 = ORIENTED_EDGE ( 'NONE', *, *, #1505, .F. ) ;
#506 = AXIS2_PLACEMENT_3D ( 'NONE', #1095, #1525, #2356 ) ;
#507 = VERTEX_POINT ( 'NONE', #1476 ) ;
#508 = VERTEX_POINT ( 'NONE', #2714 ) ;
#509 = PERSON_AND_ORGANIZATION_ROLE ( 'creator' ) ;
#510 = CYLINDRICAL_SURFACE ( 'NONE', #152, 0.007812500000000001700 ) ;
#511 = CIRCLE ( 'NONE', #2206, 0.007812500000000124900 ) ;
#512 = CARTESIAN_POINT ( 'NONE',  ( 0.1894430570778454500, -0.1093750000000008900, 0.1562500000000000000 ) ) ;
#513 = DIRECTION ( 'NONE',  ( -0.0000000000000000000, 9.106159978880874900E-017, 1.000000000000000000 ) ) ;
#514 = PLANE ( 'NONE',  #35 ) ;
#515 = VECTOR ( 'NONE', #855, 39.37007874015748100 ) ;
#516 = ADVANCED_FACE ( 'NONE', ( #904 ), #2552, .T. ) ;
#517 = PLANE ( 'NONE',  #2297 ) ;
#518 = CYLINDRICAL_SURFACE ( 'NONE', #2613, 0.2812500000000000600 ) ;
#519 = EDGE_CURVE ( 'NONE', #1394, #938, #20, .T. ) ;
#520 = ORIENTED_EDGE ( 'NONE', *, *, #414, .F. ) ;
#521 = AXIS2_PLACEMENT_3D ( 'NONE', #161, #372, #388 ) ;
#522 = FACE_OUTER_BOUND ( 'NONE', #1925, .T. ) ;
#523 = EDGE_CURVE ( 'NONE', #1577, #358, #742, .T. ) ;
#524 = EDGE_LOOP ( 'NONE', ( #1709, #1467 ) ) ;
#525 = CARTESIAN_POINT ( 'NONE',  ( 0.0000000000000000000, -4.644141589229247100E-017, -0.1818750000000000400 ) ) ;
#526 = DIRECTION ( 'NONE',  ( 0.0000000000000000000, 0.0000000000000000000, 1.000000000000000000 ) ) ;
#527 = ORIENTED_EDGE ( 'NONE', *, *, #1582, .T. ) ;
#528 = DIRECTION ( 'NONE',  ( -1.345172542105706600E-016, -2.371902128814255000E-017, 1.000000000000000000 ) ) ;
#529 = FACE_OUTER_BOUND ( 'NONE', #2482, .T. ) ;
#530 = CARTESIAN_POINT ( 'NONE',  ( 2.487563810768061700E-017, 0.2031250000000000300, 0.1562499999999999700 ) ) ;
#531 = FACE_BOUND ( 'NONE', #2696, .T. ) ;
#532 = DIRECTION ( 'NONE',  ( -0.0000000000000000000, 9.106159978880874900E-017, 1.000000000000000000 ) ) ;
#533 = ORIENTED_EDGE ( 'NONE', *, *, #2013, .T. ) ;
#534 = EDGE_CURVE ( 'NONE', #1889, #508, #1933, .T. ) ;
#535 = CARTESIAN_POINT ( 'NONE',  ( 0.07481690635248883200, -0.2055577607969180100, 0.1250000000000000300 ) ) ;
#536 = DATE_TIME_ROLE ( 'classification_date' ) ;
#537 = DIRECTION ( 'NONE',  ( -0.5000000000000025500, -0.8660254037844372600, 0.0000000000000000000 ) ) ;
#538 = ORIENTED_EDGE ( 'NONE', *, *, #1595, .F. ) ;
#539 = CARTESIAN_POINT ( 'NONE',  ( 3.444319122601931000E-017, 0.2812500000000000600, 0.1818749999999999800 ) ) ;
#540 = EDGE_LOOP ( 'NONE', ( #2599, #2525, #2619, #2260 ) ) ;
#541 = CARTESIAN_POINT ( 'NONE',  ( 3.061616997868383600E-017, 0.2500000000000000600, 0.1562500000000000000 ) ) ;
#542 = ORIENTED_EDGE ( 'NONE', *, *, #271, .T. ) ;
#543 = PERSON_AND_ORGANIZATION ( #1546, #736 ) ;
#544 = DIRECTION ( 'NONE',  ( -0.0000000000000000000, -1.365923996832131600E-016, 1.000000000000000000 ) ) ;
#545 = AXIS2_PLACEMENT_3D ( 'NONE', #2264, #1001, #2026 ) ;
#546 = ORIENTED_EDGE ( 'NONE', *, *, #2273, .F. ) ;
#547 = CIRCLE ( 'NONE', #1314, 0.007812499999999999100 ) ;
#548 = PERSON_AND_ORGANIZATION_ROLE ( 'design_owner' ) ;
#549 = LINE ( 'NONE', #2364, #2161 ) ;
#550 = VERTEX_POINT ( 'NONE', #169 ) ;
#551 = DIRECTION ( 'NONE',  ( 0.0000000000000000000, 1.000000000000000000, -9.106159978880874900E-017 ) ) ;
#552 = CIRCLE ( 'NONE', #73, 0.007812500000000003500 ) ;
#553 = DIRECTION ( 'NONE',  ( 0.6427876096865302600, -0.7660444431189856700, 0.0000000000000000000 ) ) ;
#554 = VERTEX_POINT ( 'NONE', #1692 ) ;
#555 = EDGE_CURVE ( 'NONE', #2256, #1745, #547, .T. ) ;
#556 = CARTESIAN_POINT ( 'NONE',  ( 0.07481690635248879100, -0.2055577607969179000, -0.1562500000000000000 ) ) ;
#557 = ORIENTED_EDGE ( 'NONE', *, *, #2138, .F. ) ;
#558 = CARTESIAN_POINT ( 'NONE',  ( 0.0000000000000000000, 0.2187500000000000600, 0.1250000000000000300 ) ) ;
#559 = ORIENTED_EDGE ( 'NONE', *, *, #1781, .F. ) ;
#560 = DIRECTION ( 'NONE',  ( 8.779990209371974400E-017, -1.046358487496129800E-016, 1.000000000000000000 ) ) ;
#561 = DIRECTION ( 'NONE',  ( 0.0000000000000000000, -1.000000000000000000, 9.106159978880874900E-017 ) ) ;
#562 = CIRCLE ( 'NONE', #2044, 0.007812499999999993900 ) ;
#563 = DIRECTION ( 'NONE',  ( 0.0000000000000000000, -0.0000000000000000000, 1.000000000000000000 ) ) ;
#564 = EDGE_CURVE ( 'NONE', #2207, #2441, #1607, .T. ) ;
#565 = CARTESIAN_POINT ( 'NONE',  ( -0.1406097896189284500, 0.1675722219322781600, 0.1562500000000000000 ) ) ;
#566 = CARTESIAN_POINT ( 'NONE',  ( 0.1346250674070636200, 0.1725940001329524200, -0.1562500000000000000 ) ) ;
#567 = VERTEX_POINT ( 'NONE', #1787 ) ;
#568 = AXIS2_PLACEMENT_3D ( 'NONE', #473, #1541, #251 ) ;
#569 = ORIENTED_EDGE ( 'NONE', *, *, #2078, .T. ) ;
#570 = CARTESIAN_POINT ( 'NONE',  ( -0.1894430570778470000, -0.1093749999999982700, 0.1250000000000000300 ) ) ;
#571 = ORIENTED_EDGE ( 'NONE', *, *, #432, .T. ) ;
#572 = ADVANCED_FACE ( 'NONE', ( #1503 ), #517, .F. ) ;
#573 = FACE_OUTER_BOUND ( 'NONE', #1147, .T. ) ;
#574 = AXIS2_PLACEMENT_3D ( 'NONE', #419, #1767, #2577 ) ;
#575 = APPROVAL_DATE_TIME ( #1497, #2167 ) ;
#576 = CARTESIAN_POINT ( 'NONE',  ( 0.1465945118307978300, 0.1625504437316000700, 0.1562500000000000000 ) ) ;
#577 = DIRECTION ( 'NONE',  ( 0.0000000000000000000, 0.0000000000000000000, -1.000000000000000000 ) ) ;
#578 = VECTOR ( 'NONE', #2670, 39.37007874015748100 ) ;
#579 = ORIENTED_EDGE ( 'NONE', *, *, #924, .F. ) ;
#580 = FACE_OUTER_BOUND ( 'NONE', #2436, .T. ) ;
#581 = ORIENTED_EDGE ( 'NONE', *, *, #2705, .F. ) ;
#582 = CARTESIAN_POINT ( 'NONE',  ( 0.2231205065418285800, 0.03934216525266323600, -0.1250000000000000000 ) ) ;
#583 = EDGE_CURVE ( 'NONE', #601, #642, #334, .T. ) ;
#584 = ORIENTED_EDGE ( 'NONE', *, *, #1430, .T. ) ;
#585 = ADVANCED_FACE ( 'NONE', ( #1398 ), #937, .F. ) ;
#586 = DIRECTION ( 'NONE',  ( 0.0000000000000000000, -9.106159978880874900E-017, -1.000000000000000000 ) ) ;
#587 = VECTOR ( 'NONE', #741, 39.37007874015748100 ) ;
#588 = AXIS2_PLACEMENT_3D ( 'NONE', #2064, #1651, #112 ) ;
#589 = DIRECTION ( 'NONE',  ( 0.1736481776669399900, 0.9848077530122064700, 0.0000000000000000000 ) ) ;
#590 = LINE ( 'NONE', #1677, #415 ) ;
#591 = DESIGN_CONTEXT ( 'detailed design', #973, 'design' ) ;
#592 = DIRECTION ( 'NONE',  ( 1.182924880895407400E-016, 6.829619984160548300E-017, 1.000000000000000000 ) ) ;
#593 = VERTEX_POINT ( 'NONE', #1568 ) ;
#594 = VERTEX_POINT ( 'NONE', #95 ) ;
#595 = DIRECTION ( 'NONE',  ( 0.3420201433256756500, 0.9396926207859058700, 0.0000000000000000000 ) ) ;
#596 = EDGE_CURVE ( 'NONE', #1026, #1397, #1232, .T. ) ;
#597 = DIRECTION ( 'NONE',  ( -0.0000000000000000000, -0.0000000000000000000, 1.000000000000000000 ) ) ;
#598 = ORIENTED_EDGE ( 'NONE', *, *, #865, .F. ) ;
#599 = CARTESIAN_POINT ( 'NONE',  ( -0.1623797632095832200, -0.09374999999999855700, -0.1250000000000000000 ) ) ;
#600 = CLOSED_SHELL ( 'NONE', ( #1345, #1584, #2519, #2469 ) ) ;
#601 = VERTEX_POINT ( 'NONE', #2413 ) ;
#602 = CARTESIAN_POINT ( 'NONE',  ( 0.2462019382530522300, 0.04341204441673185400, -0.1250000000000000000 ) ) ;
#603 = CIRCLE ( 'NONE', #2550, 0.007812499999999999100 ) ;
#604 = VERTEX_POINT ( 'NONE', #83 ) ;
#605 = CARTESIAN_POINT ( 'NONE',  ( 0.2140700695833977200, 0.04567934943504836600, 0.1562500000000000000 ) ) ;
#606 = CYLINDRICAL_SURFACE ( 'NONE', #2640, 0.007812500000000006900 ) ;
#607 = AXIS2_PLACEMENT_3D ( 'NONE', #1328, #2411, #725 ) ;
#608 = PRODUCT_DEFINITION_FORMATION_WITH_SPECIFIED_SOURCE ( 'ANY', '', #44, .NOT_KNOWN. ) ;
#609 = CYLINDRICAL_SURFACE ( 'NONE', #1526, 0.007812500000000001700 ) ;
#610 = EDGE_LOOP ( 'NONE', ( #2417, #2295, #1177, #780 ) ) ;
#611 = DIRECTION ( 'NONE',  ( -0.9396926207859057600, 0.3420201433256760400, 0.0000000000000000000 ) ) ;
#612 = VECTOR ( 'NONE', #1960, 39.37007874015748100 ) ;
#613 = ORIENTED_EDGE ( 'NONE', *, *, #814, .T. ) ;
#614 = CARTESIAN_POINT ( 'NONE',  ( 0.1406097896189308100, 0.1675722219322763100, 0.1250000000000000300 ) ) ;
#615 = EDGE_LOOP ( 'NONE', ( #2236, #902, #1806, #127 ) ) ;
#616 = EDGE_CURVE ( 'NONE', #1943, #1667, #776, .T. ) ;
#617 = VERTEX_POINT ( 'NONE', #541 ) ;
#618 = DIRECTION ( 'NONE',  ( 1.000000000000000000, 0.0000000000000000000, 0.0000000000000000000 ) ) ;
#619 = AXIS2_PLACEMENT_3D ( 'NONE', #2163, #1769, #496 ) ;
#620 = CIRCLE ( 'NONE', #2742, 0.2031250000000000800 ) ;
#621 = CYLINDRICAL_SURFACE ( 'NONE', #1120, 0.03124999999999998300 ) ;
#622 = AXIS2_PLACEMENT_3D ( 'NONE', #950, #526, #2442 ) ;
#623 = ADVANCED_FACE ( 'NONE', ( #1668 ), #1741, .T. ) ;
#624 = CARTESIAN_POINT ( 'NONE',  ( 0.2231205065418285500, 0.03934216525266322900, 0.1250000000000000300 ) ) ;
#625 = AXIS2_PLACEMENT_3D ( 'NONE', #1087, #501, #483 ) ;
#626 = DIRECTION ( 'NONE',  ( -1.345172542105706600E-016, -2.371902128814255000E-017, 1.000000000000000000 ) ) ;
#627 = CARTESIAN_POINT ( 'NONE',  ( 0.2165063509461091800, -0.1250000000000010500, 0.1250000000000000300 ) ) ;
#628 = FACE_OUTER_BOUND ( 'NONE', #1636, .T. ) ;
#629 = EDGE_CURVE ( 'NONE', #2612, #329, #2717, .T. ) ;
#630 = DIRECTION ( 'NONE',  ( -1.345172542105706600E-016, -2.371902128814255000E-017, 1.000000000000000000 ) ) ;
#631 = ORIENTED_EDGE ( 'NONE', *, *, #121, .F. ) ;
#632 = DIRECTION ( 'NONE',  ( 0.8660254037844442600, 0.4999999999999906200, 0.0000000000000000000 ) ) ;
#633 = EDGE_CURVE ( 'NONE', #2529, #849, #1867, .T. ) ;
#634 = DIRECTION ( 'NONE',  ( -0.8660254037844362700, 0.5000000000000041100, -1.365923996832131400E-016 ) ) ;
#635 = ORIENTED_EDGE ( 'NONE', *, *, #745, .F. ) ;
#636 = DIRECTION ( 'NONE',  ( 0.0000000000000000000, 1.000000000000000000, -1.214154663850783400E-016 ) ) ;
#637 = FACE_OUTER_BOUND ( 'NONE', #2594, .T. ) ;
#638 = ADVANCED_FACE ( 'NONE', ( #301 ), #1173, .F. ) ;
#639 = DIRECTION ( 'NONE',  ( 0.0000000000000000000, 0.0000000000000000000, 1.000000000000000000 ) ) ;
#640 = FACE_BOUND ( 'NONE', #1484, .T. ) ;
#641 = CIRCLE ( 'NONE', #2668, 0.007812500000000003500 ) ;
#642 = VERTEX_POINT ( 'NONE', #310 ) ;
#643 = CARTESIAN_POINT ( 'NONE',  ( -0.2165063509461108400, -0.1249999999999980000, 0.1250000000000000300 ) ) ;
#644 = LINE ( 'NONE', #688, #1612 ) ;
#645 = DIRECTION ( 'NONE',  ( 0.0000000000000000000, 0.0000000000000000000, 1.000000000000000000 ) ) ;
#646 = ORIENTED_EDGE ( 'NONE', *, *, #2176, .F. ) ;
#647 = DIRECTION ( 'NONE',  ( -8.779990209372117400E-017, -1.046358487496117900E-016, 1.000000000000000000 ) ) ;
#648 = CARTESIAN_POINT ( 'NONE',  ( 0.1406097896189307300, 0.1675722219322762500, -0.1562500000000000000 ) ) ;
#649 = ORIENTED_EDGE ( 'NONE', *, *, #2273, .T. ) ;
#650 = EDGE_CURVE ( 'NONE', #1168, #880, #1429, .T. ) ;
#651 = ADVANCED_FACE ( 'NONE', ( #399 ), #1964, .F. ) ;
#652 = DIRECTION ( 'NONE',  ( 1.345172542105703400E-016, -2.371902128814434100E-017, 1.000000000000000000 ) ) ;
#653 = VECTOR ( 'NONE', #2311, 39.37007874015748100 ) ;
#654 = DIRECTION ( 'NONE',  ( 0.0000000000000000000, 0.0000000000000000000, 1.000000000000000000 ) ) ;
#655 = AXIS2_PLACEMENT_3D ( 'NONE', #2761, #427, #1520 ) ;
#656 = DIRECTION ( 'NONE',  ( -0.9848077530122062400, 0.1736481776669404600, 1.365923996832131600E-016 ) ) ;
#657 = CYLINDRICAL_SURFACE ( 'NONE', #782, 0.03124999999999997600 ) ;
#658 = ORIENTED_EDGE ( 'NONE', *, *, #1022, .F. ) ;
#659 = AXIS2_PLACEMENT_3D ( 'NONE', #2017, #2011, #2238 ) ;
#660 = DIRECTION ( 'NONE',  ( 0.0000000000000000000, 0.0000000000000000000, 1.000000000000000000 ) ) ;
#661 = PLANE ( 'NONE',  #1270 ) ;
#662 = ORIENTED_EDGE ( 'NONE', *, *, #1038, .F. ) ;
#663 = ADVANCED_FACE ( 'NONE', ( #671 ), #93, .T. ) ;
#664 = DIRECTION ( 'NONE',  ( -8.779990209371972000E-017, 1.046358487496129600E-016, -1.000000000000000000 ) ) ;
#665 = EDGE_CURVE ( 'NONE', #1664, #66, #2157, .T. ) ;
#666 = EDGE_LOOP ( 'NONE', ( #2712, #876, #1649, #2173 ) ) ;
#667 = ORIENTED_EDGE ( 'NONE', *, *, #2615, .T. ) ;
#668 = LOCAL_TIME ( 15, 14, 46.00000000000000000, #362 ) ;
#669 = ORIENTED_EDGE ( 'NONE', *, *, #1286, .T. ) ;
#670 = DIRECTION ( 'NONE',  ( -8.779990209372117400E-017, -1.046358487496117900E-016, 1.000000000000000000 ) ) ;
#671 = FACE_OUTER_BOUND ( 'NONE', #1597, .T. ) ;
#672 = AXIS2_PLACEMENT_3D ( 'NONE', #1495, #2141, #205 ) ;
#673 = CARTESIAN_POINT ( 'NONE',  ( 0.1855368070778453700, -0.1161408234670669000, 0.1562500000000000000 ) ) ;
#674 = DIRECTION ( 'NONE',  ( 0.0000000000000000000, -1.000000000000000000, 0.0000000000000000000 ) ) ;
#675 = ORIENTED_EDGE ( 'NONE', *, *, #2735, .F. ) ;
#676 = DIRECTION ( 'NONE',  ( -0.9396926207859106500, -0.3420201433256630500, 0.0000000000000000000 ) ) ;
#677 = FACE_OUTER_BOUND ( 'NONE', #1753, .T. ) ;
#678 = ADVANCED_FACE ( 'NONE', ( #2658 ), #1298, .T. ) ;
#679 = DIRECTION ( 'NONE',  ( 0.7660444431189779000, -0.6427876096865395800, 0.0000000000000000000 ) ) ;
#680 = EDGE_LOOP ( 'NONE', ( #1991, #371 ) ) ;
#681 = FACE_OUTER_BOUND ( 'NONE', #1849, .T. ) ;
#682 = ORIENTED_EDGE ( 'NONE', *, *, #346, .T. ) ;
#683 = AXIS2_PLACEMENT_3D ( 'NONE', #2478, #1934, #139 ) ;
#684 = ADVANCED_FACE ( 'NONE', ( #221 ), #349, .F. ) ;
#685 = CARTESIAN_POINT ( 'NONE',  ( -0.1346250674070612600, 0.1725940001329542600, 0.1562500000000000000 ) ) ;
#686 = ORIENTED_EDGE ( 'NONE', *, *, #1171, .F. ) ;
#687 = DIRECTION ( 'NONE',  ( 0.0000000000000000000, -1.000000000000000000, 0.0000000000000000000 ) ) ;
#688 = CARTESIAN_POINT ( 'NONE',  ( -0.1355880114182525000, 0.1615874997204111400, 0.1250000000000000300 ) ) ;
#689 = DIRECTION ( 'NONE',  ( -0.5000000000000025500, -0.8660254037844372600, 0.0000000000000000000 ) ) ;
#690 = ORIENTED_EDGE ( 'NONE', *, *, #9, .T. ) ;
#691 = DIRECTION ( 'NONE',  ( -0.9848077530122086900, -0.1736481776669268300, 0.0000000000000000000 ) ) ;
#692 = VECTOR ( 'NONE', #52, 39.37007874015748100 ) ;
#693 = EDGE_CURVE ( 'NONE', #1208, #715, #2590, .T. ) ;
#694 = CIRCLE ( 'NONE', #250, 0.007812500000000128400 ) ;
#695 = CARTESIAN_POINT ( 'NONE',  ( -0.2462019382530516400, 0.04341204441673512900, -0.1250000000000000000 ) ) ;
#696 = CARTESIAN_POINT ( 'NONE',  ( -0.1894430570778470000, -0.1093749999999982700, 0.1250000000000000300 ) ) ;
#697 = DIRECTION ( 'NONE',  ( -0.3420201433256631600, 0.9396926207859105400, 0.0000000000000000000 ) ) ;
#698 = CARTESIAN_POINT ( 'NONE',  ( 0.1205226768162264400, 0.1436333330848083300, -0.1250000000000000000 ) ) ;
#699 = ORIENTED_EDGE ( 'NONE', *, *, #46, .F. ) ;
#700 = DIRECTION ( 'NONE',  ( -0.0000000000000000000, 9.106159978880874900E-017, 1.000000000000000000 ) ) ;
#701 = EDGE_LOOP ( 'NONE', ( #2347, #682, #1740, #832 ) ) ;
#702 = ADVANCED_FACE ( 'NONE', ( #365 ), #355, .F. ) ;
#703 = ORIENTED_EDGE ( 'NONE', *, *, #993, .T. ) ;
#704 = CIRCLE ( 'NONE', #2348, 0.007812499999999996500 ) ;
#705 = EDGE_CURVE ( 'NONE', #1392, #1875, #2487, .T. ) ;
#706 = FACE_OUTER_BOUND ( 'NONE', #1376, .T. ) ;
#707 = DIRECTION ( 'NONE',  ( -0.3420201433256629400, 0.9396926207859105400, 0.0000000000000000000 ) ) ;
#708 = AXIS2_PLACEMENT_3D ( 'NONE', #1725, #2763, #860 ) ;
#709 = PLANE ( 'NONE',  #2182 ) ;
#710 = CIRCLE ( 'NONE', #387, 0.03124999999999996500 ) ;
#711 = VERTEX_POINT ( 'NONE', #1632 ) ;
#712 = CARTESIAN_POINT ( 'NONE',  ( 0.07214487398275708200, -0.1982164121970280700, 0.1250000000000000300 ) ) ;
#713 = FACE_OUTER_BOUND ( 'NONE', #311, .T. ) ;
#714 = AXIS2_PLACEMENT_3D ( 'NONE', #410, #647, #1465 ) ;
#715 = VERTEX_POINT ( 'NONE', #771 ) ;
#716 = EDGE_LOOP ( 'NONE', ( #490, #2716 ) ) ;
#717 = AXIS2_PLACEMENT_3D ( 'NONE', #2541, #377, #2694 ) ;
#718 = ADVANCED_FACE ( 'NONE', ( #2286 ), #836, .T. ) ;
#719 = DIRECTION ( 'NONE',  ( 0.0000000000000000000, 0.0000000000000000000, 1.000000000000000000 ) ) ;
#720 = DIRECTION ( 'NONE',  ( 0.8660254037844442600, 0.4999999999999906200, 0.0000000000000000000 ) ) ;
#721 = AXIS2_PLACEMENT_3D ( 'NONE', #179, #1866, #1010 ) ;
#722 = VECTOR ( 'NONE', #2308, 39.37007874015748100 ) ;
#723 = EDGE_CURVE ( 'NONE', #1346, #1667, #1997, .T. ) ;
#724 = APPROVAL_ROLE ( '' ) ;
#725 = DIRECTION ( 'NONE',  ( 0.8660254037844433700, 0.4999999999999919500, 0.0000000000000000000 ) ) ;
#726 = CARTESIAN_POINT ( 'NONE',  ( -0.2140700695833970800, 0.04567934943505120400, 0.1562500000000000000 ) ) ;
#727 = CARTESIAN_POINT ( 'NONE',  ( 0.0000000000000000000, -0.2812500000000000600, 0.1875000000000000800 ) ) ;
#728 = AXIS2_PLACEMENT_3D ( 'NONE', #2496, #389, #2277 ) ;
#729 = ADVANCED_FACE ( 'NONE', ( #2025, #2517 ), #1831, .F. ) ;
#730 = DIRECTION ( 'NONE',  ( -0.0000000000000000000, -0.0000000000000000000, 1.000000000000000000 ) ) ;
#731 = EDGE_LOOP ( 'NONE', ( #675, #392, #2118, #2479 ) ) ;
#732 = CALENDAR_DATE ( 2023, 10, 1 ) ;
#733 = VERTEX_POINT ( 'NONE', #988 ) ;
#734 = ORIENTED_EDGE ( 'NONE', *, *, #1205, .T. ) ;
#735 = SECURITY_CLASSIFICATION_LEVEL ( 'unclassified' ) ;
#736 = ORGANIZATION ( 'UNSPECIFIED', 'UNSPECIFIED', '' ) ;
#737 = DIRECTION ( 'NONE',  ( -1.182924880895398100E-016, 6.829619984160714700E-017, 1.000000000000000000 ) ) ;
#738 = DIRECTION ( 'NONE',  ( 0.0000000000000000000, -1.000000000000000000, 1.365923996832131400E-016 ) ) ;
#739 = CARTESIAN_POINT ( 'NONE',  ( -0.08550503583141896800, -0.2349231551964765200, -0.1250000000000000000 ) ) ;
#740 = ORIENTED_EDGE ( 'NONE', *, *, #1949, .F. ) ;
#741 = DIRECTION ( 'NONE',  ( -8.779990209372117400E-017, -1.046358487496117900E-016, 1.000000000000000000 ) ) ;
#742 = LINE ( 'NONE', #2508, #1894 ) ;
#743 = DIRECTION ( 'NONE',  ( 4.671735211685055400E-017, 1.283548700377545000E-016, 1.000000000000000000 ) ) ;
#744 = VECTOR ( 'NONE', #2499, 39.37007874015748100 ) ;
#745 = EDGE_CURVE ( 'NONE', #2441, #2207, #704, .T. ) ;
#746 = ORIENTED_EDGE ( 'NONE', *, *, #2294, .T. ) ;
#747 = CYLINDRICAL_SURFACE ( 'NONE', #2514, 0.007812500000000128400 ) ;
#748 = AXIS2_PLACEMENT_3D ( 'NONE', #2331, #1268, #674 ) ;
#749 = ORIENTED_EDGE ( 'NONE', *, *, #2384, .F. ) ;
#750 = CARTESIAN_POINT ( 'NONE',  ( 2.487563810768062000E-017, 0.2031250000000000800, 0.1875000000000000300 ) ) ;
#751 = CARTESIAN_POINT ( 'NONE',  ( 0.1846514536897892200, 0.03255903331254889800, -0.1250000000000000000 ) ) ;
#752 = DIRECTION ( 'NONE',  ( -0.3420201433256629400, 0.9396926207859105400, 0.0000000000000000000 ) ) ;
#753 = VERTEX_POINT ( 'NONE', #582 ) ;
#754 = AXIS2_PLACEMENT_3D ( 'NONE', #1157, #2642, #738 ) ;
#755 = DIRECTION ( 'NONE',  ( -0.3420201433256631600, 0.9396926207859105400, 0.0000000000000000000 ) ) ;
#756 = CC_DESIGN_PERSON_AND_ORGANIZATION_ASSIGNMENT ( #2115, #2415, ( #837 ) ) ;
#757 = CARTESIAN_POINT ( 'NONE',  ( -0.007812500000000130100, 0.2187499999999999400, 0.1562500000000000000 ) ) ;
#758 = AXIS2_PLACEMENT_3D ( 'NONE', #2057, #2699, #611 ) ;
#759 =( NAMED_UNIT ( * ) SI_UNIT ( $, .STERADIAN. ) SOLID_ANGLE_UNIT ( ) );
#760 = CARTESIAN_POINT ( 'NONE',  ( -0.1962088805449130300, -0.1132812499999982100, -0.1250000000000000000 ) ) ;
#761 = CYLINDRICAL_SURFACE ( 'NONE', #2040, 0.007812500000000130100 ) ;
#762 = DIRECTION ( 'NONE',  ( -4.671735211684882200E-017, 1.283548700377551700E-016, 1.000000000000000000 ) ) ;
#763 = EDGE_CURVE ( 'NONE', #140, #1168, #1372, .T. ) ;
#764 = DIRECTION ( 'NONE',  ( 0.0000000000000000000, 0.0000000000000000000, 1.000000000000000000 ) ) ;
#765 = AXIS2_PLACEMENT_3D ( 'NONE', #254, #265, #1332 ) ;
#766 = ORIENTED_EDGE ( 'NONE', *, *, #847, .F. ) ;
#767 = AXIS2_PLACEMENT_3D ( 'NONE', #2606, #513, #1341 ) ;
#768 = DIRECTION ( 'NONE',  ( 1.182924880895407400E-016, 6.829619984160548300E-017, 1.000000000000000000 ) ) ;
#769 = ORIENTED_EDGE ( 'NONE', *, *, #41, .T. ) ;
#770 = AXIS2_PLACEMENT_3D ( 'NONE', #986, #1402, #2663 ) ;
#771 = CARTESIAN_POINT ( 'NONE',  ( 0.1465945118307978300, 0.1625504437316000700, 0.1562500000000000000 ) ) ;
#772 = ORIENTED_EDGE ( 'NONE', *, *, #1912, .T. ) ;
#773 = DIRECTION ( 'NONE',  ( -1.000000000000000000, 0.0000000000000000000, -0.0000000000000000000 ) ) ;
#774 = AXIS2_PLACEMENT_3D ( 'NONE', #2650, #1355, #1822 ) ;
#775 = ORIENTED_EDGE ( 'NONE', *, *, #85, .F. ) ;
#776 = CIRCLE ( 'NONE', #1602, 0.007812500000000001700 ) ;
#777 = DIRECTION ( 'NONE',  ( 0.0000000000000000000, -1.000000000000000000, 1.214154663850783400E-016 ) ) ;
#778 = CYLINDRICAL_SURFACE ( 'NONE', #30, 0.007812500000000135300 ) ;
#779 = EDGE_CURVE ( 'NONE', #2351, #914, #1838, .T. ) ;
#780 = ORIENTED_EDGE ( 'NONE', *, *, #1057, .F. ) ;
#781 = CIRCLE ( 'NONE', #823, 0.007812499999999996500 ) ;
#782 = AXIS2_PLACEMENT_3D ( 'NONE', #1827, #2458, #1396 ) ;
#783 = VERTEX_POINT ( 'NONE', #1219 ) ;
#784 = EDGE_CURVE ( 'NONE', #783, #1293, #1032, .T. ) ;
#785 = DIRECTION ( 'NONE',  ( -0.8660254037844361500, 0.5000000000000042200, 0.0000000000000000000 ) ) ;
#786 = ADVANCED_FACE ( 'NONE', ( #149 ), #804, .F. ) ;
#787 = EDGE_LOOP ( 'NONE', ( #2681, #1043, #598, #897 ) ) ;
#788 = CARTESIAN_POINT ( 'NONE',  ( -0.1606969024216325900, 0.1915111107797465600, -0.1250000000000000000 ) ) ;
#789 = ORIENTED_EDGE ( 'NONE', *, *, #2539, .T. ) ;
#790 = VERTEX_POINT ( 'NONE', #1675 ) ;
#791 = DIRECTION ( 'NONE',  ( 0.3420201433256756500, 0.9396926207859058700, 0.0000000000000000000 ) ) ;
#792 = FACE_BOUND ( 'NONE', #2152, .T. ) ;
#793 = CARTESIAN_POINT ( 'NONE',  ( -0.1855368070778468900, -0.1161408234670642900, -0.1562500000000000000 ) ) ;
#794 = CARTESIAN_POINT ( 'NONE',  ( -0.1894430570778469200, -0.1093749999999982200, 0.1562500000000000000 ) ) ;
#795 = ORIENTED_EDGE ( 'NONE', *, *, #312, .F. ) ;
#796 = CARTESIAN_POINT ( 'NONE',  ( -0.1355880114182525200, 0.1615874997204111700, -0.1250000000000000000 ) ) ;
#797 = ORIENTED_EDGE ( 'NONE', *, *, #1562, .F. ) ;
#798 = EDGE_CURVE ( 'NONE', #1674, #1545, #259, .T. ) ;
#799 = DIRECTION ( 'NONE',  ( 0.6427876096865302600, -0.7660444431189856700, 0.0000000000000000000 ) ) ;
#800 = DIRECTION ( 'NONE',  ( -0.4999999999999931200, 0.8660254037844427000, 0.0000000000000000000 ) ) ;
#801 = ORIENTED_EDGE ( 'NONE', *, *, #534, .F. ) ;
#802 = CLOSED_SHELL ( 'NONE', ( #916, #2578, #210, #2603, #2174, #2322 ) ) ;
#803 = EDGE_LOOP ( 'NONE', ( #1722, #1308, #2282, #1116 ) ) ;
#804 = CYLINDRICAL_SURFACE ( 'NONE', #2006, 0.2031250000000000800 ) ;
#805 = AXIS2_PLACEMENT_3D ( 'NONE', #861, #429, #1272 ) ;
#806 = VECTOR ( 'NONE', #1339, 39.37007874015748100 ) ;
#807 = CARTESIAN_POINT ( 'NONE',  ( -0.2154266959714200800, 0.03798553886464321700, 0.1562500000000000000 ) ) ;
#808 = EDGE_LOOP ( 'NONE', ( #584, #772, #1931, #766 ) ) ;
#809 = LINE ( 'NONE', #1659, #1496 ) ;
#810 = CARTESIAN_POINT ( 'NONE',  ( 0.1346250674070636200, 0.1725940001329524200, 0.1562500000000000000 ) ) ;
#811 = CYLINDRICAL_SURFACE ( 'NONE', #278, 0.2031250000000000300 ) ;
#812 = ORIENTED_EDGE ( 'NONE', *, *, #779, .F. ) ;
#813 = TOROIDAL_SURFACE ( 'NONE', #464, 0.2756250000000000600, 0.005624999999999999800 ) ;
#814 = EDGE_CURVE ( 'NONE', #753, #237, #120, .T. ) ;
#815 = ORIENTED_EDGE ( 'NONE', *, *, #2473, .T. ) ;
#816 = CARTESIAN_POINT ( 'NONE',  ( -0.007812500000000130100, 0.2187499999999999400, 0.1562500000000000000 ) ) ;
#817 = AXIS2_PLACEMENT_3D ( 'NONE', #1531, #894, #2752 ) ;
#818 = VERTEX_POINT ( 'NONE', #147 ) ;
#819 = MANIFOLD_SOLID_BREP ( 'CirPattern1[6]', #1151 ) ;
#820 = FACE_BOUND ( 'NONE', #1074, .T. ) ;
#821 = AXIS2_PLACEMENT_3D ( 'NONE', #184, #1904, #634 ) ;
#822 = CYLINDRICAL_SURFACE ( 'NONE', #224, 0.007812500000000124900 ) ;
#823 = AXIS2_PLACEMENT_3D ( 'NONE', #2707, #1686, #2510 ) ;
#824 = DIRECTION ( 'NONE',  ( -0.0000000000000000000, -1.365923996832131600E-016, 1.000000000000000000 ) ) ;
#825 = ORIENTED_EDGE ( 'NONE', *, *, #1483, .T. ) ;
#826 = CARTESIAN_POINT ( 'NONE',  ( -0.1406097896189285300, 0.1675722219322782500, -0.1250000000000000000 ) ) ;
#827 = CARTESIAN_POINT ( 'NONE',  ( 0.1205226768162264200, 0.1436333330848083000, 0.1250000000000000300 ) ) ;
#828 = EDGE_CURVE ( 'NONE', #1246, #1026, #809, .T. ) ;
#829 = DIRECTION ( 'NONE',  ( 0.1736481776669268600, -0.9848077530122085800, 0.0000000000000000000 ) ) ;
#830 = ORIENTED_EDGE ( 'NONE', *, *, #1461, .T. ) ;
#831 = CARTESIAN_POINT ( 'NONE',  ( 0.0000000000000000000, 0.2187500000000000600, 0.1250000000000000300 ) ) ;
#832 = ORIENTED_EDGE ( 'NONE', *, *, #1743, .F. ) ;
#833 = AXIS2_PLACEMENT_3D ( 'NONE', #831, #1227, #2304 ) ;
#834 = VERTEX_POINT ( 'NONE', #416 ) ;
#835 = DIRECTION ( 'NONE',  ( 0.0000000000000000000, 0.0000000000000000000, 1.000000000000000000 ) ) ;
#836 = CYLINDRICAL_SURFACE ( 'NONE', #1160, 0.03124999999999998300 ) ;
#837 = SECURITY_CLASSIFICATION ( '', '', #735 ) ;
#838 = DIRECTION ( 'NONE',  ( -1.345172542105706600E-016, -2.371902128814255000E-017, 1.000000000000000000 ) ) ;
#839 = FACE_OUTER_BOUND ( 'NONE', #1676, .T. ) ;
#840 = PLANE ( 'NONE',  #1654 ) ;
#841 = ORIENTED_EDGE ( 'NONE', *, *, #246, .F. ) ;
#842 = CARTESIAN_POINT ( 'NONE',  ( 0.2167833223594434800, 0.03029172829423234700, 0.1562500000000000000 ) ) ;
#843 = FACE_OUTER_BOUND ( 'NONE', #291, .T. ) ;
#844 = ORIENTED_EDGE ( 'NONE', *, *, #1323, .F. ) ;
#845 = DIRECTION ( 'NONE',  ( 0.3420201433256751500, 0.9396926207859061000, 0.0000000000000000000 ) ) ;
#846 = VERTEX_POINT ( 'NONE', #851 ) ;
#847 = EDGE_CURVE ( 'NONE', #1275, #2529, #1000, .T. ) ;
#848 = ADVANCED_FACE ( 'NONE', ( #637 ), #172, .F. ) ;
#849 = VERTEX_POINT ( 'NONE', #816 ) ;
#850 = DIRECTION ( 'NONE',  ( 0.0000000000000000000, -1.000000000000000000, 9.106159978880874900E-017 ) ) ;
#851 = CARTESIAN_POINT ( 'NONE',  ( 0.2167833223594434800, 0.03029172829423234700, 0.1562500000000000000 ) ) ;
#852 = DIRECTION ( 'NONE',  ( 0.0000000000000000000, -1.000000000000000000, 1.238933330459983100E-016 ) ) ;
#853 = EDGE_CURVE ( 'NONE', #567, #1361, #1203, .T. ) ;
#854 = DIRECTION ( 'NONE',  ( 0.0000000000000000000, 0.0000000000000000000, 1.000000000000000000 ) ) ;
#855 = DIRECTION ( 'NONE',  ( -1.182924880895398100E-016, 6.829619984160714700E-017, 1.000000000000000000 ) ) ;
#856 = FACE_BOUND ( 'NONE', #2272, .T. ) ;
#857 = DIRECTION ( 'NONE',  ( 4.671735211685055400E-017, 1.283548700377545000E-016, 1.000000000000000000 ) ) ;
#858 = ORIENTED_EDGE ( 'NONE', *, *, #432, .F. ) ;
#859 = CARTESIAN_POINT ( 'NONE',  ( 0.0000000000000000000, 0.2500000000000000600, 0.1250000000000000300 ) ) ;
#860 = DIRECTION ( 'NONE',  ( 0.0000000000000000000, 1.000000000000000000, -9.106159978880874900E-017 ) ) ;
#861 = CARTESIAN_POINT ( 'NONE',  ( 0.0000000000000000000, -1.331775896911328500E-017, 0.1818750000000000400 ) ) ;
#862 = ADVANCED_FACE ( 'NONE', ( #1695 ), #510, .F. ) ;
#863 = EDGE_CURVE ( 'NONE', #880, #1168, #297, .T. ) ;
#864 = ORIENTED_EDGE ( 'NONE', *, *, #941, .F. ) ;
#865 = EDGE_CURVE ( 'NONE', #2005, #1657, #2424, .T. ) ;
#866 = DIRECTION ( 'NONE',  ( -8.779990209372117400E-017, -1.046358487496117900E-016, 1.000000000000000000 ) ) ;
#867 = EDGE_LOOP ( 'NONE', ( #789, #189 ) ) ;
#868 = ORIENTED_EDGE ( 'NONE', *, *, #2618, .T. ) ;
#869 = DIRECTION ( 'NONE',  ( 4.671735211685055400E-017, 1.283548700377545000E-016, 1.000000000000000000 ) ) ;
#870 = LINE ( 'NONE', #204, #2723 ) ;
#871 = CYLINDRICAL_SURFACE ( 'NONE', #2592, 0.03124999999999997200 ) ;
#872 = ORIENTED_EDGE ( 'NONE', *, *, #284, .F. ) ;
#873 = FACE_BOUND ( 'NONE', #14, .T. ) ;
#874 = FACE_OUTER_BOUND ( 'NONE', #2059, .T. ) ;
#875 = ADVANCED_FACE ( 'NONE', ( #2483 ), #55, .T. ) ;
#876 = ORIENTED_EDGE ( 'NONE', *, *, #2294, .F. ) ;
#877 = CARTESIAN_POINT ( 'NONE',  ( -0.1826772336107810900, -0.1054687499999983600, -0.1250000000000000000 ) ) ;
#878 = FACE_OUTER_BOUND ( 'NONE', #1129, .T. ) ;
#879 = CARTESIAN_POINT ( 'NONE',  ( 0.0000000000000000000, -0.2031250000000000300, 0.1562500000000000300 ) ) ;
#880 = VERTEX_POINT ( 'NONE', #2730 ) ;
#881 = DIRECTION ( 'NONE',  ( -8.779990209372117400E-017, -1.046358487496117900E-016, 1.000000000000000000 ) ) ;
#882 = ORIENTED_EDGE ( 'NONE', *, *, #1505, .T. ) ;
#883 = EDGE_CURVE ( 'NONE', #2617, #269, #1863, .T. ) ;
#884 = ADVANCED_FACE ( 'NONE', ( #2053, #2685 ), #840, .F. ) ;
#885 = DIRECTION ( 'NONE',  ( 0.0000000000000000000, -1.000000000000000000, 0.0000000000000000000 ) ) ;
#886 = VECTOR ( 'NONE', #1193, 39.37007874015748100 ) ;
#887 = CARTESIAN_POINT ( 'NONE',  ( -0.2154266959714200800, 0.03798553886464321700, 0.1562500000000000000 ) ) ;
#888 = DIRECTION ( 'NONE',  ( 0.1736481776669268600, -0.9848077530122085800, 0.0000000000000000000 ) ) ;
#889 = CARTESIAN_POINT ( 'NONE',  ( -0.2462019382530516400, 0.04341204441673512900, -0.1250000000000000000 ) ) ;
#890 = AXIS2_PLACEMENT_3D ( 'NONE', #2095, #411, #1882 ) ;
#891 = CARTESIAN_POINT ( 'NONE',  ( 0.1406097896189308100, 0.1675722219322763100, 0.1250000000000000300 ) ) ;
#892 = CIRCLE ( 'NONE', #2377, 0.2031250000000000300 ) ;
#893 = ADVANCED_FACE ( 'NONE', ( #2120, #1134 ), #1256, .F. ) ;
#894 = DIRECTION ( 'NONE',  ( -1.000000000000000000, -0.0000000000000000000, 0.0000000000000000000 ) ) ;
#895 = ORIENTED_EDGE ( 'NONE', *, *, #1464, .F. ) ;
#896 = DIRECTION ( 'NONE',  ( -0.9848077530122086900, -0.1736481776669273600, 0.0000000000000000000 ) ) ;
#897 = ORIENTED_EDGE ( 'NONE', *, *, #1461, .F. ) ;
#898 = ADVANCED_FACE ( 'NONE', ( #2621, #573 ), #2109, .F. ) ;
#899 = DIRECTION ( 'NONE',  ( 0.0000000000000000000, -1.000000000000000000, 0.0000000000000000000 ) ) ;
#900 = MANIFOLD_SOLID_BREP ( 'Fillet1', #2265 ) ;
#901 = EDGE_CURVE ( 'NONE', #31, #976, #2193, .T. ) ;
#902 = ORIENTED_EDGE ( 'NONE', *, *, #2326, .T. ) ;
#903 = VERTEX_POINT ( 'NONE', #1280 ) ;
#904 = FACE_OUTER_BOUND ( 'NONE', #2108, .T. ) ;
#905 = AXIS2_PLACEMENT_3D ( 'NONE', #2382, #1762, #1974 ) ;
#906 = DIRECTION ( 'NONE',  ( -0.0000000000000000000, -0.0000000000000000000, 1.000000000000000000 ) ) ;
#907 = CARTESIAN_POINT ( 'NONE',  ( 0.0000000000000000000, -0.2031250000000000300, 0.1875000000000000600 ) ) ;
#908 = CARTESIAN_POINT ( 'NONE',  ( 0.1406097896189308100, 0.1675722219322763100, 0.1250000000000000300 ) ) ;
#909 = FACE_OUTER_BOUND ( 'NONE', #1807, .T. ) ;
#910 = DIRECTION ( 'NONE',  ( -0.8660254037844364900, 0.5000000000000038900, 0.0000000000000000000 ) ) ;
#911 = VERTEX_POINT ( 'NONE', #2101 ) ;
#912 = AXIS2_PLACEMENT_3D ( 'NONE', #643, #227, #2540 ) ;
#913 = VECTOR ( 'NONE', #719, 39.37007874015748100 ) ;
#914 = VERTEX_POINT ( 'NONE', #2158 ) ;
#915 = AXIS2_PLACEMENT_3D ( 'NONE', #512, #1985, #537 ) ;
#916 = ADVANCED_FACE ( 'NONE', ( #1570 ), #360, .T. ) ;
#917 = DIRECTION ( 'NONE',  ( 0.0000000000000000000, 0.0000000000000000000, 1.000000000000000000 ) ) ;
#918 = EDGE_LOOP ( 'NONE', ( #2645, #313 ) ) ;
#919 = DIRECTION ( 'NONE',  ( -0.0000000000000000000, -1.365923996832131600E-016, 1.000000000000000000 ) ) ;
#920 = DIRECTION ( 'NONE',  ( -0.9396926207859057600, 0.3420201433256760400, 0.0000000000000000000 ) ) ;
#921 = CARTESIAN_POINT ( 'NONE',  ( -0.1894430570778470000, -0.1093749999999982700, 0.1250000000000000300 ) ) ;
#922 = EDGE_LOOP ( 'NONE', ( #797, #2512, #1906, #64 ) ) ;
#923 = EDGE_CURVE ( 'NONE', #1246, #84, #2749, .T. ) ;
#924 = EDGE_CURVE ( 'NONE', #1755, #1943, #1424, .T. ) ;
#925 = CIRCLE ( 'NONE', #2511, 0.03124999999999997200 ) ;
#926 = CARTESIAN_POINT ( 'NONE',  ( 0.2154266959714205800, 0.03798553886464035200, -0.1562500000000000000 ) ) ;
#927 = PLANE ( 'NONE',  #1819 ) ;
#928 = EDGE_LOOP ( 'NONE', ( #299, #1926 ) ) ;
#929 = PERSON_AND_ORGANIZATION_ROLE ( 'design_supplier' ) ;
#930 = DIRECTION ( 'NONE',  ( 8.779990209371974400E-017, -1.046358487496129800E-016, 1.000000000000000000 ) ) ;
#931 = DIRECTION ( 'NONE',  ( -4.671735211684882200E-017, 1.283548700377551700E-016, 1.000000000000000000 ) ) ;
#932 = ORIENTED_EDGE ( 'NONE', *, *, #1007, .F. ) ;
#933 = PERSON_AND_ORGANIZATION ( #1546, #736 ) ;
#934 = CARTESIAN_POINT ( 'NONE',  ( 0.1456315678196069000, 0.1735569441441433300, 0.1250000000000000300 ) ) ;
#935 = MANIFOLD_SOLID_BREP ( 'CirPattern1[11]', #1408 ) ;
#936 = ORIENTED_EDGE ( 'NONE', *, *, #2754, .F. ) ;
#937 = PLANE ( 'NONE',  #1451 ) ;
#938 = VERTEX_POINT ( 'NONE', #1313 ) ;
#939 = CIRCLE ( 'NONE', #655, 0.03124999999999997600 ) ;
#940 = FACE_OUTER_BOUND ( 'NONE', #1324, .T. ) ;
#941 = EDGE_CURVE ( 'NONE', #1428, #209, #2549, .T. ) ;
#942 = ORIENTED_EDGE ( 'NONE', *, *, #1217, .F. ) ;
#943 = FACE_OUTER_BOUND ( 'NONE', #1421, .T. ) ;
#944 = ADVANCED_FACE ( 'NONE', ( #1638 ), #2338, .F. ) ;
#945 = AXIS2_PLACEMENT_3D ( 'NONE', #1683, #440, #2320 ) ;
#946 = CARTESIAN_POINT ( 'NONE',  ( 0.1606969024216351700, 0.1915111107797443600, -0.1250000000000000000 ) ) ;
#947 = FACE_OUTER_BOUND ( 'NONE', #2048, .T. ) ;
#948 = DIRECTION ( 'NONE',  ( 0.0000000000000000000, -1.000000000000000000, 1.365923996832131400E-016 ) ) ;
#949 = ORIENTED_EDGE ( 'NONE', *, *, #2013, .F. ) ;
#950 = CARTESIAN_POINT ( 'NONE',  ( -0.07481690635249156600, -0.2055577607969168700, -0.1562500000000000000 ) ) ;
#951 = CYLINDRICAL_SURFACE ( 'NONE', #717, 0.007812500000000121400 ) ;
#952 = AXIS2_PLACEMENT_3D ( 'NONE', #1830, #560, #2029 ) ;
#953 = ORIENTED_EDGE ( 'NONE', *, *, #2759, .F. ) ;
#954 = ORIENTED_EDGE ( 'NONE', *, *, #1891, .F. ) ;
#955 = DIRECTION ( 'NONE',  ( 0.6427876096865302600, -0.7660444431189856700, 0.0000000000000000000 ) ) ;
#956 = CARTESIAN_POINT ( 'NONE',  ( 0.06412877687356187400, -0.1761923663973583600, -0.1250000000000000000 ) ) ;
#957 = DIRECTION ( 'NONE',  ( 0.9848077530122063500, -0.1736481776669403200, 0.0000000000000000000 ) ) ;
#958 = CIRCLE ( 'NONE', #1083, 0.03124999999999998300 ) ;
#959 = DIRECTION ( 'NONE',  ( -0.8660254037844361500, 0.5000000000000042200, 0.0000000000000000000 ) ) ;
#960 = CIRCLE ( 'NONE', #1988, 0.007812499999999990500 ) ;
#961 = AXIS2_PLACEMENT_3D ( 'NONE', #1916, #1510, #460 ) ;
#962 = EDGE_LOOP ( 'NONE', ( #936, #296 ) ) ;
#963 = CARTESIAN_POINT ( 'NONE',  ( -0.1846514536897888000, 0.03255903331255135400, -0.1250000000000000000 ) ) ;
#964 = CARTESIAN_POINT ( 'NONE',  ( -0.2154266959714202000, 0.03798553886464323100, 0.1250000000000000300 ) ) ;
#965 = PLANE ( 'NONE',  #622 ) ;
#966 = AXIS2_PLACEMENT_3D ( 'NONE', #891, #234, #2362 ) ;
#967 = AXIS2_PLACEMENT_3D ( 'NONE', #2012, #1796, #2646 ) ;
#968 = CARTESIAN_POINT ( 'NONE',  ( 0.0000000000000000000, 0.2109375000000001100, -0.1250000000000000000 ) ) ;
#969 = AXIS2_PLACEMENT_3D ( 'NONE', #331, #353, #1648 ) ;
#970 = FACE_OUTER_BOUND ( 'NONE', #2727, .T. ) ;
#971 = EDGE_LOOP ( 'NONE', ( #1433, #571 ) ) ;
#972 = VERTEX_POINT ( 'NONE', #2746 ) ;
#973 = APPLICATION_CONTEXT ( 'configuration controlled 3d designs of mechanical parts and assemblies' ) ;
#974 = DATE_AND_TIME ( #1535, #668 ) ;
#975 = CARTESIAN_POINT ( 'NONE',  ( 0.0000000000000000000, -4.644141589229247100E-017, -0.1818750000000000400 ) ) ;
#976 = VERTEX_POINT ( 'NONE', #1915 ) ;
#977 = CYLINDRICAL_SURFACE ( 'NONE', #2724, 0.007812499999999996500 ) ;
#978 = CARTESIAN_POINT ( 'NONE',  ( 0.1894430570778455300, -0.1093750000000009400, -0.1250000000000000000 ) ) ;
#979 = FACE_OUTER_BOUND ( 'NONE', #666, .T. ) ;
#980 = EDGE_CURVE ( 'NONE', #604, #457, #939, .T. ) ;
#981 = CARTESIAN_POINT ( 'NONE',  ( -0.1346250674070612600, 0.1725940001329542600, -0.1562500000000000000 ) ) ;
#982 = VERTEX_POINT ( 'NONE', #230 ) ;
#983 = CIRCLE ( 'NONE', #1365, 0.007812500000000001700 ) ;
#984 = ORIENTED_EDGE ( 'NONE', *, *, #1096, .T. ) ;
#985 = DIRECTION ( 'NONE',  ( 0.3420201433256751500, 0.9396926207859061000, 0.0000000000000000000 ) ) ;
#986 = CARTESIAN_POINT ( 'NONE',  ( 0.0000000000000000000, -4.410796239770424700E-017, -0.1562500000000000000 ) ) ;
#987 = ORIENTED_EDGE ( 'NONE', *, *, #616, .T. ) ;
#988 = CARTESIAN_POINT ( 'NONE',  ( -0.1346250674070612600, 0.1725940001329542600, 0.1562500000000000000 ) ) ;
#989 = ORIENTED_EDGE ( 'NONE', *, *, #2564, .F. ) ;
#990 = DIRECTION ( 'NONE',  ( -4.671735211684882200E-017, 1.283548700377551700E-016, 1.000000000000000000 ) ) ;
#991 = MANIFOLD_SOLID_BREP ( 'CirPattern1[9]', #1132 ) ;
#992 = FACE_OUTER_BOUND ( 'NONE', #2509, .T. ) ;
#993 = EDGE_CURVE ( 'NONE', #846, #1780, #1064, .T. ) ;
#994 = AXIS2_PLACEMENT_3D ( 'NONE', #308, #762, #2004 ) ;
#995 = DIRECTION ( 'NONE',  ( 4.671735211685056000E-017, 1.283548700377545000E-016, 1.000000000000000000 ) ) ;
#996 = ORIENTED_EDGE ( 'NONE', *, *, #2035, .F. ) ;
#997 = AXIS2_PLACEMENT_3D ( 'NONE', #1340, #2372, #1299 ) ;
#998 = ORIENTED_EDGE ( 'NONE', *, *, #65, .T. ) ;
#999 = ORIENTED_EDGE ( 'NONE', *, *, #1075, .T. ) ;
#1000 = LINE ( 'NONE', #2501, #217 ) ;
#1001 = DIRECTION ( 'NONE',  ( -0.0000000000000000000, 9.106159978880874900E-017, 1.000000000000000000 ) ) ;
#1002 = CIRCLE ( 'NONE', #1621, 0.03124999999999997600 ) ;
#1003 = DIRECTION ( 'NONE',  ( 0.7660444431189856700, 0.6427876096865301500, 0.0000000000000000000 ) ) ;
#1004 = CIRCLE ( 'NONE', #1197, 0.2812500000000000600 ) ;
#1005 = DIRECTION ( 'NONE',  ( -0.0000000000000000000, 9.106159978880874900E-017, 1.000000000000000000 ) ) ;
#1006 = EDGE_LOOP ( 'NONE', ( #1565, #1814, #2669, #2028 ) ) ;
#1007 = EDGE_CURVE ( 'NONE', #2662, #593, #870, .T. ) ;
#1008 = LINE ( 'NONE', #2605, #612 ) ;
#1009 = ORIENTED_EDGE ( 'NONE', *, *, #1309, .T. ) ;
#1010 = DIRECTION ( 'NONE',  ( -0.9396926207859057600, 0.3420201433256760400, 0.0000000000000000000 ) ) ;
#1011 = ORIENTED_EDGE ( 'NONE', *, *, #1479, .T. ) ;
#1012 = AXIS2_PLACEMENT_3D ( 'NONE', #2474, #2687, #561 ) ;
#1013 = ADVANCED_FACE ( 'NONE', ( #1927 ), #1111, .T. ) ;
#1014 = MANIFOLD_SOLID_BREP ( 'CirPattern1[2]', #2092 ) ;
#1015 = CIRCLE ( 'NONE', #335, 0.007812500000000124900 ) ;
#1016 = PLANE ( 'NONE',  #890 ) ;
#1017 = AXIS2_PLACEMENT_3D ( 'NONE', #614, #2291, #1046 ) ;
#1018 = LINE ( 'NONE', #842, #1049 ) ;
#1019 = DIRECTION ( 'NONE',  ( -0.8660254037844361500, 0.5000000000000042200, 0.0000000000000000000 ) ) ;
#1020 = EDGE_LOOP ( 'NONE', ( #841, #129, #1470, #505 ) ) ;
#1021 = ORIENTED_EDGE ( 'NONE', *, *, #46, .T. ) ;
#1022 = EDGE_CURVE ( 'NONE', #1428, #1835, #63, .T. ) ;
#1023 = DIRECTION ( 'NONE',  ( 0.0000000000000000000, 0.0000000000000000000, 1.000000000000000000 ) ) ;
#1024 = DIRECTION ( 'NONE',  ( -1.182924880895398100E-016, 6.829619984160714700E-017, 1.000000000000000000 ) ) ;
#1025 = AXIS2_PLACEMENT_3D ( 'NONE', #2305, #2520, #1685 ) ;
#1026 = VERTEX_POINT ( 'NONE', #1747 ) ;
#1027 = CARTESIAN_POINT ( 'NONE',  ( 3.444319122601931000E-017, 0.2812500000000000600, 0.1875000000000000300 ) ) ;
#1028 = VERTEX_POINT ( 'NONE', #1953 ) ;
#1029 = ORIENTED_EDGE ( 'NONE', *, *, #924, .T. ) ;
#1030 = DIRECTION ( 'NONE',  ( 0.0000000000000000000, 0.0000000000000000000, 1.000000000000000000 ) ) ;
#1031 = VERTEX_POINT ( 'NONE', #1097 ) ;
#1032 = LINE ( 'NONE', #1427, #2352 ) ;
#1033 = DIRECTION ( 'NONE',  ( -0.3420201433256757600, -0.9396926207859057600, 1.365923996832131600E-016 ) ) ;
#1034 = FACE_OUTER_BOUND ( 'NONE', #2493, .T. ) ;
#1035 = ORIENTED_EDGE ( 'NONE', *, *, #82, .T. ) ;
#1036 = DIRECTION ( 'NONE',  ( -1.182924880895398100E-016, 6.829619984160714700E-017, 1.000000000000000000 ) ) ;
#1037 = VECTOR ( 'NONE', #1564, 39.37007874015748100 ) ;
#1038 = EDGE_CURVE ( 'NONE', #1257, #2207, #644, .T. ) ;
#1039 = ADVANCED_FACE ( 'NONE', ( #580 ), #1701, .F. ) ;
#1040 = EDGE_LOOP ( 'NONE', ( #2394, #868 ) ) ;
#1041 = CARTESIAN_POINT ( 'NONE',  ( 0.2154266959714207000, 0.03798553886464037200, -0.1250000000000000000 ) ) ;
#1042 = AXIS2_PLACEMENT_3D ( 'NONE', #1123, #2610, #53 ) ;
#1043 = ORIENTED_EDGE ( 'NONE', *, *, #2248, .T. ) ;
#1044 = DIRECTION ( 'NONE',  ( 0.0000000000000000000, 0.0000000000000000000, 1.000000000000000000 ) ) ;
#1045 = ORIENTED_EDGE ( 'NONE', *, *, #1251, .F. ) ;
#1046 = DIRECTION ( 'NONE',  ( -0.6427876096865405800, -0.7660444431189769000, 0.0000000000000000000 ) ) ;
#1047 = AXIS2_PLACEMENT_3D ( 'NONE', #424, #652, #1517 ) ;
#1048 = CARTESIAN_POINT ( 'NONE',  ( -0.1406097896189285300, 0.1675722219322782500, -0.1250000000000000000 ) ) ;
#1049 = VECTOR ( 'NONE', #2518, 39.37007874015748100 ) ;
#1050 = DIRECTION ( 'NONE',  ( 1.182924880895397600E-016, -6.829619984160714700E-017, -1.000000000000000000 ) ) ;
#1051 = DIRECTION ( 'NONE',  ( 1.345172542105703400E-016, -2.371902128814434400E-017, 1.000000000000000000 ) ) ;
#1052 = CARTESIAN_POINT ( 'NONE',  ( -0.1205226768162244600, 0.1436333330848099400, 0.1250000000000000300 ) ) ;
#1053 = ORIENTED_EDGE ( 'NONE', *, *, #1832, .F. ) ;
#1054 = CARTESIAN_POINT ( 'NONE',  ( -0.2077328854010123700, 0.03662891247662027100, -0.1250000000000000000 ) ) ;
#1055 = ORIENTED_EDGE ( 'NONE', *, *, #798, .T. ) ;
#1056 = DIRECTION ( 'NONE',  ( -0.0000000000000000000, 9.106159978880874900E-017, 1.000000000000000000 ) ) ;
#1057 = EDGE_CURVE ( 'NONE', #711, #2224, #2235, .T. ) ;
#1058 = DIRECTION ( 'NONE',  ( 0.0000000000000000000, 0.0000000000000000000, 1.000000000000000000 ) ) ;
#1059 = EDGE_LOOP ( 'NONE', ( #447, #2001 ) ) ;
#1060 = DIRECTION ( 'NONE',  ( -0.4999999999999931200, 0.8660254037844427000, 0.0000000000000000000 ) ) ;
#1061 = ORIENTED_EDGE ( 'NONE', *, *, #1912, .F. ) ;
#1062 = VERTEX_POINT ( 'NONE', #2379 ) ;
#1063 = DIRECTION ( 'NONE',  ( 4.671735211685055400E-017, 1.283548700377545000E-016, 1.000000000000000000 ) ) ;
#1064 = CIRCLE ( 'NONE', #1799, 0.007812500000000128400 ) ;
#1065 = VECTOR ( 'NONE', #660, 39.37007874015748100 ) ;
#1066 = ADVANCED_FACE ( 'NONE', ( #2060, #2129 ), #2597, .F. ) ;
#1067 = DIRECTION ( 'NONE',  ( 1.345172542105703400E-016, -2.371902128814434100E-017, 1.000000000000000000 ) ) ;
#1068 = CIRCLE ( 'NONE', #672, 0.007812499999999996500 ) ;
#1069 = CARTESIAN_POINT ( 'NONE',  ( -0.2231205065418280500, 0.03934216525266620600, 0.1250000000000000300 ) ) ;
#1070 = FACE_OUTER_BOUND ( 'NONE', #2710, .T. ) ;
#1071 = CARTESIAN_POINT ( 'NONE',  ( 0.07748893872222058200, -0.2128991093968079200, 0.1250000000000000300 ) ) ;
#1072 = VERTEX_POINT ( 'NONE', #2583 ) ;
#1073 = FACE_OUTER_BOUND ( 'NONE', #1098, .T. ) ;
#1074 = EDGE_LOOP ( 'NONE', ( #2200, #1893 ) ) ;
#1075 = EDGE_CURVE ( 'NONE', #1348, #347, #2165, .T. ) ;
#1076 = ORIENTED_EDGE ( 'NONE', *, *, #1523, .T. ) ;
#1077 = DIRECTION ( 'NONE',  ( -8.779990209372117400E-017, -1.046358487496117900E-016, 1.000000000000000000 ) ) ;
#1078 = DIRECTION ( 'NONE',  ( 0.8660254037844442600, 0.4999999999999906200, 0.0000000000000000000 ) ) ;
#1079 = AXIS2_PLACEMENT_3D ( 'NONE', #1666, #597, #618 ) ;
#1080 = CARTESIAN_POINT ( 'NONE',  ( 0.0000000000000000000, -1.565121246370150800E-017, 0.1562500000000000000 ) ) ;
#1081 = ADVANCED_FACE ( 'NONE', ( #484 ), #1673, .F. ) ;
#1082 = LINE ( 'NONE', #2246, #348 ) ;
#1083 = AXIS2_PLACEMENT_3D ( 'NONE', #2380, #1554, #263 ) ;
#1084 = LINE ( 'NONE', #401, #110 ) ;
#1085 = CARTESIAN_POINT ( 'NONE',  ( 0.2154266959714207000, 0.03798553886464037200, -0.1250000000000000000 ) ) ;
#1086 = ORIENTED_EDGE ( 'NONE', *, *, #103, .T. ) ;
#1087 = CARTESIAN_POINT ( 'NONE',  ( 0.07481690635248883200, -0.2055577607969180100, 0.1250000000000000300 ) ) ;
#1088 = DIRECTION ( 'NONE',  ( 0.0000000000000000000, -9.106159978880874900E-017, -1.000000000000000000 ) ) ;
#1089 = DIRECTION ( 'NONE',  ( -4.671735211684882200E-017, 1.283548700377551700E-016, 1.000000000000000000 ) ) ;
#1090 = EDGE_LOOP ( 'NONE', ( #359, #825, #1231, #749 ) ) ;
#1091 = ADVANCED_FACE ( 'NONE', ( #2325 ), #709, .F. ) ;
#1092 = CARTESIAN_POINT ( 'NONE',  ( 0.2077328854010127800, 0.03662891247661750200, 0.1250000000000000300 ) ) ;
#1093 = EDGE_LOOP ( 'NONE', ( #1265, #2498 ) ) ;
#1094 = ADVANCED_FACE ( 'NONE', ( #1782 ), #2397, .F. ) ;
#1095 = CARTESIAN_POINT ( 'NONE',  ( 0.1606969024216351700, 0.1915111107797443600, -0.1250000000000000000 ) ) ;
#1096 = EDGE_CURVE ( 'NONE', #358, #593, #552, .T. ) ;
#1097 = CARTESIAN_POINT ( 'NONE',  ( -0.007812500000000130100, 0.2187499999999999400, -0.1562500000000000000 ) ) ;
#1098 = EDGE_LOOP ( 'NONE', ( #294, #327, #2065, #163 ) ) ;
#1099 = CLOSED_SHELL ( 'NONE', ( #875, #1954, #678, #572 ) ) ;
#1100 = APPROVAL_PERSON_ORGANIZATION ( #1665, #1808, #1364 ) ;
#1101 = CARTESIAN_POINT ( 'NONE',  ( 0.07481690635248883200, -0.2055577607969180400, -0.1250000000000000000 ) ) ;
#1102 = DIRECTION ( 'NONE',  ( 8.779990209371974400E-017, -1.046358487496129800E-016, 1.000000000000000000 ) ) ;
#1103 = EDGE_LOOP ( 'NONE', ( #233, #2168 ) ) ;
#1104 = FACE_BOUND ( 'NONE', #2233, .T. ) ;
#1105 = AXIS2_PLACEMENT_3D ( 'NONE', #2117, #866, #242 ) ;
#1106 = FACE_OUTER_BOUND ( 'NONE', #1663, .T. ) ;
#1107 = ADVANCED_FACE ( 'NONE', ( #681 ), #813, .T. ) ;
#1108 = EDGE_LOOP ( 'NONE', ( #356, #1534 ) ) ;
#1109 = CARTESIAN_POINT ( 'NONE',  ( 0.0000000000000000000, 0.0000000000000000000, 0.0000000000000000000 ) ) ;
#1110 = DIRECTION ( 'NONE',  ( -0.7660444431189771300, 0.6427876096865404700, 0.0000000000000000000 ) ) ;
#1111 = CYLINDRICAL_SURFACE ( 'NONE', #2032, 0.03124999999999995800 ) ;
#1112 = EDGE_LOOP ( 'NONE', ( #2481, #2466, #481, #173 ) ) ;
#1113 = CARTESIAN_POINT ( 'NONE',  ( -0.1205226768162244600, 0.1436333330848099400, 0.1250000000000000300 ) ) ;
#1114 = ORIENTED_EDGE ( 'NONE', *, *, #847, .T. ) ;
#1115 = EDGE_CURVE ( 'NONE', #15, #2339, #1707, .T. ) ;
#1116 = ORIENTED_EDGE ( 'NONE', *, *, #2527, .F. ) ;
#1117 = DIRECTION ( 'NONE',  ( -0.0000000000000000000, -1.365923996832131600E-016, 1.000000000000000000 ) ) ;
#1118 = VECTOR ( 'NONE', #202, 39.37007874015748100 ) ;
#1119 = DIRECTION ( 'NONE',  ( 1.000000000000000000, 0.0000000000000000000, 0.0000000000000000000 ) ) ;
#1120 = AXIS2_PLACEMENT_3D ( 'NONE', #421, #857, #595 ) ;
#1121 = DIRECTION ( 'NONE',  ( -8.779990209372117400E-017, -1.046358487496117900E-016, 1.000000000000000000 ) ) ;
#1122 = FACE_OUTER_BOUND ( 'NONE', #1226, .T. ) ;
#1123 = CARTESIAN_POINT ( 'NONE',  ( 0.0000000000000000000, 0.2187500000000000600, 0.1250000000000000300 ) ) ;
#1124 =( GEOMETRIC_REPRESENTATION_CONTEXT ( 3 ) GLOBAL_UNCERTAINTY_ASSIGNED_CONTEXT ( ( #2171 ) ) GLOBAL_UNIT_ASSIGNED_CONTEXT ( ( #107, #1601, #759 ) ) REPRESENTATION_CONTEXT ( 'NONE', 'WORKASPACE' ) );
#1125 = CARTESIAN_POINT ( 'NONE',  ( -0.1406097896189284500, 0.1675722219322781600, 0.1562500000000000000 ) ) ;
#1126 = CARTESIAN_POINT ( 'NONE',  ( -0.1855368070778468900, -0.1161408234670642900, 0.1562500000000000000 ) ) ;
#1127 = ORIENTED_EDGE ( 'NONE', *, *, #1879, .T. ) ;
#1128 = DIRECTION ( 'NONE',  ( 1.182924880895407400E-016, 6.829619984160548300E-017, 1.000000000000000000 ) ) ;
#1129 = EDGE_LOOP ( 'NONE', ( #2651, #815, #2024, #1551 ) ) ;
#1130 = EDGE_CURVE ( 'NONE', #261, #2355, #190, .T. ) ;
#1131 = ORIENTED_EDGE ( 'NONE', *, *, #2460, .T. ) ;
#1132 = CLOSED_SHELL ( 'NONE', ( #1303, #29, #2728, #42, #2350, #1744 ) ) ;
#1133 = DIRECTION ( 'NONE',  ( 0.1736481776669268600, -0.9848077530122085800, 0.0000000000000000000 ) ) ;
#1134 = FACE_BOUND ( 'NONE', #867, .T. ) ;
#1135 = EDGE_CURVE ( 'NONE', #261, #2617, #231, .T. ) ;
#1136 = DATE_AND_TIME ( #2054, #145 ) ;
#1137 = DIRECTION ( 'NONE',  ( 0.8660254037844433700, 0.4999999999999919500, 0.0000000000000000000 ) ) ;
#1138 = CARTESIAN_POINT ( 'NONE',  ( 0.1606969024216351700, 0.1915111107797443400, 0.1250000000000000300 ) ) ;
#1139 = LINE ( 'NONE', #2323, #264 ) ;
#1140 = CARTESIAN_POINT ( 'NONE',  ( 0.0000000000000000000, 0.2187499999999999400, -0.1562500000000000000 ) ) ;
#1141 = AXIS2_PLACEMENT_3D ( 'NONE', #111, #2454, #333 ) ;
#1142 = LINE ( 'NONE', #109, #578 ) ;
#1143 = ORIENTED_EDGE ( 'NONE', *, *, #2031, .T. ) ;
#1144 = AXIS2_PLACEMENT_3D ( 'NONE', #794, #1662, #1885 ) ;
#1145 = VECTOR ( 'NONE', #2566, 39.37007874015748100 ) ;
#1146 = APPROVAL_STATUS ( 'not_yet_approved' ) ;
#1147 = EDGE_LOOP ( 'NONE', ( #2285, #86 ) ) ;
#1148 = CARTESIAN_POINT ( 'NONE',  ( 0.06412877687356187400, -0.1761923663973583300, 0.1250000000000000300 ) ) ;
#1149 = DIRECTION ( 'NONE',  ( -0.6427876096865409200, -0.7660444431189767900, 0.0000000000000000000 ) ) ;
#1150 = CARTESIAN_POINT ( 'NONE',  ( -0.2154266959714202200, 0.03798553886464324500, -0.1250000000000000000 ) ) ;
#1151 = CLOSED_SHELL ( 'NONE', ( #288, #1710, #2155, #944 ) ) ;
#1152 = EDGE_CURVE ( 'NONE', #1181, #1293, #373, .T. ) ;
#1153 = DIRECTION ( 'NONE',  ( 0.3420201433256751500, 0.9396926207859061000, 0.0000000000000000000 ) ) ;
#1154 = EDGE_CURVE ( 'NONE', #617, #550, #1846, .T. ) ;
#1155 = FACE_OUTER_BOUND ( 'NONE', #803, .T. ) ;
#1156 = DIRECTION ( 'NONE',  ( 0.0000000000000000000, -1.000000000000000000, 1.214154663850783400E-016 ) ) ;
#1157 = CARTESIAN_POINT ( 'NONE',  ( 0.0000000000000000000, -1.565121246370150800E-017, 0.1562500000000000300 ) ) ;
#1158 = CIRCLE ( 'NONE', #1307, 0.03124999999999998600 ) ;
#1159 = CARTESIAN_POINT ( 'NONE',  ( 0.1406097896189308100, 0.1675722219322763100, 0.1250000000000000300 ) ) ;
#1160 = AXIS2_PLACEMENT_3D ( 'NONE', #1625, #2666, #791 ) ;
#1161 = AXIS2_PLACEMENT_3D ( 'NONE', #1287, #2745, #1700 ) ;
#1162 = CARTESIAN_POINT ( 'NONE',  ( -0.07481690635249160800, -0.2055577607969169800, -0.1250000000000000000 ) ) ;
#1163 = DIRECTION ( 'NONE',  ( 1.345172542105706600E-016, 2.371902128814254700E-017, -1.000000000000000000 ) ) ;
#1164 = CARTESIAN_POINT ( 'NONE',  ( -0.1406097896189284500, 0.1675722219322781600, -0.1562500000000000000 ) ) ;
#1165 = EDGE_LOOP ( 'NONE', ( #2462, #215, #2385, #812 ) ) ;
#1166 = PERSON_AND_ORGANIZATION ( #1546, #736 ) ;
#1167 = DIRECTION ( 'NONE',  ( -0.9396926207859105400, -0.3420201433256630500, 0.0000000000000000000 ) ) ;
#1168 = VERTEX_POINT ( 'NONE', #907 ) ;
#1169 = ORIENTED_EDGE ( 'NONE', *, *, #1848, .T. ) ;
#1170 = LENGTH_MEASURE_WITH_UNIT ( LENGTH_MEASURE( 0.02539999999999999900 ), #1789 );
#1171 = EDGE_CURVE ( 'NONE', #1489, #1348, #446, .T. ) ;
#1172 = ORIENTED_EDGE ( 'NONE', *, *, #2445, .F. ) ;
#1173 = CYLINDRICAL_SURFACE ( 'NONE', #445, 0.007812500000000006900 ) ;
#1174 = AXIS2_PLACEMENT_3D ( 'NONE', #2588, #2183, #899 ) ;
#1175 = CIRCLE ( 'NONE', #482, 0.005624999999999991100 ) ;
#1176 = DIRECTION ( 'NONE',  ( -1.345172542105706600E-016, -2.371902128814255000E-017, 1.000000000000000000 ) ) ;
#1177 = ORIENTED_EDGE ( 'NONE', *, *, #1798, .T. ) ;
#1178 = FACE_OUTER_BOUND ( 'NONE', #1165, .T. ) ;
#1179 = DIRECTION ( 'NONE',  ( 0.0000000000000000000, -1.000000000000000000, 1.681137226870315500E-016 ) ) ;
#1180 = PRODUCT_DEFINITION ( 'UNKNOWN', '', #608, #591 ) ;
#1181 = VERTEX_POINT ( 'NONE', #2431 ) ;
#1182 = DIRECTION ( 'NONE',  ( 0.0000000000000000000, 0.0000000000000000000, 1.000000000000000000 ) ) ;
#1183 = ORIENTED_EDGE ( 'NONE', *, *, #1966, .F. ) ;
#1184 = EDGE_LOOP ( 'NONE', ( #579, #2051, #2648, #214 ) ) ;
#1185 = EDGE_LOOP ( 'NONE', ( #1009, #1560, #1600, #486 ) ) ;
#1186 = LINE ( 'NONE', #2, #1065 ) ;
#1187 = EDGE_CURVE ( 'NONE', #2662, #1577, #2559, .T. ) ;
#1188 = CARTESIAN_POINT ( 'NONE',  ( 0.07481690635248883200, -0.2055577607969180400, -0.1250000000000000000 ) ) ;
#1189 = LINE ( 'NONE', #2680, #1556 ) ;
#1190 = AXIS2_PLACEMENT_3D ( 'NONE', #1322, #34, #488 ) ;
#1191 = MANIFOLD_SOLID_BREP ( 'CirPattern1[4]', #2516 ) ;
#1192 = DIRECTION ( 'NONE',  ( 0.3420201433256751500, 0.9396926207859061000, 0.0000000000000000000 ) ) ;
#1193 = DIRECTION ( 'NONE',  ( -8.779990209372117400E-017, -1.046358487496117900E-016, 1.000000000000000000 ) ) ;
#1194 = ORIENTED_EDGE ( 'NONE', *, *, #2307, .T. ) ;
#1195 = DIRECTION ( 'NONE',  ( 0.0000000000000000000, 0.0000000000000000000, 1.000000000000000000 ) ) ;
#1196 = CARTESIAN_POINT ( 'NONE',  ( 0.1962088805449114500, -0.1132812500000009600, 0.1250000000000000300 ) ) ;
#1197 = AXIS2_PLACEMENT_3D ( 'NONE', #975, #1413, #777 ) ;
#1198 = ORIENTED_EDGE ( 'NONE', *, *, #2754, .T. ) ;
#1199 = ORIENTED_EDGE ( 'NONE', *, *, #1445, .T. ) ;
#1200 = APPROVAL_PERSON_ORGANIZATION ( #1166, #1754, #2216 ) ;
#1201 = DIRECTION ( 'NONE',  ( 0.0000000000000000000, -0.0000000000000000000, -1.000000000000000000 ) ) ;
#1202 = ORIENTED_EDGE ( 'NONE', *, *, #2121, .T. ) ;
#1203 = LINE ( 'NONE', #397, #2255 ) ;
#1204 = FACE_OUTER_BOUND ( 'NONE', #540, .T. ) ;
#1205 = EDGE_CURVE ( 'NONE', #1963, #2366, #2202, .T. ) ;
#1206 = CARTESIAN_POINT ( 'NONE',  ( 0.07481690635248879100, -0.2055577607969179000, 0.1562500000000000000 ) ) ;
#1207 = CIRCLE ( 'NONE', #774, 0.007812500000000130100 ) ;
#1208 = VERTEX_POINT ( 'NONE', #2208 ) ;
#1209 = DIRECTION ( 'NONE',  ( -4.671735211684882200E-017, 1.283548700377551700E-016, 1.000000000000000000 ) ) ;
#1210 = LINE ( 'NONE', #673, #1145 ) ;
#1211 = VERTEX_POINT ( 'NONE', #530 ) ;
#1212 = DIRECTION ( 'NONE',  ( -1.345172542105706600E-016, -2.371902128814255000E-017, 1.000000000000000000 ) ) ;
#1213 = ORIENTED_EDGE ( 'NONE', *, *, #312, .T. ) ;
#1214 = CARTESIAN_POINT ( 'NONE',  ( -0.1894430570778469200, -0.1093749999999982200, -0.1562500000000000000 ) ) ;
#1215 = FACE_OUTER_BOUND ( 'NONE', #1108, .T. ) ;
#1216 = CARTESIAN_POINT ( 'NONE',  ( -0.1406097896189284500, 0.1675722219322781600, 0.1562500000000000000 ) ) ;
#1217 = EDGE_CURVE ( 'NONE', #733, #2105, #1436, .T. ) ;
#1218 = VECTOR ( 'NONE', #338, 39.37007874015748100 ) ;
#1219 = CARTESIAN_POINT ( 'NONE',  ( -0.2165063509461108700, -0.1249999999999980200, -0.1250000000000000000 ) ) ;
#1220 = ADVANCED_BREP_SHAPE_REPRESENTATION ( '5905K497_Needle-Roller Bearing', ( #900, #400, #1919, #102, #1014, #1598, #1191, #1415, #819, #497, #2077, #991, #2370, #935, #1968, #2406, #1811, #1391, #132, #1255 ), #1124 ) ;
#1221 = EDGE_LOOP ( 'NONE', ( #1902, #138 ) ) ;
#1222 = CARTESIAN_POINT ( 'NONE',  ( 0.0000000000000000000, 0.2187500000000000800, -0.1250000000000000000 ) ) ;
#1223 = AXIS2_PLACEMENT_3D ( 'NONE', #1733, #654, #2576 ) ;
#1224 = DIRECTION ( 'NONE',  ( -0.0000000000000000000, 9.106159978880874900E-017, 1.000000000000000000 ) ) ;
#1225 = DIRECTION ( 'NONE',  ( -0.0000000000000000000, -0.0000000000000000000, 1.000000000000000000 ) ) ;
#1226 = EDGE_LOOP ( 'NONE', ( #2298, #61, #542, #1760 ) ) ;
#1227 = DIRECTION ( 'NONE',  ( -0.0000000000000000000, -1.365923996832131600E-016, 1.000000000000000000 ) ) ;
#1228 = EDGE_LOOP ( 'NONE', ( #2328, #1076 ) ) ;
#1229 = EDGE_LOOP ( 'NONE', ( #2102, #1522, #1786, #1418 ) ) ;
#1230 = APPROVAL_DATE_TIME ( #1136, #1808 ) ;
#1231 = ORIENTED_EDGE ( 'NONE', *, *, #498, .T. ) ;
#1232 = CIRCLE ( 'NONE', #2708, 0.03124999999999997600 ) ;
#1233 = FACE_OUTER_BOUND ( 'NONE', #2361, .T. ) ;
#1234 = AXIS2_PLACEMENT_3D ( 'NONE', #1214, #1044, #800 ) ;
#1235 = DIRECTION ( 'NONE',  ( 0.7660444431189771300, -0.6427876096865404700, 0.0000000000000000000 ) ) ;
#1236 = CLOSED_SHELL ( 'NONE', ( #7, #651, #1066, #2421, #1273, #2756 ) ) ;
#1237 = EDGE_CURVE ( 'NONE', #2757, #141, #1306, .T. ) ;
#1238 = CARTESIAN_POINT ( 'NONE',  ( -0.2154266959714200800, 0.03798553886464321700, -0.1562500000000000000 ) ) ;
#1239 = CYLINDRICAL_SURFACE ( 'NONE', #239, 0.03124999999999999000 ) ;
#1240 = CARTESIAN_POINT ( 'NONE',  ( 0.2154266959714205800, 0.03798553886464035200, 0.1562500000000000000 ) ) ;
#1241 = ORIENTED_EDGE ( 'NONE', *, *, #2248, .F. ) ;
#1242 = DIRECTION ( 'NONE',  ( -0.5000000000000025500, -0.8660254037844372600, 0.0000000000000000000 ) ) ;
#1243 = AXIS2_PLACEMENT_3D ( 'NONE', #1150, #2201, #2624 ) ;
#1244 = EDGE_LOOP ( 'NONE', ( #1555, #1820, #1802, #2451 ) ) ;
#1245 = AXIS2_PLACEMENT_3D ( 'NONE', #859, #11, #22 ) ;
#1246 = VERTEX_POINT ( 'NONE', #1267 ) ;
#1247 = AXIS2_PLACEMENT_3D ( 'NONE', #2488, #1058, #589 ) ;
#1248 = CYLINDRICAL_SURFACE ( 'NONE', #1571, 0.007812500000000003500 ) ;
#1249 = DIRECTION ( 'NONE',  ( 1.182924880895407400E-016, 6.829619984160548300E-017, 1.000000000000000000 ) ) ;
#1250 = CIRCLE ( 'NONE', #1234, 0.007812500000000135300 ) ;
#1251 = EDGE_CURVE ( 'NONE', #1208, #1976, #1940, .T. ) ;
#1252 = DIRECTION ( 'NONE',  ( -0.0000000000000000000, 9.106159978880874900E-017, 1.000000000000000000 ) ) ;
#1253 = EDGE_LOOP ( 'NONE', ( #1380, #1055, #1202, #1877 ) ) ;
#1254 = ORIENTED_EDGE ( 'NONE', *, *, #2196, .T. ) ;
#1255 = AXIS2_PLACEMENT_3D ( 'NONE', #1109, #68, #2639 ) ;
#1256 = PLANE ( 'NONE',  #821 ) ;
#1257 = VERTEX_POINT ( 'NONE', #796 ) ;
#1258 = DIRECTION ( 'NONE',  ( 0.3420201433256751500, 0.9396926207859061000, 0.0000000000000000000 ) ) ;
#1259 = CIRCLE ( 'NONE', #2014, 0.007812500000000130100 ) ;
#1260 = DIRECTION ( 'NONE',  ( 1.345172542105703400E-016, -2.371902128814434100E-017, 1.000000000000000000 ) ) ;
#1261 = CARTESIAN_POINT ( 'NONE',  ( 0.1406097896189308100, 0.1675722219322763100, 0.1250000000000000300 ) ) ;
#1262 = CIRCLE ( 'NONE', #328, 0.005624999999999991100 ) ;
#1263 = CIRCLE ( 'NONE', #2284, 0.03124999999999997900 ) ;
#1264 = EDGE_CURVE ( 'NONE', #457, #604, #2629, .T. ) ;
#1265 = ORIENTED_EDGE ( 'NONE', *, *, #1778, .F. ) ;
#1266 = DIRECTION ( 'NONE',  ( 0.6427876096865302600, -0.7660444431189856700, 0.0000000000000000000 ) ) ;
#1267 = CARTESIAN_POINT ( 'NONE',  ( 3.827021247335475700E-018, 0.2500000000000000600, -0.1250000000000000000 ) ) ;
#1268 = DIRECTION ( 'NONE',  ( -0.0000000000000000000, -1.365923996832131600E-016, 1.000000000000000000 ) ) ;
#1269 = FACE_OUTER_BOUND ( 'NONE', #2156, .T. ) ;
#1270 = AXIS2_PLACEMENT_3D ( 'NONE', #889, #2542, #2130 ) ;
#1271 = ORIENTED_EDGE ( 'NONE', *, *, #2490, .T. ) ;
#1272 = DIRECTION ( 'NONE',  ( 0.0000000000000000000, 1.000000000000000000, -9.106159978880874900E-017 ) ) ;
#1273 = ADVANCED_FACE ( 'NONE', ( #2762, #1269 ), #1485, .F. ) ;
#1274 = CARTESIAN_POINT ( 'NONE',  ( -0.2462019382530515900, 0.04341204441673512900, 0.1250000000000000300 ) ) ;
#1275 = VERTEX_POINT ( 'NONE', #1507 ) ;
#1276 = AXIS2_PLACEMENT_3D ( 'NONE', #1764, #1310, #258 ) ;
#1277 = CARTESIAN_POINT ( 'NONE',  ( -0.1846514536897887700, 0.03255903331255134700, 0.1250000000000000300 ) ) ;
#1278 = CIRCLE ( 'NONE', #952, 0.007812499999999996500 ) ;
#1279 = AXIS2_PLACEMENT_3D ( 'NONE', #2052, #1914, #144 ) ;
#1280 = CARTESIAN_POINT ( 'NONE',  ( 0.0000000000000000000, -0.2031250000000001100, -0.1874999999999999400 ) ) ;
#1281 = CARTESIAN_POINT ( 'NONE',  ( 0.0000000000000000000, -4.695363739110451500E-017, -0.1874999999999999700 ) ) ;
#1282 = CARTESIAN_POINT ( 'NONE',  ( 0.0000000000000000000, -1.280553747030123400E-017, 0.1875000000000000600 ) ) ;
#1283 = ORIENTED_EDGE ( 'NONE', *, *, #1217, .T. ) ;
#1284 = EDGE_CURVE ( 'NONE', #914, #2351, #1748, .T. ) ;
#1285 = ADVANCED_FACE ( 'NONE', ( #713 ), #951, .T. ) ;
#1286 = EDGE_CURVE ( 'NONE', #715, #45, #2359, .T. ) ;
#1287 = CARTESIAN_POINT ( 'NONE',  ( 0.1406097896189307300, 0.1675722219322762500, -0.1562500000000000000 ) ) ;
#1288 = EDGE_LOOP ( 'NONE', ( #1127, #2721, #1706, #2135 ) ) ;
#1289 = CARTESIAN_POINT ( 'NONE',  ( -0.1606969024216325600, 0.1915111107797465000, 0.1250000000000000300 ) ) ;
#1290 = DATE_AND_TIME ( #211, #2418 ) ;
#1291 = AXIS2_PLACEMENT_3D ( 'NONE', #807, #1195, #2697 ) ;
#1292 = ORIENTED_EDGE ( 'NONE', *, *, #201, .F. ) ;
#1293 = VERTEX_POINT ( 'NONE', #425 ) ;
#1294 = AXIS2_PLACEMENT_3D ( 'NONE', #10, #919, #687 ) ;
#1295 = ADVANCED_FACE ( 'NONE', ( #2000 ), #128, .T. ) ;
#1296 = ORIENTED_EDGE ( 'NONE', *, *, #745, .T. ) ;
#1297 = DIRECTION ( 'NONE',  ( -1.345172542105706600E-016, -2.371902128814255000E-017, 1.000000000000000000 ) ) ;
#1298 = CYLINDRICAL_SURFACE ( 'NONE', #588, 0.007812500000000130100 ) ;
#1299 = DIRECTION ( 'NONE',  ( -0.9396926207859057600, 0.3420201433256760400, 0.0000000000000000000 ) ) ;
#1300 = CARTESIAN_POINT ( 'NONE',  ( -0.07748893872222342700, -0.2128991093968068400, 0.1250000000000000300 ) ) ;
#1301 = CARTESIAN_POINT ( 'NONE',  ( -0.07481690635249159400, -0.2055577607969169600, 0.1250000000000000300 ) ) ;
#1302 = LINE ( 'NONE', #2076, #744 ) ;
#1303 = ADVANCED_FACE ( 'NONE', ( #878 ), #1239, .T. ) ;
#1304 = CARTESIAN_POINT ( 'NONE',  ( 3.061616997868383600E-017, 0.2500000000000000600, 0.1875000000000000300 ) ) ;
#1305 = EDGE_LOOP ( 'NONE', ( #1, #1958 ) ) ;
#1306 = CIRCLE ( 'NONE', #1279, 0.2756250000000000600 ) ;
#1307 = AXIS2_PLACEMENT_3D ( 'NONE', #826, #2494, #2722 ) ;
#1308 = ORIENTED_EDGE ( 'NONE', *, *, #784, .T. ) ;
#1309 = EDGE_CURVE ( 'NONE', #1581, #567, #2261, .T. ) ;
#1310 = DIRECTION ( 'NONE',  ( 0.0000000000000000000, 0.0000000000000000000, 1.000000000000000000 ) ) ;
#1311 = EDGE_LOOP ( 'NONE', ( #1805, #2452, #253, #398 ) ) ;
#1312 = PLANE ( 'NONE',  #1417 ) ;
#1313 = CARTESIAN_POINT ( 'NONE',  ( 0.08215825495237884200, -0.2028857284271861100, 0.1562500000000000000 ) ) ;
#1314 = AXIS2_PLACEMENT_3D ( 'NONE', #1261, #881, #25 ) ;
#1315 = CIRCLE ( 'NONE', #422, 0.007812500000000006900 ) ;
#1316 = VECTOR ( 'NONE', #1431, 39.37007874015748100 ) ;
#1317 = ADVANCED_FACE ( 'NONE', ( #309 ), #2495, .T. ) ;
#1318 = DIRECTION ( 'NONE',  ( -0.0000000000000000000, 9.106159978880874900E-017, 1.000000000000000000 ) ) ;
#1319 = CARTESIAN_POINT ( 'NONE',  ( 0.0000000000000000000, 0.2187499999999999400, -0.1562500000000000000 ) ) ;
#1320 = DIRECTION ( 'NONE',  ( 0.8660254037844442600, 0.4999999999999906200, 0.0000000000000000000 ) ) ;
#1321 = DIRECTION ( 'NONE',  ( 8.779990209372113700E-017, 1.046358487496117500E-016, -1.000000000000000000 ) ) ;
#1322 = CARTESIAN_POINT ( 'NONE',  ( 0.07481690635248879100, -0.2055577607969179000, 0.1562500000000000000 ) ) ;
#1323 = EDGE_CURVE ( 'NONE', #84, #1246, #27, .T. ) ;
#1324 = EDGE_LOOP ( 'NONE', ( #954, #1199, #275, #444 ) ) ;
#1325 = DIRECTION ( 'NONE',  ( -0.0000000000000000000, -1.365923996832131600E-016, 1.000000000000000000 ) ) ;
#1326 = EDGE_CURVE ( 'NONE', #1875, #1392, #1646, .T. ) ;
#1327 = CARTESIAN_POINT ( 'NONE',  ( 0.0000000000000000000, -0.2500000000000001100, -0.1562499999999999700 ) ) ;
#1328 = CARTESIAN_POINT ( 'NONE',  ( -0.1894430570778470000, -0.1093749999999982700, 0.1250000000000000300 ) ) ;
#1329 = VERTEX_POINT ( 'NONE', #2760 ) ;
#1330 = DIRECTION ( 'NONE',  ( -8.779990209372117400E-017, -1.046358487496117900E-016, 1.000000000000000000 ) ) ;
#1331 = DIRECTION ( 'NONE',  ( 1.182924880895407400E-016, 6.829619984160548300E-017, 1.000000000000000000 ) ) ;
#1332 = DIRECTION ( 'NONE',  ( 0.0000000000000000000, -1.000000000000000000, 0.0000000000000000000 ) ) ;
#1333 = ORIENTED_EDGE ( 'NONE', *, *, #479, .T. ) ;
#1334 = VECTOR ( 'NONE', #2275, 39.37007874015748100 ) ;
#1335 = AXIS2_PLACEMENT_3D ( 'NONE', #1487, #2739, #676 ) ;
#1336 = VECTOR ( 'NONE', #1474, 39.37007874015748100 ) ;
#1337 = AXIS2_PLACEMENT_3D ( 'NONE', #558, #1622, #2037 ) ;
#1338 = ORIENTED_EDGE ( 'NONE', *, *, #1984, .T. ) ;
#1339 = DIRECTION ( 'NONE',  ( 0.0000000000000000000, 0.0000000000000000000, 1.000000000000000000 ) ) ;
#1340 = CARTESIAN_POINT ( 'NONE',  ( -0.07481690635249156600, -0.2055577607969168700, 0.1562500000000000000 ) ) ;
#1341 = DIRECTION ( 'NONE',  ( 0.0000000000000000000, -1.000000000000000000, 1.365923996832131400E-016 ) ) ;
#1342 = CIRCLE ( 'NONE', #1828, 0.005624999999999991100 ) ;
#1343 = ORIENTED_EDGE ( 'NONE', *, *, #268, .F. ) ;
#1344 = DIRECTION ( 'NONE',  ( 0.0000000000000000000, 0.0000000000000000000, 1.000000000000000000 ) ) ;
#1345 = ADVANCED_FACE ( 'NONE', ( #1073 ), #2435, .T. ) ;
#1346 = VERTEX_POINT ( 'NONE', #49 ) ;
#1347 = EDGE_CURVE ( 'NONE', #554, #711, #156, .T. ) ;
#1348 = VERTEX_POINT ( 'NONE', #695 ) ;
#1349 = DIRECTION ( 'NONE',  ( -0.0000000000000000000, 0.0000000000000000000, -1.000000000000000000 ) ) ;
#1350 = PLANE ( 'NONE',  #368 ) ;
#1351 = FACE_OUTER_BOUND ( 'NONE', #2725, .T. ) ;
#1352 = CC_DESIGN_PERSON_AND_ORGANIZATION_ASSIGNMENT ( #1993, #509, ( #608 ) ) ;
#1353 = ADVANCED_FACE ( 'NONE', ( #522 ), #1312, .F. ) ;
#1354 = DIRECTION ( 'NONE',  ( 4.671735211685055400E-017, 1.283548700377545000E-016, 1.000000000000000000 ) ) ;
#1355 = DIRECTION ( 'NONE',  ( -0.0000000000000000000, -0.0000000000000000000, 1.000000000000000000 ) ) ;
#1356 = CARTESIAN_POINT ( 'NONE',  ( -0.07481690635249159400, -0.2055577607969169600, 0.1250000000000000300 ) ) ;
#1357 = DIRECTION ( 'NONE',  ( 4.671735211685056000E-017, 1.283548700377545300E-016, 1.000000000000000000 ) ) ;
#1358 = DIRECTION ( 'NONE',  ( 0.6427876096865302600, -0.7660444431189856700, 0.0000000000000000000 ) ) ;
#1359 = CARTESIAN_POINT ( 'NONE',  ( 0.2154266959714206700, 0.03798553886464037200, 0.1250000000000000300 ) ) ;
#1360 = EDGE_CURVE ( 'NONE', #269, #2355, #1873, .T. ) ;
#1361 = VERTEX_POINT ( 'NONE', #1539 ) ;
#1362 = EDGE_LOOP ( 'NONE', ( #1422, #1809 ) ) ;
#1363 = ORIENTED_EDGE ( 'NONE', *, *, #1130, .T. ) ;
#1364 = APPROVAL_ROLE ( '' ) ;
#1365 = AXIS2_PLACEMENT_3D ( 'NONE', #413, #2553, #1192 ) ;
#1366 = VECTOR ( 'NONE', #191, 39.37007874015748100 ) ;
#1367 = AXIS2_PLACEMENT_3D ( 'NONE', #2230, #1608, #325 ) ;
#1368 = CIRCLE ( 'NONE', #2611, 0.2500000000000000600 ) ;
#1369 = DIRECTION ( 'NONE',  ( -0.8660254037844361500, 0.5000000000000042200, 0.0000000000000000000 ) ) ;
#1370 = DIRECTION ( 'NONE',  ( 0.0000000000000000000, 0.0000000000000000000, 1.000000000000000000 ) ) ;
#1371 = ORIENTED_EDGE ( 'NONE', *, *, #2701, .T. ) ;
#1372 = LINE ( 'NONE', #2267, #2089 ) ;
#1373 = DIRECTION ( 'NONE',  ( 1.000000000000000000, 0.0000000000000000000, 0.0000000000000000000 ) ) ;
#1374 = AXIS2_PLACEMENT_3D ( 'NONE', #503, #2191, #1358 ) ;
#1375 = CYLINDRICAL_SURFACE ( 'NONE', #1957, 0.03124999999999996500 ) ;
#1376 = EDGE_LOOP ( 'NONE', ( #87, #2033 ) ) ;
#1377 = FACE_OUTER_BOUND ( 'NONE', #160, .T. ) ;
#1378 = VERTEX_POINT ( 'NONE', #1126 ) ;
#1379 = DIRECTION ( 'NONE',  ( -4.671735211684882200E-017, 1.283548700377551700E-016, 1.000000000000000000 ) ) ;
#1380 = ORIENTED_EDGE ( 'NONE', *, *, #183, .F. ) ;
#1381 = DIRECTION ( 'NONE',  ( 0.5000000000000041100, 0.8660254037844362700, 0.0000000000000000000 ) ) ;
#1382 = AXIS2_PLACEMENT_3D ( 'NONE', #2287, #2296, #1449 ) ;
#1383 = DIRECTION ( 'NONE',  ( 0.0000000000000000000, 0.0000000000000000000, -1.000000000000000000 ) ) ;
#1384 = AXIS2_PLACEMENT_3D ( 'NONE', #232, #1736, #2197 ) ;
#1385 = CIRCLE ( 'NONE', #489, 0.007812500000000130100 ) ;
#1386 = FACE_OUTER_BOUND ( 'NONE', #1592, .T. ) ;
#1387 = AXIS2_PLACEMENT_3D ( 'NONE', #1356, #249, #1978 ) ;
#1388 = AXIS2_PLACEMENT_3D ( 'NONE', #1442, #1660, #1416 ) ;
#1389 = VERTEX_POINT ( 'NONE', #1732 ) ;
#1390 = AXIS2_PLACEMENT_3D ( 'NONE', #2400, #2217, #1574 ) ;
#1391 = MANIFOLD_SOLID_BREP ( 'CirPattern1[15]', #802 ) ;
#1392 = VERTEX_POINT ( 'NONE', #21 ) ;
#1393 = CARTESIAN_POINT ( 'NONE',  ( -0.07481690635249156600, -0.2055577607969168700, 0.1562500000000000000 ) ) ;
#1394 = VERTEX_POINT ( 'NONE', #2140 ) ;
#1395 = EDGE_CURVE ( 'NONE', #1581, #1872, #1210, .T. ) ;
#1396 = DIRECTION ( 'NONE',  ( 0.6427876096865298200, -0.7660444431189859000, 0.0000000000000000000 ) ) ;
#1397 = VERTEX_POINT ( 'NONE', #2147 ) ;
#1398 = FACE_OUTER_BOUND ( 'NONE', #1865, .T. ) ;
#1399 = DIRECTION ( 'NONE',  ( -0.3420201433256629400, 0.9396926207859105400, 0.0000000000000000000 ) ) ;
#1400 = CIRCLE ( 'NONE', #206, 0.007812500000000003500 ) ;
#1401 = ORIENTED_EDGE ( 'NONE', *, *, #1309, .F. ) ;
#1402 = DIRECTION ( 'NONE',  ( -0.0000000000000000000, 9.106159978880874900E-017, 1.000000000000000000 ) ) ;
#1403 = LINE ( 'NONE', #750, #2665 ) ;
#1404 = VERTEX_POINT ( 'NONE', #458 ) ;
#1405 = CARTESIAN_POINT ( 'NONE',  ( -0.07748893872222345500, -0.2128991093968068400, 0.1250000000000000300 ) ) ;
#1406 = ORIENTED_EDGE ( 'NONE', *, *, #346, .F. ) ;
#1407 = CARTESIAN_POINT ( 'NONE',  ( 0.1855368070778453700, -0.1161408234670669000, -0.1562500000000000000 ) ) ;
#1408 = CLOSED_SHELL ( 'NONE', ( #2532, #500, #893, #1901, #884, #623 ) ) ;
#1409 = EDGE_CURVE ( 'NONE', #1455, #550, #1815, .T. ) ;
#1410 = LINE ( 'NONE', #1113, #692 ) ;
#1411 = ADVANCED_FACE ( 'NONE', ( #1178 ), #747, .T. ) ;
#1412 = AXIS2_PLACEMENT_3D ( 'NONE', #1514, #1488, #1938 ) ;
#1413 = DIRECTION ( 'NONE',  ( -0.0000000000000000000, 9.106159978880874900E-017, 1.000000000000000000 ) ) ;
#1414 = AXIS2_PLACEMENT_3D ( 'NONE', #1393, #1615, #2672 ) ;
#1415 = MANIFOLD_SOLID_BREP ( 'CirPattern1[5]', #600 ) ;
#1416 = DIRECTION ( 'NONE',  ( 0.1736481776669273600, -0.9848077530122085800, 0.0000000000000000000 ) ) ;
#1417 = AXIS2_PLACEMENT_3D ( 'NONE', #492, #248, #2596 ) ;
#1418 = ORIENTED_EDGE ( 'NONE', *, *, #564, .T. ) ;
#1419 = DIRECTION ( 'NONE',  ( 1.182924880895407400E-016, 6.829619984160548300E-017, 1.000000000000000000 ) ) ;
#1420 = EDGE_CURVE ( 'NONE', #753, #2612, #1008, .T. ) ;
#1421 = EDGE_LOOP ( 'NONE', ( #2635, #2420, #2620, #1441 ) ) ;
#1422 = ORIENTED_EDGE ( 'NONE', *, *, #2276, .T. ) ;
#1423 = ADVANCED_FACE ( 'NONE', ( #1377, #2292 ), #1552, .F. ) ;
#1424 = LINE ( 'NONE', #1300, #435 ) ;
#1425 = APPROVAL_PERSON_ORGANIZATION ( #2022, #2167, #724 ) ;
#1426 = AXIS2_PLACEMENT_3D ( 'NONE', #1833, #563, #105 ) ;
#1427 = CARTESIAN_POINT ( 'NONE',  ( -0.2165063509461108400, -0.1249999999999980000, 0.1250000000000000300 ) ) ;
#1428 = VERTEX_POINT ( 'NONE', #229 ) ;
#1429 = CIRCLE ( 'NONE', #461, 0.2031250000000000300 ) ;
#1430 = EDGE_CURVE ( 'NONE', #1275, #1031, #2693, .T. ) ;
#1431 = DIRECTION ( 'NONE',  ( 8.779990209371974400E-017, -1.046358487496129700E-016, 1.000000000000000000 ) ) ;
#1432 = FACE_OUTER_BOUND ( 'NONE', #1362, .T. ) ;
#1433 = ORIENTED_EDGE ( 'NONE', *, *, #519, .T. ) ;
#1434 = DIRECTION ( 'NONE',  ( -1.345172542105706600E-016, -2.371902128814255000E-017, 1.000000000000000000 ) ) ;
#1435 = AXIS2_PLACEMENT_3D ( 'NONE', #1041, #626, #2079 ) ;
#1436 = CIRCLE ( 'NONE', #2591, 0.007812500000000130100 ) ;
#1437 = DIRECTION ( 'NONE',  ( 8.779990209371974400E-017, -1.046358487496129800E-016, 1.000000000000000000 ) ) ;
#1438 = ORIENTED_EDGE ( 'NONE', *, *, #1135, .T. ) ;
#1439 = AXIS2_PLACEMENT_3D ( 'NONE', #2344, #2631, #1586 ) ;
#1440 = CARTESIAN_POINT ( 'NONE',  ( 0.2154266959714205800, 0.03798553886464035200, -0.1562500000000000000 ) ) ;
#1441 = ORIENTED_EDGE ( 'NONE', *, *, #271, .F. ) ;
#1442 = CARTESIAN_POINT ( 'NONE',  ( 0.2154266959714205800, 0.03798553886464035200, -0.1562500000000000000 ) ) ;
#1443 = DIRECTION ( 'NONE',  ( -1.345172542105706600E-016, -2.371902128814254700E-017, 1.000000000000000000 ) ) ;
#1444 = CIRCLE ( 'NONE', #1335, 0.007812500000000128400 ) ;
#1445 = EDGE_CURVE ( 'NONE', #2366, #1963, #1642, .T. ) ;
#1446 = TOROIDAL_SURFACE ( 'NONE', #805, 0.2756250000000000600, 0.005624999999999999800 ) ;
#1447 = DIRECTION ( 'NONE',  ( -0.8660254037844361500, 0.5000000000000042200, 0.0000000000000000000 ) ) ;
#1448 = ORIENTED_EDGE ( 'NONE', *, *, #1781, .T. ) ;
#1449 = DIRECTION ( 'NONE',  ( 0.6427876096865302600, -0.7660444431189856700, 0.0000000000000000000 ) ) ;
#1450 = DIRECTION ( 'NONE',  ( 0.7660444431189856700, 0.6427876096865301500, 0.0000000000000000000 ) ) ;
#1451 = AXIS2_PLACEMENT_3D ( 'NONE', #74, #285, #1381 ) ;
#1452 = DIRECTION ( 'NONE',  ( -0.0000000000000000000, 9.106159978880874900E-017, 1.000000000000000000 ) ) ;
#1453 = ORIENTED_EDGE ( 'NONE', *, *, #941, .T. ) ;
#1454 = CARTESIAN_POINT ( 'NONE',  ( 0.1623797632095819200, -0.09375000000000080500, 0.1250000000000000300 ) ) ;
#1455 = VERTEX_POINT ( 'NONE', #1327 ) ;
#1456 = DIRECTION ( 'NONE',  ( -0.9396926207859106500, -0.3420201433256630500, 0.0000000000000000000 ) ) ;
#1457 = FACE_OUTER_BOUND ( 'NONE', #918, .T. ) ;
#1458 = ORIENTED_EDGE ( 'NONE', *, *, #1420, .T. ) ;
#1459 = DIRECTION ( 'NONE',  ( -0.0000000000000000000, -1.365923996832131600E-016, 1.000000000000000000 ) ) ;
#1460 = FACE_BOUND ( 'NONE', #33, .T. ) ;
#1461 = EDGE_CURVE ( 'NONE', #642, #2005, #1779, .T. ) ;
#1462 = VECTOR ( 'NONE', #197, 39.37007874015748100 ) ;
#1463 = ORIENTED_EDGE ( 'NONE', *, *, #222, .T. ) ;
#1464 = EDGE_CURVE ( 'NONE', #2018, #783, #2258, .T. ) ;
#1465 = DIRECTION ( 'NONE',  ( -0.6427876096865402500, -0.7660444431189772400, 0.0000000000000000000 ) ) ;
#1466 = CIRCLE ( 'NONE', #2067, 0.007812500000000001700 ) ;
#1467 = ORIENTED_EDGE ( 'NONE', *, *, #629, .F. ) ;
#1468 = CARTESIAN_POINT ( 'NONE',  ( 0.06412877687356187400, -0.1761923663973583300, 0.1250000000000000300 ) ) ;
#1469 = AXIS2_PLACEMENT_3D ( 'NONE', #487, #1973, #1737 ) ;
#1470 = ORIENTED_EDGE ( 'NONE', *, *, #1765, .F. ) ;
#1471 = ORIENTED_EDGE ( 'NONE', *, *, #865, .T. ) ;
#1472 = AXIS2_PLACEMENT_3D ( 'NONE', #1319, #906, #1119 ) ;
#1473 = DIRECTION ( 'NONE',  ( 0.8660254037844362700, -0.5000000000000041100, 1.365923996832131400E-016 ) ) ;
#1474 = DIRECTION ( 'NONE',  ( 0.0000000000000000000, 0.0000000000000000000, 1.000000000000000000 ) ) ;
#1475 = DIRECTION ( 'NONE',  ( 0.0000000000000000000, 0.0000000000000000000, 1.000000000000000000 ) ) ;
#1476 = CARTESIAN_POINT ( 'NONE',  ( 0.0000000000000000000, 0.2109375000000000600, 0.1250000000000000300 ) ) ;
#1477 = EDGE_LOOP ( 'NONE', ( #2119, #1506, #472, #1614 ) ) ;
#1478 = FACE_OUTER_BOUND ( 'NONE', #1093, .T. ) ;
#1479 = EDGE_CURVE ( 'NONE', #849, #2529, #1207, .T. ) ;
#1480 = DIRECTION ( 'NONE',  ( 0.9848077530122063500, -0.1736481776669403200, 0.0000000000000000000 ) ) ;
#1481 = ADVANCED_FACE ( 'NONE', ( #1070 ), #2755, .T. ) ;
#1482 = CARTESIAN_POINT ( 'NONE',  ( 0.2154266959714206700, 0.03798553886464037200, 0.1250000000000000300 ) ) ;
#1483 = EDGE_CURVE ( 'NONE', #1533, #430, #1263, .T. ) ;
#1484 = EDGE_LOOP ( 'NONE', ( #26, #635 ) ) ;
#1485 = PLANE ( 'NONE',  #683 ) ;
#1486 = CARTESIAN_POINT ( 'NONE',  ( -0.08215825495238157600, -0.2028857284271850000, 0.1562500000000000000 ) ) ;
#1487 = CARTESIAN_POINT ( 'NONE',  ( 0.07481690635248879100, -0.2055577607969179000, -0.1562500000000000000 ) ) ;
#1488 = DIRECTION ( 'NONE',  ( -0.0000000000000000000, 9.106159978880874900E-017, 1.000000000000000000 ) ) ;
#1489 = VERTEX_POINT ( 'NONE', #963 ) ;
#1490 = CC_DESIGN_APPROVAL ( #1754, ( #837 ) ) ;
#1491 = CARTESIAN_POINT ( 'NONE',  ( -0.1406097896189285000, 0.1675722219322782200, 0.1250000000000000300 ) ) ;
#1492 = DIRECTION ( 'NONE',  ( 0.0000000000000000000, 0.0000000000000000000, 1.000000000000000000 ) ) ;
#1493 = EDGE_LOOP ( 'NONE', ( #2412, #1730, #1853, #2096 ) ) ;
#1494 = EDGE_LOOP ( 'NONE', ( #1061, #2602, #1114, #97 ) ) ;
#1495 = CARTESIAN_POINT ( 'NONE',  ( 0.1894430570778455300, -0.1093750000000009300, 0.1250000000000000300 ) ) ;
#1496 = VECTOR ( 'NONE', #824, 39.37007874015748100 ) ;
#1497 = DATE_AND_TIME ( #1696, #2587 ) ;
#1498 = DIRECTION ( 'NONE',  ( 0.0000000000000000000, -1.000000000000000000, 1.214154663850783400E-016 ) ) ;
#1499 = ADVANCED_FACE ( 'NONE', ( #125 ), #2524, .F. ) ;
#1500 = ORIENTED_EDGE ( 'NONE', *, *, #523, .F. ) ;
#1501 = DIRECTION ( 'NONE',  ( 1.224646799147349800E-016, 1.000000000000000000, 0.0000000000000000000 ) ) ;
#1502 = ORIENTED_EDGE ( 'NONE', *, *, #2456, .F. ) ;
#1503 = FACE_OUTER_BOUND ( 'NONE', #928, .T. ) ;
#1504 = FACE_OUTER_BOUND ( 'NONE', #104, .T. ) ;
#1505 = EDGE_CURVE ( 'NONE', #1389, #77, #1342, .T. ) ;
#1506 = ORIENTED_EDGE ( 'NONE', *, *, #354, .T. ) ;
#1507 = CARTESIAN_POINT ( 'NONE',  ( 0.007812500000000130100, 0.2187499999999999400, -0.1562500000000000000 ) ) ;
#1508 = DIRECTION ( 'NONE',  ( -0.9848077530122086900, -0.1736481776669273600, 0.0000000000000000000 ) ) ;
#1509 = VECTOR ( 'NONE', #931, 39.37007874015748100 ) ;
#1510 = DIRECTION ( 'NONE',  ( -0.0000000000000000000, 9.106159978880874900E-017, 1.000000000000000000 ) ) ;
#1511 = AXIS2_PLACEMENT_3D ( 'NONE', #978, #2204, #2212 ) ;
#1512 = VERTEX_POINT ( 'NONE', #1812 ) ;
#1513 = CARTESIAN_POINT ( 'NONE',  ( -0.1894430570778469200, -0.1093749999999982200, 0.1562500000000000000 ) ) ;
#1514 = CARTESIAN_POINT ( 'NONE',  ( 0.0000000000000000000, -1.280553747030123700E-017, 0.1875000000000000300 ) ) ;
#1515 = EDGE_LOOP ( 'NONE', ( #2343, #1011 ) ) ;
#1516 = ADVANCED_FACE ( 'NONE', ( #1704, #305 ), #1800, .F. ) ;
#1517 = DIRECTION ( 'NONE',  ( 0.9848077530122063500, -0.1736481776669403200, 0.0000000000000000000 ) ) ;
#1518 = CIRCLE ( 'NONE', #1824, 0.007812499999999999100 ) ;
#1519 = DIRECTION ( 'NONE',  ( 0.8660254037844431500, 0.4999999999999919000, -1.365923996832131400E-016 ) ) ;
#1520 = DIRECTION ( 'NONE',  ( 0.6427876096865298200, -0.7660444431189859000, 0.0000000000000000000 ) ) ;
#1521 = CIRCLE ( 'NONE', #714, 0.03124999999999997900 ) ;
#1522 = ORIENTED_EDGE ( 'NONE', *, *, #2505, .F. ) ;
#1523 = EDGE_CURVE ( 'NONE', #1577, #2662, #641, .T. ) ;
#1524 = ADVANCED_FACE ( 'NONE', ( #1971 ), #1375, .T. ) ;
#1525 = DIRECTION ( 'NONE',  ( -8.779990209372113700E-017, -1.046358487496117500E-016, 1.000000000000000000 ) ) ;
#1526 = AXIS2_PLACEMENT_3D ( 'NONE', #1301, #869, #1258 ) ;
#1527 = DIRECTION ( 'NONE',  ( -4.671735211684882200E-017, 1.283548700377551700E-016, 1.000000000000000000 ) ) ;
#1528 = CARTESIAN_POINT ( 'NONE',  ( -0.1894430570778470600, -0.1093749999999982900, -0.1250000000000000000 ) ) ;
#1529 = EDGE_LOOP ( 'NONE', ( #1548, #699, #2438, #433 ) ) ;
#1530 = ADVANCED_FACE ( 'NONE', ( #341 ), #406, .T. ) ;
#1531 = CARTESIAN_POINT ( 'NONE',  ( 0.0000000000000000000, -0.2756250000000000600, -0.1818749999999999800 ) ) ;
#1532 = AXIS2_PLACEMENT_3D ( 'NONE', #1513, #1475, #2765 ) ;
#1533 = VERTEX_POINT ( 'NONE', #946 ) ;
#1534 = ORIENTED_EDGE ( 'NONE', *, *, #246, .T. ) ;
#1535 = CALENDAR_DATE ( 2023, 10, 1 ) ;
#1536 = AXIS2_PLACEMENT_3D ( 'NONE', #2274, #2070, #203 ) ;
#1537 = EDGE_LOOP ( 'NONE', ( #775, #1213, #2365, #1566 ) ) ;
#1538 = VECTOR ( 'NONE', #2075, 39.37007874015748100 ) ;
#1539 = CARTESIAN_POINT ( 'NONE',  ( 0.1933493070778455300, -0.1026091765329348600, 0.1562500000000000000 ) ) ;
#1540 = DIRECTION ( 'NONE',  ( 8.779990209371974400E-017, -1.046358487496129700E-016, 1.000000000000000000 ) ) ;
#1541 = DIRECTION ( 'NONE',  ( -4.671735211684882200E-017, 1.283548700377551700E-016, 1.000000000000000000 ) ) ;
#1542 = DIRECTION ( 'NONE',  ( -0.9396926207859057600, 0.3420201433256760400, 0.0000000000000000000 ) ) ;
#1543 = CYLINDRICAL_SURFACE ( 'NONE', #1895, 0.007812499999999999100 ) ;
#1544 = CARTESIAN_POINT ( 'NONE',  ( -0.1962088805449129800, -0.1132812499999982000, 0.1250000000000000300 ) ) ;
#1545 = VERTEX_POINT ( 'NONE', #2416 ) ;
#1546 = PERSON ( 'UNSPECIFIED', 'UNSPECIFIED', 'UNSPECIFIED', ('UNSPECIFIED'), ('UNSPECIFIED'), ('UNSPECIFIED') ) ;
#1547 = CIRCLE ( 'NONE', #314, 0.03124999999999995800 ) ;
#1548 = ORIENTED_EDGE ( 'NONE', *, *, #354, .F. ) ;
#1549 = EDGE_CURVE ( 'NONE', #283, #1394, #2691, .T. ) ;
#1550 = PLANE ( 'NONE',  #506 ) ;
#1551 = ORIENTED_EDGE ( 'NONE', *, *, #498, .F. ) ;
#1552 = PLANE ( 'NONE',  #1591 ) ;
#1553 = CARTESIAN_POINT ( 'NONE',  ( 0.07481690635248883200, -0.2055577607969180400, -0.1250000000000000000 ) ) ;
#1554 = DIRECTION ( 'NONE',  ( 4.671735211685055400E-017, 1.283548700377545000E-016, 1.000000000000000000 ) ) ;
#1555 = ORIENTED_EDGE ( 'NONE', *, *, #853, .F. ) ;
#1556 = VECTOR ( 'NONE', #2047, 39.37007874015748100 ) ;
#1557 = CARTESIAN_POINT ( 'NONE',  ( 0.0000000000000000000, -0.2500000000000000600, 0.1875000000000000800 ) ) ;
#1558 = DIRECTION ( 'NONE',  ( -0.3420201433256630500, 0.9396926207859105400, -1.365923996832131400E-016 ) ) ;
#1559 = DIRECTION ( 'NONE',  ( 0.8660254037844433700, 0.4999999999999919500, 0.0000000000000000000 ) ) ;
#1560 = ORIENTED_EDGE ( 'NONE', *, *, #853, .T. ) ;
#1561 = EDGE_CURVE ( 'NONE', #1875, #1834, #153, .T. ) ;
#1562 = EDGE_CURVE ( 'NONE', #91, #972, #1403, .T. ) ;
#1563 = CARTESIAN_POINT ( 'NONE',  ( 0.2462019382530521700, 0.04341204441673184000, 0.1250000000000000300 ) ) ;
#1564 = DIRECTION ( 'NONE',  ( 1.345172542105703400E-016, -2.371902128814434400E-017, 1.000000000000000000 ) ) ;
#1565 = ORIENTED_EDGE ( 'NONE', *, *, #1681, .F. ) ;
#1566 = ORIENTED_EDGE ( 'NONE', *, *, #228, .F. ) ;
#1567 = ADVANCED_FACE ( 'NONE', ( #843 ), #518, .T. ) ;
#1568 = CARTESIAN_POINT ( 'NONE',  ( -0.1826772336107810300, -0.1054687499999983300, 0.1250000000000000300 ) ) ;
#1569 = ORIENTED_EDGE ( 'NONE', *, *, #980, .T. ) ;
#1570 = FACE_OUTER_BOUND ( 'NONE', #220, .T. ) ;
#1571 = AXIS2_PLACEMENT_3D ( 'NONE', #193, #1932, #632 ) ;
#1572 = EDGE_LOOP ( 'NONE', ( #1471, #434 ) ) ;
#1573 = CIRCLE ( 'NONE', #2369, 0.03124999999999996500 ) ;
#1574 = DIRECTION ( 'NONE',  ( 0.8660254037844433700, 0.4999999999999919500, 0.0000000000000000000 ) ) ;
#1575 = LINE ( 'NONE', #137, #1843 ) ;
#1576 = CARTESIAN_POINT ( 'NONE',  ( 0.2154266959714205800, 0.03798553886464035200, 0.1562500000000000000 ) ) ;
#1577 = VERTEX_POINT ( 'NONE', #760 ) ;
#1578 = DIRECTION ( 'NONE',  ( 0.0000000000000000000, -9.106159978880874900E-017, -1.000000000000000000 ) ) ;
#1579 = VECTOR ( 'NONE', #469, 39.37007874015748100 ) ;
#1580 = DIRECTION ( 'NONE',  ( 0.0000000000000000000, -1.000000000000000000, 0.0000000000000000000 ) ) ;
#1581 = VERTEX_POINT ( 'NONE', #1407 ) ;
#1582 = EDGE_CURVE ( 'NONE', #1346, #1755, #2199, .T. ) ;
#1583 = ORIENTED_EDGE ( 'NONE', *, *, #705, .T. ) ;
#1584 = ADVANCED_FACE ( 'NONE', ( #1432 ), #1629, .F. ) ;
#1585 = DATE_TIME_ROLE ( 'creation_date' ) ;
#1586 = DIRECTION ( 'NONE',  ( 0.7660444431189856700, 0.6427876096865301500, 0.0000000000000000000 ) ) ;
#1587 = CARTESIAN_POINT ( 'NONE',  ( -0.1894430570778470600, -0.1093749999999982900, -0.1250000000000000000 ) ) ;
#1588 = FACE_OUTER_BOUND ( 'NONE', #787, .T. ) ;
#1589 = AXIS2_PLACEMENT_3D ( 'NONE', #535, #2653, #755 ) ;
#1590 = LINE ( 'NONE', #1627, #1792 ) ;
#1591 = AXIS2_PLACEMENT_3D ( 'NONE', #2179, #2357, #1519 ) ;
#1592 = EDGE_LOOP ( 'NONE', ( #2324, #996 ) ) ;
#1593 = DIRECTION ( 'NONE',  ( 0.1736481776669268600, -0.9848077530122085800, 0.0000000000000000000 ) ) ;
#1594 = DIRECTION ( 'NONE',  ( -0.0000000000000000000, 9.106159978880874900E-017, 1.000000000000000000 ) ) ;
#1595 = EDGE_CURVE ( 'NONE', #911, #1834, #2432, .T. ) ;
#1596 = DIRECTION ( 'NONE',  ( -1.182924880895398100E-016, 6.829619984160714700E-017, 1.000000000000000000 ) ) ;
#1597 = EDGE_LOOP ( 'NONE', ( #1735, #321, #2113, #858 ) ) ;
#1598 = MANIFOLD_SOLID_BREP ( 'CirPattern1[3]', #2100 ) ;
#1599 = ORIENTED_EDGE ( 'NONE', *, *, #629, .T. ) ;
#1600 = ORIENTED_EDGE ( 'NONE', *, *, #2738, .F. ) ;
#1601 =( NAMED_UNIT ( * ) PLANE_ANGLE_UNIT ( ) SI_UNIT ( $, .RADIAN. ) );
#1602 = AXIS2_PLACEMENT_3D ( 'NONE', #1987, #743, #1153 ) ;
#1603 = LINE ( 'NONE', #2378, #218 ) ;
#1604 = DIRECTION ( 'NONE',  ( -0.0000000000000000000, 9.106159978880874900E-017, 1.000000000000000000 ) ) ;
#1605 = ORIENTED_EDGE ( 'NONE', *, *, #324, .F. ) ;
#1606 = DIRECTION ( 'NONE',  ( 1.000000000000000000, 0.0000000000000000000, 0.0000000000000000000 ) ) ;
#1607 = CIRCLE ( 'NONE', #1935, 0.007812499999999996500 ) ;
#1608 = DIRECTION ( 'NONE',  ( 0.0000000000000000000, 0.0000000000000000000, 1.000000000000000000 ) ) ;
#1609 = CC_DESIGN_APPROVAL ( #1808, ( #1180 ) ) ;
#1610 = CIRCLE ( 'NONE', #361, 0.2812500000000000600 ) ;
#1611 = ORIENTED_EDGE ( 'NONE', *, *, #1561, .T. ) ;
#1612 = VECTOR ( 'NONE', #1540, 39.37007874015748100 ) ;
#1613 = APPROVAL_STATUS ( 'not_yet_approved' ) ;
#1614 = ORIENTED_EDGE ( 'NONE', *, *, #1409, .F. ) ;
#1615 = DIRECTION ( 'NONE',  ( 0.0000000000000000000, 0.0000000000000000000, 1.000000000000000000 ) ) ;
#1616 = EDGE_LOOP ( 'NONE', ( #2087, #192, #2150, #2131 ) ) ;
#1617 = EDGE_CURVE ( 'NONE', #1293, #1181, #710, .T. ) ;
#1618 = DIRECTION ( 'NONE',  ( 0.0000000000000000000, 0.0000000000000000000, -1.000000000000000000 ) ) ;
#1619 = ORIENTED_EDGE ( 'NONE', *, *, #2419, .F. ) ;
#1620 = CARTESIAN_POINT ( 'NONE',  ( 0.0000000000000000000, 0.2187500000000000800, -0.1250000000000000000 ) ) ;
#1621 = AXIS2_PLACEMENT_3D ( 'NONE', #2376, #1962, #910 ) ;
#1622 = DIRECTION ( 'NONE',  ( -0.0000000000000000000, -1.365923996832131600E-016, 1.000000000000000000 ) ) ;
#1623 = CIRCLE ( 'NONE', #758, 0.007812500000000131800 ) ;
#1624 = AXIS2_PLACEMENT_3D ( 'NONE', #2116, #1056, #2335 ) ;
#1625 = CARTESIAN_POINT ( 'NONE',  ( -0.07481690635249159400, -0.2055577607969169600, 0.1250000000000000300 ) ) ;
#1626 = ORIENTED_EDGE ( 'NONE', *, *, #723, .F. ) ;
#1627 = CARTESIAN_POINT ( 'NONE',  ( -0.1465945118307956100, 0.1625504437316020500, 0.1562500000000000000 ) ) ;
#1628 = AXIS2_PLACEMENT_3D ( 'NONE', #2097, #2726, #1242 ) ;
#1629 = PLANE ( 'NONE',  #2571 ) ;
#1630 = EDGE_CURVE ( 'NONE', #66, #2339, #1575, .T. ) ;
#1631 = ADVANCED_FACE ( 'NONE', ( #947, #2127 ), #1845, .F. ) ;
#1632 = CARTESIAN_POINT ( 'NONE',  ( -0.08550503583141894100, -0.2349231551964765000, 0.1250000000000000300 ) ) ;
#1633 = ORIENTED_EDGE ( 'NONE', *, *, #1523, .F. ) ;
#1634 = EDGE_CURVE ( 'NONE', #790, #938, #1142, .T. ) ;
#1635 = CARTESIAN_POINT ( 'NONE',  ( 3.444319122601931000E-017, 0.2812500000000000000, -0.1818750000000000600 ) ) ;
#1636 = EDGE_LOOP ( 'NONE', ( #18, #1842, #1998, #2061 ) ) ;
#1637 = ORIENTED_EDGE ( 'NONE', *, *, #583, .T. ) ;
#1638 = FACE_OUTER_BOUND ( 'NONE', #1305, .T. ) ;
#1639 = AXIS2_PLACEMENT_3D ( 'NONE', #2188, #70, #1558 ) ;
#1640 = CARTESIAN_POINT ( 'NONE',  ( 0.2140700695833977200, 0.04567934943504836600, -0.1562500000000000000 ) ) ;
#1641 = CIRCLE ( 'NONE', #2310, 0.007812499999999990500 ) ;
#1642 = CIRCLE ( 'NONE', #1439, 0.007812500000000130100 ) ;
#1643 = DIRECTION ( 'NONE',  ( -4.671735211684882200E-017, 1.283548700377551700E-016, 1.000000000000000000 ) ) ;
#1644 = ORIENTED_EDGE ( 'NONE', *, *, #2081, .F. ) ;
#1645 = PLANE ( 'NONE',  #1388 ) ;
#1646 = CIRCLE ( 'NONE', #2243, 0.03124999999999997600 ) ;
#1647 = CLOSED_SHELL ( 'NONE', ( #1888, #2363, #1631, #1499, #244, #235 ) ) ;
#1648 = DIRECTION ( 'NONE',  ( 0.0000000000000000000, -1.000000000000000000, 1.681137226870315000E-016 ) ) ;
#1649 = ORIENTED_EDGE ( 'NONE', *, *, #1999, .T. ) ;
#1650 = EDGE_CURVE ( 'NONE', #508, #1889, #1004, .T. ) ;
#1651 = DIRECTION ( 'NONE',  ( -0.0000000000000000000, -0.0000000000000000000, 1.000000000000000000 ) ) ;
#1652 = CYLINDRICAL_SURFACE ( 'NONE', #2126, 0.03124999999999998600 ) ;
#1653 = DIRECTION ( 'NONE',  ( -0.0000000000000000000, 9.106159978880874900E-017, 1.000000000000000000 ) ) ;
#1654 = AXIS2_PLACEMENT_3D ( 'NONE', #2309, #1050, #1473 ) ;
#1655 = CIRCLE ( 'NONE', #2408, 0.007812500000000128400 ) ;
#1656 = CARTESIAN_POINT ( 'NONE',  ( 0.0000000000000000000, 0.2187500000000000600, 0.1250000000000000300 ) ) ;
#1657 = VERTEX_POINT ( 'NONE', #2471 ) ;
#1658 = AXIS2_PLACEMENT_3D ( 'NONE', #1162, #1354, #78 ) ;
#1659 = CARTESIAN_POINT ( 'NONE',  ( 3.827021247335475700E-018, 0.2500000000000000600, 0.1250000000000000300 ) ) ;
#1660 = DIRECTION ( 'NONE',  ( 0.0000000000000000000, 0.0000000000000000000, 1.000000000000000000 ) ) ;
#1661 = CLOSED_SHELL ( 'NONE', ( #2334, #1094, #1423, #2562, #2546, #1524 ) ) ;
#1662 = DIRECTION ( 'NONE',  ( 0.0000000000000000000, -0.0000000000000000000, -1.000000000000000000 ) ) ;
#1663 = EDGE_LOOP ( 'NONE', ( #420, #2584, #581, #2252 ) ) ;
#1664 = VERTEX_POINT ( 'NONE', #2682 ) ;
#1665 = PERSON_AND_ORGANIZATION ( #1546, #736 ) ;
#1666 = CARTESIAN_POINT ( 'NONE',  ( 0.0000000000000000000, 0.2187499999999999400, 0.1562500000000000000 ) ) ;
#1667 = VERTEX_POINT ( 'NONE', #130 ) ;
#1668 = FACE_OUTER_BOUND ( 'NONE', #2020, .T. ) ;
#1669 = AXIS2_PLACEMENT_3D ( 'NONE', #417, #186, #1689 ) ;
#1670 = LINE ( 'NONE', #1304, #337 ) ;
#1671 = ORIENTED_EDGE ( 'NONE', *, *, #438, .F. ) ;
#1672 = AXIS2_PLACEMENT_3D ( 'NONE', #451, #174, #656 ) ;
#1673 = CYLINDRICAL_SURFACE ( 'NONE', #767, 0.2500000000000000600 ) ;
#1674 = VERTEX_POINT ( 'NONE', #1640 ) ;
#1675 = CARTESIAN_POINT ( 'NONE',  ( 0.08215825495237884200, -0.2028857284271861100, -0.1562500000000000000 ) ) ;
#1676 = EDGE_LOOP ( 'NONE', ( #1996, #1569 ) ) ;
#1677 = CARTESIAN_POINT ( 'NONE',  ( 0.1355880114182546900, 0.1615874997204093100, 0.1250000000000000300 ) ) ;
#1678 = VERTEX_POINT ( 'NONE', #2676 ) ;
#1679 = CARTESIAN_POINT ( 'NONE',  ( 0.0000000000000000000, -1.331775896911328400E-017, 0.1818750000000000400 ) ) ;
#1680 = CYLINDRICAL_SURFACE ( 'NONE', #1047, 0.007812499999999990500 ) ;
#1681 = EDGE_CURVE ( 'NONE', #91, #903, #369, .T. ) ;
#1682 = FACE_OUTER_BOUND ( 'NONE', #1020, .T. ) ;
#1683 = CARTESIAN_POINT ( 'NONE',  ( -0.2154266959714202000, 0.03798553886464323100, 0.1250000000000000300 ) ) ;
#1684 = CARTESIAN_POINT ( 'NONE',  ( -0.06412877687356423300, -0.1761923663973574100, 0.1250000000000000300 ) ) ;
#1685 = DIRECTION ( 'NONE',  ( 0.0000000000000000000, -1.000000000000000000, 1.214154663850783400E-016 ) ) ;
#1686 = DIRECTION ( 'NONE',  ( -1.182924880895398100E-016, 6.829619984160714700E-017, 1.000000000000000000 ) ) ;
#1687 = CARTESIAN_POINT ( 'NONE',  ( 0.1406097896189307300, 0.1675722219322762500, -0.1562500000000000000 ) ) ;
#1688 = ORIENTED_EDGE ( 'NONE', *, *, #115, .T. ) ;
#1689 = DIRECTION ( 'NONE',  ( 0.0000000000000000000, -1.000000000000000000, 1.365923996832131400E-016 ) ) ;
#1690 = ORIENTED_EDGE ( 'NONE', *, *, #1326, .F. ) ;
#1691 = ADVANCED_FACE ( 'NONE', ( #1900 ), #267, .F. ) ;
#1692 = CARTESIAN_POINT ( 'NONE',  ( -0.08550503583141896800, -0.2349231551964765200, -0.1250000000000000000 ) ) ;
#1693 = ORIENTED_EDGE ( 'NONE', *, *, #1718, .F. ) ;
#1694 = DIRECTION ( 'NONE',  ( -0.9848077530122086900, -0.1736481776669273600, 0.0000000000000000000 ) ) ;
#1695 = FACE_OUTER_BOUND ( 'NONE', #404, .T. ) ;
#1696 = CALENDAR_DATE ( 2023, 10, 1 ) ;
#1697 = EDGE_CURVE ( 'NONE', #1397, #1026, #2321, .T. ) ;
#1698 = PLANE ( 'NONE',  #1624 ) ;
#1699 = CIRCLE ( 'NONE', #1190, 0.007812500000000128400 ) ;
#1700 = DIRECTION ( 'NONE',  ( 0.7660444431189779000, -0.6427876096865395800, 0.0000000000000000000 ) ) ;
#1701 = PLANE ( 'NONE',  #2766 ) ;
#1702 = EDGE_CURVE ( 'NONE', #117, #1062, #781, .T. ) ;
#1703 = CARTESIAN_POINT ( 'NONE',  ( -0.2077328854010123400, 0.03662891247662026400, 0.1250000000000000300 ) ) ;
#1704 = FACE_BOUND ( 'NONE', #524, .T. ) ;
#1705 = CARTESIAN_POINT ( 'NONE',  ( -0.1406097896189285000, 0.1675722219322782200, 0.1250000000000000300 ) ) ;
#1706 = ORIENTED_EDGE ( 'NONE', *, *, #519, .F. ) ;
#1707 = CIRCLE ( 'NONE', #2039, 0.03124999999999995800 ) ;
#1708 = AXIS2_PLACEMENT_3D ( 'NONE', #2181, #1776, #1542 ) ;
#1709 = ORIENTED_EDGE ( 'NONE', *, *, #2560, .F. ) ;
#1710 = ADVANCED_FACE ( 'NONE', ( #2461 ), #2250, .F. ) ;
#1711 = CARTESIAN_POINT ( 'NONE',  ( -0.08215825495238157600, -0.2028857284271850000, 0.1562500000000000000 ) ) ;
#1712 = ORIENTED_EDGE ( 'NONE', *, *, #555, .F. ) ;
#1713 = CARTESIAN_POINT ( 'NONE',  ( 0.1406097896189308100, 0.1675722219322763100, 0.1250000000000000300 ) ) ;
#1714 = AXIS2_PLACEMENT_3D ( 'NONE', #1563, #1163, #1977 ) ;
#1715 = ORIENTED_EDGE ( 'NONE', *, *, #1966, .T. ) ;
#1716 = DIRECTION ( 'NONE',  ( 0.0000000000000000000, -9.106159978880874900E-017, -1.000000000000000000 ) ) ;
#1717 = CIRCLE ( 'NONE', #2664, 0.03124999999999996500 ) ;
#1718 = EDGE_CURVE ( 'NONE', #567, #1581, #2627, .T. ) ;
#1719 = CIRCLE ( 'NONE', #1382, 0.03124999999999998600 ) ;
#1720 = PLANE ( 'NONE',  #912 ) ;
#1721 = EDGE_CURVE ( 'NONE', #1657, #2005, #2598, .T. ) ;
#1722 = ORIENTED_EDGE ( 'NONE', *, *, #1464, .T. ) ;
#1723 = CARTESIAN_POINT ( 'NONE',  ( 0.2154266959714206700, 0.03798553886464037200, 0.1250000000000000300 ) ) ;
#1724 = CARTESIAN_POINT ( 'NONE',  ( -0.2154266959714202200, 0.03798553886464324500, -0.1250000000000000000 ) ) ;
#1725 = CARTESIAN_POINT ( 'NONE',  ( 0.0000000000000000000, -1.331775896911328500E-017, 0.1818750000000000400 ) ) ;
#1726 = DIRECTION ( 'NONE',  ( 0.7660444431189856700, 0.6427876096865301500, 0.0000000000000000000 ) ) ;
#1727 = ADVANCED_FACE ( 'NONE', ( #1504 ), #2058, .F. ) ;
#1728 = AXIS2_PLACEMENT_3D ( 'NONE', #116, #1212, #345 ) ;
#1729 = AXIS2_PLACEMENT_3D ( 'NONE', #1868, #195, #850 ) ;
#1730 = ORIENTED_EDGE ( 'NONE', *, *, #923, .T. ) ;
#1731 = CARTESIAN_POINT ( 'NONE',  ( 0.07748893872222058200, -0.2128991093968079800, -0.1250000000000000000 ) ) ;
#1732 = CARTESIAN_POINT ( 'NONE',  ( 0.0000000000000000000, 0.2756250000000000600, 0.1874999999999999700 ) ) ;
#1733 = CARTESIAN_POINT ( 'NONE',  ( -0.1894430570778469200, -0.1093749999999982200, -0.1562500000000000000 ) ) ;
#1734 = ORIENTED_EDGE ( 'NONE', *, *, #1284, .T. ) ;
#1735 = ORIENTED_EDGE ( 'NONE', *, *, #1634, .F. ) ;
#1736 = DIRECTION ( 'NONE',  ( 0.0000000000000000000, 0.0000000000000000000, 1.000000000000000000 ) ) ;
#1737 = DIRECTION ( 'NONE',  ( 0.9848077530122062400, -0.1736481776669405700, 0.0000000000000000000 ) ) ;
#1738 = ADVANCED_FACE ( 'NONE', ( #874 ), #811, .F. ) ;
#1739 = DIRECTION ( 'NONE',  ( 0.0000000000000000000, 0.0000000000000000000, 1.000000000000000000 ) ) ;
#1740 = ORIENTED_EDGE ( 'NONE', *, *, #693, .T. ) ;
#1741 = CYLINDRICAL_SURFACE ( 'NONE', #2586, 0.03124999999999998600 ) ;
#1742 = VECTOR ( 'NONE', #2554, 39.37007874015748100 ) ;
#1743 = EDGE_CURVE ( 'NONE', #45, #715, #187, .T. ) ;
#1744 = ADVANCED_FACE ( 'NONE', ( #442 ), #2556, .T. ) ;
#1745 = VERTEX_POINT ( 'NONE', #2486 ) ;
#1746 = CARTESIAN_POINT ( 'NONE',  ( 0.0000000000000000000, -0.2756250000000000600, -0.1874999999999999200 ) ) ;
#1747 = CARTESIAN_POINT ( 'NONE',  ( 3.827021247335475700E-018, 0.2500000000000000600, 0.1250000000000000300 ) ) ;
#1748 = CIRCLE ( 'NONE', #1247, 0.007812500000000128400 ) ;
#1749 = AXIS2_PLACEMENT_3D ( 'NONE', #565, #2045, #2251 ) ;
#1750 = VERTEX_POINT ( 'NONE', #384 ) ;
#1751 = CARTESIAN_POINT ( 'NONE',  ( 0.1846514536897891900, 0.03255903331254889800, 0.1250000000000000300 ) ) ;
#1752 = CARTESIAN_POINT ( 'NONE',  ( 0.2077328854010128100, 0.03662891247661750900, -0.1250000000000000000 ) ) ;
#1753 = EDGE_LOOP ( 'NONE', ( #686, #1619 ) ) ;
#1754 = APPROVAL ( #1613, 'UNSPECIFIED' ) ;
#1755 = VERTEX_POINT ( 'NONE', #1876 ) ;
#1756 = EDGE_LOOP ( 'NONE', ( #1183, #1583, #1611, #538 ) ) ;
#1757 = FACE_OUTER_BOUND ( 'NONE', #2667, .T. ) ;
#1758 = CARTESIAN_POINT ( 'NONE',  ( -0.08550503583141896800, -0.2349231551964765000, 0.1250000000000000300 ) ) ;
#1759 = CARTESIAN_POINT ( 'NONE',  ( -0.1894430570778470000, -0.1093749999999982700, 0.1250000000000000300 ) ) ;
#1760 = ORIENTED_EDGE ( 'NONE', *, *, #121, .T. ) ;
#1761 = FACE_OUTER_BOUND ( 'NONE', #2548, .T. ) ;
#1762 = DIRECTION ( 'NONE',  ( 0.0000000000000000000, -0.0000000000000000000, 1.000000000000000000 ) ) ;
#1763 = EDGE_CURVE ( 'NONE', #332, #1983, #1937, .T. ) ;
#1764 = CARTESIAN_POINT ( 'NONE',  ( -0.1894430570778469200, -0.1093749999999982200, 0.1562500000000000000 ) ) ;
#1765 = EDGE_CURVE ( 'NONE', #77, #982, #2030, .T. ) ;
#1766 = CARTESIAN_POINT ( 'NONE',  ( 0.1623797632095819200, -0.09375000000000080500, 0.1250000000000000300 ) ) ;
#1767 = DIRECTION ( 'NONE',  ( 0.0000000000000000000, 0.0000000000000000000, 1.000000000000000000 ) ) ;
#1768 = ORIENTED_EDGE ( 'NONE', *, *, #763, .F. ) ;
#1769 = DIRECTION ( 'NONE',  ( -0.0000000000000000000, 9.106159978880874900E-017, 1.000000000000000000 ) ) ;
#1770 = AXIS2_PLACEMENT_3D ( 'NONE', #1048, #2736, #1266 ) ;
#1771 = ORIENTED_EDGE ( 'NONE', *, *, #2738, .T. ) ;
#1772 = AXIS2_PLACEMENT_3D ( 'NONE', #375, #1036, #1019 ) ;
#1773 = EDGE_LOOP ( 'NONE', ( #1021, #1371 ) ) ;
#1774 = DIRECTION ( 'NONE',  ( -4.671735211684882200E-017, 1.283548700377551700E-016, 1.000000000000000000 ) ) ;
#1775 = VECTOR ( 'NONE', #2515, 39.37007874015748100 ) ;
#1776 = DIRECTION ( 'NONE',  ( 0.0000000000000000000, 0.0000000000000000000, 1.000000000000000000 ) ) ;
#1777 = CYLINDRICAL_SURFACE ( 'NONE', #961, 0.2031250000000000300 ) ;
#1778 = EDGE_CURVE ( 'NONE', #1678, #1404, #2094, .T. ) ;
#1779 = LINE ( 'NONE', #1766, #2395 ) ;
#1780 = VERTEX_POINT ( 'NONE', #605 ) ;
#1781 = EDGE_CURVE ( 'NONE', #237, #329, #2489, .T. ) ;
#1782 = FACE_OUTER_BOUND ( 'NONE', #2386, .T. ) ;
#1783 = CARTESIAN_POINT ( 'NONE',  ( -0.1406097896189285000, 0.1675722219322782200, 0.1250000000000000300 ) ) ;
#1784 = CLOSED_SHELL ( 'NONE', ( #1862, #862, #17, #225, #476, #718 ) ) ;
#1785 = AXIS2_PLACEMENT_3D ( 'NONE', #1818, #1182, #1841 ) ;
#1786 = ORIENTED_EDGE ( 'NONE', *, *, #1038, .T. ) ;
#1787 = CARTESIAN_POINT ( 'NONE',  ( 0.1933493070778455300, -0.1026091765329348600, -0.1562500000000000000 ) ) ;
#1788 = FACE_OUTER_BOUND ( 'NONE', #1103, .T. ) ;
#1789 =( LENGTH_UNIT ( ) NAMED_UNIT ( * ) SI_UNIT ( $, .METRE. ) );
#1790 = DIRECTION ( 'NONE',  ( -0.0000000000000000000, 9.106159978880874900E-017, 1.000000000000000000 ) ) ;
#1791 = DIRECTION ( 'NONE',  ( -0.1736481776669404600, -0.9848077530122062400, 0.0000000000000000000 ) ) ;
#1792 = VECTOR ( 'NONE', #764, 39.37007874015748100 ) ;
#1793 = CARTESIAN_POINT ( 'NONE',  ( 0.1346250674070636200, 0.1725940001329524200, 0.1562500000000000000 ) ) ;
#1794 = CARTESIAN_POINT ( 'NONE',  ( -0.1465945118307956100, 0.1625504437316020500, -0.1562500000000000000 ) ) ;
#1795 = ORIENTED_EDGE ( 'NONE', *, *, #1850, .F. ) ;
#1796 = DIRECTION ( 'NONE',  ( -1.345172542105706600E-016, -2.371902128814255000E-017, 1.000000000000000000 ) ) ;
#1797 = ORIENTED_EDGE ( 'NONE', *, *, #2342, .F. ) ;
#1798 = EDGE_CURVE ( 'NONE', #2164, #2224, #1302, .T. ) ;
#1799 = AXIS2_PLACEMENT_3D ( 'NONE', #4, #1492, #888 ) ;
#1800 = PLANE ( 'NONE',  #1714 ) ;
#1801 = DIRECTION ( 'NONE',  ( 0.8660254037844442600, 0.4999999999999906200, 0.0000000000000000000 ) ) ;
#1802 = ORIENTED_EDGE ( 'NONE', *, *, #1395, .T. ) ;
#1803 = CARTESIAN_POINT ( 'NONE',  ( 0.0000000000000000000, -4.410796239770424700E-017, -0.1562500000000000000 ) ) ;
#1804 = CARTESIAN_POINT ( 'NONE',  ( 0.1355880114182547200, 0.1615874997204093400, -0.1250000000000000000 ) ) ;
#1805 = ORIENTED_EDGE ( 'NONE', *, *, #1848, .F. ) ;
#1806 = ORIENTED_EDGE ( 'NONE', *, *, #2527, .T. ) ;
#1807 = EDGE_LOOP ( 'NONE', ( #872, #1939, #882, #1292 ) ) ;
#1808 = APPROVAL ( #2660, 'UNSPECIFIED' ) ;
#1809 = ORIENTED_EDGE ( 'NONE', *, *, #2081, .T. ) ;
#1810 = LINE ( 'NONE', #382, #1538 ) ;
#1811 = MANIFOLD_SOLID_BREP ( 'CirPattern1[14]', #1661 ) ;
#1812 = CARTESIAN_POINT ( 'NONE',  ( 0.1962088805449114500, -0.1132812500000009900, 0.1250000000000000300 ) ) ;
#1813 = FACE_OUTER_BOUND ( 'NONE', #1184, .T. ) ;
#1814 = ORIENTED_EDGE ( 'NONE', *, *, #1562, .T. ) ;
#1815 = LINE ( 'NONE', #1557, #1579 ) ;
#1816 = EDGE_CURVE ( 'NONE', #2170, #209, #223, .T. ) ;
#1817 = ORIENTED_EDGE ( 'NONE', *, *, #324, .T. ) ;
#1818 = CARTESIAN_POINT ( 'NONE',  ( 0.07481690635248879100, -0.2055577607969179000, 0.1562500000000000000 ) ) ;
#1819 = AXIS2_PLACEMENT_3D ( 'NONE', #739, #1357, #2218 ) ;
#1820 = ORIENTED_EDGE ( 'NONE', *, *, #1718, .T. ) ;
#1821 = APPLICATION_CONTEXT ( 'configuration controlled 3d designs of mechanical parts and assemblies' ) ;
#1822 = DIRECTION ( 'NONE',  ( 1.000000000000000000, 0.0000000000000000000, 0.0000000000000000000 ) ) ;
#1823 = ORIENTED_EDGE ( 'NONE', *, *, #135, .T. ) ;
#1824 = AXIS2_PLACEMENT_3D ( 'NONE', #2160, #1121, #1979 ) ;
#1825 = FACE_OUTER_BOUND ( 'NONE', #716, .T. ) ;
#1826 = FACE_OUTER_BOUND ( 'NONE', #2470, .T. ) ;
#1827 = CARTESIAN_POINT ( 'NONE',  ( -0.1406097896189285000, 0.1675722219322782200, 0.1250000000000000300 ) ) ;
#1828 = AXIS2_PLACEMENT_3D ( 'NONE', #2430, #2623, #323 ) ;
#1829 = DIRECTION ( 'NONE',  ( 0.8660254037844433700, 0.4999999999999919500, 0.0000000000000000000 ) ) ;
#1830 = CARTESIAN_POINT ( 'NONE',  ( -0.1406097896189285300, 0.1675722219322782500, -0.1250000000000000000 ) ) ;
#1831 = PLANE ( 'NONE',  #1012 ) ;
#1832 = EDGE_CURVE ( 'NONE', #2339, #15, #1547, .T. ) ;
#1833 = CARTESIAN_POINT ( 'NONE',  ( -0.2154266959714200800, 0.03798553886464321700, -0.1562500000000000000 ) ) ;
#1834 = VERTEX_POINT ( 'NONE', #1468 ) ;
#1835 = VERTEX_POINT ( 'NONE', #1054 ) ;
#1836 = APPROVAL_DATE_TIME ( #1290, #1754 ) ;
#1837 = EDGE_LOOP ( 'NONE', ( #2205, #2522 ) ) ;
#1838 = CIRCLE ( 'NONE', #1291, 0.007812500000000128400 ) ;
#1839 = AXIS2_PLACEMENT_3D ( 'NONE', #926, #2398, #1133 ) ;
#1840 = CIRCLE ( 'NONE', #619, 0.2756250000000000600 ) ;
#1841 = DIRECTION ( 'NONE',  ( -0.9396926207859106500, -0.3420201433256630500, 0.0000000000000000000 ) ) ;
#1842 = ORIENTED_EDGE ( 'NONE', *, *, #1347, .T. ) ;
#1843 = VECTOR ( 'NONE', #2049, 39.37007874015748100 ) ;
#1844 = ORIENTED_EDGE ( 'NONE', *, *, #2154, .T. ) ;
#1845 = PLANE ( 'NONE',  #339 ) ;
#1846 = CIRCLE ( 'NONE', #754, 0.2500000000000000600 ) ;
#1847 = ORIENTED_EDGE ( 'NONE', *, *, #2259, .F. ) ;
#1848 = EDGE_CURVE ( 'NONE', #1889, #77, #2455, .T. ) ;
#1849 = EDGE_LOOP ( 'NONE', ( #795, #2561, #342, #801 ) ) ;
#1850 = EDGE_CURVE ( 'NONE', #1755, #1346, #1466, .T. ) ;
#1851 = LINE ( 'NONE', #1138, #886 ) ;
#1852 = AXIS2_PLACEMENT_3D ( 'NONE', #1085, #1297, #2563 ) ;
#1853 = ORIENTED_EDGE ( 'NONE', *, *, #2674, .T. ) ;
#1854 = AXIS2_PLACEMENT_3D ( 'NONE', #439, #2319, #1921 ) ;
#1855 = DIRECTION ( 'NONE',  ( 0.0000000000000000000, 0.0000000000000000000, 1.000000000000000000 ) ) ;
#1856 = DIRECTION ( 'NONE',  ( 0.0000000000000000000, -1.000000000000000000, 1.681137226870315000E-016 ) ) ;
#1857 = ORIENTED_EDGE ( 'NONE', *, *, #135, .F. ) ;
#1858 = EDGE_CURVE ( 'NONE', #1667, #1943, #983, .T. ) ;
#1859 = CARTESIAN_POINT ( 'NONE',  ( 0.007812500000000130100, 0.2187499999999999400, 0.1562500000000000000 ) ) ;
#1860 = ORIENTED_EDGE ( 'NONE', *, *, #1022, .T. ) ;
#1861 = EDGE_LOOP ( 'NONE', ( #2239, #28 ) ) ;
#1862 = ADVANCED_FACE ( 'NONE', ( #628 ), #621, .T. ) ;
#1863 = LINE ( 'NONE', #2303, #1775 ) ;
#1864 = VECTOR ( 'NONE', #917, 39.37007874015748100 ) ;
#1865 = EDGE_LOOP ( 'NONE', ( #1771, #2223 ) ) ;
#1866 = DIRECTION ( 'NONE',  ( 0.0000000000000000000, 0.0000000000000000000, 1.000000000000000000 ) ) ;
#1867 = CIRCLE ( 'NONE', #108, 0.007812500000000130100 ) ;
#1868 = CARTESIAN_POINT ( 'NONE',  ( 0.0000000000000000000, -4.644141589229247100E-017, -0.1818750000000000400 ) ) ;
#1869 = VECTOR ( 'NONE', #1434, 39.37007874015748100 ) ;
#1870 = AXIS2_PLACEMENT_3D ( 'NONE', #273, #2575, #2226 ) ;
#1871 = DIRECTION ( 'NONE',  ( 0.3420201433256751500, 0.9396926207859061000, 0.0000000000000000000 ) ) ;
#1872 = VERTEX_POINT ( 'NONE', #90 ) ;
#1873 = CIRCLE ( 'NONE', #625, 0.007812500000000001700 ) ;
#1874 = DIRECTION ( 'NONE',  ( 0.7660444431189856700, 0.6427876096865301500, 0.0000000000000000000 ) ) ;
#1875 = VERTEX_POINT ( 'NONE', #956 ) ;
#1876 = CARTESIAN_POINT ( 'NONE',  ( -0.07748893872222345500, -0.2128991093968068700, -0.1250000000000000000 ) ) ;
#1877 = ORIENTED_EDGE ( 'NONE', *, *, #65, .F. ) ;
#1878 = ADVANCED_FACE ( 'NONE', ( #2333 ), #2734, .T. ) ;
#1879 = EDGE_CURVE ( 'NONE', #283, #790, #694, .T. ) ;
#1880 = FACE_OUTER_BOUND ( 'NONE', #2249, .T. ) ;
#1881 = AXIS2_PLACEMENT_3D ( 'NONE', #2271, #1910, #1480 ) ;
#1882 = DIRECTION ( 'NONE',  ( 0.0000000000000000000, -1.000000000000000000, -1.365923996832131600E-016 ) ) ;
#1883 = AXIS2_PLACEMENT_3D ( 'NONE', #126, #1618, #336 ) ;
#1884 = CYLINDRICAL_SURFACE ( 'NONE', #2426, 0.007812499999999996500 ) ;
#1885 = DIRECTION ( 'NONE',  ( 0.4999999999999919000, -0.8660254037844431500, 0.0000000000000000000 ) ) ;
#1886 = EDGE_LOOP ( 'NONE', ( #363, #1990, #1363, #1131 ) ) ;
#1887 = DIRECTION ( 'NONE',  ( 0.0000000000000000000, -1.000000000000000000, 1.681137226870315500E-016 ) ) ;
#1888 = ADVANCED_FACE ( 'NONE', ( #1761 ), #657, .T. ) ;
#1889 = VERTEX_POINT ( 'NONE', #1635 ) ;
#1890 = DIRECTION ( 'NONE',  ( 0.7660444431189779000, -0.6427876096865395800, 0.0000000000000000000 ) ) ;
#1891 = EDGE_CURVE ( 'NONE', #2366, #2105, #1590, .T. ) ;
#1892 = EDGE_LOOP ( 'NONE', ( #844, #2399 ) ) ;
#1893 = ORIENTED_EDGE ( 'NONE', *, *, #1096, .F. ) ;
#1894 = VECTOR ( 'NONE', #1249, 39.37007874015748100 ) ;
#1895 = AXIS2_PLACEMENT_3D ( 'NONE', #1159, #1995, #1149 ) ;
#1896 = DIRECTION ( 'NONE',  ( 0.1736481776669268600, -0.9848077530122085800, 0.0000000000000000000 ) ) ;
#1897 = CIRCLE ( 'NONE', #2543, 0.03124999999999996200 ) ;
#1898 = ORIENTED_EDGE ( 'NONE', *, *, #2112, .F. ) ;
#1899 = AXIS2_PLACEMENT_3D ( 'NONE', #48, #1959, #39 ) ;
#1900 = FACE_OUTER_BOUND ( 'NONE', #922, .T. ) ;
#1901 = ADVANCED_FACE ( 'NONE', ( #1122 ), #1884, .F. ) ;
#1902 = ORIENTED_EDGE ( 'NONE', *, *, #82, .F. ) ;
#1903 = AXIS2_PLACEMENT_3D ( 'NONE', #405, #155, #1890 ) ;
#1904 = DIRECTION ( 'NONE',  ( -1.182924880895397600E-016, 6.829619984160714700E-017, 1.000000000000000000 ) ) ;
#1905 = DIRECTION ( 'NONE',  ( 0.0000000000000000000, -1.000000000000000000, 1.681137226870315000E-016 ) ) ;
#1906 = ORIENTED_EDGE ( 'NONE', *, *, #2046, .T. ) ;
#1907 = CARTESIAN_POINT ( 'NONE',  ( 0.0000000000000000000, 0.2500000000000000600, -0.1562500000000000000 ) ) ;
#1908 = ORIENTED_EDGE ( 'NONE', *, *, #1154, .F. ) ;
#1909 = EDGE_CURVE ( 'NONE', #1972, #1028, #2675, .T. ) ;
#1910 = DIRECTION ( 'NONE',  ( 1.345172542105703400E-016, -2.371902128814434100E-017, 1.000000000000000000 ) ) ;
#1911 = CARTESIAN_POINT ( 'NONE',  ( 0.1894430570778455300, -0.1093750000000009400, -0.1250000000000000000 ) ) ;
#1912 = EDGE_CURVE ( 'NONE', #1031, #849, #2704, .T. ) ;
#1913 = VECTOR ( 'NONE', #532, 39.37007874015748100 ) ;
#1914 = DIRECTION ( 'NONE',  ( 0.0000000000000000000, -9.106159978880874900E-017, -1.000000000000000000 ) ) ;
#1915 = CARTESIAN_POINT ( 'NONE',  ( 0.1606969024216351500, 0.1915111107797443400, 0.1250000000000000300 ) ) ;
#1916 = CARTESIAN_POINT ( 'NONE',  ( 0.0000000000000000000, -1.280553747030123400E-017, 0.1875000000000000600 ) ) ;
#1917 = ADVANCED_FACE ( 'NONE', ( #2609 ), #2023, .F. ) ;
#1918 = DIRECTION ( 'NONE',  ( 1.000000000000000000, 1.224646799147353200E-016, -1.115182967066019300E-032 ) ) ;
#1919 = MANIFOLD_SOLID_BREP ( 'Revolve3', #1099 ) ;
#1920 = DIRECTION ( 'NONE',  ( -0.9848077530122086900, -0.1736481776669268300, 0.0000000000000000000 ) ) ;
#1921 = DIRECTION ( 'NONE',  ( -0.5000000000000025500, -0.8660254037844372600, 0.0000000000000000000 ) ) ;
#1922 = DIRECTION ( 'NONE',  ( 4.671735211685056000E-017, 1.283548700377545000E-016, 1.000000000000000000 ) ) ;
#1923 = CARTESIAN_POINT ( 'NONE',  ( 0.0000000000000000000, -1.331775896911328400E-017, 0.1818750000000000400 ) ) ;
#1924 = EDGE_LOOP ( 'NONE', ( #1844, #1860 ) ) ;
#1925 = EDGE_LOOP ( 'NONE', ( #1401, #1693 ) ) ;
#1926 = ORIENTED_EDGE ( 'NONE', *, *, #2429, .F. ) ;
#1927 = FACE_OUTER_BOUND ( 'NONE', #1112, .T. ) ;
#1928 = SHAPE_DEFINITION_REPRESENTATION ( #2491, #1220 ) ;
#1929 = EDGE_CURVE ( 'NONE', #117, #1512, #2270, .T. ) ;
#1930 = ADVANCED_FACE ( 'NONE', ( #6 ), #822, .T. ) ;
#1931 = ORIENTED_EDGE ( 'NONE', *, *, #633, .F. ) ;
#1932 = DIRECTION ( 'NONE',  ( 1.182924880895407400E-016, 6.829619984160548300E-017, 1.000000000000000000 ) ) ;
#1933 = CIRCLE ( 'NONE', #1025, 0.2812500000000000600 ) ;
#1934 = DIRECTION ( 'NONE',  ( 4.671735211684879200E-017, -1.283548700377551000E-016, -1.000000000000000000 ) ) ;
#1935 = AXIS2_PLACEMENT_3D ( 'NONE', #1783, #2567, #553 ) ;
#1936 = CARTESIAN_POINT ( 'NONE',  ( -0.06412877687356424700, -0.1761923663973574400, -0.1250000000000000000 ) ) ;
#1937 = CIRCLE ( 'NONE', #2043, 0.007812500000000135300 ) ;
#1938 = DIRECTION ( 'NONE',  ( 0.0000000000000000000, 1.000000000000000000, -1.238933330459983100E-016 ) ) ;
#1939 = ORIENTED_EDGE ( 'NONE', *, *, #396, .F. ) ;
#1940 = CIRCLE ( 'NONE', #1161, 0.007812500000000121400 ) ;
#1941 = EDGE_LOOP ( 'NONE', ( #740, #690, #1086, #1644 ) ) ;
#1942 = CARTESIAN_POINT ( 'NONE',  ( 0.1894430570778454500, -0.1093750000000008900, 0.1562500000000000000 ) ) ;
#1943 = VERTEX_POINT ( 'NONE', #1405 ) ;
#1944 = DIRECTION ( 'NONE',  ( 4.671735211685056000E-017, 1.283548700377545000E-016, 1.000000000000000000 ) ) ;
#1945 = DIRECTION ( 'NONE',  ( -1.345172542105706600E-016, -2.371902128814255000E-017, 1.000000000000000000 ) ) ;
#1946 = ADVANCED_FACE ( 'NONE', ( #1386 ), #2656, .F. ) ;
#1947 = DIRECTION ( 'NONE',  ( 0.0000000000000000000, 0.0000000000000000000, 1.000000000000000000 ) ) ;
#1948 = FACE_OUTER_BOUND ( 'NONE', #1253, .T. ) ;
#1949 = EDGE_CURVE ( 'NONE', #1404, #12, #1189, .T. ) ;
#1950 = CIRCLE ( 'NONE', #833, 0.007812499999999993900 ) ;
#1951 = CARTESIAN_POINT ( 'NONE',  ( -0.1855368070778468900, -0.1161408234670642900, 0.1562500000000000000 ) ) ;
#1952 = ORIENTED_EDGE ( 'NONE', *, *, #814, .F. ) ;
#1953 = CARTESIAN_POINT ( 'NONE',  ( 9.567553118338731600E-019, 0.2265625000000000800, -0.1250000000000000000 ) ) ;
#1954 = ADVANCED_FACE ( 'NONE', ( #243 ), #352, .F. ) ;
#1955 = CARTESIAN_POINT ( 'NONE',  ( 0.1826772336107796400, -0.1054687500000009000, 0.1250000000000000300 ) ) ;
#1956 = AXIS2_PLACEMENT_3D ( 'NONE', #1907, #1716, #5 ) ;
#1957 = AXIS2_PLACEMENT_3D ( 'NONE', #280, #303, #1137 ) ;
#1958 = ORIENTED_EDGE ( 'NONE', *, *, #1982, .F. ) ;
#1959 = DIRECTION ( 'NONE',  ( -0.0000000000000000000, 9.106159978880874900E-017, 1.000000000000000000 ) ) ;
#1960 = DIRECTION ( 'NONE',  ( -1.345172542105706600E-016, -2.371902128814255000E-017, 1.000000000000000000 ) ) ;
#1961 = EDGE_LOOP ( 'NONE', ( #1690, #2036 ) ) ;
#1962 = DIRECTION ( 'NONE',  ( -1.182924880895398100E-016, 6.829619984160714700E-017, 1.000000000000000000 ) ) ;
#1963 = VERTEX_POINT ( 'NONE', #981 ) ;
#1964 = CYLINDRICAL_SURFACE ( 'NONE', #1589, 0.007812500000000001700 ) ;
#1965 = FACE_OUTER_BOUND ( 'NONE', #67, .T. ) ;
#1966 = EDGE_CURVE ( 'NONE', #1392, #911, #76, .T. ) ;
#1967 = ORIENTED_EDGE ( 'NONE', *, *, #1850, .T. ) ;
#1968 = MANIFOLD_SOLID_BREP ( 'CirPattern1[12]', #1236 ) ;
#1969 = DIRECTION ( 'NONE',  ( -0.3420201433256632200, 0.9396926207859104300, 0.0000000000000000000 ) ) ;
#1970 = DIRECTION ( 'NONE',  ( 0.0000000000000000000, 0.0000000000000000000, -1.000000000000000000 ) ) ;
#1971 = FACE_OUTER_BOUND ( 'NONE', #615, .T. ) ;
#1972 = VERTEX_POINT ( 'NONE', #968 ) ;
#1973 = DIRECTION ( 'NONE',  ( 1.345172542105703400E-016, -2.371902128814434100E-017, 1.000000000000000000 ) ) ;
#1974 = DIRECTION ( 'NONE',  ( 0.7660444431189859000, 0.6427876096865300400, 0.0000000000000000000 ) ) ;
#1975 = EDGE_LOOP ( 'NONE', ( #226, #466 ) ) ;
#1976 = VERTEX_POINT ( 'NONE', #566 ) ;
#1977 = DIRECTION ( 'NONE',  ( 0.9848077530122085800, 0.1736481776669273600, 1.365923996832131600E-016 ) ) ;
#1978 = DIRECTION ( 'NONE',  ( 0.3420201433256756500, 0.9396926207859058700, 0.0000000000000000000 ) ) ;
#1979 = DIRECTION ( 'NONE',  ( -0.6427876096865409200, -0.7660444431189767900, 0.0000000000000000000 ) ) ;
#1980 = CIRCLE ( 'NONE', #2184, 0.007812499999999996500 ) ;
#1981 = DIRECTION ( 'NONE',  ( -1.345172542105706600E-016, -2.371902128814255000E-017, 1.000000000000000000 ) ) ;
#1982 = EDGE_CURVE ( 'NONE', #1983, #332, #1250, .T. ) ;
#1983 = VERTEX_POINT ( 'NONE', #793 ) ;
#1984 = EDGE_CURVE ( 'NONE', #1028, #1972, #562, .T. ) ;
#1985 = DIRECTION ( 'NONE',  ( 0.0000000000000000000, 0.0000000000000000000, 1.000000000000000000 ) ) ;
#1986 = DIRECTION ( 'NONE',  ( 0.0000000000000000000, 0.0000000000000000000, 1.000000000000000000 ) ) ;
#1987 = CARTESIAN_POINT ( 'NONE',  ( -0.07481690635249159400, -0.2055577607969169600, 0.1250000000000000300 ) ) ;
#1988 = AXIS2_PLACEMENT_3D ( 'NONE', #441, #1260, #2536 ) ;
#1989 = VERTEX_POINT ( 'NONE', #2082 ) ;
#1990 = ORIENTED_EDGE ( 'NONE', *, *, #1135, .F. ) ;
#1991 = ORIENTED_EDGE ( 'NONE', *, *, #1816, .F. ) ;
#1992 = VECTOR ( 'NONE', #459, 39.37007874015748100 ) ;
#1993 = PERSON_AND_ORGANIZATION ( #1546, #736 ) ;
#1994 = CARTESIAN_POINT ( 'NONE',  ( -0.2462019382530515900, 0.04341204441673512200, 0.1250000000000000300 ) ) ;
#1995 = DIRECTION ( 'NONE',  ( -8.779990209372117400E-017, -1.046358487496117900E-016, 1.000000000000000000 ) ) ;
#1996 = ORIENTED_EDGE ( 'NONE', *, *, #1264, .T. ) ;
#1997 = LINE ( 'NONE', #2247, #2315 ) ;
#1998 = ORIENTED_EDGE ( 'NONE', *, *, #454, .F. ) ;
#1999 = EDGE_CURVE ( 'NONE', #2423, #2256, #590, .T. ) ;
#2000 = FACE_OUTER_BOUND ( 'NONE', #2254, .T. ) ;
#2001 = ORIENTED_EDGE ( 'NONE', *, *, #85, .T. ) ;
#2002 = DIRECTION ( 'NONE',  ( -8.779990209372117400E-017, -1.046358487496117900E-016, 1.000000000000000000 ) ) ;
#2003 = DIRECTION ( 'NONE',  ( 1.345172542105703400E-016, -2.371902128814434100E-017, 1.000000000000000000 ) ) ;
#2004 = DIRECTION ( 'NONE',  ( -0.3420201433256631600, 0.9396926207859105400, 0.0000000000000000000 ) ) ;
#2005 = VERTEX_POINT ( 'NONE', #1454 ) ;
#2006 = AXIS2_PLACEMENT_3D ( 'NONE', #2673, #370, #1856 ) ;
#2007 = AXIS2_PLACEMENT_3D ( 'NONE', #2439, #930, #955 ) ;
#2008 = CYLINDRICAL_SURFACE ( 'NONE', #1374, 0.007812499999999996500 ) ;
#2009 = CARTESIAN_POINT ( 'NONE',  ( 0.06747555775259873900, -0.2082297931666496900, 0.1562500000000000000 ) ) ;
#2010 = CIRCLE ( 'NONE', #521, 0.007812499999999996500 ) ;
#2011 = DIRECTION ( 'NONE',  ( -4.671735211684882200E-017, 1.283548700377551700E-016, 1.000000000000000000 ) ) ;
#2012 = CARTESIAN_POINT ( 'NONE',  ( 0.2154266959714206700, 0.03798553886464037200, 0.1250000000000000300 ) ) ;
#2013 = EDGE_CURVE ( 'NONE', #158, #1750, #1719, .T. ) ;
#2014 = AXIS2_PLACEMENT_3D ( 'NONE', #176, #639, #1874 ) ;
#2015 = DIRECTION ( 'NONE',  ( 8.779990209371972000E-017, -1.046358487496129600E-016, 1.000000000000000000 ) ) ;
#2016 = EDGE_LOOP ( 'NONE', ( #1283, #1333 ) ) ;
#2017 = CARTESIAN_POINT ( 'NONE',  ( 0.07481690635248883200, -0.2055577607969180100, 0.1250000000000000300 ) ) ;
#2018 = VERTEX_POINT ( 'NONE', #599 ) ;
#2019 = AXIS2_PLACEMENT_3D ( 'NONE', #1553, #260, #493 ) ;
#2020 = EDGE_LOOP ( 'NONE', ( #1241, #1637, #830, #2383 ) ) ;
#2021 = PRODUCT_RELATED_PRODUCT_CATEGORY ( 'detail', '', ( #44 ) ) ;
#2022 = PERSON_AND_ORGANIZATION ( #1546, #736 ) ;
#2023 = PLANE ( 'NONE',  #181 ) ;
#2024 = ORIENTED_EDGE ( 'NONE', *, *, #901, .F. ) ;
#2025 = FACE_OUTER_BOUND ( 'NONE', #114, .T. ) ;
#2026 = DIRECTION ( 'NONE',  ( 0.0000000000000000000, -1.000000000000000000, 1.681137226870315000E-016 ) ) ;
#2027 = LINE ( 'NONE', #316, #1742 ) ;
#2028 = ORIENTED_EDGE ( 'NONE', *, *, #2046, .F. ) ;
#2029 = DIRECTION ( 'NONE',  ( 0.6427876096865302600, -0.7660444431189856700, 0.0000000000000000000 ) ) ;
#2030 = CIRCLE ( 'NONE', #426, 0.2812500000000000600 ) ;
#2031 = EDGE_CURVE ( 'NONE', #1976, #45, #37, .T. ) ;
#2032 = AXIS2_PLACEMENT_3D ( 'NONE', #213, #1945, #1508 ) ;
#2033 = ORIENTED_EDGE ( 'NONE', *, *, #1445, .F. ) ;
#2034 = CARTESIAN_POINT ( 'NONE',  ( 0.0000000000000000000, 0.2187499999999999400, 0.1562500000000000000 ) ) ;
#2035 = EDGE_CURVE ( 'NONE', #1072, #412, #1655, .T. ) ;
#2036 = ORIENTED_EDGE ( 'NONE', *, *, #705, .F. ) ;
#2037 = DIRECTION ( 'NONE',  ( 0.0000000000000000000, -1.000000000000000000, 0.0000000000000000000 ) ) ;
#2038 = EDGE_LOOP ( 'NONE', ( #703, #998 ) ) ;
#2039 = AXIS2_PLACEMENT_3D ( 'NONE', #281, #50, #896 ) ;
#2040 = AXIS2_PLACEMENT_3D ( 'NONE', #2123, #854, #1726 ) ;
#2041 = CIRCLE ( 'NONE', #1243, 0.03124999999999996500 ) ;
#2042 = CARTESIAN_POINT ( 'NONE',  ( 0.1894430570778455300, -0.1093750000000009300, 0.1250000000000000300 ) ) ;
#2043 = AXIS2_PLACEMENT_3D ( 'NONE', #391, #835, #2088 ) ;
#2044 = AXIS2_PLACEMENT_3D ( 'NONE', #1222, #2689, #380 ) ;
#2045 = DIRECTION ( 'NONE',  ( -0.0000000000000000000, 0.0000000000000000000, -1.000000000000000000 ) ) ;
#2046 = EDGE_CURVE ( 'NONE', #903, #1329, #1084, .T. ) ;
#2047 = DIRECTION ( 'NONE',  ( 0.0000000000000000000, 0.0000000000000000000, 1.000000000000000000 ) ) ;
#2048 = EDGE_LOOP ( 'NONE', ( #101, #949 ) ) ;
#2049 = DIRECTION ( 'NONE',  ( -1.345172542105706600E-016, -2.371902128814255000E-017, 1.000000000000000000 ) ) ;
#2050 = ORIENTED_EDGE ( 'NONE', *, *, #1765, .T. ) ;
#2051 = ORIENTED_EDGE ( 'NONE', *, *, #1582, .F. ) ;
#2052 = CARTESIAN_POINT ( 'NONE',  ( 0.0000000000000000000, -4.695363739110451500E-017, -0.1874999999999999400 ) ) ;
#2053 = FACE_BOUND ( 'NONE', #148, .T. ) ;
#2054 = CALENDAR_DATE ( 2023, 10, 1 ) ;
#2055 = DIRECTION ( 'NONE',  ( 8.779990209371974400E-017, -1.046358487496129800E-016, 1.000000000000000000 ) ) ;
#2056 = FACE_OUTER_BOUND ( 'NONE', #1861, .T. ) ;
#2057 = CARTESIAN_POINT ( 'NONE',  ( -0.07481690635249156600, -0.2055577607969168700, 0.1562500000000000000 ) ) ;
#2058 = CYLINDRICAL_SURFACE ( 'NONE', #2468, 0.007812499999999993900 ) ;
#2059 = EDGE_LOOP ( 'NONE', ( #1343, #646, #131, #2290 ) ) ;
#2060 = FACE_OUTER_BOUND ( 'NONE', #1961, .T. ) ;
#2061 = ORIENTED_EDGE ( 'NONE', *, *, #1798, .F. ) ;
#2062 = EDGE_CURVE ( 'NONE', #1512, #594, #2010, .T. ) ;
#2063 = AXIS2_PLACEMENT_3D ( 'NONE', #1724, #2148, #2358 ) ;
#2064 = CARTESIAN_POINT ( 'NONE',  ( 0.0000000000000000000, 0.2187499999999999400, 0.1562500000000000000 ) ) ;
#2065 = ORIENTED_EDGE ( 'NONE', *, *, #2276, .F. ) ;
#2066 = DIRECTION ( 'NONE',  ( -8.779990209372117400E-017, -1.046358487496117900E-016, 1.000000000000000000 ) ) ;
#2067 = AXIS2_PLACEMENT_3D ( 'NONE', #2327, #1063, #845 ) ;
#2068 = AXIS2_PLACEMENT_3D ( 'NONE', #2085, #188, #1456 ) ;
#2069 = CYLINDRICAL_SURFACE ( 'NONE', #2266, 0.2500000000000000600 ) ;
#2070 = DIRECTION ( 'NONE',  ( 0.0000000000000000000, 0.0000000000000000000, 1.000000000000000000 ) ) ;
#2071 = CC_DESIGN_PERSON_AND_ORGANIZATION_ASSIGNMENT ( #543, #548, ( #44 ) ) ;
#2072 = FACE_OUTER_BOUND ( 'NONE', #962, .T. ) ;
#2073 = DIRECTION ( 'NONE',  ( -1.182924880895398100E-016, 6.829619984160714700E-017, 1.000000000000000000 ) ) ;
#2074 = DIRECTION ( 'NONE',  ( 0.0000000000000000000, 0.0000000000000000000, 1.000000000000000000 ) ) ;
#2075 = DIRECTION ( 'NONE',  ( 0.0000000000000000000, 0.0000000000000000000, 1.000000000000000000 ) ) ;
#2076 = CARTESIAN_POINT ( 'NONE',  ( -0.06412877687356423300, -0.1761923663973574100, 0.1250000000000000300 ) ) ;
#2077 = MANIFOLD_SOLID_BREP ( 'CirPattern1[8]', #2448 ) ;
#2078 = EDGE_CURVE ( 'NONE', #1750, #158, #1158, .T. ) ;
#2079 = DIRECTION ( 'NONE',  ( -0.9848077530122086900, -0.1736481776669268300, 0.0000000000000000000 ) ) ;
#2080 = ORIENTED_EDGE ( 'NONE', *, *, #1326, .T. ) ;
#2081 = EDGE_CURVE ( 'NONE', #12, #2547, #1623, .T. ) ;
#2082 = CARTESIAN_POINT ( 'NONE',  ( 3.409875931375912300E-017, -0.2756250000000000600, 0.1875000000000000600 ) ) ;
#2083 = ORIENTED_EDGE ( 'NONE', *, *, #2690, .F. ) ;
#2084 = ORIENTED_EDGE ( 'NONE', *, *, #2686, .F. ) ;
#2085 = CARTESIAN_POINT ( 'NONE',  ( 0.07481690635248879100, -0.2055577607969179000, 0.1562500000000000000 ) ) ;
#2086 = CIRCLE ( 'NONE', #1839, 0.007812500000000128400 ) ;
#2087 = ORIENTED_EDGE ( 'NONE', *, *, #1323, .T. ) ;
#2088 = DIRECTION ( 'NONE',  ( -0.4999999999999931200, 0.8660254037844427000, 0.0000000000000000000 ) ) ;
#2089 = VECTOR ( 'NONE', #1005, 39.37007874015748100 ) ;
#2090 = FACE_BOUND ( 'NONE', #2747, .T. ) ;
#2091 = AXIS2_PLACEMENT_3D ( 'NONE', #1491, #1437, #2337 ) ;
#2092 = CLOSED_SHELL ( 'NONE', ( #516, #702, #2269, #2114 ) ) ;
#2093 = CARTESIAN_POINT ( 'NONE',  ( -0.1606969024216325600, 0.1915111107797465000, 0.1250000000000000300 ) ) ;
#2094 = CIRCLE ( 'NONE', #721, 0.007812500000000131800 ) ;
#2095 = CARTESIAN_POINT ( 'NONE',  ( 0.0000000000000000000, 0.2500000000000000600, -0.1250000000000000000 ) ) ;
#2096 = ORIENTED_EDGE ( 'NONE', *, *, #596, .F. ) ;
#2097 = CARTESIAN_POINT ( 'NONE',  ( 0.1894430570778454500, -0.1093750000000008900, -0.1562500000000000000 ) ) ;
#2098 = VERTEX_POINT ( 'NONE', #2711 ) ;
#2099 = EDGE_CURVE ( 'NONE', #158, #604, #2143, .T. ) ;
#2100 = CLOSED_SHELL ( 'NONE', ( #1530, #585, #1930, #1353 ) ) ;
#2101 = CARTESIAN_POINT ( 'NONE',  ( 0.08550503583141580400, -0.2349231551964776900, 0.1250000000000000300 ) ) ;
#2102 = ORIENTED_EDGE ( 'NONE', *, *, #2601, .F. ) ;
#2103 = CARTESIAN_POINT ( 'NONE',  ( 0.0000000000000000000, -1.280553747030123400E-017, 0.1875000000000000600 ) ) ;
#2104 = PLANE ( 'NONE',  #2145 ) ;
#2105 = VERTEX_POINT ( 'NONE', #136 ) ;
#2106 = CLOSED_SHELL ( 'NONE', ( #1481, #1091, #1411, #1946 ) ) ;
#2107 = VECTOR ( 'NONE', #1051, 39.37007874015748100 ) ;
#2108 = EDGE_LOOP ( 'NONE', ( #1198, #2500, #307, #491 ) ) ;
#2109 = PLANE ( 'NONE',  #1245 ) ;
#2110 = DIRECTION ( 'NONE',  ( 0.0000000000000000000, -9.106159978880874900E-017, -1.000000000000000000 ) ) ;
#2111 = PLANE ( 'NONE',  #2507 ) ;
#2112 = EDGE_CURVE ( 'NONE', #2312, #507, #1950, .T. ) ;
#2113 = ORIENTED_EDGE ( 'NONE', *, *, #1549, .T. ) ;
#2114 = ADVANCED_FACE ( 'NONE', ( #2072 ), #1645, .F. ) ;
#2115 = PERSON_AND_ORGANIZATION ( #1546, #736 ) ;
#2116 = CARTESIAN_POINT ( 'NONE',  ( 0.0000000000000000000, 0.2031250000000000300, -0.1874999999999999700 ) ) ;
#2117 = CARTESIAN_POINT ( 'NONE',  ( 0.1406097896189308100, 0.1675722219322763100, 0.1250000000000000300 ) ) ;
#2118 = ORIENTED_EDGE ( 'NONE', *, *, #2604, .T. ) ;
#2119 = ORIENTED_EDGE ( 'NONE', *, *, #2701, .F. ) ;
#2120 = FACE_OUTER_BOUND ( 'NONE', #449, .T. ) ;
#2121 = EDGE_CURVE ( 'NONE', #1545, #846, #1018, .T. ) ;
#2122 = CIRCLE ( 'NONE', #1658, 0.03124999999999998300 ) ;
#2123 = CARTESIAN_POINT ( 'NONE',  ( -0.1406097896189284500, 0.1675722219322781600, 0.1562500000000000000 ) ) ;
#2124 = CARTESIAN_POINT ( 'NONE',  ( -0.2154266959714202000, 0.03798553886464323100, 0.1250000000000000300 ) ) ;
#2125 = CIRCLE ( 'NONE', #69, 0.2500000000000000600 ) ;
#2126 = AXIS2_PLACEMENT_3D ( 'NONE', #2042, #2733, #1369 ) ;
#2127 = FACE_BOUND ( 'NONE', #1040, .T. ) ;
#2128 = ORIENTED_EDGE ( 'NONE', *, *, #2618, .F. ) ;
#2129 = FACE_BOUND ( 'NONE', #2628, .T. ) ;
#2130 = DIRECTION ( 'NONE',  ( 0.9848077530122062400, -0.1736481776669404600, -1.365923996832131600E-016 ) ) ;
#2131 = ORIENTED_EDGE ( 'NONE', *, *, #2674, .F. ) ;
#2132 = CARTESIAN_POINT ( 'NONE',  ( 0.2462019382530521400, 0.04341204441673184000, 0.1250000000000000300 ) ) ;
#2133 = ADVANCED_FACE ( 'NONE', ( #531, #455 ), #150, .F. ) ;
#2134 = CARTESIAN_POINT ( 'NONE',  ( 3.375432740149893000E-017, 0.2756250000000000100, -0.1818750000000000600 ) ) ;
#2135 = ORIENTED_EDGE ( 'NONE', *, *, #1549, .F. ) ;
#2136 = EDGE_CURVE ( 'NONE', #430, #1533, #1521, .T. ) ;
#2137 = DIRECTION ( 'NONE',  ( -0.0000000000000000000, 9.106159978880874900E-017, 1.000000000000000000 ) ) ;
#2138 = EDGE_CURVE ( 'NONE', #1835, #2170, #494, .T. ) ;
#2139 = CIRCLE ( 'NONE', #2464, 0.03124999999999999000 ) ;
#2140 = CARTESIAN_POINT ( 'NONE',  ( 0.06747555775259873900, -0.2082297931666496900, 0.1562500000000000000 ) ) ;
#2141 = DIRECTION ( 'NONE',  ( -1.182924880895398100E-016, 6.829619984160714700E-017, 1.000000000000000000 ) ) ;
#2142 = PLANE ( 'NONE',  #1672 ) ;
#2143 = LINE ( 'NONE', #2093, #1316 ) ;
#2144 = DIRECTION ( 'NONE',  ( -0.0000000000000000000, -1.365923996832131600E-016, 1.000000000000000000 ) ) ;
#2145 = AXIS2_PLACEMENT_3D ( 'NONE', #602, #1443, #402 ) ;
#2146 = ADVANCED_FACE ( 'NONE', ( #992 ), #761, .T. ) ;
#2147 = CARTESIAN_POINT ( 'NONE',  ( 0.0000000000000000000, 0.1875000000000000800, 0.1250000000000000300 ) ) ;
#2148 = DIRECTION ( 'NONE',  ( 1.345172542105703400E-016, -2.371902128814434100E-017, 1.000000000000000000 ) ) ;
#2149 = CARTESIAN_POINT ( 'NONE',  ( 0.1894430570778454500, -0.1093750000000008900, 0.1562500000000000000 ) ) ;
#2150 = ORIENTED_EDGE ( 'NONE', *, *, #1697, .F. ) ;
#2151 = CLOSED_SHELL ( 'NONE', ( #381, #1727, #467, #423, #898, #2702 ) ) ;
#2152 = EDGE_LOOP ( 'NONE', ( #1712, #1847 ) ) ;
#2153 = LINE ( 'NONE', #1951, #1864 ) ;
#2154 = EDGE_CURVE ( 'NONE', #1835, #1428, #960, .T. ) ;
#2155 = ADVANCED_FACE ( 'NONE', ( #383 ), #2570, .T. ) ;
#2156 = EDGE_LOOP ( 'NONE', ( #351, #119 ) ) ;
#2157 = CIRCLE ( 'NONE', #1728, 0.03124999999999996200 ) ;
#2158 = CARTESIAN_POINT ( 'NONE',  ( -0.2140700695833970800, 0.04567934943505120400, 0.1562500000000000000 ) ) ;
#2159 = AXIS2_PLACEMENT_3D ( 'NONE', #2706, #2732, #1033 ) ;
#2160 = CARTESIAN_POINT ( 'NONE',  ( 0.1406097896189308100, 0.1675722219322763300, -0.1250000000000000000 ) ) ;
#2161 = VECTOR ( 'NONE', #2144, 39.37007874015748100 ) ;
#2162 = ADVANCED_FACE ( 'NONE', ( #1682 ), #1446, .T. ) ;
#2163 = CARTESIAN_POINT ( 'NONE',  ( 0.0000000000000000000, -1.280553747030123700E-017, 0.1875000000000000300 ) ) ;
#2164 = VERTEX_POINT ( 'NONE', #1936 ) ;
#2165 = LINE ( 'NONE', #1994, #1037 ) ;
#2166 = AXIS2_PLACEMENT_3D ( 'NONE', #304, #2003, #79 ) ;
#2167 = APPROVAL ( #1146, 'UNSPECIFIED' ) ;
#2168 = ORIENTED_EDGE ( 'NONE', *, *, #2213, .F. ) ;
#2169 = DIRECTION ( 'NONE',  ( -0.5000000000000025500, -0.8660254037844372600, 0.0000000000000000000 ) ) ;
#2170 = VERTEX_POINT ( 'NONE', #2751 ) ;
#2171 = UNCERTAINTY_MEASURE_WITH_UNIT (LENGTH_MEASURE( 1.000000000000000100E-005 ), #107, 'distance_accuracy_value', 'NONE');
#2172 = CARTESIAN_POINT ( 'NONE',  ( -0.2167833223594430900, 0.03029172829423522700, 0.1562500000000000000 ) ) ;
#2173 = ORIENTED_EDGE ( 'NONE', *, *, #555, .T. ) ;
#2174 = ADVANCED_FACE ( 'NONE', ( #2504, #1826 ), #2142, .F. ) ;
#2175 = PLANE ( 'NONE',  #905 ) ;
#2176 = EDGE_CURVE ( 'NONE', #140, #1211, #892, .T. ) ;
#2177 = VECTOR ( 'NONE', #990, 39.37007874015748100 ) ;
#2178 = AXIS2_PLACEMENT_3D ( 'NONE', #1281, #2535, #1905 ) ;
#2179 = CARTESIAN_POINT ( 'NONE',  ( -0.2165063509461108700, -0.1249999999999980200, -0.1250000000000000000 ) ) ;
#2180 = DIRECTION ( 'NONE',  ( 0.0000000000000000000, -1.000000000000000000, 9.106159978880874900E-017 ) ) ;
#2181 = CARTESIAN_POINT ( 'NONE',  ( -0.07481690635249156600, -0.2055577607969168700, 0.1562500000000000000 ) ) ;
#2182 = AXIS2_PLACEMENT_3D ( 'NONE', #290, #1349, #1791 ) ;
#2183 = DIRECTION ( 'NONE',  ( -0.0000000000000000000, -1.365923996832131600E-016, 1.000000000000000000 ) ) ;
#2184 = AXIS2_PLACEMENT_3D ( 'NONE', #1911, #436, #2744 ) ;
#2185 = ADVANCED_FACE ( 'NONE', ( #2446 ), #2302, .T. ) ;
#2186 = DIRECTION ( 'NONE',  ( 0.0000000000000000000, -1.000000000000000000, 1.365923996832131400E-016 ) ) ;
#2187 = CARTESIAN_POINT ( 'NONE',  ( 0.1406097896189308100, 0.1675722219322763300, -0.1250000000000000000 ) ) ;
#2188 = CARTESIAN_POINT ( 'NONE',  ( 0.08550503583141580400, -0.2349231551964777200, -0.1250000000000000000 ) ) ;
#2189 = ORIENTED_EDGE ( 'NONE', *, *, #863, .T. ) ;
#2190 = COORDINATED_UNIVERSAL_TIME_OFFSET ( 6, 0, .BEHIND. ) ;
#2191 = DIRECTION ( 'NONE',  ( 8.779990209371974400E-017, -1.046358487496129800E-016, 1.000000000000000000 ) ) ;
#2192 = ORIENTED_EDGE ( 'NONE', *, *, #1360, .T. ) ;
#2193 = CIRCLE ( 'NONE', #1105, 0.03124999999999999000 ) ;
#2194 = AXIS2_PLACEMENT_3D ( 'NONE', #2034, #577, #773 ) ;
#2195 = LINE ( 'NONE', #2748, #2457 ) ;
#2196 = EDGE_CURVE ( 'NONE', #1664, #15, #167, .T. ) ;
#2197 = DIRECTION ( 'NONE',  ( 0.1736481776669399900, 0.9848077530122064700, 0.0000000000000000000 ) ) ;
#2198 = CARTESIAN_POINT ( 'NONE',  ( 0.0000000000000000000, -1.280553747030123400E-017, 0.1875000000000000600 ) ) ;
#2199 = CIRCLE ( 'NONE', #2437, 0.007812500000000001700 ) ;
#2200 = ORIENTED_EDGE ( 'NONE', *, *, #115, .F. ) ;
#2201 = DIRECTION ( 'NONE',  ( 1.345172542105703400E-016, -2.371902128814434100E-017, 1.000000000000000000 ) ) ;
#2202 = CIRCLE ( 'NONE', #2450, 0.007812500000000130100 ) ;
#2203 = ADVANCED_FACE ( 'NONE', ( #2643 ), #2069, .F. ) ;
#2204 = DIRECTION ( 'NONE',  ( -1.182924880895398100E-016, 6.829619984160714700E-017, 1.000000000000000000 ) ) ;
#2205 = ORIENTED_EDGE ( 'NONE', *, *, #177, .T. ) ;
#2206 = AXIS2_PLACEMENT_3D ( 'NONE', #1942, #2387, #2169 ) ;
#2207 = VERTEX_POINT ( 'NONE', #2555 ) ;
#2208 = CARTESIAN_POINT ( 'NONE',  ( 0.1465945118307978300, 0.1625504437316000700, -0.1562500000000000000 ) ) ;
#2209 = CARTESIAN_POINT ( 'NONE',  ( 0.0000000000000000000, 0.1875000000000001100, -0.1250000000000000000 ) ) ;
#2210 = CARTESIAN_POINT ( 'NONE',  ( 0.0000000000000000000, 0.2812500000000000600, 0.1874999999999999700 ) ) ;
#2211 = CIRCLE ( 'NONE', #770, 0.2031250000000000800 ) ;
#2212 = DIRECTION ( 'NONE',  ( -0.8660254037844364900, 0.5000000000000038900, 0.0000000000000000000 ) ) ;
#2213 = EDGE_CURVE ( 'NONE', #790, #283, #1444, .T. ) ;
#2214 = VECTOR ( 'NONE', #2074, 39.37007874015748100 ) ;
#2215 = ORIENTED_EDGE ( 'NONE', *, *, #414, .T. ) ;
#2216 = APPROVAL_ROLE ( '' ) ;
#2217 = DIRECTION ( 'NONE',  ( 1.182924880895407400E-016, 6.829619984160548300E-017, 1.000000000000000000 ) ) ;
#2218 = DIRECTION ( 'NONE',  ( 0.3420201433256757600, 0.9396926207859057600, -1.365923996832131600E-016 ) ) ;
#2219 = CARTESIAN_POINT ( 'NONE',  ( 0.07481690635248879100, -0.2055577607969179000, -0.1562500000000000000 ) ) ;
#2220 = CARTESIAN_POINT ( 'NONE',  ( 0.0000000000000000000, -1.280553747030123700E-017, 0.1875000000000000300 ) ) ;
#2221 = ORIENTED_EDGE ( 'NONE', *, *, #287, .T. ) ;
#2222 = LOCAL_TIME ( 15, 14, 46.00000000000000000, #2253 ) ;
#2223 = ORIENTED_EDGE ( 'NONE', *, *, #2329, .T. ) ;
#2224 = VERTEX_POINT ( 'NONE', #1684 ) ;
#2225 = CIRCLE ( 'NONE', #1276, 0.007812500000000135300 ) ;
#2226 = DIRECTION ( 'NONE',  ( 0.1736481776669399900, 0.9848077530122064700, 0.0000000000000000000 ) ) ;
#2227 = CARTESIAN_POINT ( 'NONE',  ( 2.487563810768062000E-017, 0.2031250000000000300, -0.1875000000000000300 ) ) ;
#2228 = ORIENTED_EDGE ( 'NONE', *, *, #2690, .T. ) ;
#2229 = FACE_OUTER_BOUND ( 'NONE', #1221, .T. ) ;
#2230 = CARTESIAN_POINT ( 'NONE',  ( 0.07481690635248879100, -0.2055577607969179000, 0.1562500000000000000 ) ) ;
#2231 = CYLINDRICAL_SURFACE ( 'NONE', #2234, 0.03124999999999997600 ) ;
#2232 = DIRECTION ( 'NONE',  ( -1.182924880895398100E-016, 6.829619984160714700E-017, 1.000000000000000000 ) ) ;
#2233 = EDGE_LOOP ( 'NONE', ( #409, #2684 ) ) ;
#2234 = AXIS2_PLACEMENT_3D ( 'NONE', #1705, #1102, #2579 ) ;
#2235 = CIRCLE ( 'NONE', #1387, 0.03124999999999998300 ) ;
#2236 = ORIENTED_EDGE ( 'NONE', *, *, #784, .F. ) ;
#2237 = CARTESIAN_POINT ( 'NONE',  ( -0.07481690635249160800, -0.2055577607969169800, -0.1250000000000000000 ) ) ;
#2238 = DIRECTION ( 'NONE',  ( -0.3420201433256631600, 0.9396926207859105400, 0.0000000000000000000 ) ) ;
#2239 = ORIENTED_EDGE ( 'NONE', *, *, #454, .T. ) ;
#2240 = CARTESIAN_POINT ( 'NONE',  ( 0.1894430570778455300, -0.1093750000000009300, 0.1250000000000000300 ) ) ;
#2241 = ORIENTED_EDGE ( 'NONE', *, *, #2705, .T. ) ;
#2242 = DIRECTION ( 'NONE',  ( 0.0000000000000000000, 0.0000000000000000000, 1.000000000000000000 ) ) ;
#2243 = AXIS2_PLACEMENT_3D ( 'NONE', #40, #1527, #1969 ) ;
#2244 = LINE ( 'NONE', #2526, #1118 ) ;
#2245 = VECTOR ( 'NONE', #2232, 39.37007874015748100 ) ;
#2246 = CARTESIAN_POINT ( 'NONE',  ( -0.1623797632095831900, -0.09374999999999854300, 0.1250000000000000300 ) ) ;
#2247 = CARTESIAN_POINT ( 'NONE',  ( -0.07214487398275976100, -0.1982164121970270700, 0.1250000000000000300 ) ) ;
#2248 = EDGE_CURVE ( 'NONE', #601, #1657, #2299, .T. ) ;
#2249 = EDGE_LOOP ( 'NONE', ( #1500, #2427, #194, #1688 ) ) ;
#2250 = PLANE ( 'NONE',  #1144 ) ;
#2251 = DIRECTION ( 'NONE',  ( -0.7660444431189859000, -0.6427876096865300400, 0.0000000000000000000 ) ) ;
#2252 = ORIENTED_EDGE ( 'NONE', *, *, #2604, .F. ) ;
#2253 = COORDINATED_UNIVERSAL_TIME_OFFSET ( 6, 0, .BEHIND. ) ;
#2254 = EDGE_LOOP ( 'NONE', ( #1035, #1254, #1053, #2698 ) ) ;
#2255 = VECTOR ( 'NONE', #1030, 39.37007874015748100 ) ;
#2256 = VERTEX_POINT ( 'NONE', #2390 ) ;
#2257 = CIRCLE ( 'NONE', #1412, 0.2756250000000000600 ) ;
#2258 = CIRCLE ( 'NONE', #1390, 0.03124999999999996500 ) ;
#2259 = EDGE_CURVE ( 'NONE', #1745, #2256, #453, .T. ) ;
#2260 = ORIENTED_EDGE ( 'NONE', *, *, #1999, .F. ) ;
#2261 = CIRCLE ( 'NONE', #1854, 0.007812500000000124900 ) ;
#2262 = AXIS2_PLACEMENT_3D ( 'NONE', #1576, #1370, #1593 ) ;
#2263 = ORIENTED_EDGE ( 'NONE', *, *, #1264, .F. ) ;
#2264 = CARTESIAN_POINT ( 'NONE',  ( 0.0000000000000000000, -4.695363739110451500E-017, -0.1874999999999999700 ) ) ;
#2265 = CLOSED_SHELL ( 'NONE', ( #2162, #1317, #1567, #786, #1081, #157, #2409, #1738, #729, #2203, #2133, #1691, #2572, #2185, #1107, #198 ) ) ;
#2266 = AXIS2_PLACEMENT_3D ( 'NONE', #1282, #1252, #2731 ) ;
#2267 = CARTESIAN_POINT ( 'NONE',  ( 0.0000000000000000000, -0.2031250000000000300, 0.1875000000000000800 ) ) ;
#2268 = CYLINDRICAL_SURFACE ( 'NONE', #574, 0.007812500000000128400 ) ;
#2269 = ADVANCED_FACE ( 'NONE', ( #1948 ), #2268, .T. ) ;
#2270 = LINE ( 'NONE', #1196, #2245 ) ;
#2271 = CARTESIAN_POINT ( 'NONE',  ( -0.2154266959714202000, 0.03798553886464323100, 0.1250000000000000300 ) ) ;
#2272 = EDGE_LOOP ( 'NONE', ( #2330, #344 ) ) ;
#2273 = EDGE_CURVE ( 'NONE', #2617, #261, #72, .T. ) ;
#2274 = CARTESIAN_POINT ( 'NONE',  ( 0.1406097896189307300, 0.1675722219322762500, 0.1562500000000000000 ) ) ;
#2275 = DIRECTION ( 'NONE',  ( 0.0000000000000000000, 0.0000000000000000000, 1.000000000000000000 ) ) ;
#2276 = EDGE_CURVE ( 'NONE', #2547, #12, #318, .T. ) ;
#2277 = DIRECTION ( 'NONE',  ( 0.3420201433256756500, 0.9396926207859058700, 0.0000000000000000000 ) ) ;
#2278 = ORIENTED_EDGE ( 'NONE', *, *, #583, .F. ) ;
#2279 = CARTESIAN_POINT ( 'NONE',  ( 0.2077328854010127800, 0.03662891247661750200, 0.1250000000000000300 ) ) ;
#2280 = ORIENTED_EDGE ( 'NONE', *, *, #2719, .F. ) ;
#2281 = VERTEX_POINT ( 'NONE', #475 ) ;
#2282 = ORIENTED_EDGE ( 'NONE', *, *, #1152, .F. ) ;
#2283 = CYLINDRICAL_SURFACE ( 'NONE', #2316, 0.007812499999999990500 ) ;
#2284 = AXIS2_PLACEMENT_3D ( 'NONE', #2187, #2002, #315 ) ;
#2285 = ORIENTED_EDGE ( 'NONE', *, *, #1697, .T. ) ;
#2286 = FACE_OUTER_BOUND ( 'NONE', #610, .T. ) ;
#2287 = CARTESIAN_POINT ( 'NONE',  ( -0.1406097896189285300, 0.1675722219322782500, -0.1250000000000000000 ) ) ;
#2288 = CARTESIAN_POINT ( 'NONE',  ( 0.1894430570778455300, -0.1093750000000009300, 0.1250000000000000300 ) ) ;
#2289 = CIRCLE ( 'NONE', #1669, 0.2500000000000000600 ) ;
#2290 = ORIENTED_EDGE ( 'NONE', *, *, #650, .T. ) ;
#2291 = DIRECTION ( 'NONE',  ( -8.779990209372117400E-017, -1.046358487496117900E-016, 1.000000000000000000 ) ) ;
#2292 = FACE_BOUND ( 'NONE', #1228, .T. ) ;
#2293 = ORIENTED_EDGE ( 'NONE', *, *, #146, .F. ) ;
#2294 = EDGE_CURVE ( 'NONE', #2423, #818, #1518, .T. ) ;
#2295 = ORIENTED_EDGE ( 'NONE', *, *, #2342, .T. ) ;
#2296 = DIRECTION ( 'NONE',  ( 8.779990209371974400E-017, -1.046358487496129800E-016, 1.000000000000000000 ) ) ;
#2297 = AXIS2_PLACEMENT_3D ( 'NONE', #1140, #319, #1373 ) ;
#2298 = ORIENTED_EDGE ( 'NONE', *, *, #1929, .F. ) ;
#2299 = LINE ( 'NONE', #627, #653 ) ;
#2300 = AXIS2_PLACEMENT_3D ( 'NONE', #1587, #2632, #1801 ) ;
#2301 = CC_DESIGN_PERSON_AND_ORGANIZATION_ASSIGNMENT ( #933, #929, ( #608 ) ) ;
#2302 = CYLINDRICAL_SURFACE ( 'NONE', #124, 0.2812500000000000600 ) ;
#2303 = CARTESIAN_POINT ( 'NONE',  ( 0.07748893872222056800, -0.2128991093968079200, 0.1250000000000000300 ) ) ;
#2304 = DIRECTION ( 'NONE',  ( 0.0000000000000000000, -1.000000000000000000, 0.0000000000000000000 ) ) ;
#2305 = CARTESIAN_POINT ( 'NONE',  ( 0.0000000000000000000, -4.644141589229247100E-017, -0.1818750000000000400 ) ) ;
#2306 = CARTESIAN_POINT ( 'NONE',  ( 0.0000000000000000000, -1.280553747030123400E-017, 0.1875000000000000600 ) ) ;
#2307 = EDGE_CURVE ( 'NONE', #1750, #457, #1410, .T. ) ;
#2308 = DIRECTION ( 'NONE',  ( 1.345172542105703400E-016, -2.371902128814434400E-017, 1.000000000000000000 ) ) ;
#2309 = CARTESIAN_POINT ( 'NONE',  ( 0.2165063509461091200, -0.1250000000000010300, 0.1250000000000000300 ) ) ;
#2310 = AXIS2_PLACEMENT_3D ( 'NONE', #964, #292, #957 ) ;
#2311 = DIRECTION ( 'NONE',  ( -1.182924880895398100E-016, 6.829619984160714700E-017, 1.000000000000000000 ) ) ;
#2312 = VERTEX_POINT ( 'NONE', #23 ) ;
#2313 = ORIENTED_EDGE ( 'NONE', *, *, #2637, .T. ) ;
#2314 = CARTESIAN_POINT ( 'NONE',  ( 0.2154266959714206700, 0.03798553886464037200, 0.1250000000000000300 ) ) ;
#2315 = VECTOR ( 'NONE', #995, 39.37007874015748100 ) ;
#2316 = AXIS2_PLACEMENT_3D ( 'NONE', #212, #1067, #2317 ) ;
#2317 = DIRECTION ( 'NONE',  ( 0.9848077530122063500, -0.1736481776669403200, 0.0000000000000000000 ) ) ;
#2318 = FACE_OUTER_BOUND ( 'NONE', #154, .T. ) ;
#2319 = DIRECTION ( 'NONE',  ( 0.0000000000000000000, 0.0000000000000000000, 1.000000000000000000 ) ) ;
#2320 = DIRECTION ( 'NONE',  ( 0.9848077530122062400, -0.1736481776669405700, 0.0000000000000000000 ) ) ;
#2321 = CIRCLE ( 'NONE', #1337, 0.03124999999999997600 ) ;
#2322 = ADVANCED_FACE ( 'NONE', ( #1351 ), #241, .T. ) ;
#2323 = CARTESIAN_POINT ( 'NONE',  ( 2.487563810768061700E-017, 0.2031250000000000300, 0.1875000000000000300 ) ) ;
#2324 = ORIENTED_EDGE ( 'NONE', *, *, #222, .F. ) ;
#2325 = FACE_OUTER_BOUND ( 'NONE', #2433, .T. ) ;
#2326 = EDGE_CURVE ( 'NONE', #783, #2018, #1717, .T. ) ;
#2327 = CARTESIAN_POINT ( 'NONE',  ( -0.07481690635249160800, -0.2055577607969169800, -0.1250000000000000000 ) ) ;
#2328 = ORIENTED_EDGE ( 'NONE', *, *, #1187, .T. ) ;
#2329 = EDGE_CURVE ( 'NONE', #1361, #1872, #1015, .T. ) ;
#2330 = ORIENTED_EDGE ( 'NONE', *, *, #650, .F. ) ;
#2331 = CARTESIAN_POINT ( 'NONE',  ( 0.0000000000000000000, 0.2187500000000000800, -0.1250000000000000000 ) ) ;
#2332 = FACE_OUTER_BOUND ( 'NONE', #1059, .T. ) ;
#2333 = FACE_OUTER_BOUND ( 'NONE', #1288, .T. ) ;
#2334 = ADVANCED_FACE ( 'NONE', ( #1155 ), #2638, .T. ) ;
#2335 = DIRECTION ( 'NONE',  ( 0.0000000000000000000, -1.000000000000000000, 9.106159978880874900E-017 ) ) ;
#2336 = ORIENTED_EDGE ( 'NONE', *, *, #2580, .F. ) ;
#2337 = DIRECTION ( 'NONE',  ( 0.6427876096865298200, -0.7660444431189859000, 0.0000000000000000000 ) ) ;
#2338 = PLANE ( 'NONE',  #1223 ) ;
#2339 = VERTEX_POINT ( 'NONE', #1751 ) ;
#2340 = DIRECTION ( 'NONE',  ( -0.0000000000000000000, 9.106159978880874900E-017, 1.000000000000000000 ) ) ;
#2341 = ORIENTED_EDGE ( 'NONE', *, *, #1251, .T. ) ;
#2342 = EDGE_CURVE ( 'NONE', #554, #2164, #958, .T. ) ;
#2343 = ORIENTED_EDGE ( 'NONE', *, *, #633, .T. ) ;
#2344 = CARTESIAN_POINT ( 'NONE',  ( -0.1406097896189284500, 0.1675722219322781600, -0.1562500000000000000 ) ) ;
#2345 = CARTESIAN_POINT ( 'NONE',  ( -0.2231205065418280500, 0.03934216525266620600, 0.1250000000000000300 ) ) ;
#2346 = ORIENTED_EDGE ( 'NONE', *, *, #2601, .T. ) ;
#2347 = ORIENTED_EDGE ( 'NONE', *, *, #2031, .F. ) ;
#2348 = AXIS2_PLACEMENT_3D ( 'NONE', #134, #2055, #799 ) ;
#2349 = DIRECTION ( 'NONE',  ( -0.0000000000000000000, 9.106159978880874900E-017, 1.000000000000000000 ) ) ;
#2350 = ADVANCED_FACE ( 'NONE', ( #792, #379 ), #462, .F. ) ;
#2351 = VERTEX_POINT ( 'NONE', #2172 ) ;
#2352 = VECTOR ( 'NONE', #592, 39.37007874015748100 ) ;
#2353 = CC_DESIGN_SECURITY_CLASSIFICATION ( #837, ( #608 ) ) ;
#2354 = CIRCLE ( 'NONE', #2410, 0.2756250000000000600 ) ;
#2355 = VERTEX_POINT ( 'NONE', #712 ) ;
#2356 = DIRECTION ( 'NONE',  ( -0.6427876096865404700, -0.7660444431189771300, -1.365923996832131400E-016 ) ) ;
#2357 = DIRECTION ( 'NONE',  ( 1.182924880895407400E-016, 6.829619984160548300E-017, 1.000000000000000000 ) ) ;
#2358 = DIRECTION ( 'NONE',  ( 0.9848077530122063500, -0.1736481776669403200, 0.0000000000000000000 ) ) ;
#2359 = CIRCLE ( 'NONE', #1536, 0.007812500000000121400 ) ;
#2360 = CARTESIAN_POINT ( 'NONE',  ( 0.0000000000000000000, -4.695363739110451500E-017, -0.1874999999999999400 ) ) ;
#2361 = EDGE_LOOP ( 'NONE', ( #2083, #2743, #2189, #1768 ) ) ;
#2362 = DIRECTION ( 'NONE',  ( -0.6427876096865409200, -0.7660444431189767900, 0.0000000000000000000 ) ) ;
#2363 = ADVANCED_FACE ( 'NONE', ( #2533 ), #2008, .F. ) ;
#2364 = CARTESIAN_POINT ( 'NONE',  ( 9.567553118338689200E-019, 0.2265625000000000600, 0.1250000000000000300 ) ) ;
#2365 = ORIENTED_EDGE ( 'NONE', *, *, #1650, .F. ) ;
#2366 = VERTEX_POINT ( 'NONE', #1794 ) ;
#2367 = ADVANCED_FACE ( 'NONE', ( #2569 ), #200, .T. ) ;
#2368 = DIRECTION ( 'NONE',  ( 1.345172542105703400E-016, -2.371902128814434100E-017, 1.000000000000000000 ) ) ;
#2369 = AXIS2_PLACEMENT_3D ( 'NONE', #2124, #2537, #13 ) ;
#2370 = MANIFOLD_SOLID_BREP ( 'CirPattern1[10]', #376 ) ;
#2371 = LINE ( 'NONE', #934, #587 ) ;
#2372 = DIRECTION ( 'NONE',  ( 0.0000000000000000000, 0.0000000000000000000, 1.000000000000000000 ) ) ;
#2373 = CARTESIAN_POINT ( 'NONE',  ( 0.07214487398275708200, -0.1982164121970280700, 0.1250000000000000300 ) ) ;
#2374 = DIRECTION ( 'NONE',  ( 0.8660254037844433700, 0.4999999999999919500, 0.0000000000000000000 ) ) ;
#2375 = VECTOR ( 'NONE', #2530, 39.37007874015748100 ) ;
#2376 = CARTESIAN_POINT ( 'NONE',  ( 0.1894430570778455300, -0.1093750000000009400, -0.1250000000000000000 ) ) ;
#2377 = AXIS2_PLACEMENT_3D ( 'NONE', #1080, #2544, #207 ) ;
#2378 = CARTESIAN_POINT ( 'NONE',  ( 0.0000000000000000000, 0.1875000000000000800, 0.1250000000000000300 ) ) ;
#2379 = CARTESIAN_POINT ( 'NONE',  ( 0.1826772336107796400, -0.1054687500000009200, -0.1250000000000000000 ) ) ;
#2380 = CARTESIAN_POINT ( 'NONE',  ( -0.07481690635249160800, -0.2055577607969169800, -0.1250000000000000000 ) ) ;
#2381 = ORIENTED_EDGE ( 'NONE', *, *, #1891, .T. ) ;
#2382 = CARTESIAN_POINT ( 'NONE',  ( -0.1406097896189284500, 0.1675722219322781600, -0.1562500000000000000 ) ) ;
#2383 = ORIENTED_EDGE ( 'NONE', *, *, #1721, .F. ) ;
#2384 = EDGE_CURVE ( 'NONE', #976, #31, #2139, .T. ) ;
#2385 = ORIENTED_EDGE ( 'NONE', *, *, #133, .T. ) ;
#2386 = EDGE_LOOP ( 'NONE', ( #1633, #2558, #984, #932 ) ) ;
#2387 = DIRECTION ( 'NONE',  ( 0.0000000000000000000, 0.0000000000000000000, 1.000000000000000000 ) ) ;
#2388 = VECTOR ( 'NONE', #2741, 39.37007874015748100 ) ;
#2389 = DIRECTION ( 'NONE',  ( 0.0000000000000000000, 0.0000000000000000000, 1.000000000000000000 ) ) ;
#2390 = CARTESIAN_POINT ( 'NONE',  ( 0.1355880114182546900, 0.1615874997204093100, 0.1250000000000000300 ) ) ;
#2391 = CIRCLE ( 'NONE', #817, 0.005624999999999991100 ) ;
#2392 = ADVANCED_FACE ( 'NONE', ( #1788 ), #514, .F. ) ;
#2393 = CARTESIAN_POINT ( 'NONE',  ( -0.2140700695833970800, 0.04567934943505120400, -0.1562500000000000000 ) ) ;
#2394 = ORIENTED_EDGE ( 'NONE', *, *, #2505, .T. ) ;
#2395 = VECTOR ( 'NONE', #737, 39.37007874015748100 ) ;
#2396 = EDGE_LOOP ( 'NONE', ( #257, #143 ) ) ;
#2397 = CYLINDRICAL_SURFACE ( 'NONE', #2678, 0.007812500000000003500 ) ;
#2398 = DIRECTION ( 'NONE',  ( 0.0000000000000000000, 0.0000000000000000000, 1.000000000000000000 ) ) ;
#2399 = ORIENTED_EDGE ( 'NONE', *, *, #923, .F. ) ;
#2400 = CARTESIAN_POINT ( 'NONE',  ( -0.1894430570778470600, -0.1093749999999982900, -0.1250000000000000000 ) ) ;
#2401 = DIRECTION ( 'NONE',  ( 1.182924880895407400E-016, 6.829619984160548300E-017, 1.000000000000000000 ) ) ;
#2402 = DIRECTION ( 'NONE',  ( 0.0000000000000000000, 0.0000000000000000000, 1.000000000000000000 ) ) ;
#2403 = DIRECTION ( 'NONE',  ( 0.7660444431189779000, -0.6427876096865395800, 0.0000000000000000000 ) ) ;
#2404 = ORIENTED_EDGE ( 'NONE', *, *, #2475, .F. ) ;
#2405 = EDGE_CURVE ( 'NONE', #818, #1745, #2371, .T. ) ;
#2406 = MANIFOLD_SOLID_BREP ( 'CirPattern1[13]', #1784 ) ;
#2407 = FACE_OUTER_BOUND ( 'NONE', #1886, .T. ) ;
#2408 = AXIS2_PLACEMENT_3D ( 'NONE', #1238, #2480, #357 ) ;
#2409 = ADVANCED_FACE ( 'NONE', ( #1215, #856 ), #1350, .F. ) ;
#2410 = AXIS2_PLACEMENT_3D ( 'NONE', #2360, #2110, #852 ) ;
#2411 = DIRECTION ( 'NONE',  ( 1.182924880895407400E-016, 6.829619984160548300E-017, 1.000000000000000000 ) ) ;
#2412 = ORIENTED_EDGE ( 'NONE', *, *, #828, .F. ) ;
#2413 = CARTESIAN_POINT ( 'NONE',  ( 0.2165063509461091800, -0.1250000000000010500, -0.1250000000000000000 ) ) ;
#2414 = AXIS2_PLACEMENT_3D ( 'NONE', #2608, #1321, #274 ) ;
#2415 = PERSON_AND_ORGANIZATION_ROLE ( 'classification_officer' ) ;
#2416 = CARTESIAN_POINT ( 'NONE',  ( 0.2167833223594434800, 0.03029172829423234700, -0.1562500000000000000 ) ) ;
#2417 = ORIENTED_EDGE ( 'NONE', *, *, #1347, .F. ) ;
#2418 = LOCAL_TIME ( 15, 14, 46.00000000000000000, #2190 ) ;
#2419 = EDGE_CURVE ( 'NONE', #1348, #1489, #2041, .T. ) ;
#2420 = ORIENTED_EDGE ( 'NONE', *, *, #1929, .T. ) ;
#2421 = ADVANCED_FACE ( 'NONE', ( #2407 ), #2472, .F. ) ;
#2422 = DIRECTION ( 'NONE',  ( 1.000000000000000000, 0.0000000000000000000, 0.0000000000000000000 ) ) ;
#2423 = VERTEX_POINT ( 'NONE', #1804 ) ;
#2424 = CIRCLE ( 'NONE', #386, 0.03124999999999998600 ) ;
#2425 = CIRCLE ( 'NONE', #2695, 0.03124999999999996500 ) ;
#2426 = AXIS2_PLACEMENT_3D ( 'NONE', #113, #1596, #785 ) ;
#2427 = ORIENTED_EDGE ( 'NONE', *, *, #1187, .F. ) ;
#2428 = LINE ( 'NONE', #827, #2388 ) ;
#2429 = EDGE_CURVE ( 'NONE', #1031, #1275, #1385, .T. ) ;
#2430 = CARTESIAN_POINT ( 'NONE',  ( 0.0000000000000000000, 0.2756250000000000600, 0.1818749999999999800 ) ) ;
#2431 = CARTESIAN_POINT ( 'NONE',  ( -0.1623797632095831900, -0.09374999999999854300, 0.1250000000000000300 ) ) ;
#2432 = CIRCLE ( 'NONE', #2709, 0.03124999999999997200 ) ;
#2433 = EDGE_LOOP ( 'NONE', ( #1734, #2581 ) ) ;
#2434 = DIRECTION ( 'NONE',  ( -0.6427876096865405800, -0.7660444431189769000, 0.0000000000000000000 ) ) ;
#2435 = CYLINDRICAL_SURFACE ( 'NONE', #997, 0.007812500000000131800 ) ;
#2436 = EDGE_LOOP ( 'NONE', ( #669, #2545 ) ) ;
#2437 = AXIS2_PLACEMENT_3D ( 'NONE', #2237, #343, #985 ) ;
#2438 = ORIENTED_EDGE ( 'NONE', *, *, #1409, .T. ) ;
#2439 = CARTESIAN_POINT ( 'NONE',  ( -0.1406097896189285000, 0.1675722219322782200, 0.1250000000000000300 ) ) ;
#2440 = CARTESIAN_POINT ( 'NONE',  ( 0.2154266959714207000, 0.03798553886464037200, -0.1250000000000000000 ) ) ;
#2441 = VERTEX_POINT ( 'NONE', #2614 ) ;
#2442 = DIRECTION ( 'NONE',  ( -0.9396926207859057600, 0.3420201433256757600, 0.0000000000000000000 ) ) ;
#2443 = FACE_OUTER_BOUND ( 'NONE', #1941, .T. ) ;
#2444 = DIRECTION ( 'NONE',  ( -0.0000000000000000000, -1.365923996832131600E-016, 1.000000000000000000 ) ) ;
#2445 = EDGE_CURVE ( 'NONE', #508, #982, #2502, .T. ) ;
#2446 = FACE_OUTER_BOUND ( 'NONE', #1311, .T. ) ;
#2447 = CARTESIAN_POINT ( 'NONE',  ( 0.1894430570778454500, -0.1093750000000008900, 0.1562500000000000000 ) ) ;
#2448 = CLOSED_SHELL ( 'NONE', ( #2146, #684, #2740, #394 ) ) ;
#2449 = AXIS2_PLACEMENT_3D ( 'NONE', #1240, #162, #1896 ) ;
#2450 = AXIS2_PLACEMENT_3D ( 'NONE', #1164, #470, #1450 ) ;
#2451 = ORIENTED_EDGE ( 'NONE', *, *, #2329, .F. ) ;
#2452 = ORIENTED_EDGE ( 'NONE', *, *, #534, .T. ) ;
#2453 = ORIENTED_EDGE ( 'NONE', *, *, #2615, .F. ) ;
#2454 = DIRECTION ( 'NONE',  ( 0.0000000000000000000, 0.0000000000000000000, 1.000000000000000000 ) ) ;
#2455 = LINE ( 'NONE', #1027, #1366 ) ;
#2456 = EDGE_CURVE ( 'NONE', #1834, #911, #925, .T. ) ;
#2457 = VECTOR ( 'NONE', #645, 39.37007874015748100 ) ;
#2458 = DIRECTION ( 'NONE',  ( 8.779990209371974400E-017, -1.046358487496129800E-016, 1.000000000000000000 ) ) ;
#2459 = ORIENTED_EDGE ( 'NONE', *, *, #2138, .T. ) ;
#2460 = EDGE_CURVE ( 'NONE', #2355, #269, #3, .T. ) ;
#2461 = FACE_OUTER_BOUND ( 'NONE', #374, .T. ) ;
#2462 = ORIENTED_EDGE ( 'NONE', *, *, #495, .F. ) ;
#2463 = CARTESIAN_POINT ( 'NONE',  ( 0.07481690635248883200, -0.2055577607969180100, 0.1250000000000000300 ) ) ;
#2464 = AXIS2_PLACEMENT_3D ( 'NONE', #317, #2634, #2434 ) ;
#2465 = ORIENTED_EDGE ( 'NONE', *, *, #883, .T. ) ;
#2466 = ORIENTED_EDGE ( 'NONE', *, *, #665, .T. ) ;
#2467 = DIRECTION ( 'NONE',  ( 0.0000000000000000000, 0.0000000000000000000, 1.000000000000000000 ) ) ;
#2468 = AXIS2_PLACEMENT_3D ( 'NONE', #1656, #1459, #170 ) ;
#2469 = ADVANCED_FACE ( 'NONE', ( #1478 ), #965, .F. ) ;
#2470 = EDGE_LOOP ( 'NONE', ( #2630, #2221 ) ) ;
#2471 = CARTESIAN_POINT ( 'NONE',  ( 0.2165063509461091800, -0.1250000000000010500, 0.1250000000000000300 ) ) ;
#2472 = CYLINDRICAL_SURFACE ( 'NONE', #659, 0.007812500000000001700 ) ;
#2473 = EDGE_CURVE ( 'NONE', #1533, #976, #1851, .T. ) ;
#2474 = CARTESIAN_POINT ( 'NONE',  ( 0.0000000000000000000, 0.2031250000000000300, 0.1562500000000000000 ) ) ;
#2475 = EDGE_CURVE ( 'NONE', #1329, #972, #2211, .T. ) ;
#2476 = DIRECTION ( 'NONE',  ( 0.0000000000000000000, -1.000000000000000000, 0.0000000000000000000 ) ) ;
#2477 = CARTESIAN_POINT ( 'NONE',  ( -0.07481690635249156600, -0.2055577607969168700, 0.1562500000000000000 ) ) ;
#2478 = CARTESIAN_POINT ( 'NONE',  ( 0.08550503583141579000, -0.2349231551964776900, 0.1250000000000000300 ) ) ;
#2479 = ORIENTED_EDGE ( 'NONE', *, *, #2490, .F. ) ;
#2480 = DIRECTION ( 'NONE',  ( 0.0000000000000000000, 0.0000000000000000000, 1.000000000000000000 ) ) ;
#2481 = ORIENTED_EDGE ( 'NONE', *, *, #2196, .F. ) ;
#2482 = EDGE_LOOP ( 'NONE', ( #658, #1453, #769, #557 ) ) ;
#2483 = FACE_OUTER_BOUND ( 'NONE', #808, .T. ) ;
#2484 = CYLINDRICAL_SURFACE ( 'NONE', #465, 0.007812500000000130100 ) ;
#2485 = ORIENTED_EDGE ( 'NONE', *, *, #1816, .T. ) ;
#2486 = CARTESIAN_POINT ( 'NONE',  ( 0.1456315678196069000, 0.1735569441441433300, 0.1250000000000000300 ) ) ;
#2487 = CIRCLE ( 'NONE', #252, 0.03124999999999997600 ) ;
#2488 = CARTESIAN_POINT ( 'NONE',  ( -0.2154266959714200800, 0.03798553886464321700, 0.1562500000000000000 ) ) ;
#2489 = LINE ( 'NONE', #2279, #1869 ) ;
#2490 = EDGE_CURVE ( 'NONE', #1378, #385, #166, .T. ) ;
#2491 = PRODUCT_DEFINITION_SHAPE ( 'NONE', 'NONE',  #1180 ) ;
#2492 = CARTESIAN_POINT ( 'NONE',  ( -0.07481690635249159400, -0.2055577607969169600, 0.1250000000000000300 ) ) ;
#2493 = EDGE_LOOP ( 'NONE', ( #2764, #533, #1194, #2600 ) ) ;
#2494 = DIRECTION ( 'NONE',  ( 8.779990209371974400E-017, -1.046358487496129800E-016, 1.000000000000000000 ) ) ;
#2495 = TOROIDAL_SURFACE ( 'NONE', #1729, 0.2756250000000000600, 0.005624999999999999800 ) ;
#2496 = CARTESIAN_POINT ( 'NONE',  ( -0.07481690635249159400, -0.2055577607969169600, 0.1250000000000000300 ) ) ;
#2497 = AXIS2_PLACEMENT_3D ( 'NONE', #1440, #159, #829 ) ;
#2498 = ORIENTED_EDGE ( 'NONE', *, *, #9, .F. ) ;
#2499 = DIRECTION ( 'NONE',  ( 4.671735211685056000E-017, 1.283548700377545000E-016, 1.000000000000000000 ) ) ;
#2500 = ORIENTED_EDGE ( 'NONE', *, *, #183, .T. ) ;
#2501 = CARTESIAN_POINT ( 'NONE',  ( 0.007812500000000130100, 0.2187499999999999400, 0.1562500000000000000 ) ) ;
#2502 = LINE ( 'NONE', #727, #1913 ) ;
#2503 = DIRECTION ( 'NONE',  ( -0.8660254037844361500, 0.5000000000000042200, 0.0000000000000000000 ) ) ;
#2504 = FACE_BOUND ( 'NONE', #680, .T. ) ;
#2505 = EDGE_CURVE ( 'NONE', #1257, #834, #1278, .T. ) ;
#2506 = DIRECTION ( 'NONE',  ( 4.671735211685055400E-017, 1.283548700377545000E-016, 1.000000000000000000 ) ) ;
#2507 = AXIS2_PLACEMENT_3D ( 'NONE', #1289, #664, #8 ) ;
#2508 = CARTESIAN_POINT ( 'NONE',  ( -0.1962088805449129800, -0.1132812499999982000, 0.1250000000000000300 ) ) ;
#2509 = EDGE_LOOP ( 'NONE', ( #734, #2381, #942, #2084 ) ) ;
#2510 = DIRECTION ( 'NONE',  ( -0.8660254037844361500, 0.5000000000000042200, 0.0000000000000000000 ) ) ;
#2511 = AXIS2_PLACEMENT_3D ( 'NONE', #62, #92, #752 ) ;
#2512 = ORIENTED_EDGE ( 'NONE', *, *, #177, .F. ) ;
#2513 = FACE_OUTER_BOUND ( 'NONE', #1756, .T. ) ;
#2514 = AXIS2_PLACEMENT_3D ( 'NONE', #887, #2389, #2582 ) ;
#2515 = DIRECTION ( 'NONE',  ( -4.671735211684882200E-017, 1.283548700377551700E-016, 1.000000000000000000 ) ) ;
#2516 = CLOSED_SHELL ( 'NONE', ( #1878, #1917, #663, #2392 ) ) ;
#2517 = FACE_BOUND ( 'NONE', #99, .T. ) ;
#2518 = DIRECTION ( 'NONE',  ( 0.0000000000000000000, 0.0000000000000000000, 1.000000000000000000 ) ) ;
#2519 = ADVANCED_FACE ( 'NONE', ( #2443 ), #2700, .T. ) ;
#2520 = DIRECTION ( 'NONE',  ( -0.0000000000000000000, 9.106159978880874900E-017, 1.000000000000000000 ) ) ;
#2521 = CIRCLE ( 'NONE', #2659, 0.007812500000000121400 ) ;
#2522 = ORIENTED_EDGE ( 'NONE', *, *, #1681, .T. ) ;
#2523 = DIRECTION ( 'NONE',  ( 0.0000000000000000000, 1.000000000000000000, -1.214154663850783400E-016 ) ) ;
#2524 = CYLINDRICAL_SURFACE ( 'NONE', #2007, 0.007812499999999996500 ) ;
#2525 = ORIENTED_EDGE ( 'NONE', *, *, #2405, .T. ) ;
#2526 = CARTESIAN_POINT ( 'NONE',  ( -0.1456315678196045100, 0.1735569441441453000, 0.1250000000000000300 ) ) ;
#2527 = EDGE_CURVE ( 'NONE', #2018, #1181, #1082, .T. ) ;
#2528 = CARTESIAN_POINT ( 'NONE',  ( 0.1962088805449114500, -0.1132812500000009900, -0.1250000000000000000 ) ) ;
#2529 = VERTEX_POINT ( 'NONE', #1859 ) ;
#2530 = DIRECTION ( 'NONE',  ( -1.345172542105706600E-016, -2.371902128814255000E-017, 1.000000000000000000 ) ) ;
#2531 = ORIENTED_EDGE ( 'NONE', *, *, #1130, .F. ) ;
#2532 = ADVANCED_FACE ( 'NONE', ( #1588 ), #1652, .T. ) ;
#2533 = FACE_OUTER_BOUND ( 'NONE', #340, .T. ) ;
#2534 = DIRECTION ( 'NONE',  ( -0.9848077530122086900, -0.1736481776669273600, 0.0000000000000000000 ) ) ;
#2535 = DIRECTION ( 'NONE',  ( -0.0000000000000000000, 9.106159978880874900E-017, 1.000000000000000000 ) ) ;
#2536 = DIRECTION ( 'NONE',  ( 0.9848077530122063500, -0.1736481776669403200, 0.0000000000000000000 ) ) ;
#2537 = DIRECTION ( 'NONE',  ( 1.345172542105703400E-016, -2.371902128814434100E-017, 1.000000000000000000 ) ) ;
#2538 = EDGE_LOOP ( 'NONE', ( #546, #2465, #2192, #2531 ) ) ;
#2539 = EDGE_CURVE ( 'NONE', #1062, #117, #1980, .T. ) ;
#2540 = DIRECTION ( 'NONE',  ( -0.8660254037844431500, -0.4999999999999919000, 1.365923996832131400E-016 ) ) ;
#2541 = CARTESIAN_POINT ( 'NONE',  ( 0.1406097896189307300, 0.1675722219322762500, 0.1562500000000000000 ) ) ;
#2542 = DIRECTION ( 'NONE',  ( 1.345172542105703400E-016, -2.371902128814434400E-017, 1.000000000000000000 ) ) ;
#2543 = AXIS2_PLACEMENT_3D ( 'NONE', #2440, #1176, #306 ) ;
#2544 = DIRECTION ( 'NONE',  ( -0.0000000000000000000, 9.106159978880874900E-017, 1.000000000000000000 ) ) ;
#2545 = ORIENTED_EDGE ( 'NONE', *, *, #1743, .T. ) ;
#2546 = ADVANCED_FACE ( 'NONE', ( #820, #1825 ), #1720, .F. ) ;
#2547 = VERTEX_POINT ( 'NONE', #1711 ) ;
#2548 = EDGE_LOOP ( 'NONE', ( #569, #164, #2263, #300 ) ) ;
#2549 = LINE ( 'NONE', #2345, #1992 ) ;
#2550 = AXIS2_PLACEMENT_3D ( 'NONE', #279, #670, #247 ) ;
#2551 = ORIENTED_EDGE ( 'NONE', *, *, #1420, .F. ) ;
#2552 = CYLINDRICAL_SURFACE ( 'NONE', #2449, 0.007812500000000128400 ) ;
#2553 = DIRECTION ( 'NONE',  ( 4.671735211685055400E-017, 1.283548700377545000E-016, 1.000000000000000000 ) ) ;
#2554 = DIRECTION ( 'NONE',  ( -0.0000000000000000000, -1.365923996832131600E-016, 1.000000000000000000 ) ) ;
#2555 = CARTESIAN_POINT ( 'NONE',  ( -0.1355880114182525000, 0.1615874997204111400, 0.1250000000000000300 ) ) ;
#2556 = CYLINDRICAL_SURFACE ( 'NONE', #1017, 0.03124999999999999000 ) ;
#2557 = CARTESIAN_POINT ( 'NONE',  ( -0.1894430570778469200, -0.1093749999999982200, 0.1562500000000000000 ) ) ;
#2558 = ORIENTED_EDGE ( 'NONE', *, *, #523, .T. ) ;
#2559 = CIRCLE ( 'NONE', #2300, 0.007812500000000003500 ) ;
#2560 = EDGE_CURVE ( 'NONE', #329, #2612, #1315, .T. ) ;
#2561 = ORIENTED_EDGE ( 'NONE', *, *, #1237, .F. ) ;
#2562 = ADVANCED_FACE ( 'NONE', ( #1880 ), #1248, .F. ) ;
#2563 = DIRECTION ( 'NONE',  ( -0.9848077530122086900, -0.1736481776669268300, 0.0000000000000000000 ) ) ;
#2564 = EDGE_CURVE ( 'NONE', #1489, #2281, #106, .T. ) ;
#2565 = EDGE_LOOP ( 'NONE', ( #255, #2713 ) ) ;
#2566 = DIRECTION ( 'NONE',  ( 0.0000000000000000000, 0.0000000000000000000, 1.000000000000000000 ) ) ;
#2567 = DIRECTION ( 'NONE',  ( 8.779990209371974400E-017, -1.046358487496129800E-016, 1.000000000000000000 ) ) ;
#2568 = CARTESIAN_POINT ( 'NONE',  ( -0.1933493070778469200, -0.1026091765329321400, -0.1562500000000000000 ) ) ;
#2569 = FACE_OUTER_BOUND ( 'NONE', #701, .T. ) ;
#2570 = CYLINDRICAL_SURFACE ( 'NONE', #1532, 0.007812500000000135300 ) ;
#2571 = AXIS2_PLACEMENT_3D ( 'NONE', #2477, #1201, #122 ) ;
#2572 = ADVANCED_FACE ( 'NONE', ( #2332, #277 ), #1698, .F. ) ;
#2573 = CARTESIAN_POINT ( 'NONE',  ( 0.0000000000000000000, 0.2187500000000000600, 0.1250000000000000300 ) ) ;
#2574 = ORIENTED_EDGE ( 'NONE', *, *, #693, .F. ) ;
#2575 = DIRECTION ( 'NONE',  ( 0.0000000000000000000, 0.0000000000000000000, 1.000000000000000000 ) ) ;
#2576 = DIRECTION ( 'NONE',  ( -0.4999999999999919000, 0.8660254037844431500, 0.0000000000000000000 ) ) ;
#2577 = DIRECTION ( 'NONE',  ( 0.1736481776669268600, -0.9848077530122085800, 0.0000000000000000000 ) ) ;
#2578 = ADVANCED_FACE ( 'NONE', ( #529 ), #1680, .F. ) ;
#2579 = DIRECTION ( 'NONE',  ( 0.6427876096865298200, -0.7660444431189859000, 0.0000000000000000000 ) ) ;
#2580 = EDGE_CURVE ( 'NONE', #972, #1329, #620, .T. ) ;
#2581 = ORIENTED_EDGE ( 'NONE', *, *, #779, .T. ) ;
#2582 = DIRECTION ( 'NONE',  ( 0.1736481776669399900, 0.9848077530122064700, 0.0000000000000000000 ) ) ;
#2583 = CARTESIAN_POINT ( 'NONE',  ( -0.2167833223594430900, 0.03029172829423522700, -0.1562500000000000000 ) ) ;
#2584 = ORIENTED_EDGE ( 'NONE', *, *, #2735, .T. ) ;
#2585 = ORIENTED_EDGE ( 'NONE', *, *, #1561, .F. ) ;
#2586 = AXIS2_PLACEMENT_3D ( 'NONE', #2240, #2626, #959 ) ;
#2587 = LOCAL_TIME ( 15, 14, 46.00000000000000000, #395 ) ;
#2588 = CARTESIAN_POINT ( 'NONE',  ( 0.0000000000000000000, 0.2187500000000000600, 0.1250000000000000300 ) ) ;
#2589 = ORIENTED_EDGE ( 'NONE', *, *, #287, .F. ) ;
#2590 = LINE ( 'NONE', #576, #1334 ) ;
#2591 = AXIS2_PLACEMENT_3D ( 'NONE', #1216, #1855, #1003 ) ;
#2592 = AXIS2_PLACEMENT_3D ( 'NONE', #240, #1774, #707 ) ;
#2593 = CYLINDRICAL_SURFACE ( 'NONE', #418, 0.007812499999999999100 ) ;
#2594 = EDGE_LOOP ( 'NONE', ( #1045, #1406 ) ) ;
#2595 = DIRECTION ( 'NONE',  ( 0.9848077530122062400, -0.1736481776669405700, 0.0000000000000000000 ) ) ;
#2596 = DIRECTION ( 'NONE',  ( -0.5000000000000041100, -0.8660254037844362700, 0.0000000000000000000 ) ) ;
#2597 = PLANE ( 'NONE',  #1639 ) ;
#2598 = CIRCLE ( 'NONE', #1772, 0.03124999999999998600 ) ;
#2599 = ORIENTED_EDGE ( 'NONE', *, *, #2637, .F. ) ;
#2600 = ORIENTED_EDGE ( 'NONE', *, *, #980, .F. ) ;
#2601 = EDGE_CURVE ( 'NONE', #834, #2441, #2244, .T. ) ;
#2602 = ORIENTED_EDGE ( 'NONE', *, *, #2429, .T. ) ;
#2603 = ADVANCED_FACE ( 'NONE', ( #1757 ), #2283, .F. ) ;
#2604 = EDGE_CURVE ( 'NONE', #332, #385, #1186, .T. ) ;
#2605 = CARTESIAN_POINT ( 'NONE',  ( 0.2231205065418285500, 0.03934216525266323600, 0.1250000000000000300 ) ) ;
#2606 = CARTESIAN_POINT ( 'NONE',  ( 0.0000000000000000000, -1.280553747030123400E-017, 0.1875000000000000600 ) ) ;
#2607 = CARTESIAN_POINT ( 'NONE',  ( -0.06747555775260154200, -0.2082297931666487700, 0.1562500000000000000 ) ) ;
#2608 = CARTESIAN_POINT ( 'NONE',  ( 0.1606969024216351700, 0.1915111107797443400, 0.1250000000000000300 ) ) ;
#2609 = FACE_OUTER_BOUND ( 'NONE', #971, .T. ) ;
#2610 = DIRECTION ( 'NONE',  ( -0.0000000000000000000, -1.365923996832131600E-016, 1.000000000000000000 ) ) ;
#2611 = AXIS2_PLACEMENT_3D ( 'NONE', #270, #1318, #2186 ) ;
#2612 = VERTEX_POINT ( 'NONE', #624 ) ;
#2613 = AXIS2_PLACEMENT_3D ( 'NONE', #2198, #1790, #1156 ) ;
#2614 = CARTESIAN_POINT ( 'NONE',  ( -0.1456315678196045100, 0.1735569441441453000, 0.1250000000000000300 ) ) ;
#2615 = EDGE_CURVE ( 'NONE', #237, #753, #2715, .T. ) ;
#2616 = CARTESIAN_POINT ( 'NONE',  ( 0.0000000000000000000, 0.2187500000000000600, 0.1250000000000000300 ) ) ;
#2617 = VERTEX_POINT ( 'NONE', #1731 ) ;
#2618 = EDGE_CURVE ( 'NONE', #834, #1257, #36, .T. ) ;
#2619 = ORIENTED_EDGE ( 'NONE', *, *, #2259, .T. ) ;
#2620 = ORIENTED_EDGE ( 'NONE', *, *, #2062, .T. ) ;
#2621 = FACE_BOUND ( 'NONE', #499, .T. ) ;
#2622 = CYLINDRICAL_SURFACE ( 'NONE', #208, 0.03124999999999997600 ) ;
#2623 = DIRECTION ( 'NONE',  ( -1.000000000000000000, 0.0000000000000000000, -0.0000000000000000000 ) ) ;
#2624 = DIRECTION ( 'NONE',  ( 0.9848077530122062400, -0.1736481776669405700, 0.0000000000000000000 ) ) ;
#2625 = LINE ( 'NONE', #726, #1462 ) ;
#2626 = DIRECTION ( 'NONE',  ( -1.182924880895398100E-016, 6.829619984160714700E-017, 1.000000000000000000 ) ) ;
#2627 = CIRCLE ( 'NONE', #1628, 0.007812500000000124900 ) ;
#2628 = EDGE_LOOP ( 'NONE', ( #1438, #649 ) ) ;
#2629 = CIRCLE ( 'NONE', #2091, 0.03124999999999997600 ) ;
#2630 = ORIENTED_EDGE ( 'NONE', *, *, #2719, .T. ) ;
#2631 = DIRECTION ( 'NONE',  ( 0.0000000000000000000, 0.0000000000000000000, 1.000000000000000000 ) ) ;
#2632 = DIRECTION ( 'NONE',  ( 1.182924880895407400E-016, 6.829619984160548300E-017, 1.000000000000000000 ) ) ;
#2633 = DIRECTION ( 'NONE',  ( -0.6427876096865409200, -0.7660444431189767900, 0.0000000000000000000 ) ) ;
#2634 = DIRECTION ( 'NONE',  ( -8.779990209372117400E-017, -1.046358487496117900E-016, 1.000000000000000000 ) ) ;
#2635 = ORIENTED_EDGE ( 'NONE', *, *, #1702, .F. ) ;
#2636 = CARTESIAN_POINT ( 'NONE',  ( 0.0000000000000000000, 0.2187499999999999400, 0.1562500000000000000 ) ) ;
#2637 = EDGE_CURVE ( 'NONE', #818, #2423, #603, .T. ) ;
#2638 = CYLINDRICAL_SURFACE ( 'NONE', #75, 0.03124999999999996500 ) ;
#2639 = DIRECTION ( 'NONE',  ( 1.000000000000000000, 0.0000000000000000000, 0.0000000000000000000 ) ) ;
#2640 = AXIS2_PLACEMENT_3D ( 'NONE', #504, #1981, #691 ) ;
#2641 = DIRECTION ( 'NONE',  ( 1.182924880895407400E-016, 6.829619984160548300E-017, 1.000000000000000000 ) ) ;
#2642 = DIRECTION ( 'NONE',  ( -0.0000000000000000000, 9.106159978880874900E-017, 1.000000000000000000 ) ) ;
#2643 = FACE_OUTER_BOUND ( 'NONE', #1529, .T. ) ;
#2644 = DIRECTION ( 'NONE',  ( -0.0000000000000000000, 9.106159978880874900E-017, 1.000000000000000000 ) ) ;
#2645 = ORIENTED_EDGE ( 'NONE', *, *, #2136, .F. ) ;
#2646 = DIRECTION ( 'NONE',  ( -0.9848077530122086900, -0.1736481776669268300, 0.0000000000000000000 ) ) ;
#2647 = CC_DESIGN_APPROVAL ( #2167, ( #608 ) ) ;
#2648 = ORIENTED_EDGE ( 'NONE', *, *, #723, .T. ) ;
#2649 = DIRECTION ( 'NONE',  ( -0.9396926207859106500, -0.3420201433256630500, 0.0000000000000000000 ) ) ;
#2650 = CARTESIAN_POINT ( 'NONE',  ( 0.0000000000000000000, 0.2187499999999999400, 0.1562500000000000000 ) ) ;
#2651 = ORIENTED_EDGE ( 'NONE', *, *, #2136, .T. ) ;
#2652 = ORIENTED_EDGE ( 'NONE', *, *, #495, .T. ) ;
#2653 = DIRECTION ( 'NONE',  ( -4.671735211684882200E-017, 1.283548700377551700E-016, 1.000000000000000000 ) ) ;
#2654 = ORIENTED_EDGE ( 'NONE', *, *, #1909, .T. ) ;
#2655 = PERSON_AND_ORGANIZATION ( #1546, #736 ) ;
#2656 = PLANE ( 'NONE',  #1426 ) ;
#2657 = ORIENTED_EDGE ( 'NONE', *, *, #133, .F. ) ;
#2658 = FACE_OUTER_BOUND ( 'NONE', #1494, .T. ) ;
#2659 = AXIS2_PLACEMENT_3D ( 'NONE', #648, #1947, #679 ) ;
#2660 = APPROVAL_STATUS ( 'not_yet_approved' ) ;
#2661 = FACE_OUTER_BOUND ( 'NONE', #1616, .T. ) ;
#2662 = VERTEX_POINT ( 'NONE', #877 ) ;
#2663 = DIRECTION ( 'NONE',  ( 0.0000000000000000000, -1.000000000000000000, 1.681137226870315000E-016 ) ) ;
#2664 = AXIS2_PLACEMENT_3D ( 'NONE', #1528, #1128, #2374 ) ;
#2665 = VECTOR ( 'NONE', #1604, 39.37007874015748100 ) ;
#2666 = DIRECTION ( 'NONE',  ( 4.671735211685055400E-017, 1.283548700377545000E-016, 1.000000000000000000 ) ) ;
#2667 = EDGE_LOOP ( 'NONE', ( #864, #2683, #2459, #2485 ) ) ;
#2668 = AXIS2_PLACEMENT_3D ( 'NONE', #89, #2641, #59 ) ;
#2669 = ORIENTED_EDGE ( 'NONE', *, *, #2580, .T. ) ;
#2670 = DIRECTION ( 'NONE',  ( 0.0000000000000000000, 0.0000000000000000000, 1.000000000000000000 ) ) ;
#2671 = EDGE_LOOP ( 'NONE', ( #746, #2313 ) ) ;
#2672 = DIRECTION ( 'NONE',  ( -0.9396926207859057600, 0.3420201433256760400, 0.0000000000000000000 ) ) ;
#2673 = CARTESIAN_POINT ( 'NONE',  ( 0.0000000000000000000, -1.280553747030123400E-017, 0.1875000000000000600 ) ) ;
#2674 = EDGE_CURVE ( 'NONE', #84, #1397, #1603, .T. ) ;
#2675 = CIRCLE ( 'NONE', #168, 0.007812499999999993900 ) ;
#2676 = CARTESIAN_POINT ( 'NONE',  ( -0.08215825495238157600, -0.2028857284271850000, -0.1562500000000000000 ) ) ;
#2677 = ORIENTED_EDGE ( 'NONE', *, *, #2419, .T. ) ;
#2678 = AXIS2_PLACEMENT_3D ( 'NONE', #696, #32, #720 ) ;
#2679 = DIRECTION ( 'NONE',  ( -0.3420201433256632200, 0.9396926207859104300, 0.0000000000000000000 ) ) ;
#2680 = CARTESIAN_POINT ( 'NONE',  ( -0.06747555775260154200, -0.2082297931666487700, 0.1562500000000000000 ) ) ;
#2681 = ORIENTED_EDGE ( 'NONE', *, *, #438, .T. ) ;
#2682 = CARTESIAN_POINT ( 'NONE',  ( 0.2462019382530521700, 0.04341204441673184000, -0.1250000000000000000 ) ) ;
#2683 = ORIENTED_EDGE ( 'NONE', *, *, #2154, .F. ) ;
#2684 = ORIENTED_EDGE ( 'NONE', *, *, #616, .F. ) ;
#2685 = FACE_OUTER_BOUND ( 'NONE', #1572, .T. ) ;
#2686 = EDGE_CURVE ( 'NONE', #1963, #733, #298, .T. ) ;
#2687 = DIRECTION ( 'NONE',  ( -0.0000000000000000000, 9.106159978880874900E-017, 1.000000000000000000 ) ) ;
#2688 = CYLINDRICAL_SURFACE ( 'NONE', #765, 0.03124999999999997600 ) ;
#2689 = DIRECTION ( 'NONE',  ( -0.0000000000000000000, -1.365923996832131600E-016, 1.000000000000000000 ) ) ;
#2690 = EDGE_CURVE ( 'NONE', #1211, #140, #2750, .T. ) ;
#2691 = LINE ( 'NONE', #2009, #913 ) ;
#2692 = ORIENTED_EDGE ( 'NONE', *, *, #2062, .F. ) ;
#2693 = CIRCLE ( 'NONE', #1472, 0.007812500000000130100 ) ;
#2694 = DIRECTION ( 'NONE',  ( 0.7660444431189779000, -0.6427876096865395800, 0.0000000000000000000 ) ) ;
#2695 = AXIS2_PLACEMENT_3D ( 'NONE', #19, #2368, #2595 ) ;
#2696 = EDGE_LOOP ( 'NONE', ( #2404, #2336 ) ) ;
#2697 = DIRECTION ( 'NONE',  ( 0.1736481776669399900, 0.9848077530122064700, 0.0000000000000000000 ) ) ;
#2698 = ORIENTED_EDGE ( 'NONE', *, *, #1630, .F. ) ;
#2699 = DIRECTION ( 'NONE',  ( 0.0000000000000000000, 0.0000000000000000000, 1.000000000000000000 ) ) ;
#2700 = CYLINDRICAL_SURFACE ( 'NONE', #1414, 0.007812500000000131800 ) ;
#2701 = EDGE_CURVE ( 'NONE', #2098, #1455, #1368, .T. ) ;
#2702 = ADVANCED_FACE ( 'NONE', ( #16 ), #2622, .T. ) ;
#2703 = DIRECTION ( 'NONE',  ( -0.6427876096865405800, -0.7660444431189769000, 0.0000000000000000000 ) ) ;
#2704 = LINE ( 'NONE', #757, #1218 ) ;
#2705 = EDGE_CURVE ( 'NONE', #385, #1378, #2225, .T. ) ;
#2706 = CARTESIAN_POINT ( 'NONE',  ( -0.08550503583141894100, -0.2349231551964765000, 0.1250000000000000300 ) ) ;
#2707 = CARTESIAN_POINT ( 'NONE',  ( 0.1894430570778455300, -0.1093750000000009400, -0.1250000000000000000 ) ) ;
#2708 = AXIS2_PLACEMENT_3D ( 'NONE', #2616, #2444, #1580 ) ;
#2709 = AXIS2_PLACEMENT_3D ( 'NONE', #2463, #1209, #1399 ) ;
#2710 = EDGE_LOOP ( 'NONE', ( #1463, #2652, #175, #2657 ) ) ;
#2711 = CARTESIAN_POINT ( 'NONE',  ( 3.061616997868383600E-017, 0.2500000000000000600, -0.1562500000000000300 ) ) ;
#2712 = ORIENTED_EDGE ( 'NONE', *, *, #2405, .F. ) ;
#2713 = ORIENTED_EDGE ( 'NONE', *, *, #1360, .F. ) ;
#2714 = CARTESIAN_POINT ( 'NONE',  ( 0.0000000000000000000, -0.2812500000000000600, -0.1818749999999999800 ) ) ;
#2715 = CIRCLE ( 'NONE', #1852, 0.007812500000000006900 ) ;
#2716 = ORIENTED_EDGE ( 'NONE', *, *, #1617, .T. ) ;
#2717 = CIRCLE ( 'NONE', #967, 0.007812500000000006900 ) ;
#2718 = CIRCLE ( 'NONE', #2178, 0.2031250000000000800 ) ;
#2719 = EDGE_CURVE ( 'NONE', #2281, #347, #2425, .T. ) ;
#2720 = CARTESIAN_POINT ( 'NONE',  ( 0.0000000000000000000, -1.280553747030123700E-017, 0.1875000000000000300 ) ) ;
#2721 = ORIENTED_EDGE ( 'NONE', *, *, #1634, .T. ) ;
#2722 = DIRECTION ( 'NONE',  ( 0.6427876096865302600, -0.7660444431189856700, 0.0000000000000000000 ) ) ;
#2723 = VECTOR ( 'NONE', #196, 39.37007874015748100 ) ;
#2724 = AXIS2_PLACEMENT_3D ( 'NONE', #2288, #1024, #2503 ) ;
#2725 = EDGE_LOOP ( 'NONE', ( #477, #2677, #54, #2589 ) ) ;
#2726 = DIRECTION ( 'NONE',  ( 0.0000000000000000000, 0.0000000000000000000, 1.000000000000000000 ) ) ;
#2727 = EDGE_LOOP ( 'NONE', ( #2080, #1715, #1502, #2585 ) ) ;
#2728 = ADVANCED_FACE ( 'NONE', ( #1457, #88 ), #1550, .F. ) ;
#2729 = ORIENTED_EDGE ( 'NONE', *, *, #1286, .F. ) ;
#2730 = CARTESIAN_POINT ( 'NONE',  ( 2.487563810768061700E-017, 0.2031250000000000300, 0.1874999999999999700 ) ) ;
#2731 = DIRECTION ( 'NONE',  ( 0.0000000000000000000, -1.000000000000000000, 1.365923996832131400E-016 ) ) ;
#2732 = DIRECTION ( 'NONE',  ( -4.671735211685056000E-017, -1.283548700377545300E-016, -1.000000000000000000 ) ) ;
#2733 = DIRECTION ( 'NONE',  ( -1.182924880895398100E-016, 6.829619984160714700E-017, 1.000000000000000000 ) ) ;
#2734 = CYLINDRICAL_SURFACE ( 'NONE', #1785, 0.007812500000000128400 ) ;
#2735 = EDGE_CURVE ( 'NONE', #1983, #1378, #2153, .T. ) ;
#2736 = DIRECTION ( 'NONE',  ( 8.779990209371974400E-017, -1.046358487496129800E-016, 1.000000000000000000 ) ) ;
#2737 = CARTESIAN_POINT ( 'NONE',  ( 3.409875931375912300E-017, 0.2756250000000000100, -0.1874999999999999700 ) ) ;
#2738 = EDGE_CURVE ( 'NONE', #1872, #1361, #511, .T. ) ;
#2739 = DIRECTION ( 'NONE',  ( 0.0000000000000000000, 0.0000000000000000000, 1.000000000000000000 ) ) ;
#2740 = ADVANCED_FACE ( 'NONE', ( #940 ), #2484, .T. ) ;
#2741 = DIRECTION ( 'NONE',  ( -8.779990209372117400E-017, -1.046358487496117900E-016, 1.000000000000000000 ) ) ;
#2742 = AXIS2_PLACEMENT_3D ( 'NONE', #2758, #2137, #448 ) ;
#2743 = ORIENTED_EDGE ( 'NONE', *, *, #268, .T. ) ;
#2744 = DIRECTION ( 'NONE',  ( -0.8660254037844361500, 0.5000000000000042200, 0.0000000000000000000 ) ) ;
#2745 = DIRECTION ( 'NONE',  ( 0.0000000000000000000, 0.0000000000000000000, 1.000000000000000000 ) ) ;
#2746 = CARTESIAN_POINT ( 'NONE',  ( 2.487563810768062000E-017, 0.2031250000000000300, -0.1562500000000000300 ) ) ;
#2747 = EDGE_LOOP ( 'NONE', ( #527, #1967 ) ) ;
#2748 = CARTESIAN_POINT ( 'NONE',  ( 0.2140700695833977200, 0.04567934943504836600, 0.1562500000000000000 ) ) ;
#2749 = CIRCLE ( 'NONE', #748, 0.03124999999999997600 ) ;
#2750 = CIRCLE ( 'NONE', #1899, 0.2031250000000000300 ) ;
#2751 = CARTESIAN_POINT ( 'NONE',  ( -0.2077328854010123400, 0.03662891247662026400, 0.1250000000000000300 ) ) ;
#2752 = DIRECTION ( 'NONE',  ( 0.0000000000000000000, 0.0000000000000000000, 1.000000000000000000 ) ) ;
#2753 = CYLINDRICAL_SURFACE ( 'NONE', #1174, 0.007812499999999993900 ) ;
#2754 = EDGE_CURVE ( 'NONE', #1545, #1674, #2086, .T. ) ;
#2755 = CYLINDRICAL_SURFACE ( 'NONE', #1870, 0.007812500000000128400 ) ;
#2756 = ADVANCED_FACE ( 'NONE', ( #2513 ), #871, .T. ) ;
#2757 = VERTEX_POINT ( 'NONE', #1746 ) ;
#2758 = CARTESIAN_POINT ( 'NONE',  ( 0.0000000000000000000, -4.410796239770424700E-017, -0.1562500000000000000 ) ) ;
#2759 = EDGE_CURVE ( 'NONE', #2164, #554, #2122, .T. ) ;
#2760 = CARTESIAN_POINT ( 'NONE',  ( 0.0000000000000000000, -0.2031250000000001100, -0.1562499999999999700 ) ) ;
#2761 = CARTESIAN_POINT ( 'NONE',  ( -0.1406097896189285000, 0.1675722219322782200, 0.1250000000000000300 ) ) ;
#2762 = FACE_BOUND ( 'NONE', #2565, .T. ) ;
#2763 = DIRECTION ( 'NONE',  ( 0.0000000000000000000, -9.106159978880874900E-017, -1.000000000000000000 ) ) ;
#2764 = ORIENTED_EDGE ( 'NONE', *, *, #2099, .F. ) ;
#2765 = DIRECTION ( 'NONE',  ( -0.4999999999999931200, 0.8660254037844427000, 0.0000000000000000000 ) ) ;
#2766 = AXIS2_PLACEMENT_3D ( 'NONE', #502, #1970, #1110 ) ;
ENDSEC;
END-ISO-10303-21;
